sample_id,source_group,source_group_source,db_id,method_slug,method_label,method_id,generation_role,analysis_role,generation_arm,shares_raw_generation_with,prompt_sha256,prompt_char_count,prompt_utf8_bytes,prompt_token_count,prompt_token_count_policy,exact_token_count_required_on_gpu_preflight,context_overflow,detected_mode,detected_format,operation_type,dependency_sensitive,original_vs_vnext_prompt_equal,all_vnext_prompts_equal,detected_mode_consistent_across_vnext
aug_seed_000068_single_row_subset_002,seed_000068,source_group_id,superhero,direct,Direct,D-FS-M,generation,baseline,direct,,87c625a230bbc1dc66aeac4725c7132704ba7fae00758241dfb3ce830fb5d00a,7663,7663,1916,ceil(utf8_bytes/4)_cpu_estimate,1,0,free_text,free_text,insert_ignore,0,1,1,1
aug_seed_000068_single_row_subset_002,seed_000068,source_group_id,superhero,j_fs,J-FS,J-FS-M,generation,baseline,j_fs,,b851dc5f4f0e3f71dbc71a3f078811b921c9377e3e25d380ff20f492dc6d513b,7573,7573,1894,ceil(utf8_bytes/4)_cpu_estimate,1,0,free_text,free_text,insert_ignore,0,1,1,1
aug_seed_000068_single_row_subset_002,seed_000068,source_group_id,superhero,original_mp_fs_plus,Original MP-FS+,MP-FS+,deterministic_reprocess,primary_comparison_baseline,mp_fs_plus_shared,mp_fs_plus_shared,6e7573e8a965837dc3f7ce2fd9b9bfc49331f68002851307eb163af9c3c00e92,12837,12837,3210,ceil(utf8_bytes/4)_cpu_estimate,1,0,free_text,free_text,insert_ignore,0,1,1,1
aug_seed_000068_single_row_subset_002,seed_000068,source_group_id,superhero,d_g1_primary,MP-FS+ vNext D_G1,MP-FS+,deterministic_reprocess,primary,mp_fs_plus_shared,mp_fs_plus_shared,6e7573e8a965837dc3f7ce2fd9b9bfc49331f68002851307eb163af9c3c00e92,12837,12837,3210,ceil(utf8_bytes/4)_cpu_estimate,1,0,free_text,free_text,insert_ignore,0,1,1,1
aug_seed_000068_single_row_subset_002,seed_000068,source_group_id,superhero,d_only_secondary,MP-FS+ vNext D_ONLY,MP-FS+,deterministic_reprocess,secondary_ablation,mp_fs_plus_shared,mp_fs_plus_shared,6e7573e8a965837dc3f7ce2fd9b9bfc49331f68002851307eb163af9c3c00e92,12837,12837,3210,ceil(utf8_bytes/4)_cpu_estimate,1,0,free_text,free_text,insert_ignore,0,1,1,1
aug_seed_000068_single_row_subset_002,seed_000068,source_group_id,superhero,full_secondary,MP-FS+ vNext FULL,MP-FS+,deterministic_reprocess,secondary_ablation,mp_fs_plus_shared,mp_fs_plus_shared,6e7573e8a965837dc3f7ce2fd9b9bfc49331f68002851307eb163af9c3c00e92,12837,12837,3210,ceil(utf8_bytes/4)_cpu_estimate,1,0,free_text,free_text,insert_ignore,0,1,1,1
aug_seed_000068_single_row_subset_002,seed_000068,source_group_id,superhero,no_c_secondary,MP-FS+ vNext NO_C,MP-FS+,deterministic_reprocess,secondary_ablation,mp_fs_plus_shared,mp_fs_plus_shared,6e7573e8a965837dc3f7ce2fd9b9bfc49331f68002851307eb163af9c3c00e92,12837,12837,3210,ceil(utf8_bytes/4)_cpu_estimate,1,0,free_text,free_text,insert_ignore,0,1,1,1
seed_000231,seed_000231,source_group_id,california_schools,direct,Direct,D-FS-M,generation,baseline,direct,,b84e96db7034ad30b167ba6e64011681cc0f1502e604392f8e8d59aadd4c3743,15756,15756,3939,ceil(utf8_bytes/4)_cpu_estimate,1,0,semi_structured,csv,upsert_update,0,1,1,1
seed_000231,seed_000231,source_group_id,california_schools,j_fs,J-FS,J-FS-M,generation,baseline,j_fs,,8ba6be99c632e5f985835bf2f66f5c2aa613eca7f1111f448bf471e6d40f0a78,15687,15687,3922,ceil(utf8_bytes/4)_cpu_estimate,1,0,semi_structured,csv,upsert_update,0,1,1,1
seed_000231,seed_000231,source_group_id,california_schools,original_mp_fs_plus,Original MP-FS+,MP-FS+,deterministic_reprocess,primary_comparison_baseline,mp_fs_plus_shared,mp_fs_plus_shared,77cfe83c595f870777617d6764b99bfbe01070f01cd3174b644a675998fbf52f,20299,20299,5075,ceil(utf8_bytes/4)_cpu_estimate,1,0,semi_structured,csv,upsert_update,0,1,1,1
seed_000231,seed_000231,source_group_id,california_schools,d_g1_primary,MP-FS+ vNext D_G1,MP-FS+,deterministic_reprocess,primary,mp_fs_plus_shared,mp_fs_plus_shared,77cfe83c595f870777617d6764b99bfbe01070f01cd3174b644a675998fbf52f,20299,20299,5075,ceil(utf8_bytes/4)_cpu_estimate,1,0,semi_structured,csv,upsert_update,0,1,1,1
seed_000231,seed_000231,source_group_id,california_schools,d_only_secondary,MP-FS+ vNext D_ONLY,MP-FS+,deterministic_reprocess,secondary_ablation,mp_fs_plus_shared,mp_fs_plus_shared,77cfe83c595f870777617d6764b99bfbe01070f01cd3174b644a675998fbf52f,20299,20299,5075,ceil(utf8_bytes/4)_cpu_estimate,1,0,semi_structured,csv,upsert_update,0,1,1,1
seed_000231,seed_000231,source_group_id,california_schools,full_secondary,MP-FS+ vNext FULL,MP-FS+,deterministic_reprocess,secondary_ablation,mp_fs_plus_shared,mp_fs_plus_shared,77cfe83c595f870777617d6764b99bfbe01070f01cd3174b644a675998fbf52f,20299,20299,5075,ceil(utf8_bytes/4)_cpu_estimate,1,0,semi_structured,csv,upsert_update,0,1,1,1
seed_000231,seed_000231,source_group_id,california_schools,no_c_secondary,MP-FS+ vNext NO_C,MP-FS+,deterministic_reprocess,secondary_ablation,mp_fs_plus_shared,mp_fs_plus_shared,77cfe83c595f870777617d6764b99bfbe01070f01cd3174b644a675998fbf52f,20299,20299,5075,ceil(utf8_bytes/4)_cpu_estimate,1,0,semi_structured,csv,upsert_update,0,1,1,1
seed_000005,seed_000005,source_group_id,financial,direct,Direct,D-FS-M,generation,baseline,direct,,9bb9f7fd9624ef3cb1b5b3232fb8b96a1eb1072ee0432e22e6a9de0bf02c744e,11657,11657,2915,ceil(utf8_bytes/4)_cpu_estimate,1,0,semi_structured,json_array,plain_insert,0,1,1,1
seed_000005,seed_000005,source_group_id,financial,j_fs,J-FS,J-FS-M,generation,baseline,j_fs,,ca93babf50b07123bec52055dd27be6ee07b57c40bd28140569c2fe4f1e82a29,11588,11588,2897,ceil(utf8_bytes/4)_cpu_estimate,1,0,semi_structured,json_array,plain_insert,0,1,1,1
seed_000005,seed_000005,source_group_id,financial,original_mp_fs_plus,Original MP-FS+,MP-FS+,deterministic_reprocess,primary_comparison_baseline,mp_fs_plus_shared,mp_fs_plus_shared,1b567ad1eb87c4ed271e751fa00fa891a788d2f362db02585834bc446911f462,17140,17140,4285,ceil(utf8_bytes/4)_cpu_estimate,1,0,semi_structured,json_array,plain_insert,0,1,1,1
seed_000005,seed_000005,source_group_id,financial,d_g1_primary,MP-FS+ vNext D_G1,MP-FS+,deterministic_reprocess,primary,mp_fs_plus_shared,mp_fs_plus_shared,1b567ad1eb87c4ed271e751fa00fa891a788d2f362db02585834bc446911f462,17140,17140,4285,ceil(utf8_bytes/4)_cpu_estimate,1,0,semi_structured,json_array,plain_insert,0,1,1,1
seed_000005,seed_000005,source_group_id,financial,d_only_secondary,MP-FS+ vNext D_ONLY,MP-FS+,deterministic_reprocess,secondary_ablation,mp_fs_plus_shared,mp_fs_plus_shared,1b567ad1eb87c4ed271e751fa00fa891a788d2f362db02585834bc446911f462,17140,17140,4285,ceil(utf8_bytes/4)_cpu_estimate,1,0,semi_structured,json_array,plain_insert,0,1,1,1
seed_000005,seed_000005,source_group_id,financial,full_secondary,MP-FS+ vNext FULL,MP-FS+,deterministic_reprocess,secondary_ablation,mp_fs_plus_shared,mp_fs_plus_shared,1b567ad1eb87c4ed271e751fa00fa891a788d2f362db02585834bc446911f462,17140,17140,4285,ceil(utf8_bytes/4)_cpu_estimate,1,0,semi_structured,json_array,plain_insert,0,1,1,1
seed_000005,seed_000005,source_group_id,financial,no_c_secondary,MP-FS+ vNext NO_C,MP-FS+,deterministic_reprocess,secondary_ablation,mp_fs_plus_shared,mp_fs_plus_shared,1b567ad1eb87c4ed271e751fa00fa891a788d2f362db02585834bc446911f462,17140,17140,4285,ceil(utf8_bytes/4)_cpu_estimate,1,0,semi_structured,json_array,plain_insert,0,1,1,1
aug_seed_000049_relational_format_variant_002,seed_000049,source_group_id,debit_card_specializing,direct,Direct,D-FS-M,generation,baseline,direct,,9e3451edbe0c786b6052b6c0bddf0ca8be5fec90396a95778f591ac5df2f2a1e,6602,6602,1651,ceil(utf8_bytes/4)_cpu_estimate,1,0,semi_structured,multi_table,plain_insert,1,1,1,1
aug_seed_000049_relational_format_variant_002,seed_000049,source_group_id,debit_card_specializing,j_fs,J-FS,J-FS-M,generation,baseline,j_fs,,62b649110e44d38fbd754e445d969af0b712e5147e803ce66666972d57862d2c,6533,6533,1634,ceil(utf8_bytes/4)_cpu_estimate,1,0,semi_structured,multi_table,plain_insert,1,1,1,1
aug_seed_000049_relational_format_variant_002,seed_000049,source_group_id,debit_card_specializing,original_mp_fs_plus,Original MP-FS+,MP-FS+,deterministic_reprocess,primary_comparison_baseline,mp_fs_plus_shared,mp_fs_plus_shared,9934b3a462d68aa3769ef6c8eee257fb27a59cccb845a1858b3df913d097166e,10208,10208,2552,ceil(utf8_bytes/4)_cpu_estimate,1,0,semi_structured,multi_table,plain_insert,1,1,1,1
aug_seed_000049_relational_format_variant_002,seed_000049,source_group_id,debit_card_specializing,d_g1_primary,MP-FS+ vNext D_G1,MP-FS+,deterministic_reprocess,primary,mp_fs_plus_shared,mp_fs_plus_shared,9934b3a462d68aa3769ef6c8eee257fb27a59cccb845a1858b3df913d097166e,10208,10208,2552,ceil(utf8_bytes/4)_cpu_estimate,1,0,semi_structured,multi_table,plain_insert,1,1,1,1
aug_seed_000049_relational_format_variant_002,seed_000049,source_group_id,debit_card_specializing,d_only_secondary,MP-FS+ vNext D_ONLY,MP-FS+,deterministic_reprocess,secondary_ablation,mp_fs_plus_shared,mp_fs_plus_shared,9934b3a462d68aa3769ef6c8eee257fb27a59cccb845a1858b3df913d097166e,10208,10208,2552,ceil(utf8_bytes/4)_cpu_estimate,1,0,semi_structured,multi_table,plain_insert,1,1,1,1
aug_seed_000049_relational_format_variant_002,seed_000049,source_group_id,debit_card_specializing,full_secondary,MP-FS+ vNext FULL,MP-FS+,deterministic_reprocess,secondary_ablation,mp_fs_plus_shared,mp_fs_plus_shared,9934b3a462d68aa3769ef6c8eee257fb27a59cccb845a1858b3df913d097166e,10208,10208,2552,ceil(utf8_bytes/4)_cpu_estimate,1,0,semi_structured,multi_table,plain_insert,1,1,1,1
aug_seed_000049_relational_format_variant_002,seed_000049,source_group_id,debit_card_specializing,no_c_secondary,MP-FS+ vNext NO_C,MP-FS+,deterministic_reprocess,secondary_ablation,mp_fs_plus_shared,mp_fs_plus_shared,9934b3a462d68aa3769ef6c8eee257fb27a59cccb845a1858b3df913d097166e,10208,10208,2552,ceil(utf8_bytes/4)_cpu_estimate,1,0,semi_structured,multi_table,plain_insert,1,1,1,1
aug_seed_000292_single_row_subset_001,seed_000292,source_group_id,european_football_2,direct,Direct,D-FS-M,generation,baseline,direct,,84fedf4125d86129693e5bbee718ee65447f4cd5df4bcb91d97e831cd28428aa,31032,31032,7758,ceil(utf8_bytes/4)_cpu_estimate,1,0,free_text,free_text,insert_ignore,0,1,1,1
aug_seed_000292_single_row_subset_001,seed_000292,source_group_id,european_football_2,j_fs,J-FS,J-FS-M,generation,baseline,j_fs,,3400c0878730cc800975147f8de7412a19cc391c4610e51ba68ddee4535519c3,30942,30942,7736,ceil(utf8_bytes/4)_cpu_estimate,1,0,free_text,free_text,insert_ignore,0,1,1,1
aug_seed_000292_single_row_subset_001,seed_000292,source_group_id,european_football_2,original_mp_fs_plus,Original MP-FS+,MP-FS+,deterministic_reprocess,primary_comparison_baseline,mp_fs_plus_shared,mp_fs_plus_shared,f0a392632eb84d7c9471ead2959be31f58a3b31b2d6997b2d0212caff326fa2b,39449,39449,9863,ceil(utf8_bytes/4)_cpu_estimate,1,0,free_text,free_text,insert_ignore,0,1,1,1
aug_seed_000292_single_row_subset_001,seed_000292,source_group_id,european_football_2,d_g1_primary,MP-FS+ vNext D_G1,MP-FS+,deterministic_reprocess,primary,mp_fs_plus_shared,mp_fs_plus_shared,f0a392632eb84d7c9471ead2959be31f58a3b31b2d6997b2d0212caff326fa2b,39449,39449,9863,ceil(utf8_bytes/4)_cpu_estimate,1,0,free_text,free_text,insert_ignore,0,1,1,1
aug_seed_000292_single_row_subset_001,seed_000292,source_group_id,european_football_2,d_only_secondary,MP-FS+ vNext D_ONLY,MP-FS+,deterministic_reprocess,secondary_ablation,mp_fs_plus_shared,mp_fs_plus_shared,f0a392632eb84d7c9471ead2959be31f58a3b31b2d6997b2d0212caff326fa2b,39449,39449,9863,ceil(utf8_bytes/4)_cpu_estimate,1,0,free_text,free_text,insert_ignore,0,1,1,1
aug_seed_000292_single_row_subset_001,seed_000292,source_group_id,european_football_2,full_secondary,MP-FS+ vNext FULL,MP-FS+,deterministic_reprocess,secondary_ablation,mp_fs_plus_shared,mp_fs_plus_shared,f0a392632eb84d7c9471ead2959be31f58a3b31b2d6997b2d0212caff326fa2b,39449,39449,9863,ceil(utf8_bytes/4)_cpu_estimate,1,0,free_text,free_text,insert_ignore,0,1,1,1
aug_seed_000292_single_row_subset_001,seed_000292,source_group_id,european_football_2,no_c_secondary,MP-FS+ vNext NO_C,MP-FS+,deterministic_reprocess,secondary_ablation,mp_fs_plus_shared,mp_fs_plus_shared,f0a392632eb84d7c9471ead2959be31f58a3b31b2d6997b2d0212caff326fa2b,39449,39449,9863,ceil(utf8_bytes/4)_cpu_estimate,1,0,free_text,free_text,insert_ignore,0,1,1,1
aug_seed_000349_relational_format_variant_002,seed_000349,source_group_id,debit_card_specializing,direct,Direct,D-FS-M,generation,baseline,direct,,a1c2586e98f6b8503be72c11e917ea66760d08ed6fea522f5bbb2aa289d52ab9,9706,9706,2427,ceil(utf8_bytes/4)_cpu_estimate,1,0,semi_structured,multi_table,insert_ignore,1,1,1,1
aug_seed_000349_relational_format_variant_002,seed_000349,source_group_id,debit_card_specializing,j_fs,J-FS,J-FS-M,generation,baseline,j_fs,,e9e730bb7fd961f56f167a8fcbb0418ea668cacc7df5e21336b55969169bb2f7,9637,9637,2410,ceil(utf8_bytes/4)_cpu_estimate,1,0,semi_structured,multi_table,insert_ignore,1,1,1,1
aug_seed_000349_relational_format_variant_002,seed_000349,source_group_id,debit_card_specializing,original_mp_fs_plus,Original MP-FS+,MP-FS+,deterministic_reprocess,primary_comparison_baseline,mp_fs_plus_shared,mp_fs_plus_shared,b969b766efd5b7eb4ebe8109c6dc0ca9ab032c704759a992305d746e3e3b181b,9000,9000,2250,ceil(utf8_bytes/4)_cpu_estimate,1,0,semi_structured,multi_table,insert_ignore,1,1,1,1
aug_seed_000349_relational_format_variant_002,seed_000349,source_group_id,debit_card_specializing,d_g1_primary,MP-FS+ vNext D_G1,MP-FS+,deterministic_reprocess,primary,mp_fs_plus_shared,mp_fs_plus_shared,b969b766efd5b7eb4ebe8109c6dc0ca9ab032c704759a992305d746e3e3b181b,9000,9000,2250,ceil(utf8_bytes/4)_cpu_estimate,1,0,semi_structured,multi_table,insert_ignore,1,1,1,1
aug_seed_000349_relational_format_variant_002,seed_000349,source_group_id,debit_card_specializing,d_only_secondary,MP-FS+ vNext D_ONLY,MP-FS+,deterministic_reprocess,secondary_ablation,mp_fs_plus_shared,mp_fs_plus_shared,b969b766efd5b7eb4ebe8109c6dc0ca9ab032c704759a992305d746e3e3b181b,9000,9000,2250,ceil(utf8_bytes/4)_cpu_estimate,1,0,semi_structured,multi_table,insert_ignore,1,1,1,1
aug_seed_000349_relational_format_variant_002,seed_000349,source_group_id,debit_card_specializing,full_secondary,MP-FS+ vNext FULL,MP-FS+,deterministic_reprocess,secondary_ablation,mp_fs_plus_shared,mp_fs_plus_shared,b969b766efd5b7eb4ebe8109c6dc0ca9ab032c704759a992305d746e3e3b181b,9000,9000,2250,ceil(utf8_bytes/4)_cpu_estimate,1,0,semi_structured,multi_table,insert_ignore,1,1,1,1
aug_seed_000349_relational_format_variant_002,seed_000349,source_group_id,debit_card_specializing,no_c_secondary,MP-FS+ vNext NO_C,MP-FS+,deterministic_reprocess,secondary_ablation,mp_fs_plus_shared,mp_fs_plus_shared,b969b766efd5b7eb4ebe8109c6dc0ca9ab032c704759a992305d746e3e3b181b,9000,9000,2250,ceil(utf8_bytes/4)_cpu_estimate,1,0,semi_structured,multi_table,insert_ignore,1,1,1,1
seed_000110,seed_000110,source_group_id,financial,direct,Direct,D-FS-M,generation,baseline,direct,,d51db3564ceff7208e1fd9c2e35544932eac1186db7632899ca9aafa6dc3335d,11920,11920,2980,ceil(utf8_bytes/4)_cpu_estimate,1,0,semi_structured,json_array,plain_insert,0,1,1,1
seed_000110,seed_000110,source_group_id,financial,j_fs,J-FS,J-FS-M,generation,baseline,j_fs,,48d0cfd59adb45b0a87133ef4ed268c6d21b8ae8311b0d6751ba612b3229a98e,11851,11851,2963,ceil(utf8_bytes/4)_cpu_estimate,1,0,semi_structured,json_array,plain_insert,0,1,1,1
seed_000110,seed_000110,source_group_id,financial,original_mp_fs_plus,Original MP-FS+,MP-FS+,deterministic_reprocess,primary_comparison_baseline,mp_fs_plus_shared,mp_fs_plus_shared,449d3ed7fcd08ac7cea842a0330a51a03ae9f8bf1bb4f70232dd76f76dc6b12c,17420,17420,4355,ceil(utf8_bytes/4)_cpu_estimate,1,0,semi_structured,json_array,plain_insert,0,1,1,1
seed_000110,seed_000110,source_group_id,financial,d_g1_primary,MP-FS+ vNext D_G1,MP-FS+,deterministic_reprocess,primary,mp_fs_plus_shared,mp_fs_plus_shared,449d3ed7fcd08ac7cea842a0330a51a03ae9f8bf1bb4f70232dd76f76dc6b12c,17420,17420,4355,ceil(utf8_bytes/4)_cpu_estimate,1,0,semi_structured,json_array,plain_insert,0,1,1,1
seed_000110,seed_000110,source_group_id,financial,d_only_secondary,MP-FS+ vNext D_ONLY,MP-FS+,deterministic_reprocess,secondary_ablation,mp_fs_plus_shared,mp_fs_plus_shared,449d3ed7fcd08ac7cea842a0330a51a03ae9f8bf1bb4f70232dd76f76dc6b12c,17420,17420,4355,ceil(utf8_bytes/4)_cpu_estimate,1,0,semi_structured,json_array,plain_insert,0,1,1,1
seed_000110,seed_000110,source_group_id,financial,full_secondary,MP-FS+ vNext FULL,MP-FS+,deterministic_reprocess,secondary_ablation,mp_fs_plus_shared,mp_fs_plus_shared,449d3ed7fcd08ac7cea842a0330a51a03ae9f8bf1bb4f70232dd76f76dc6b12c,17420,17420,4355,ceil(utf8_bytes/4)_cpu_estimate,1,0,semi_structured,json_array,plain_insert,0,1,1,1
seed_000110,seed_000110,source_group_id,financial,no_c_secondary,MP-FS+ vNext NO_C,MP-FS+,deterministic_reprocess,secondary_ablation,mp_fs_plus_shared,mp_fs_plus_shared,449d3ed7fcd08ac7cea842a0330a51a03ae9f8bf1bb4f70232dd76f76dc6b12c,17420,17420,4355,ceil(utf8_bytes/4)_cpu_estimate,1,0,semi_structured,json_array,plain_insert,0,1,1,1
aug_seed_000073_relational_format_variant_002,seed_000073,source_group_id,superhero,direct,Direct,D-FS-M,generation,baseline,direct,,67796a7f13f5312913a395356cc79ee08e581f39e4ba2d85e13ae1479ffe426d,15044,15044,3761,ceil(utf8_bytes/4)_cpu_estimate,1,0,semi_structured,multi_table,plain_insert,1,1,1,1
aug_seed_000073_relational_format_variant_002,seed_000073,source_group_id,superhero,j_fs,J-FS,J-FS-M,generation,baseline,j_fs,,c2bacc0c757fb8d4bc9796ec1bad883960f92d2d0a7ba00f53c46f6898995d09,14975,14975,3744,ceil(utf8_bytes/4)_cpu_estimate,1,0,semi_structured,multi_table,plain_insert,1,1,1,1
aug_seed_000073_relational_format_variant_002,seed_000073,source_group_id,superhero,original_mp_fs_plus,Original MP-FS+,MP-FS+,deterministic_reprocess,primary_comparison_baseline,mp_fs_plus_shared,mp_fs_plus_shared,861d380f32fdc1816ffa9df19dcf7c02963dc0f9cf82725383c08728ebf3ae71,9723,9723,2431,ceil(utf8_bytes/4)_cpu_estimate,1,0,semi_structured,multi_table,plain_insert,1,1,1,1
aug_seed_000073_relational_format_variant_002,seed_000073,source_group_id,superhero,d_g1_primary,MP-FS+ vNext D_G1,MP-FS+,deterministic_reprocess,primary,mp_fs_plus_shared,mp_fs_plus_shared,861d380f32fdc1816ffa9df19dcf7c02963dc0f9cf82725383c08728ebf3ae71,9723,9723,2431,ceil(utf8_bytes/4)_cpu_estimate,1,0,semi_structured,multi_table,plain_insert,1,1,1,1
aug_seed_000073_relational_format_variant_002,seed_000073,source_group_id,superhero,d_only_secondary,MP-FS+ vNext D_ONLY,MP-FS+,deterministic_reprocess,secondary_ablation,mp_fs_plus_shared,mp_fs_plus_shared,861d380f32fdc1816ffa9df19dcf7c02963dc0f9cf82725383c08728ebf3ae71,9723,9723,2431,ceil(utf8_bytes/4)_cpu_estimate,1,0,semi_structured,multi_table,plain_insert,1,1,1,1
aug_seed_000073_relational_format_variant_002,seed_000073,source_group_id,superhero,full_secondary,MP-FS+ vNext FULL,MP-FS+,deterministic_reprocess,secondary_ablation,mp_fs_plus_shared,mp_fs_plus_shared,861d380f32fdc1816ffa9df19dcf7c02963dc0f9cf82725383c08728ebf3ae71,9723,9723,2431,ceil(utf8_bytes/4)_cpu_estimate,1,0,semi_structured,multi_table,plain_insert,1,1,1,1
aug_seed_000073_relational_format_variant_002,seed_000073,source_group_id,superhero,no_c_secondary,MP-FS+ vNext NO_C,MP-FS+,deterministic_reprocess,secondary_ablation,mp_fs_plus_shared,mp_fs_plus_shared,861d380f32fdc1816ffa9df19dcf7c02963dc0f9cf82725383c08728ebf3ae71,9723,9723,2431,ceil(utf8_bytes/4)_cpu_estimate,1,0,semi_structured,multi_table,plain_insert,1,1,1,1
aug_seed_000054_small_batch_subset_001,seed_000054,source_group_id,card_games,direct,Direct,D-FS-M,generation,baseline,direct,,4b7fc9e36c57de3ff95eef80df9d73a9e161d184c3e54ed66de184905aeaf487,17385,17385,4347,ceil(utf8_bytes/4)_cpu_estimate,1,0,free_text,free_text,insert_ignore,0,1,1,1
aug_seed_000054_small_batch_subset_001,seed_000054,source_group_id,card_games,j_fs,J-FS,J-FS-M,generation,baseline,j_fs,,c068dfffd74a6c0a6a554012950759e17dfb5302677f5330ad6d28e1ccdb7b9d,17295,17295,4324,ceil(utf8_bytes/4)_cpu_estimate,1,0,free_text,free_text,insert_ignore,0,1,1,1
aug_seed_000054_small_batch_subset_001,seed_000054,source_group_id,card_games,original_mp_fs_plus,Original MP-FS+,MP-FS+,deterministic_reprocess,primary_comparison_baseline,mp_fs_plus_shared,mp_fs_plus_shared,27762c4021ebd62c8a5b3a71e5c08feb08c152a561d020e29225c4c4c476458d,26458,26458,6615,ceil(utf8_bytes/4)_cpu_estimate,1,0,free_text,free_text,insert_ignore,0,1,1,1
aug_seed_000054_small_batch_subset_001,seed_000054,source_group_id,card_games,d_g1_primary,MP-FS+ vNext D_G1,MP-FS+,deterministic_reprocess,primary,mp_fs_plus_shared,mp_fs_plus_shared,27762c4021ebd62c8a5b3a71e5c08feb08c152a561d020e29225c4c4c476458d,26458,26458,6615,ceil(utf8_bytes/4)_cpu_estimate,1,0,free_text,free_text,insert_ignore,0,1,1,1
aug_seed_000054_small_batch_subset_001,seed_000054,source_group_id,card_games,d_only_secondary,MP-FS+ vNext D_ONLY,MP-FS+,deterministic_reprocess,secondary_ablation,mp_fs_plus_shared,mp_fs_plus_shared,27762c4021ebd62c8a5b3a71e5c08feb08c152a561d020e29225c4c4c476458d,26458,26458,6615,ceil(utf8_bytes/4)_cpu_estimate,1,0,free_text,free_text,insert_ignore,0,1,1,1
aug_seed_000054_small_batch_subset_001,seed_000054,source_group_id,card_games,full_secondary,MP-FS+ vNext FULL,MP-FS+,deterministic_reprocess,secondary_ablation,mp_fs_plus_shared,mp_fs_plus_shared,27762c4021ebd62c8a5b3a71e5c08feb08c152a561d020e29225c4c4c476458d,26458,26458,6615,ceil(utf8_bytes/4)_cpu_estimate,1,0,free_text,free_text,insert_ignore,0,1,1,1
aug_seed_000054_small_batch_subset_001,seed_000054,source_group_id,card_games,no_c_secondary,MP-FS+ vNext NO_C,MP-FS+,deterministic_reprocess,secondary_ablation,mp_fs_plus_shared,mp_fs_plus_shared,27762c4021ebd62c8a5b3a71e5c08feb08c152a561d020e29225c4c4c476458d,26458,26458,6615,ceil(utf8_bytes/4)_cpu_estimate,1,0,free_text,free_text,insert_ignore,0,1,1,1
seed_000302,seed_000302,source_group_id,card_games,direct,Direct,D-FS-M,generation,baseline,direct,,651e96a5a1f30bb1e590d5035ad7fb5ea09c38ce52f75c742b6245aab02315dc,24977,24977,6245,ceil(utf8_bytes/4)_cpu_estimate,1,0,semi_structured,json_array,upsert_update,0,1,1,1
seed_000302,seed_000302,source_group_id,card_games,j_fs,J-FS,J-FS-M,generation,baseline,j_fs,,141d5ab356de396f4fd5c7304876c523118d7bc91b838aa969b283752e48f31b,24908,24908,6227,ceil(utf8_bytes/4)_cpu_estimate,1,0,semi_structured,json_array,upsert_update,0,1,1,1
seed_000302,seed_000302,source_group_id,card_games,original_mp_fs_plus,Original MP-FS+,MP-FS+,deterministic_reprocess,primary_comparison_baseline,mp_fs_plus_shared,mp_fs_plus_shared,f2c0953b776ff5c48cf6a58a8b8f9f18cdc7347d85a4cee9faad974b83eb5bf0,17498,17498,4375,ceil(utf8_bytes/4)_cpu_estimate,1,0,semi_structured,json_array,upsert_update,0,1,1,1
seed_000302,seed_000302,source_group_id,card_games,d_g1_primary,MP-FS+ vNext D_G1,MP-FS+,deterministic_reprocess,primary,mp_fs_plus_shared,mp_fs_plus_shared,f2c0953b776ff5c48cf6a58a8b8f9f18cdc7347d85a4cee9faad974b83eb5bf0,17498,17498,4375,ceil(utf8_bytes/4)_cpu_estimate,1,0,semi_structured,json_array,upsert_update,0,1,1,1
seed_000302,seed_000302,source_group_id,card_games,d_only_secondary,MP-FS+ vNext D_ONLY,MP-FS+,deterministic_reprocess,secondary_ablation,mp_fs_plus_shared,mp_fs_plus_shared,f2c0953b776ff5c48cf6a58a8b8f9f18cdc7347d85a4cee9faad974b83eb5bf0,17498,17498,4375,ceil(utf8_bytes/4)_cpu_estimate,1,0,semi_structured,json_array,upsert_update,0,1,1,1
seed_000302,seed_000302,source_group_id,card_games,full_secondary,MP-FS+ vNext FULL,MP-FS+,deterministic_reprocess,secondary_ablation,mp_fs_plus_shared,mp_fs_plus_shared,f2c0953b776ff5c48cf6a58a8b8f9f18cdc7347d85a4cee9faad974b83eb5bf0,17498,17498,4375,ceil(utf8_bytes/4)_cpu_estimate,1,0,semi_structured,json_array,upsert_update,0,1,1,1
seed_000302,seed_000302,source_group_id,card_games,no_c_secondary,MP-FS+ vNext NO_C,MP-FS+,deterministic_reprocess,secondary_ablation,mp_fs_plus_shared,mp_fs_plus_shared,f2c0953b776ff5c48cf6a58a8b8f9f18cdc7347d85a4cee9faad974b83eb5bf0,17498,17498,4375,ceil(utf8_bytes/4)_cpu_estimate,1,0,semi_structured,json_array,upsert_update,0,1,1,1
aug_seed_000237_single_row_subset_001,seed_000237,source_group_id,student_club,direct,Direct,D-FS-M,generation,baseline,direct,,d943051dac84d80c79fd57125405138b389e131262a2bec91264e9d3f5f4e7ff,10671,10671,2668,ceil(utf8_bytes/4)_cpu_estimate,1,0,semi_structured,markdown_table,insert_ignore,0,1,1,1
aug_seed_000237_single_row_subset_001,seed_000237,source_group_id,student_club,j_fs,J-FS,J-FS-M,generation,baseline,j_fs,,b683809c1c269f3def9b5bbf7be729a966d40bcb43b211ac6310958cb8e36448,10602,10602,2651,ceil(utf8_bytes/4)_cpu_estimate,1,0,semi_structured,markdown_table,insert_ignore,0,1,1,1
aug_seed_000237_single_row_subset_001,seed_000237,source_group_id,student_club,original_mp_fs_plus,Original MP-FS+,MP-FS+,deterministic_reprocess,primary_comparison_baseline,mp_fs_plus_shared,mp_fs_plus_shared,6d6cc4709c6af38295d615199b0cabe83ae05a879859f7397276fc31b4bb8db4,8207,8207,2052,ceil(utf8_bytes/4)_cpu_estimate,1,0,semi_structured,markdown_table,insert_ignore,0,1,1,1
aug_seed_000237_single_row_subset_001,seed_000237,source_group_id,student_club,d_g1_primary,MP-FS+ vNext D_G1,MP-FS+,deterministic_reprocess,primary,mp_fs_plus_shared,mp_fs_plus_shared,6d6cc4709c6af38295d615199b0cabe83ae05a879859f7397276fc31b4bb8db4,8207,8207,2052,ceil(utf8_bytes/4)_cpu_estimate,1,0,semi_structured,markdown_table,insert_ignore,0,1,1,1
aug_seed_000237_single_row_subset_001,seed_000237,source_group_id,student_club,d_only_secondary,MP-FS+ vNext D_ONLY,MP-FS+,deterministic_reprocess,secondary_ablation,mp_fs_plus_shared,mp_fs_plus_shared,6d6cc4709c6af38295d615199b0cabe83ae05a879859f7397276fc31b4bb8db4,8207,8207,2052,ceil(utf8_bytes/4)_cpu_estimate,1,0,semi_structured,markdown_table,insert_ignore,0,1,1,1
aug_seed_000237_single_row_subset_001,seed_000237,source_group_id,student_club,full_secondary,MP-FS+ vNext FULL,MP-FS+,deterministic_reprocess,secondary_ablation,mp_fs_plus_shared,mp_fs_plus_shared,6d6cc4709c6af38295d615199b0cabe83ae05a879859f7397276fc31b4bb8db4,8207,8207,2052,ceil(utf8_bytes/4)_cpu_estimate,1,0,semi_structured,markdown_table,insert_ignore,0,1,1,1
aug_seed_000237_single_row_subset_001,seed_000237,source_group_id,student_club,no_c_secondary,MP-FS+ vNext NO_C,MP-FS+,deterministic_reprocess,secondary_ablation,mp_fs_plus_shared,mp_fs_plus_shared,6d6cc4709c6af38295d615199b0cabe83ae05a879859f7397276fc31b4bb8db4,8207,8207,2052,ceil(utf8_bytes/4)_cpu_estimate,1,0,semi_structured,markdown_table,insert_ignore,0,1,1,1
aug_seed_000285_small_batch_subset_001,seed_000285,source_group_id,student_club,direct,Direct,D-FS-M,generation,baseline,direct,,2f46681c5a24f1b91fc65530dc06fc69fe0825a2e53010edf8c991ca1cf0e176,11055,11055,2764,ceil(utf8_bytes/4)_cpu_estimate,1,0,semi_structured,key_value,insert_ignore,0,1,1,1
aug_seed_000285_small_batch_subset_001,seed_000285,source_group_id,student_club,j_fs,J-FS,J-FS-M,generation,baseline,j_fs,,9f3e5f339fa738884768cb54464ef58f3ac30732528fca71650cf8a750411f0a,10986,10986,2747,ceil(utf8_bytes/4)_cpu_estimate,1,0,semi_structured,key_value,insert_ignore,0,1,1,1
aug_seed_000285_small_batch_subset_001,seed_000285,source_group_id,student_club,original_mp_fs_plus,Original MP-FS+,MP-FS+,deterministic_reprocess,primary_comparison_baseline,mp_fs_plus_shared,mp_fs_plus_shared,1ae9dac92cc077d9a318d5032e3a06dafe9286c03c5dc0abba1916289f46ec90,7078,7078,1770,ceil(utf8_bytes/4)_cpu_estimate,1,0,semi_structured,key_value,insert_ignore,0,1,1,1
aug_seed_000285_small_batch_subset_001,seed_000285,source_group_id,student_club,d_g1_primary,MP-FS+ vNext D_G1,MP-FS+,deterministic_reprocess,primary,mp_fs_plus_shared,mp_fs_plus_shared,1ae9dac92cc077d9a318d5032e3a06dafe9286c03c5dc0abba1916289f46ec90,7078,7078,1770,ceil(utf8_bytes/4)_cpu_estimate,1,0,semi_structured,key_value,insert_ignore,0,1,1,1
aug_seed_000285_small_batch_subset_001,seed_000285,source_group_id,student_club,d_only_secondary,MP-FS+ vNext D_ONLY,MP-FS+,deterministic_reprocess,secondary_ablation,mp_fs_plus_shared,mp_fs_plus_shared,1ae9dac92cc077d9a318d5032e3a06dafe9286c03c5dc0abba1916289f46ec90,7078,7078,1770,ceil(utf8_bytes/4)_cpu_estimate,1,0,semi_structured,key_value,insert_ignore,0,1,1,1
aug_seed_000285_small_batch_subset_001,seed_000285,source_group_id,student_club,full_secondary,MP-FS+ vNext FULL,MP-FS+,deterministic_reprocess,secondary_ablation,mp_fs_plus_shared,mp_fs_plus_shared,1ae9dac92cc077d9a318d5032e3a06dafe9286c03c5dc0abba1916289f46ec90,7078,7078,1770,ceil(utf8_bytes/4)_cpu_estimate,1,0,semi_structured,key_value,insert_ignore,0,1,1,1
aug_seed_000285_small_batch_subset_001,seed_000285,source_group_id,student_club,no_c_secondary,MP-FS+ vNext NO_C,MP-FS+,deterministic_reprocess,secondary_ablation,mp_fs_plus_shared,mp_fs_plus_shared,1ae9dac92cc077d9a318d5032e3a06dafe9286c03c5dc0abba1916289f46ec90,7078,7078,1770,ceil(utf8_bytes/4)_cpu_estimate,1,0,semi_structured,key_value,insert_ignore,0,1,1,1
aug_seed_000356_small_batch_subset_001,seed_000356,source_group_id,financial,direct,Direct,D-FS-M,generation,baseline,direct,,dadd77034897c5bd7996f8f5a12cce66ae30e7dba781f821fcb89737626c6a4f,10196,10196,2549,ceil(utf8_bytes/4)_cpu_estimate,1,0,free_text,free_text,insert_ignore,0,1,1,1
aug_seed_000356_small_batch_subset_001,seed_000356,source_group_id,financial,j_fs,J-FS,J-FS-M,generation,baseline,j_fs,,0ae5e20231f814386b287179f5b819cb95a9e43a1572869987b46624dab9ebc9,10106,10106,2527,ceil(utf8_bytes/4)_cpu_estimate,1,0,free_text,free_text,insert_ignore,0,1,1,1
aug_seed_000356_small_batch_subset_001,seed_000356,source_group_id,financial,original_mp_fs_plus,Original MP-FS+,MP-FS+,deterministic_reprocess,primary_comparison_baseline,mp_fs_plus_shared,mp_fs_plus_shared,18ff8f47dc88a92099131f2cae14e371e5aec3eae3623fc6dddd929b9ed4716a,31348,31348,7837,ceil(utf8_bytes/4)_cpu_estimate,1,0,free_text,free_text,insert_ignore,0,1,1,1
aug_seed_000356_small_batch_subset_001,seed_000356,source_group_id,financial,d_g1_primary,MP-FS+ vNext D_G1,MP-FS+,deterministic_reprocess,primary,mp_fs_plus_shared,mp_fs_plus_shared,18ff8f47dc88a92099131f2cae14e371e5aec3eae3623fc6dddd929b9ed4716a,31348,31348,7837,ceil(utf8_bytes/4)_cpu_estimate,1,0,free_text,free_text,insert_ignore,0,1,1,1
aug_seed_000356_small_batch_subset_001,seed_000356,source_group_id,financial,d_only_secondary,MP-FS+ vNext D_ONLY,MP-FS+,deterministic_reprocess,secondary_ablation,mp_fs_plus_shared,mp_fs_plus_shared,18ff8f47dc88a92099131f2cae14e371e5aec3eae3623fc6dddd929b9ed4716a,31348,31348,7837,ceil(utf8_bytes/4)_cpu_estimate,1,0,free_text,free_text,insert_ignore,0,1,1,1
aug_seed_000356_small_batch_subset_001,seed_000356,source_group_id,financial,full_secondary,MP-FS+ vNext FULL,MP-FS+,deterministic_reprocess,secondary_ablation,mp_fs_plus_shared,mp_fs_plus_shared,18ff8f47dc88a92099131f2cae14e371e5aec3eae3623fc6dddd929b9ed4716a,31348,31348,7837,ceil(utf8_bytes/4)_cpu_estimate,1,0,free_text,free_text,insert_ignore,0,1,1,1
aug_seed_000356_small_batch_subset_001,seed_000356,source_group_id,financial,no_c_secondary,MP-FS+ vNext NO_C,MP-FS+,deterministic_reprocess,secondary_ablation,mp_fs_plus_shared,mp_fs_plus_shared,18ff8f47dc88a92099131f2cae14e371e5aec3eae3623fc6dddd929b9ed4716a,31348,31348,7837,ceil(utf8_bytes/4)_cpu_estimate,1,0,free_text,free_text,insert_ignore,0,1,1,1
seed_000002,seed_000002,source_group_id,debit_card_specializing,direct,Direct,D-FS-M,generation,baseline,direct,,c72f40277637f5081ea030f52fe74a6f68e01a322731dd004ea73a2915964b85,8415,8415,2104,ceil(utf8_bytes/4)_cpu_estimate,1,0,semi_structured,json_array,insert_ignore,1,1,1,1
seed_000002,seed_000002,source_group_id,debit_card_specializing,j_fs,J-FS,J-FS-M,generation,baseline,j_fs,,d19603fc6a2ef3e815cfc0cf08307d7411927d6cad2a1d856d7039cd60169458,8346,8346,2087,ceil(utf8_bytes/4)_cpu_estimate,1,0,semi_structured,json_array,insert_ignore,1,1,1,1
seed_000002,seed_000002,source_group_id,debit_card_specializing,original_mp_fs_plus,Original MP-FS+,MP-FS+,deterministic_reprocess,primary_comparison_baseline,mp_fs_plus_shared,mp_fs_plus_shared,dd16fbb4abba0cc0f5a7c408bcc0e402f749ed35520a0e1066d55d55b270b7fd,10269,10269,2568,ceil(utf8_bytes/4)_cpu_estimate,1,0,semi_structured,json_array,insert_ignore,1,1,1,1
seed_000002,seed_000002,source_group_id,debit_card_specializing,d_g1_primary,MP-FS+ vNext D_G1,MP-FS+,deterministic_reprocess,primary,mp_fs_plus_shared,mp_fs_plus_shared,dd16fbb4abba0cc0f5a7c408bcc0e402f749ed35520a0e1066d55d55b270b7fd,10269,10269,2568,ceil(utf8_bytes/4)_cpu_estimate,1,0,semi_structured,json_array,insert_ignore,1,1,1,1
seed_000002,seed_000002,source_group_id,debit_card_specializing,d_only_secondary,MP-FS+ vNext D_ONLY,MP-FS+,deterministic_reprocess,secondary_ablation,mp_fs_plus_shared,mp_fs_plus_shared,dd16fbb4abba0cc0f5a7c408bcc0e402f749ed35520a0e1066d55d55b270b7fd,10269,10269,2568,ceil(utf8_bytes/4)_cpu_estimate,1,0,semi_structured,json_array,insert_ignore,1,1,1,1
seed_000002,seed_000002,source_group_id,debit_card_specializing,full_secondary,MP-FS+ vNext FULL,MP-FS+,deterministic_reprocess,secondary_ablation,mp_fs_plus_shared,mp_fs_plus_shared,dd16fbb4abba0cc0f5a7c408bcc0e402f749ed35520a0e1066d55d55b270b7fd,10269,10269,2568,ceil(utf8_bytes/4)_cpu_estimate,1,0,semi_structured,json_array,insert_ignore,1,1,1,1
seed_000002,seed_000002,source_group_id,debit_card_specializing,no_c_secondary,MP-FS+ vNext NO_C,MP-FS+,deterministic_reprocess,secondary_ablation,mp_fs_plus_shared,mp_fs_plus_shared,dd16fbb4abba0cc0f5a7c408bcc0e402f749ed35520a0e1066d55d55b270b7fd,10269,10269,2568,ceil(utf8_bytes/4)_cpu_estimate,1,0,semi_structured,json_array,insert_ignore,1,1,1,1
seed_000190,seed_000190,source_group_id,student_club,direct,Direct,D-FS-M,generation,baseline,direct,,e2bc126ab49bc2086cffaeda537a147c73e1efebb43a47ec4ebec3765c048cb4,16240,16240,4060,ceil(utf8_bytes/4)_cpu_estimate,1,0,semi_structured,json_array,plain_insert,0,1,1,1
seed_000190,seed_000190,source_group_id,student_club,j_fs,J-FS,J-FS-M,generation,baseline,j_fs,,7dbd28ff5e4e4411476cba77e00539e535965841004e936fd6e58ff9b8542a2d,16171,16171,4043,ceil(utf8_bytes/4)_cpu_estimate,1,0,semi_structured,json_array,plain_insert,0,1,1,1
seed_000190,seed_000190,source_group_id,student_club,original_mp_fs_plus,Original MP-FS+,MP-FS+,deterministic_reprocess,primary_comparison_baseline,mp_fs_plus_shared,mp_fs_plus_shared,90571edc72b771733fbf72f4510c584ab70c42761bcad6057ee7bdb0f11d16f9,9064,9064,2266,ceil(utf8_bytes/4)_cpu_estimate,1,0,semi_structured,json_array,plain_insert,0,1,1,1
seed_000190,seed_000190,source_group_id,student_club,d_g1_primary,MP-FS+ vNext D_G1,MP-FS+,deterministic_reprocess,primary,mp_fs_plus_shared,mp_fs_plus_shared,90571edc72b771733fbf72f4510c584ab70c42761bcad6057ee7bdb0f11d16f9,9064,9064,2266,ceil(utf8_bytes/4)_cpu_estimate,1,0,semi_structured,json_array,plain_insert,0,1,1,1
seed_000190,seed_000190,source_group_id,student_club,d_only_secondary,MP-FS+ vNext D_ONLY,MP-FS+,deterministic_reprocess,secondary_ablation,mp_fs_plus_shared,mp_fs_plus_shared,90571edc72b771733fbf72f4510c584ab70c42761bcad6057ee7bdb0f11d16f9,9064,9064,2266,ceil(utf8_bytes/4)_cpu_estimate,1,0,semi_structured,json_array,plain_insert,0,1,1,1
seed_000190,seed_000190,source_group_id,student_club,full_secondary,MP-FS+ vNext FULL,MP-FS+,deterministic_reprocess,secondary_ablation,mp_fs_plus_shared,mp_fs_plus_shared,90571edc72b771733fbf72f4510c584ab70c42761bcad6057ee7bdb0f11d16f9,9064,9064,2266,ceil(utf8_bytes/4)_cpu_estimate,1,0,semi_structured,json_array,plain_insert,0,1,1,1
seed_000190,seed_000190,source_group_id,student_club,no_c_secondary,MP-FS+ vNext NO_C,MP-FS+,deterministic_reprocess,secondary_ablation,mp_fs_plus_shared,mp_fs_plus_shared,90571edc72b771733fbf72f4510c584ab70c42761bcad6057ee7bdb0f11d16f9,9064,9064,2266,ceil(utf8_bytes/4)_cpu_estimate,1,0,semi_structured,json_array,plain_insert,0,1,1,1
aug_seed_000143_single_row_subset_001,seed_000143,source_group_id,financial,direct,Direct,D-FS-M,generation,baseline,direct,,1d3836b3111f3845a0e8b087d5aa9229869cbb22c1d4d4053cd548f9f138e488,10029,10029,2508,ceil(utf8_bytes/4)_cpu_estimate,1,0,free_text,free_text,insert_ignore,0,1,1,1
aug_seed_000143_single_row_subset_001,seed_000143,source_group_id,financial,j_fs,J-FS,J-FS-M,generation,baseline,j_fs,,8260c31aca65eea3fa9ffad6795e785df49572d1c33d1e45bd8fbee3c74a7d10,9939,9939,2485,ceil(utf8_bytes/4)_cpu_estimate,1,0,free_text,free_text,insert_ignore,0,1,1,1
aug_seed_000143_single_row_subset_001,seed_000143,source_group_id,financial,original_mp_fs_plus,Original MP-FS+,MP-FS+,deterministic_reprocess,primary_comparison_baseline,mp_fs_plus_shared,mp_fs_plus_shared,a9cfe159305ee291b5f3267237ae9c43e4f6632ba180dbed900589e9c53530b2,16602,16602,4151,ceil(utf8_bytes/4)_cpu_estimate,1,0,free_text,free_text,insert_ignore,0,1,1,1
aug_seed_000143_single_row_subset_001,seed_000143,source_group_id,financial,d_g1_primary,MP-FS+ vNext D_G1,MP-FS+,deterministic_reprocess,primary,mp_fs_plus_shared,mp_fs_plus_shared,a9cfe159305ee291b5f3267237ae9c43e4f6632ba180dbed900589e9c53530b2,16602,16602,4151,ceil(utf8_bytes/4)_cpu_estimate,1,0,free_text,free_text,insert_ignore,0,1,1,1
aug_seed_000143_single_row_subset_001,seed_000143,source_group_id,financial,d_only_secondary,MP-FS+ vNext D_ONLY,MP-FS+,deterministic_reprocess,secondary_ablation,mp_fs_plus_shared,mp_fs_plus_shared,a9cfe159305ee291b5f3267237ae9c43e4f6632ba180dbed900589e9c53530b2,16602,16602,4151,ceil(utf8_bytes/4)_cpu_estimate,1,0,free_text,free_text,insert_ignore,0,1,1,1
aug_seed_000143_single_row_subset_001,seed_000143,source_group_id,financial,full_secondary,MP-FS+ vNext FULL,MP-FS+,deterministic_reprocess,secondary_ablation,mp_fs_plus_shared,mp_fs_plus_shared,a9cfe159305ee291b5f3267237ae9c43e4f6632ba180dbed900589e9c53530b2,16602,16602,4151,ceil(utf8_bytes/4)_cpu_estimate,1,0,free_text,free_text,insert_ignore,0,1,1,1
aug_seed_000143_single_row_subset_001,seed_000143,source_group_id,financial,no_c_secondary,MP-FS+ vNext NO_C,MP-FS+,deterministic_reprocess,secondary_ablation,mp_fs_plus_shared,mp_fs_plus_shared,a9cfe159305ee291b5f3267237ae9c43e4f6632ba180dbed900589e9c53530b2,16602,16602,4151,ceil(utf8_bytes/4)_cpu_estimate,1,0,free_text,free_text,insert_ignore,0,1,1,1
aug_seed_000346_relational_format_variant_002,seed_000346,source_group_id,codebase_community,direct,Direct,D-FS-M,generation,baseline,direct,,661966f2bdc32886c9abcb6335bb96140d8884111e69be735b8bdc15a278c2d8,19403,19403,4851,ceil(utf8_bytes/4)_cpu_estimate,1,0,semi_structured,multi_table,insert_ignore,1,1,1,1
aug_seed_000346_relational_format_variant_002,seed_000346,source_group_id,codebase_community,j_fs,J-FS,J-FS-M,generation,baseline,j_fs,,ffe6cd179b9d98306bce94a352a0e3e0f2c1aaa13718f9d182f478d61c33640d,19334,19334,4834,ceil(utf8_bytes/4)_cpu_estimate,1,0,semi_structured,multi_table,insert_ignore,1,1,1,1
aug_seed_000346_relational_format_variant_002,seed_000346,source_group_id,codebase_community,original_mp_fs_plus,Original MP-FS+,MP-FS+,deterministic_reprocess,primary_comparison_baseline,mp_fs_plus_shared,mp_fs_plus_shared,9c242a835a3c2286eeb6ab889fb31e2b0e00666e320d17888e57e76bf9c6c3f3,16591,16591,4148,ceil(utf8_bytes/4)_cpu_estimate,1,0,semi_structured,multi_table,insert_ignore,1,1,1,1
aug_seed_000346_relational_format_variant_002,seed_000346,source_group_id,codebase_community,d_g1_primary,MP-FS+ vNext D_G1,MP-FS+,deterministic_reprocess,primary,mp_fs_plus_shared,mp_fs_plus_shared,9c242a835a3c2286eeb6ab889fb31e2b0e00666e320d17888e57e76bf9c6c3f3,16591,16591,4148,ceil(utf8_bytes/4)_cpu_estimate,1,0,semi_structured,multi_table,insert_ignore,1,1,1,1
aug_seed_000346_relational_format_variant_002,seed_000346,source_group_id,codebase_community,d_only_secondary,MP-FS+ vNext D_ONLY,MP-FS+,deterministic_reprocess,secondary_ablation,mp_fs_plus_shared,mp_fs_plus_shared,9c242a835a3c2286eeb6ab889fb31e2b0e00666e320d17888e57e76bf9c6c3f3,16591,16591,4148,ceil(utf8_bytes/4)_cpu_estimate,1,0,semi_structured,multi_table,insert_ignore,1,1,1,1
aug_seed_000346_relational_format_variant_002,seed_000346,source_group_id,codebase_community,full_secondary,MP-FS+ vNext FULL,MP-FS+,deterministic_reprocess,secondary_ablation,mp_fs_plus_shared,mp_fs_plus_shared,9c242a835a3c2286eeb6ab889fb31e2b0e00666e320d17888e57e76bf9c6c3f3,16591,16591,4148,ceil(utf8_bytes/4)_cpu_estimate,1,0,semi_structured,multi_table,insert_ignore,1,1,1,1
aug_seed_000346_relational_format_variant_002,seed_000346,source_group_id,codebase_community,no_c_secondary,MP-FS+ vNext NO_C,MP-FS+,deterministic_reprocess,secondary_ablation,mp_fs_plus_shared,mp_fs_plus_shared,9c242a835a3c2286eeb6ab889fb31e2b0e00666e320d17888e57e76bf9c6c3f3,16591,16591,4148,ceil(utf8_bytes/4)_cpu_estimate,1,0,semi_structured,multi_table,insert_ignore,1,1,1,1
seed_000291,seed_000291,source_group_id,california_schools,direct,Direct,D-FS-M,generation,baseline,direct,,af75f37e3b3e58ededa04bd16273a57de0be3a46e7b151b5deaa038fcc1058b8,23274,23274,5819,ceil(utf8_bytes/4)_cpu_estimate,1,0,semi_structured,key_value,upsert_update,0,1,1,1
seed_000291,seed_000291,source_group_id,california_schools,j_fs,J-FS,J-FS-M,generation,baseline,j_fs,,2e921c7a2a32ff84067536fba2cb38bbb20ca3834e712c8c9b1b32feea61973d,23205,23205,5802,ceil(utf8_bytes/4)_cpu_estimate,1,0,semi_structured,key_value,upsert_update,0,1,1,1
seed_000291,seed_000291,source_group_id,california_schools,original_mp_fs_plus,Original MP-FS+,MP-FS+,deterministic_reprocess,primary_comparison_baseline,mp_fs_plus_shared,mp_fs_plus_shared,480d74a136af4bf905ff69523c041356e01e8a25b08686c26bc23b7e9db2c2e7,14368,14368,3592,ceil(utf8_bytes/4)_cpu_estimate,1,0,semi_structured,key_value,upsert_update,0,1,1,1
seed_000291,seed_000291,source_group_id,california_schools,d_g1_primary,MP-FS+ vNext D_G1,MP-FS+,deterministic_reprocess,primary,mp_fs_plus_shared,mp_fs_plus_shared,480d74a136af4bf905ff69523c041356e01e8a25b08686c26bc23b7e9db2c2e7,14368,14368,3592,ceil(utf8_bytes/4)_cpu_estimate,1,0,semi_structured,key_value,upsert_update,0,1,1,1
seed_000291,seed_000291,source_group_id,california_schools,d_only_secondary,MP-FS+ vNext D_ONLY,MP-FS+,deterministic_reprocess,secondary_ablation,mp_fs_plus_shared,mp_fs_plus_shared,480d74a136af4bf905ff69523c041356e01e8a25b08686c26bc23b7e9db2c2e7,14368,14368,3592,ceil(utf8_bytes/4)_cpu_estimate,1,0,semi_structured,key_value,upsert_update,0,1,1,1
seed_000291,seed_000291,source_group_id,california_schools,full_secondary,MP-FS+ vNext FULL,MP-FS+,deterministic_reprocess,secondary_ablation,mp_fs_plus_shared,mp_fs_plus_shared,480d74a136af4bf905ff69523c041356e01e8a25b08686c26bc23b7e9db2c2e7,14368,14368,3592,ceil(utf8_bytes/4)_cpu_estimate,1,0,semi_structured,key_value,upsert_update,0,1,1,1
seed_000291,seed_000291,source_group_id,california_schools,no_c_secondary,MP-FS+ vNext NO_C,MP-FS+,deterministic_reprocess,secondary_ablation,mp_fs_plus_shared,mp_fs_plus_shared,480d74a136af4bf905ff69523c041356e01e8a25b08686c26bc23b7e9db2c2e7,14368,14368,3592,ceil(utf8_bytes/4)_cpu_estimate,1,0,semi_structured,key_value,upsert_update,0,1,1,1
aug_seed_000017_small_batch_subset_001,seed_000017,source_group_id,student_club,direct,Direct,D-FS-M,generation,baseline,direct,,326d1face49b85d712ecfb28b205bc0371e840da6141cb40baf55b451a451b22,9602,9602,2401,ceil(utf8_bytes/4)_cpu_estimate,1,0,free_text,free_text,insert_ignore,0,1,1,1
aug_seed_000017_small_batch_subset_001,seed_000017,source_group_id,student_club,j_fs,J-FS,J-FS-M,generation,baseline,j_fs,,383fc99a590d228dc3eb8f766f5647c976ac8cc44b19c1deab9de861c4372763,9512,9512,2378,ceil(utf8_bytes/4)_cpu_estimate,1,0,free_text,free_text,insert_ignore,0,1,1,1
aug_seed_000017_small_batch_subset_001,seed_000017,source_group_id,student_club,original_mp_fs_plus,Original MP-FS+,MP-FS+,deterministic_reprocess,primary_comparison_baseline,mp_fs_plus_shared,mp_fs_plus_shared,0509c2328dfc7aac2322070277a871ddc1a773893f8ae2368672928436539eee,20599,20599,5150,ceil(utf8_bytes/4)_cpu_estimate,1,0,free_text,free_text,insert_ignore,0,1,1,1
aug_seed_000017_small_batch_subset_001,seed_000017,source_group_id,student_club,d_g1_primary,MP-FS+ vNext D_G1,MP-FS+,deterministic_reprocess,primary,mp_fs_plus_shared,mp_fs_plus_shared,0509c2328dfc7aac2322070277a871ddc1a773893f8ae2368672928436539eee,20599,20599,5150,ceil(utf8_bytes/4)_cpu_estimate,1,0,free_text,free_text,insert_ignore,0,1,1,1
aug_seed_000017_small_batch_subset_001,seed_000017,source_group_id,student_club,d_only_secondary,MP-FS+ vNext D_ONLY,MP-FS+,deterministic_reprocess,secondary_ablation,mp_fs_plus_shared,mp_fs_plus_shared,0509c2328dfc7aac2322070277a871ddc1a773893f8ae2368672928436539eee,20599,20599,5150,ceil(utf8_bytes/4)_cpu_estimate,1,0,free_text,free_text,insert_ignore,0,1,1,1
aug_seed_000017_small_batch_subset_001,seed_000017,source_group_id,student_club,full_secondary,MP-FS+ vNext FULL,MP-FS+,deterministic_reprocess,secondary_ablation,mp_fs_plus_shared,mp_fs_plus_shared,0509c2328dfc7aac2322070277a871ddc1a773893f8ae2368672928436539eee,20599,20599,5150,ceil(utf8_bytes/4)_cpu_estimate,1,0,free_text,free_text,insert_ignore,0,1,1,1
aug_seed_000017_small_batch_subset_001,seed_000017,source_group_id,student_club,no_c_secondary,MP-FS+ vNext NO_C,MP-FS+,deterministic_reprocess,secondary_ablation,mp_fs_plus_shared,mp_fs_plus_shared,0509c2328dfc7aac2322070277a871ddc1a773893f8ae2368672928436539eee,20599,20599,5150,ceil(utf8_bytes/4)_cpu_estimate,1,0,free_text,free_text,insert_ignore,0,1,1,1
seed_000261,seed_000261,source_group_id,debit_card_specializing,direct,Direct,D-FS-M,generation,baseline,direct,,9b75f3cd3a5c37827a93cc6c67fd200512523824858723378a4fa8388d90a3a8,6913,6913,1729,ceil(utf8_bytes/4)_cpu_estimate,1,0,semi_structured,key_value,insert_ignore,0,1,1,1
seed_000261,seed_000261,source_group_id,debit_card_specializing,j_fs,J-FS,J-FS-M,generation,baseline,j_fs,,4515e0b2ba35738b20be8005b5b6797da9c8843f6edfac8a7a0ad5c2015c97ed,6844,6844,1711,ceil(utf8_bytes/4)_cpu_estimate,1,0,semi_structured,key_value,insert_ignore,0,1,1,1
seed_000261,seed_000261,source_group_id,debit_card_specializing,original_mp_fs_plus,Original MP-FS+,MP-FS+,deterministic_reprocess,primary_comparison_baseline,mp_fs_plus_shared,mp_fs_plus_shared,5443561a7776fe4067b8387e4a08cbfe5e888a7c7a0511ddc3bc5cfd11f93da5,7150,7150,1788,ceil(utf8_bytes/4)_cpu_estimate,1,0,semi_structured,key_value,insert_ignore,0,1,1,1
seed_000261,seed_000261,source_group_id,debit_card_specializing,d_g1_primary,MP-FS+ vNext D_G1,MP-FS+,deterministic_reprocess,primary,mp_fs_plus_shared,mp_fs_plus_shared,5443561a7776fe4067b8387e4a08cbfe5e888a7c7a0511ddc3bc5cfd11f93da5,7150,7150,1788,ceil(utf8_bytes/4)_cpu_estimate,1,0,semi_structured,key_value,insert_ignore,0,1,1,1
seed_000261,seed_000261,source_group_id,debit_card_specializing,d_only_secondary,MP-FS+ vNext D_ONLY,MP-FS+,deterministic_reprocess,secondary_ablation,mp_fs_plus_shared,mp_fs_plus_shared,5443561a7776fe4067b8387e4a08cbfe5e888a7c7a0511ddc3bc5cfd11f93da5,7150,7150,1788,ceil(utf8_bytes/4)_cpu_estimate,1,0,semi_structured,key_value,insert_ignore,0,1,1,1
seed_000261,seed_000261,source_group_id,debit_card_specializing,full_secondary,MP-FS+ vNext FULL,MP-FS+,deterministic_reprocess,secondary_ablation,mp_fs_plus_shared,mp_fs_plus_shared,5443561a7776fe4067b8387e4a08cbfe5e888a7c7a0511ddc3bc5cfd11f93da5,7150,7150,1788,ceil(utf8_bytes/4)_cpu_estimate,1,0,semi_structured,key_value,insert_ignore,0,1,1,1
seed_000261,seed_000261,source_group_id,debit_card_specializing,no_c_secondary,MP-FS+ vNext NO_C,MP-FS+,deterministic_reprocess,secondary_ablation,mp_fs_plus_shared,mp_fs_plus_shared,5443561a7776fe4067b8387e4a08cbfe5e888a7c7a0511ddc3bc5cfd11f93da5,7150,7150,1788,ceil(utf8_bytes/4)_cpu_estimate,1,0,semi_structured,key_value,insert_ignore,0,1,1,1
aug_seed_000246_single_row_subset_001,seed_000246,source_group_id,financial,direct,Direct,D-FS-M,generation,baseline,direct,,bddcf34fc9951adbf25e8aa513caf44435f3cf8c40296b52b6711e78f15c5713,11239,11239,2810,ceil(utf8_bytes/4)_cpu_estimate,1,0,semi_structured,markdown_table,insert_ignore,0,1,1,1
aug_seed_000246_single_row_subset_001,seed_000246,source_group_id,financial,j_fs,J-FS,J-FS-M,generation,baseline,j_fs,,28a05869ed4e757d47857b80acd376b460f5e75d5508cd3b088b927bff87075a,11170,11170,2793,ceil(utf8_bytes/4)_cpu_estimate,1,0,semi_structured,markdown_table,insert_ignore,0,1,1,1
aug_seed_000246_single_row_subset_001,seed_000246,source_group_id,financial,original_mp_fs_plus,Original MP-FS+,MP-FS+,deterministic_reprocess,primary_comparison_baseline,mp_fs_plus_shared,mp_fs_plus_shared,59e2ca8289f13e179313d60940cfcab29c9dffb6092de49442f4b38ef46a3854,8467,8467,2117,ceil(utf8_bytes/4)_cpu_estimate,1,0,semi_structured,markdown_table,insert_ignore,0,1,1,1
aug_seed_000246_single_row_subset_001,seed_000246,source_group_id,financial,d_g1_primary,MP-FS+ vNext D_G1,MP-FS+,deterministic_reprocess,primary,mp_fs_plus_shared,mp_fs_plus_shared,59e2ca8289f13e179313d60940cfcab29c9dffb6092de49442f4b38ef46a3854,8467,8467,2117,ceil(utf8_bytes/4)_cpu_estimate,1,0,semi_structured,markdown_table,insert_ignore,0,1,1,1
aug_seed_000246_single_row_subset_001,seed_000246,source_group_id,financial,d_only_secondary,MP-FS+ vNext D_ONLY,MP-FS+,deterministic_reprocess,secondary_ablation,mp_fs_plus_shared,mp_fs_plus_shared,59e2ca8289f13e179313d60940cfcab29c9dffb6092de49442f4b38ef46a3854,8467,8467,2117,ceil(utf8_bytes/4)_cpu_estimate,1,0,semi_structured,markdown_table,insert_ignore,0,1,1,1
aug_seed_000246_single_row_subset_001,seed_000246,source_group_id,financial,full_secondary,MP-FS+ vNext FULL,MP-FS+,deterministic_reprocess,secondary_ablation,mp_fs_plus_shared,mp_fs_plus_shared,59e2ca8289f13e179313d60940cfcab29c9dffb6092de49442f4b38ef46a3854,8467,8467,2117,ceil(utf8_bytes/4)_cpu_estimate,1,0,semi_structured,markdown_table,insert_ignore,0,1,1,1
aug_seed_000246_single_row_subset_001,seed_000246,source_group_id,financial,no_c_secondary,MP-FS+ vNext NO_C,MP-FS+,deterministic_reprocess,secondary_ablation,mp_fs_plus_shared,mp_fs_plus_shared,59e2ca8289f13e179313d60940cfcab29c9dffb6092de49442f4b38ef46a3854,8467,8467,2117,ceil(utf8_bytes/4)_cpu_estimate,1,0,semi_structured,markdown_table,insert_ignore,0,1,1,1
aug_seed_000194_single_row_subset_001,seed_000194,source_group_id,student_club,direct,Direct,D-FS-M,generation,baseline,direct,,a1b4f398132b8713d4ef0905c2326ac9069b7a2c9b5dc44cb8d6e4f3ac88e2d7,9370,9370,2343,ceil(utf8_bytes/4)_cpu_estimate,1,0,free_text,free_text,insert_ignore,0,1,1,1
aug_seed_000194_single_row_subset_001,seed_000194,source_group_id,student_club,j_fs,J-FS,J-FS-M,generation,baseline,j_fs,,f26a0ee71bbf66b2d596a858e5d3eaffa172359763e782e30e893ce292e4994e,9280,9280,2320,ceil(utf8_bytes/4)_cpu_estimate,1,0,free_text,free_text,insert_ignore,0,1,1,1
aug_seed_000194_single_row_subset_001,seed_000194,source_group_id,student_club,original_mp_fs_plus,Original MP-FS+,MP-FS+,deterministic_reprocess,primary_comparison_baseline,mp_fs_plus_shared,mp_fs_plus_shared,292d68fc51f377d387e7e766d9e12fdf9baf4b1c65baee86350d39266e6bcad6,16884,16884,4221,ceil(utf8_bytes/4)_cpu_estimate,1,0,free_text,free_text,insert_ignore,0,1,1,1
aug_seed_000194_single_row_subset_001,seed_000194,source_group_id,student_club,d_g1_primary,MP-FS+ vNext D_G1,MP-FS+,deterministic_reprocess,primary,mp_fs_plus_shared,mp_fs_plus_shared,292d68fc51f377d387e7e766d9e12fdf9baf4b1c65baee86350d39266e6bcad6,16884,16884,4221,ceil(utf8_bytes/4)_cpu_estimate,1,0,free_text,free_text,insert_ignore,0,1,1,1
aug_seed_000194_single_row_subset_001,seed_000194,source_group_id,student_club,d_only_secondary,MP-FS+ vNext D_ONLY,MP-FS+,deterministic_reprocess,secondary_ablation,mp_fs_plus_shared,mp_fs_plus_shared,292d68fc51f377d387e7e766d9e12fdf9baf4b1c65baee86350d39266e6bcad6,16884,16884,4221,ceil(utf8_bytes/4)_cpu_estimate,1,0,free_text,free_text,insert_ignore,0,1,1,1
aug_seed_000194_single_row_subset_001,seed_000194,source_group_id,student_club,full_secondary,MP-FS+ vNext FULL,MP-FS+,deterministic_reprocess,secondary_ablation,mp_fs_plus_shared,mp_fs_plus_shared,292d68fc51f377d387e7e766d9e12fdf9baf4b1c65baee86350d39266e6bcad6,16884,16884,4221,ceil(utf8_bytes/4)_cpu_estimate,1,0,free_text,free_text,insert_ignore,0,1,1,1
aug_seed_000194_single_row_subset_001,seed_000194,source_group_id,student_club,no_c_secondary,MP-FS+ vNext NO_C,MP-FS+,deterministic_reprocess,secondary_ablation,mp_fs_plus_shared,mp_fs_plus_shared,292d68fc51f377d387e7e766d9e12fdf9baf4b1c65baee86350d39266e6bcad6,16884,16884,4221,ceil(utf8_bytes/4)_cpu_estimate,1,0,free_text,free_text,insert_ignore,0,1,1,1
aug_seed_000068_small_batch_subset_001,seed_000068,source_group_id,superhero,direct,Direct,D-FS-M,generation,baseline,direct,,3297dad856bd68cc9987ea525d44488189d3a837497bf6cc6d85a879a883aed9,7586,7586,1897,ceil(utf8_bytes/4)_cpu_estimate,1,0,free_text,free_text,insert_ignore,0,1,1,1
aug_seed_000068_small_batch_subset_001,seed_000068,source_group_id,superhero,j_fs,J-FS,J-FS-M,generation,baseline,j_fs,,8901d361d78f1c8e816be55d22645af3c99fa76fb7da7c1791f01626a70c671b,7496,7496,1874,ceil(utf8_bytes/4)_cpu_estimate,1,0,free_text,free_text,insert_ignore,0,1,1,1
aug_seed_000068_small_batch_subset_001,seed_000068,source_group_id,superhero,original_mp_fs_plus,Original MP-FS+,MP-FS+,deterministic_reprocess,primary_comparison_baseline,mp_fs_plus_shared,mp_fs_plus_shared,bf1234e0ebc9ba0ff68b49206457cc2ac7901bd9916207e2c66aa231cb32fd4f,13059,13059,3265,ceil(utf8_bytes/4)_cpu_estimate,1,0,free_text,free_text,insert_ignore,0,1,1,1
aug_seed_000068_small_batch_subset_001,seed_000068,source_group_id,superhero,d_g1_primary,MP-FS+ vNext D_G1,MP-FS+,deterministic_reprocess,primary,mp_fs_plus_shared,mp_fs_plus_shared,bf1234e0ebc9ba0ff68b49206457cc2ac7901bd9916207e2c66aa231cb32fd4f,13059,13059,3265,ceil(utf8_bytes/4)_cpu_estimate,1,0,free_text,free_text,insert_ignore,0,1,1,1
aug_seed_000068_small_batch_subset_001,seed_000068,source_group_id,superhero,d_only_secondary,MP-FS+ vNext D_ONLY,MP-FS+,deterministic_reprocess,secondary_ablation,mp_fs_plus_shared,mp_fs_plus_shared,bf1234e0ebc9ba0ff68b49206457cc2ac7901bd9916207e2c66aa231cb32fd4f,13059,13059,3265,ceil(utf8_bytes/4)_cpu_estimate,1,0,free_text,free_text,insert_ignore,0,1,1,1
aug_seed_000068_small_batch_subset_001,seed_000068,source_group_id,superhero,full_secondary,MP-FS+ vNext FULL,MP-FS+,deterministic_reprocess,secondary_ablation,mp_fs_plus_shared,mp_fs_plus_shared,bf1234e0ebc9ba0ff68b49206457cc2ac7901bd9916207e2c66aa231cb32fd4f,13059,13059,3265,ceil(utf8_bytes/4)_cpu_estimate,1,0,free_text,free_text,insert_ignore,0,1,1,1
aug_seed_000068_small_batch_subset_001,seed_000068,source_group_id,superhero,no_c_secondary,MP-FS+ vNext NO_C,MP-FS+,deterministic_reprocess,secondary_ablation,mp_fs_plus_shared,mp_fs_plus_shared,bf1234e0ebc9ba0ff68b49206457cc2ac7901bd9916207e2c66aa231cb32fd4f,13059,13059,3265,ceil(utf8_bytes/4)_cpu_estimate,1,0,free_text,free_text,insert_ignore,0,1,1,1
aug_seed_000183_small_batch_subset_001,seed_000183,source_group_id,european_football_2,direct,Direct,D-FS-M,generation,baseline,direct,,4c9b7291faa9d8dc1cf1abb853204a4c43aa4289deef11d22321c5405b759bce,31148,31148,7787,ceil(utf8_bytes/4)_cpu_estimate,1,0,free_text,free_text,insert_ignore,0,1,1,1
aug_seed_000183_small_batch_subset_001,seed_000183,source_group_id,european_football_2,j_fs,J-FS,J-FS-M,generation,baseline,j_fs,,3f691e8cec1468546c56bbb73346c953ca3c588656ac1b33aaef615c38260fe9,31058,31058,7765,ceil(utf8_bytes/4)_cpu_estimate,1,0,free_text,free_text,insert_ignore,0,1,1,1
aug_seed_000183_small_batch_subset_001,seed_000183,source_group_id,european_football_2,original_mp_fs_plus,Original MP-FS+,MP-FS+,deterministic_reprocess,primary_comparison_baseline,mp_fs_plus_shared,mp_fs_plus_shared,35189f302ea1ce62d0f57323688c59b9fabbddb1ee816395270e31e14e936136,45454,45454,11364,ceil(utf8_bytes/4)_cpu_estimate,1,0,free_text,free_text,insert_ignore,0,1,1,1
aug_seed_000183_small_batch_subset_001,seed_000183,source_group_id,european_football_2,d_g1_primary,MP-FS+ vNext D_G1,MP-FS+,deterministic_reprocess,primary,mp_fs_plus_shared,mp_fs_plus_shared,35189f302ea1ce62d0f57323688c59b9fabbddb1ee816395270e31e14e936136,45454,45454,11364,ceil(utf8_bytes/4)_cpu_estimate,1,0,free_text,free_text,insert_ignore,0,1,1,1
aug_seed_000183_small_batch_subset_001,seed_000183,source_group_id,european_football_2,d_only_secondary,MP-FS+ vNext D_ONLY,MP-FS+,deterministic_reprocess,secondary_ablation,mp_fs_plus_shared,mp_fs_plus_shared,35189f302ea1ce62d0f57323688c59b9fabbddb1ee816395270e31e14e936136,45454,45454,11364,ceil(utf8_bytes/4)_cpu_estimate,1,0,free_text,free_text,insert_ignore,0,1,1,1
aug_seed_000183_small_batch_subset_001,seed_000183,source_group_id,european_football_2,full_secondary,MP-FS+ vNext FULL,MP-FS+,deterministic_reprocess,secondary_ablation,mp_fs_plus_shared,mp_fs_plus_shared,35189f302ea1ce62d0f57323688c59b9fabbddb1ee816395270e31e14e936136,45454,45454,11364,ceil(utf8_bytes/4)_cpu_estimate,1,0,free_text,free_text,insert_ignore,0,1,1,1
aug_seed_000183_small_batch_subset_001,seed_000183,source_group_id,european_football_2,no_c_secondary,MP-FS+ vNext NO_C,MP-FS+,deterministic_reprocess,secondary_ablation,mp_fs_plus_shared,mp_fs_plus_shared,35189f302ea1ce62d0f57323688c59b9fabbddb1ee816395270e31e14e936136,45454,45454,11364,ceil(utf8_bytes/4)_cpu_estimate,1,0,free_text,free_text,insert_ignore,0,1,1,1
seed_000201,seed_000201,source_group_id,formula_1,direct,Direct,D-FS-M,generation,baseline,direct,,7e81517bb6f3650319e5840418c78d094f3aa1a8f4f6d24dbf4d84735ff2cb0d,18972,18972,4743,ceil(utf8_bytes/4)_cpu_estimate,1,0,semi_structured,json_array,plain_insert,0,1,1,1
seed_000201,seed_000201,source_group_id,formula_1,j_fs,J-FS,J-FS-M,generation,baseline,j_fs,,ab6fcd2b0071757c153a6141628253104654ea43853bd4d012562c7307e1fa82,18903,18903,4726,ceil(utf8_bytes/4)_cpu_estimate,1,0,semi_structured,json_array,plain_insert,0,1,1,1
seed_000201,seed_000201,source_group_id,formula_1,original_mp_fs_plus,Original MP-FS+,MP-FS+,deterministic_reprocess,primary_comparison_baseline,mp_fs_plus_shared,mp_fs_plus_shared,fb1d08cd391a71eb70826552b9c39951d21d7015ccb03d6dad2c2d891d857c1d,21656,21656,5414,ceil(utf8_bytes/4)_cpu_estimate,1,0,semi_structured,json_array,plain_insert,0,1,1,1
seed_000201,seed_000201,source_group_id,formula_1,d_g1_primary,MP-FS+ vNext D_G1,MP-FS+,deterministic_reprocess,primary,mp_fs_plus_shared,mp_fs_plus_shared,fb1d08cd391a71eb70826552b9c39951d21d7015ccb03d6dad2c2d891d857c1d,21656,21656,5414,ceil(utf8_bytes/4)_cpu_estimate,1,0,semi_structured,json_array,plain_insert,0,1,1,1
seed_000201,seed_000201,source_group_id,formula_1,d_only_secondary,MP-FS+ vNext D_ONLY,MP-FS+,deterministic_reprocess,secondary_ablation,mp_fs_plus_shared,mp_fs_plus_shared,fb1d08cd391a71eb70826552b9c39951d21d7015ccb03d6dad2c2d891d857c1d,21656,21656,5414,ceil(utf8_bytes/4)_cpu_estimate,1,0,semi_structured,json_array,plain_insert,0,1,1,1
seed_000201,seed_000201,source_group_id,formula_1,full_secondary,MP-FS+ vNext FULL,MP-FS+,deterministic_reprocess,secondary_ablation,mp_fs_plus_shared,mp_fs_plus_shared,fb1d08cd391a71eb70826552b9c39951d21d7015ccb03d6dad2c2d891d857c1d,21656,21656,5414,ceil(utf8_bytes/4)_cpu_estimate,1,0,semi_structured,json_array,plain_insert,0,1,1,1
seed_000201,seed_000201,source_group_id,formula_1,no_c_secondary,MP-FS+ vNext NO_C,MP-FS+,deterministic_reprocess,secondary_ablation,mp_fs_plus_shared,mp_fs_plus_shared,fb1d08cd391a71eb70826552b9c39951d21d7015ccb03d6dad2c2d891d857c1d,21656,21656,5414,ceil(utf8_bytes/4)_cpu_estimate,1,0,semi_structured,json_array,plain_insert,0,1,1,1
seed_000044,seed_000044,source_group_id,superhero,direct,Direct,D-FS-M,generation,baseline,direct,,c6a85a54c5d4fdfa62bcb38e5a3e8bb65fd297fd3835d2e035927b5a3b489277,10715,10715,2679,ceil(utf8_bytes/4)_cpu_estimate,1,0,semi_structured,json_array,plain_insert,0,1,1,1
seed_000044,seed_000044,source_group_id,superhero,j_fs,J-FS,J-FS-M,generation,baseline,j_fs,,09d6468ef2575434338691cd5a424c1b20582713beb9968be4d2b1729b0c9e25,10646,10646,2662,ceil(utf8_bytes/4)_cpu_estimate,1,0,semi_structured,json_array,plain_insert,0,1,1,1
seed_000044,seed_000044,source_group_id,superhero,original_mp_fs_plus,Original MP-FS+,MP-FS+,deterministic_reprocess,primary_comparison_baseline,mp_fs_plus_shared,mp_fs_plus_shared,aac7c5c2f0d8a7b818de5a435889f81bf548d8972c3923cb17808e22eecdfde0,13816,13816,3454,ceil(utf8_bytes/4)_cpu_estimate,1,0,semi_structured,json_array,plain_insert,0,1,1,1
seed_000044,seed_000044,source_group_id,superhero,d_g1_primary,MP-FS+ vNext D_G1,MP-FS+,deterministic_reprocess,primary,mp_fs_plus_shared,mp_fs_plus_shared,aac7c5c2f0d8a7b818de5a435889f81bf548d8972c3923cb17808e22eecdfde0,13816,13816,3454,ceil(utf8_bytes/4)_cpu_estimate,1,0,semi_structured,json_array,plain_insert,0,1,1,1
seed_000044,seed_000044,source_group_id,superhero,d_only_secondary,MP-FS+ vNext D_ONLY,MP-FS+,deterministic_reprocess,secondary_ablation,mp_fs_plus_shared,mp_fs_plus_shared,aac7c5c2f0d8a7b818de5a435889f81bf548d8972c3923cb17808e22eecdfde0,13816,13816,3454,ceil(utf8_bytes/4)_cpu_estimate,1,0,semi_structured,json_array,plain_insert,0,1,1,1
seed_000044,seed_000044,source_group_id,superhero,full_secondary,MP-FS+ vNext FULL,MP-FS+,deterministic_reprocess,secondary_ablation,mp_fs_plus_shared,mp_fs_plus_shared,aac7c5c2f0d8a7b818de5a435889f81bf548d8972c3923cb17808e22eecdfde0,13816,13816,3454,ceil(utf8_bytes/4)_cpu_estimate,1,0,semi_structured,json_array,plain_insert,0,1,1,1
seed_000044,seed_000044,source_group_id,superhero,no_c_secondary,MP-FS+ vNext NO_C,MP-FS+,deterministic_reprocess,secondary_ablation,mp_fs_plus_shared,mp_fs_plus_shared,aac7c5c2f0d8a7b818de5a435889f81bf548d8972c3923cb17808e22eecdfde0,13816,13816,3454,ceil(utf8_bytes/4)_cpu_estimate,1,0,semi_structured,json_array,plain_insert,0,1,1,1
aug_seed_000253_small_batch_subset_001,seed_000253,source_group_id,formula_1,direct,Direct,D-FS-M,generation,baseline,direct,,5efaf468e65c21e6705d886e811ef5505c993bd8af5b1d8c4ee9ebe19bad9519,18730,18730,4683,ceil(utf8_bytes/4)_cpu_estimate,1,0,semi_structured,key_value,insert_ignore,0,1,1,1
aug_seed_000253_small_batch_subset_001,seed_000253,source_group_id,formula_1,j_fs,J-FS,J-FS-M,generation,baseline,j_fs,,5ec64cc8934b9c3db6e5c406aab374b3a81cf077989e7d5a3875925425a5116a,18661,18661,4666,ceil(utf8_bytes/4)_cpu_estimate,1,0,semi_structured,key_value,insert_ignore,0,1,1,1
aug_seed_000253_small_batch_subset_001,seed_000253,source_group_id,formula_1,original_mp_fs_plus,Original MP-FS+,MP-FS+,deterministic_reprocess,primary_comparison_baseline,mp_fs_plus_shared,mp_fs_plus_shared,c6f5524be34c2501a1f18cc7ea80e2be487d610a39aa6cf3343c9a24e6c51220,7175,7175,1794,ceil(utf8_bytes/4)_cpu_estimate,1,0,semi_structured,key_value,insert_ignore,0,1,1,1
aug_seed_000253_small_batch_subset_001,seed_000253,source_group_id,formula_1,d_g1_primary,MP-FS+ vNext D_G1,MP-FS+,deterministic_reprocess,primary,mp_fs_plus_shared,mp_fs_plus_shared,c6f5524be34c2501a1f18cc7ea80e2be487d610a39aa6cf3343c9a24e6c51220,7175,7175,1794,ceil(utf8_bytes/4)_cpu_estimate,1,0,semi_structured,key_value,insert_ignore,0,1,1,1
aug_seed_000253_small_batch_subset_001,seed_000253,source_group_id,formula_1,d_only_secondary,MP-FS+ vNext D_ONLY,MP-FS+,deterministic_reprocess,secondary_ablation,mp_fs_plus_shared,mp_fs_plus_shared,c6f5524be34c2501a1f18cc7ea80e2be487d610a39aa6cf3343c9a24e6c51220,7175,7175,1794,ceil(utf8_bytes/4)_cpu_estimate,1,0,semi_structured,key_value,insert_ignore,0,1,1,1
aug_seed_000253_small_batch_subset_001,seed_000253,source_group_id,formula_1,full_secondary,MP-FS+ vNext FULL,MP-FS+,deterministic_reprocess,secondary_ablation,mp_fs_plus_shared,mp_fs_plus_shared,c6f5524be34c2501a1f18cc7ea80e2be487d610a39aa6cf3343c9a24e6c51220,7175,7175,1794,ceil(utf8_bytes/4)_cpu_estimate,1,0,semi_structured,key_value,insert_ignore,0,1,1,1
aug_seed_000253_small_batch_subset_001,seed_000253,source_group_id,formula_1,no_c_secondary,MP-FS+ vNext NO_C,MP-FS+,deterministic_reprocess,secondary_ablation,mp_fs_plus_shared,mp_fs_plus_shared,c6f5524be34c2501a1f18cc7ea80e2be487d610a39aa6cf3343c9a24e6c51220,7175,7175,1794,ceil(utf8_bytes/4)_cpu_estimate,1,0,semi_structured,key_value,insert_ignore,0,1,1,1
seed_000243,seed_000243,source_group_id,formula_1,direct,Direct,D-FS-M,generation,baseline,direct,,81ceba78d386a542b5b2900306cc4fb2c2d9b1b001835cb8ba21f4a8e63b24a2,20717,20731,5183,ceil(utf8_bytes/4)_cpu_estimate,1,0,semi_structured,markdown_table,insert_ignore,0,1,1,1
seed_000243,seed_000243,source_group_id,formula_1,j_fs,J-FS,J-FS-M,generation,baseline,j_fs,,43172578a1879221e331bd8aea41ea9f8973ab842d14ea3a1a2dda29fac17e01,20648,20662,5166,ceil(utf8_bytes/4)_cpu_estimate,1,0,semi_structured,markdown_table,insert_ignore,0,1,1,1
seed_000243,seed_000243,source_group_id,formula_1,original_mp_fs_plus,Original MP-FS+,MP-FS+,deterministic_reprocess,primary_comparison_baseline,mp_fs_plus_shared,mp_fs_plus_shared,3514778a1b57aacc7d8b402bf32ab2dfbdf8c141ccc494781dddad537b7d6cf5,9102,9102,2276,ceil(utf8_bytes/4)_cpu_estimate,1,0,semi_structured,markdown_table,insert_ignore,0,1,1,1
seed_000243,seed_000243,source_group_id,formula_1,d_g1_primary,MP-FS+ vNext D_G1,MP-FS+,deterministic_reprocess,primary,mp_fs_plus_shared,mp_fs_plus_shared,3514778a1b57aacc7d8b402bf32ab2dfbdf8c141ccc494781dddad537b7d6cf5,9102,9102,2276,ceil(utf8_bytes/4)_cpu_estimate,1,0,semi_structured,markdown_table,insert_ignore,0,1,1,1
seed_000243,seed_000243,source_group_id,formula_1,d_only_secondary,MP-FS+ vNext D_ONLY,MP-FS+,deterministic_reprocess,secondary_ablation,mp_fs_plus_shared,mp_fs_plus_shared,3514778a1b57aacc7d8b402bf32ab2dfbdf8c141ccc494781dddad537b7d6cf5,9102,9102,2276,ceil(utf8_bytes/4)_cpu_estimate,1,0,semi_structured,markdown_table,insert_ignore,0,1,1,1
seed_000243,seed_000243,source_group_id,formula_1,full_secondary,MP-FS+ vNext FULL,MP-FS+,deterministic_reprocess,secondary_ablation,mp_fs_plus_shared,mp_fs_plus_shared,3514778a1b57aacc7d8b402bf32ab2dfbdf8c141ccc494781dddad537b7d6cf5,9102,9102,2276,ceil(utf8_bytes/4)_cpu_estimate,1,0,semi_structured,markdown_table,insert_ignore,0,1,1,1
seed_000243,seed_000243,source_group_id,formula_1,no_c_secondary,MP-FS+ vNext NO_C,MP-FS+,deterministic_reprocess,secondary_ablation,mp_fs_plus_shared,mp_fs_plus_shared,3514778a1b57aacc7d8b402bf32ab2dfbdf8c141ccc494781dddad537b7d6cf5,9102,9102,2276,ceil(utf8_bytes/4)_cpu_estimate,1,0,semi_structured,markdown_table,insert_ignore,0,1,1,1
aug_seed_000211_single_row_subset_001,seed_000211,source_group_id,european_football_2,direct,Direct,D-FS-M,generation,baseline,direct,,cea5ba4d2b542b5036366916d501ad8e155cd97ac7d8c6c06d9fef519626ec82,30724,30724,7681,ceil(utf8_bytes/4)_cpu_estimate,1,0,free_text,free_text,insert_ignore,0,1,1,1
aug_seed_000211_single_row_subset_001,seed_000211,source_group_id,european_football_2,j_fs,J-FS,J-FS-M,generation,baseline,j_fs,,911c2d3f7dffdf76ee799660cfe97caf2bfd28f675b7880645682804d6115809,30634,30634,7659,ceil(utf8_bytes/4)_cpu_estimate,1,0,free_text,free_text,insert_ignore,0,1,1,1
aug_seed_000211_single_row_subset_001,seed_000211,source_group_id,european_football_2,original_mp_fs_plus,Original MP-FS+,MP-FS+,deterministic_reprocess,primary_comparison_baseline,mp_fs_plus_shared,mp_fs_plus_shared,ca7b52c2e7f5aa5e397ccaec8537ce866797466b535bc35f89712f31cc5b5c9f,34229,34229,8558,ceil(utf8_bytes/4)_cpu_estimate,1,0,free_text,free_text,insert_ignore,0,1,1,1
aug_seed_000211_single_row_subset_001,seed_000211,source_group_id,european_football_2,d_g1_primary,MP-FS+ vNext D_G1,MP-FS+,deterministic_reprocess,primary,mp_fs_plus_shared,mp_fs_plus_shared,ca7b52c2e7f5aa5e397ccaec8537ce866797466b535bc35f89712f31cc5b5c9f,34229,34229,8558,ceil(utf8_bytes/4)_cpu_estimate,1,0,free_text,free_text,insert_ignore,0,1,1,1
aug_seed_000211_single_row_subset_001,seed_000211,source_group_id,european_football_2,d_only_secondary,MP-FS+ vNext D_ONLY,MP-FS+,deterministic_reprocess,secondary_ablation,mp_fs_plus_shared,mp_fs_plus_shared,ca7b52c2e7f5aa5e397ccaec8537ce866797466b535bc35f89712f31cc5b5c9f,34229,34229,8558,ceil(utf8_bytes/4)_cpu_estimate,1,0,free_text,free_text,insert_ignore,0,1,1,1
aug_seed_000211_single_row_subset_001,seed_000211,source_group_id,european_football_2,full_secondary,MP-FS+ vNext FULL,MP-FS+,deterministic_reprocess,secondary_ablation,mp_fs_plus_shared,mp_fs_plus_shared,ca7b52c2e7f5aa5e397ccaec8537ce866797466b535bc35f89712f31cc5b5c9f,34229,34229,8558,ceil(utf8_bytes/4)_cpu_estimate,1,0,free_text,free_text,insert_ignore,0,1,1,1
aug_seed_000211_single_row_subset_001,seed_000211,source_group_id,european_football_2,no_c_secondary,MP-FS+ vNext NO_C,MP-FS+,deterministic_reprocess,secondary_ablation,mp_fs_plus_shared,mp_fs_plus_shared,ca7b52c2e7f5aa5e397ccaec8537ce866797466b535bc35f89712f31cc5b5c9f,34229,34229,8558,ceil(utf8_bytes/4)_cpu_estimate,1,0,free_text,free_text,insert_ignore,0,1,1,1
seed_000189,seed_000189,source_group_id,student_club,direct,Direct,D-FS-M,generation,baseline,direct,,55ea2f47cb69c1bad87eb6ace22d547fdee3ec499630b2294da6ed89e8d3c4d7,12497,12497,3125,ceil(utf8_bytes/4)_cpu_estimate,1,0,semi_structured,json_array,plain_insert,0,1,1,1
seed_000189,seed_000189,source_group_id,student_club,j_fs,J-FS,J-FS-M,generation,baseline,j_fs,,ba4740b0f2a97db66288540fec67d3241bbf589990eb19b75b107bb3844af6c1,12428,12428,3107,ceil(utf8_bytes/4)_cpu_estimate,1,0,semi_structured,json_array,plain_insert,0,1,1,1
seed_000189,seed_000189,source_group_id,student_club,original_mp_fs_plus,Original MP-FS+,MP-FS+,deterministic_reprocess,primary_comparison_baseline,mp_fs_plus_shared,mp_fs_plus_shared,71fe5d58a1ce39fa220c01d407ecab371987e7f48f750eced3c10234d4b01fe9,8310,8310,2078,ceil(utf8_bytes/4)_cpu_estimate,1,0,semi_structured,json_array,plain_insert,0,1,1,1
seed_000189,seed_000189,source_group_id,student_club,d_g1_primary,MP-FS+ vNext D_G1,MP-FS+,deterministic_reprocess,primary,mp_fs_plus_shared,mp_fs_plus_shared,71fe5d58a1ce39fa220c01d407ecab371987e7f48f750eced3c10234d4b01fe9,8310,8310,2078,ceil(utf8_bytes/4)_cpu_estimate,1,0,semi_structured,json_array,plain_insert,0,1,1,1
seed_000189,seed_000189,source_group_id,student_club,d_only_secondary,MP-FS+ vNext D_ONLY,MP-FS+,deterministic_reprocess,secondary_ablation,mp_fs_plus_shared,mp_fs_plus_shared,71fe5d58a1ce39fa220c01d407ecab371987e7f48f750eced3c10234d4b01fe9,8310,8310,2078,ceil(utf8_bytes/4)_cpu_estimate,1,0,semi_structured,json_array,plain_insert,0,1,1,1
seed_000189,seed_000189,source_group_id,student_club,full_secondary,MP-FS+ vNext FULL,MP-FS+,deterministic_reprocess,secondary_ablation,mp_fs_plus_shared,mp_fs_plus_shared,71fe5d58a1ce39fa220c01d407ecab371987e7f48f750eced3c10234d4b01fe9,8310,8310,2078,ceil(utf8_bytes/4)_cpu_estimate,1,0,semi_structured,json_array,plain_insert,0,1,1,1
seed_000189,seed_000189,source_group_id,student_club,no_c_secondary,MP-FS+ vNext NO_C,MP-FS+,deterministic_reprocess,secondary_ablation,mp_fs_plus_shared,mp_fs_plus_shared,71fe5d58a1ce39fa220c01d407ecab371987e7f48f750eced3c10234d4b01fe9,8310,8310,2078,ceil(utf8_bytes/4)_cpu_estimate,1,0,semi_structured,json_array,plain_insert,0,1,1,1
aug_seed_000253_single_row_subset_001,seed_000253,source_group_id,formula_1,direct,Direct,D-FS-M,generation,baseline,direct,,35be4f51a062c27143019a1c9fa51518bc266dee765c764bccd1b5caa1e099e9,17112,17112,4278,ceil(utf8_bytes/4)_cpu_estimate,1,0,free_text,free_text,insert_ignore,0,1,1,1
aug_seed_000253_single_row_subset_001,seed_000253,source_group_id,formula_1,j_fs,J-FS,J-FS-M,generation,baseline,j_fs,,4284518d9dcbf9c9da06b3a53389c09d0674fd324eea184a9858fe9cb63b7c9c,17022,17022,4256,ceil(utf8_bytes/4)_cpu_estimate,1,0,free_text,free_text,insert_ignore,0,1,1,1
aug_seed_000253_single_row_subset_001,seed_000253,source_group_id,formula_1,original_mp_fs_plus,Original MP-FS+,MP-FS+,deterministic_reprocess,primary_comparison_baseline,mp_fs_plus_shared,mp_fs_plus_shared,cedeee9bb36492d1560b7a84b4b86c217db1ab79537d8fbce808ce7c130ed0d0,20853,20853,5214,ceil(utf8_bytes/4)_cpu_estimate,1,0,free_text,free_text,insert_ignore,0,1,1,1
aug_seed_000253_single_row_subset_001,seed_000253,source_group_id,formula_1,d_g1_primary,MP-FS+ vNext D_G1,MP-FS+,deterministic_reprocess,primary,mp_fs_plus_shared,mp_fs_plus_shared,cedeee9bb36492d1560b7a84b4b86c217db1ab79537d8fbce808ce7c130ed0d0,20853,20853,5214,ceil(utf8_bytes/4)_cpu_estimate,1,0,free_text,free_text,insert_ignore,0,1,1,1
aug_seed_000253_single_row_subset_001,seed_000253,source_group_id,formula_1,d_only_secondary,MP-FS+ vNext D_ONLY,MP-FS+,deterministic_reprocess,secondary_ablation,mp_fs_plus_shared,mp_fs_plus_shared,cedeee9bb36492d1560b7a84b4b86c217db1ab79537d8fbce808ce7c130ed0d0,20853,20853,5214,ceil(utf8_bytes/4)_cpu_estimate,1,0,free_text,free_text,insert_ignore,0,1,1,1
aug_seed_000253_single_row_subset_001,seed_000253,source_group_id,formula_1,full_secondary,MP-FS+ vNext FULL,MP-FS+,deterministic_reprocess,secondary_ablation,mp_fs_plus_shared,mp_fs_plus_shared,cedeee9bb36492d1560b7a84b4b86c217db1ab79537d8fbce808ce7c130ed0d0,20853,20853,5214,ceil(utf8_bytes/4)_cpu_estimate,1,0,free_text,free_text,insert_ignore,0,1,1,1
aug_seed_000253_single_row_subset_001,seed_000253,source_group_id,formula_1,no_c_secondary,MP-FS+ vNext NO_C,MP-FS+,deterministic_reprocess,secondary_ablation,mp_fs_plus_shared,mp_fs_plus_shared,cedeee9bb36492d1560b7a84b4b86c217db1ab79537d8fbce808ce7c130ed0d0,20853,20853,5214,ceil(utf8_bytes/4)_cpu_estimate,1,0,free_text,free_text,insert_ignore,0,1,1,1
aug_seed_000255_single_row_subset_001,seed_000255,source_group_id,financial,direct,Direct,D-FS-M,generation,baseline,direct,,c235150b73fab02fcfaeb7b582b3407a1c857bca9a19905a286b27f7cfe43eeb,9848,9848,2462,ceil(utf8_bytes/4)_cpu_estimate,1,0,free_text,free_text,insert_ignore,0,1,1,1
aug_seed_000255_single_row_subset_001,seed_000255,source_group_id,financial,j_fs,J-FS,J-FS-M,generation,baseline,j_fs,,316886797a95ddea409d40100ed1432bd37e850b7cdf7e22ff8c10956896636f,9758,9758,2440,ceil(utf8_bytes/4)_cpu_estimate,1,0,free_text,free_text,insert_ignore,0,1,1,1
aug_seed_000255_single_row_subset_001,seed_000255,source_group_id,financial,original_mp_fs_plus,Original MP-FS+,MP-FS+,deterministic_reprocess,primary_comparison_baseline,mp_fs_plus_shared,mp_fs_plus_shared,4f5c116344cbd97c4b2d22c29edf0df32396a3a874072160ac112b6d0c913d18,14832,14832,3708,ceil(utf8_bytes/4)_cpu_estimate,1,0,free_text,free_text,insert_ignore,0,1,1,1
aug_seed_000255_single_row_subset_001,seed_000255,source_group_id,financial,d_g1_primary,MP-FS+ vNext D_G1,MP-FS+,deterministic_reprocess,primary,mp_fs_plus_shared,mp_fs_plus_shared,4f5c116344cbd97c4b2d22c29edf0df32396a3a874072160ac112b6d0c913d18,14832,14832,3708,ceil(utf8_bytes/4)_cpu_estimate,1,0,free_text,free_text,insert_ignore,0,1,1,1
aug_seed_000255_single_row_subset_001,seed_000255,source_group_id,financial,d_only_secondary,MP-FS+ vNext D_ONLY,MP-FS+,deterministic_reprocess,secondary_ablation,mp_fs_plus_shared,mp_fs_plus_shared,4f5c116344cbd97c4b2d22c29edf0df32396a3a874072160ac112b6d0c913d18,14832,14832,3708,ceil(utf8_bytes/4)_cpu_estimate,1,0,free_text,free_text,insert_ignore,0,1,1,1
aug_seed_000255_single_row_subset_001,seed_000255,source_group_id,financial,full_secondary,MP-FS+ vNext FULL,MP-FS+,deterministic_reprocess,secondary_ablation,mp_fs_plus_shared,mp_fs_plus_shared,4f5c116344cbd97c4b2d22c29edf0df32396a3a874072160ac112b6d0c913d18,14832,14832,3708,ceil(utf8_bytes/4)_cpu_estimate,1,0,free_text,free_text,insert_ignore,0,1,1,1
aug_seed_000255_single_row_subset_001,seed_000255,source_group_id,financial,no_c_secondary,MP-FS+ vNext NO_C,MP-FS+,deterministic_reprocess,secondary_ablation,mp_fs_plus_shared,mp_fs_plus_shared,4f5c116344cbd97c4b2d22c29edf0df32396a3a874072160ac112b6d0c913d18,14832,14832,3708,ceil(utf8_bytes/4)_cpu_estimate,1,0,free_text,free_text,insert_ignore,0,1,1,1
seed_000095,seed_000095,source_group_id,superhero,direct,Direct,D-FS-M,generation,baseline,direct,,8f7ec2ccc5882f8da9b4ec017d582775e3c4723abd0aeccef064b719359a99bd,10692,10692,2673,ceil(utf8_bytes/4)_cpu_estimate,1,0,semi_structured,json_array,plain_insert,0,1,1,1
seed_000095,seed_000095,source_group_id,superhero,j_fs,J-FS,J-FS-M,generation,baseline,j_fs,,710da388df60952a98a8cd6f0f850ff8f4785ac36db33ab35330fc7eaf7395c8,10623,10623,2656,ceil(utf8_bytes/4)_cpu_estimate,1,0,semi_structured,json_array,plain_insert,0,1,1,1
seed_000095,seed_000095,source_group_id,superhero,original_mp_fs_plus,Original MP-FS+,MP-FS+,deterministic_reprocess,primary_comparison_baseline,mp_fs_plus_shared,mp_fs_plus_shared,bdce7dc0a49a3447f5c148ea26a58ae0ae7ddc3c9ae4bc9d7e610f922c63270f,12965,12965,3242,ceil(utf8_bytes/4)_cpu_estimate,1,0,semi_structured,json_array,plain_insert,0,1,1,1
seed_000095,seed_000095,source_group_id,superhero,d_g1_primary,MP-FS+ vNext D_G1,MP-FS+,deterministic_reprocess,primary,mp_fs_plus_shared,mp_fs_plus_shared,bdce7dc0a49a3447f5c148ea26a58ae0ae7ddc3c9ae4bc9d7e610f922c63270f,12965,12965,3242,ceil(utf8_bytes/4)_cpu_estimate,1,0,semi_structured,json_array,plain_insert,0,1,1,1
seed_000095,seed_000095,source_group_id,superhero,d_only_secondary,MP-FS+ vNext D_ONLY,MP-FS+,deterministic_reprocess,secondary_ablation,mp_fs_plus_shared,mp_fs_plus_shared,bdce7dc0a49a3447f5c148ea26a58ae0ae7ddc3c9ae4bc9d7e610f922c63270f,12965,12965,3242,ceil(utf8_bytes/4)_cpu_estimate,1,0,semi_structured,json_array,plain_insert,0,1,1,1
seed_000095,seed_000095,source_group_id,superhero,full_secondary,MP-FS+ vNext FULL,MP-FS+,deterministic_reprocess,secondary_ablation,mp_fs_plus_shared,mp_fs_plus_shared,bdce7dc0a49a3447f5c148ea26a58ae0ae7ddc3c9ae4bc9d7e610f922c63270f,12965,12965,3242,ceil(utf8_bytes/4)_cpu_estimate,1,0,semi_structured,json_array,plain_insert,0,1,1,1
seed_000095,seed_000095,source_group_id,superhero,no_c_secondary,MP-FS+ vNext NO_C,MP-FS+,deterministic_reprocess,secondary_ablation,mp_fs_plus_shared,mp_fs_plus_shared,bdce7dc0a49a3447f5c148ea26a58ae0ae7ddc3c9ae4bc9d7e610f922c63270f,12965,12965,3242,ceil(utf8_bytes/4)_cpu_estimate,1,0,semi_structured,json_array,plain_insert,0,1,1,1
aug_seed_000031_single_row_subset_001,seed_000031,source_group_id,student_club,direct,Direct,D-FS-M,generation,baseline,direct,,cdbc93247f5006cc6fbafc550e88468bf6cc4d41f1de045f187c6144217a4380,9364,9364,2341,ceil(utf8_bytes/4)_cpu_estimate,1,0,free_text,free_text,insert_ignore,0,1,1,1
aug_seed_000031_single_row_subset_001,seed_000031,source_group_id,student_club,j_fs,J-FS,J-FS-M,generation,baseline,j_fs,,17374f8751809c00142e902188237acd26c3f84a3fa19153e0842abc95675a13,9274,9274,2319,ceil(utf8_bytes/4)_cpu_estimate,1,0,free_text,free_text,insert_ignore,0,1,1,1
aug_seed_000031_single_row_subset_001,seed_000031,source_group_id,student_club,original_mp_fs_plus,Original MP-FS+,MP-FS+,deterministic_reprocess,primary_comparison_baseline,mp_fs_plus_shared,mp_fs_plus_shared,b8506ac2f27c0256206e87f9ad8a93e04aeb82e7ae027f740fadb6915b66534a,15824,15824,3956,ceil(utf8_bytes/4)_cpu_estimate,1,0,free_text,free_text,insert_ignore,0,1,1,1
aug_seed_000031_single_row_subset_001,seed_000031,source_group_id,student_club,d_g1_primary,MP-FS+ vNext D_G1,MP-FS+,deterministic_reprocess,primary,mp_fs_plus_shared,mp_fs_plus_shared,b8506ac2f27c0256206e87f9ad8a93e04aeb82e7ae027f740fadb6915b66534a,15824,15824,3956,ceil(utf8_bytes/4)_cpu_estimate,1,0,free_text,free_text,insert_ignore,0,1,1,1
aug_seed_000031_single_row_subset_001,seed_000031,source_group_id,student_club,d_only_secondary,MP-FS+ vNext D_ONLY,MP-FS+,deterministic_reprocess,secondary_ablation,mp_fs_plus_shared,mp_fs_plus_shared,b8506ac2f27c0256206e87f9ad8a93e04aeb82e7ae027f740fadb6915b66534a,15824,15824,3956,ceil(utf8_bytes/4)_cpu_estimate,1,0,free_text,free_text,insert_ignore,0,1,1,1
aug_seed_000031_single_row_subset_001,seed_000031,source_group_id,student_club,full_secondary,MP-FS+ vNext FULL,MP-FS+,deterministic_reprocess,secondary_ablation,mp_fs_plus_shared,mp_fs_plus_shared,b8506ac2f27c0256206e87f9ad8a93e04aeb82e7ae027f740fadb6915b66534a,15824,15824,3956,ceil(utf8_bytes/4)_cpu_estimate,1,0,free_text,free_text,insert_ignore,0,1,1,1
aug_seed_000031_single_row_subset_001,seed_000031,source_group_id,student_club,no_c_secondary,MP-FS+ vNext NO_C,MP-FS+,deterministic_reprocess,secondary_ablation,mp_fs_plus_shared,mp_fs_plus_shared,b8506ac2f27c0256206e87f9ad8a93e04aeb82e7ae027f740fadb6915b66534a,15824,15824,3956,ceil(utf8_bytes/4)_cpu_estimate,1,0,free_text,free_text,insert_ignore,0,1,1,1
seed_000192,seed_000192,source_group_id,financial,direct,Direct,D-FS-M,generation,baseline,direct,,c305141de515d044a3fc1d983f82ff9695dc460e91a6d89891dcc16ab44eff68,11677,11677,2920,ceil(utf8_bytes/4)_cpu_estimate,1,0,semi_structured,json_array,plain_insert,0,1,1,1
seed_000192,seed_000192,source_group_id,financial,j_fs,J-FS,J-FS-M,generation,baseline,j_fs,,040e6a62c4a25ebf2332445d14842f992698199f7a2f3a8c0a4104b52a9040b8,11608,11608,2902,ceil(utf8_bytes/4)_cpu_estimate,1,0,semi_structured,json_array,plain_insert,0,1,1,1
seed_000192,seed_000192,source_group_id,financial,original_mp_fs_plus,Original MP-FS+,MP-FS+,deterministic_reprocess,primary_comparison_baseline,mp_fs_plus_shared,mp_fs_plus_shared,f9668449a3398dd5b28b7334ab0d83886d303c0238ee9496d735ae69c8bbee48,14787,14787,3697,ceil(utf8_bytes/4)_cpu_estimate,1,0,semi_structured,json_array,plain_insert,0,1,1,1
seed_000192,seed_000192,source_group_id,financial,d_g1_primary,MP-FS+ vNext D_G1,MP-FS+,deterministic_reprocess,primary,mp_fs_plus_shared,mp_fs_plus_shared,f9668449a3398dd5b28b7334ab0d83886d303c0238ee9496d735ae69c8bbee48,14787,14787,3697,ceil(utf8_bytes/4)_cpu_estimate,1,0,semi_structured,json_array,plain_insert,0,1,1,1
seed_000192,seed_000192,source_group_id,financial,d_only_secondary,MP-FS+ vNext D_ONLY,MP-FS+,deterministic_reprocess,secondary_ablation,mp_fs_plus_shared,mp_fs_plus_shared,f9668449a3398dd5b28b7334ab0d83886d303c0238ee9496d735ae69c8bbee48,14787,14787,3697,ceil(utf8_bytes/4)_cpu_estimate,1,0,semi_structured,json_array,plain_insert,0,1,1,1
seed_000192,seed_000192,source_group_id,financial,full_secondary,MP-FS+ vNext FULL,MP-FS+,deterministic_reprocess,secondary_ablation,mp_fs_plus_shared,mp_fs_plus_shared,f9668449a3398dd5b28b7334ab0d83886d303c0238ee9496d735ae69c8bbee48,14787,14787,3697,ceil(utf8_bytes/4)_cpu_estimate,1,0,semi_structured,json_array,plain_insert,0,1,1,1
seed_000192,seed_000192,source_group_id,financial,no_c_secondary,MP-FS+ vNext NO_C,MP-FS+,deterministic_reprocess,secondary_ablation,mp_fs_plus_shared,mp_fs_plus_shared,f9668449a3398dd5b28b7334ab0d83886d303c0238ee9496d735ae69c8bbee48,14787,14787,3697,ceil(utf8_bytes/4)_cpu_estimate,1,0,semi_structured,json_array,plain_insert,0,1,1,1
aug_seed_000241_single_row_subset_001,seed_000241,source_group_id,european_football_2,direct,Direct,D-FS-M,generation,baseline,direct,,bbd9aa99c966f2e47b87e3a19994ef39f210286f3d732fc0a8be8156de3b3350,30755,30755,7689,ceil(utf8_bytes/4)_cpu_estimate,1,0,free_text,free_text,insert_ignore,0,1,1,1
aug_seed_000241_single_row_subset_001,seed_000241,source_group_id,european_football_2,j_fs,J-FS,J-FS-M,generation,baseline,j_fs,,7100a6d5a5d813ec2f0817c5162c2bbafc8468db1009f672db1d0dee116db264,30665,30665,7667,ceil(utf8_bytes/4)_cpu_estimate,1,0,free_text,free_text,insert_ignore,0,1,1,1
aug_seed_000241_single_row_subset_001,seed_000241,source_group_id,european_football_2,original_mp_fs_plus,Original MP-FS+,MP-FS+,deterministic_reprocess,primary_comparison_baseline,mp_fs_plus_shared,mp_fs_plus_shared,baae1fddfd0d5bab171153f46c71307c7fd1061de378cd65afb1d24ad3b92576,36081,36081,9021,ceil(utf8_bytes/4)_cpu_estimate,1,0,free_text,free_text,insert_ignore,0,1,1,1
aug_seed_000241_single_row_subset_001,seed_000241,source_group_id,european_football_2,d_g1_primary,MP-FS+ vNext D_G1,MP-FS+,deterministic_reprocess,primary,mp_fs_plus_shared,mp_fs_plus_shared,baae1fddfd0d5bab171153f46c71307c7fd1061de378cd65afb1d24ad3b92576,36081,36081,9021,ceil(utf8_bytes/4)_cpu_estimate,1,0,free_text,free_text,insert_ignore,0,1,1,1
aug_seed_000241_single_row_subset_001,seed_000241,source_group_id,european_football_2,d_only_secondary,MP-FS+ vNext D_ONLY,MP-FS+,deterministic_reprocess,secondary_ablation,mp_fs_plus_shared,mp_fs_plus_shared,baae1fddfd0d5bab171153f46c71307c7fd1061de378cd65afb1d24ad3b92576,36081,36081,9021,ceil(utf8_bytes/4)_cpu_estimate,1,0,free_text,free_text,insert_ignore,0,1,1,1
aug_seed_000241_single_row_subset_001,seed_000241,source_group_id,european_football_2,full_secondary,MP-FS+ vNext FULL,MP-FS+,deterministic_reprocess,secondary_ablation,mp_fs_plus_shared,mp_fs_plus_shared,baae1fddfd0d5bab171153f46c71307c7fd1061de378cd65afb1d24ad3b92576,36081,36081,9021,ceil(utf8_bytes/4)_cpu_estimate,1,0,free_text,free_text,insert_ignore,0,1,1,1
aug_seed_000241_single_row_subset_001,seed_000241,source_group_id,european_football_2,no_c_secondary,MP-FS+ vNext NO_C,MP-FS+,deterministic_reprocess,secondary_ablation,mp_fs_plus_shared,mp_fs_plus_shared,baae1fddfd0d5bab171153f46c71307c7fd1061de378cd65afb1d24ad3b92576,36081,36081,9021,ceil(utf8_bytes/4)_cpu_estimate,1,0,free_text,free_text,insert_ignore,0,1,1,1
aug_seed_000353_single_row_subset_001,seed_000353,source_group_id,student_club,direct,Direct,D-FS-M,generation,baseline,direct,,e573fe82825bb98f534b3cd84d25e30e3e7939eb9faf0a577f49fe86923716ac,9245,9245,2312,ceil(utf8_bytes/4)_cpu_estimate,1,0,free_text,free_text,insert_ignore,0,1,1,1
aug_seed_000353_single_row_subset_001,seed_000353,source_group_id,student_club,j_fs,J-FS,J-FS-M,generation,baseline,j_fs,,8f48c0d9c3e79551931138efd79c9055954f1f98468b55395f2d8f2782a77695,9155,9155,2289,ceil(utf8_bytes/4)_cpu_estimate,1,0,free_text,free_text,insert_ignore,0,1,1,1
aug_seed_000353_single_row_subset_001,seed_000353,source_group_id,student_club,original_mp_fs_plus,Original MP-FS+,MP-FS+,deterministic_reprocess,primary_comparison_baseline,mp_fs_plus_shared,mp_fs_plus_shared,7501142d19ce9b1397be06ebdc660e8e51e41905b8f9b8d7bd5765ef6d1c68c6,14418,14418,3605,ceil(utf8_bytes/4)_cpu_estimate,1,0,free_text,free_text,insert_ignore,0,1,1,1
aug_seed_000353_single_row_subset_001,seed_000353,source_group_id,student_club,d_g1_primary,MP-FS+ vNext D_G1,MP-FS+,deterministic_reprocess,primary,mp_fs_plus_shared,mp_fs_plus_shared,7501142d19ce9b1397be06ebdc660e8e51e41905b8f9b8d7bd5765ef6d1c68c6,14418,14418,3605,ceil(utf8_bytes/4)_cpu_estimate,1,0,free_text,free_text,insert_ignore,0,1,1,1
aug_seed_000353_single_row_subset_001,seed_000353,source_group_id,student_club,d_only_secondary,MP-FS+ vNext D_ONLY,MP-FS+,deterministic_reprocess,secondary_ablation,mp_fs_plus_shared,mp_fs_plus_shared,7501142d19ce9b1397be06ebdc660e8e51e41905b8f9b8d7bd5765ef6d1c68c6,14418,14418,3605,ceil(utf8_bytes/4)_cpu_estimate,1,0,free_text,free_text,insert_ignore,0,1,1,1
aug_seed_000353_single_row_subset_001,seed_000353,source_group_id,student_club,full_secondary,MP-FS+ vNext FULL,MP-FS+,deterministic_reprocess,secondary_ablation,mp_fs_plus_shared,mp_fs_plus_shared,7501142d19ce9b1397be06ebdc660e8e51e41905b8f9b8d7bd5765ef6d1c68c6,14418,14418,3605,ceil(utf8_bytes/4)_cpu_estimate,1,0,free_text,free_text,insert_ignore,0,1,1,1
aug_seed_000353_single_row_subset_001,seed_000353,source_group_id,student_club,no_c_secondary,MP-FS+ vNext NO_C,MP-FS+,deterministic_reprocess,secondary_ablation,mp_fs_plus_shared,mp_fs_plus_shared,7501142d19ce9b1397be06ebdc660e8e51e41905b8f9b8d7bd5765ef6d1c68c6,14418,14418,3605,ceil(utf8_bytes/4)_cpu_estimate,1,0,free_text,free_text,insert_ignore,0,1,1,1
aug_seed_000013_single_row_subset_001,seed_000013,source_group_id,european_football_2,direct,Direct,D-FS-M,generation,baseline,direct,,765545687f53fb45c4c6063c9ca368e320d12435a3fe7f58358ac34e20fa242a,30787,30787,7697,ceil(utf8_bytes/4)_cpu_estimate,1,0,free_text,free_text,insert_ignore,0,1,1,1
aug_seed_000013_single_row_subset_001,seed_000013,source_group_id,european_football_2,j_fs,J-FS,J-FS-M,generation,baseline,j_fs,,1214fea648007d7a90060328f9a83f5a562162318348dc122c3f6667dfeae605,30697,30697,7675,ceil(utf8_bytes/4)_cpu_estimate,1,0,free_text,free_text,insert_ignore,0,1,1,1
aug_seed_000013_single_row_subset_001,seed_000013,source_group_id,european_football_2,original_mp_fs_plus,Original MP-FS+,MP-FS+,deterministic_reprocess,primary_comparison_baseline,mp_fs_plus_shared,mp_fs_plus_shared,992aef8a3442606ff2c82ffe4ecc0ae94df20f8da3482e6cbdfb9ea7104640d2,34795,34795,8699,ceil(utf8_bytes/4)_cpu_estimate,1,0,free_text,free_text,insert_ignore,0,1,1,1
aug_seed_000013_single_row_subset_001,seed_000013,source_group_id,european_football_2,d_g1_primary,MP-FS+ vNext D_G1,MP-FS+,deterministic_reprocess,primary,mp_fs_plus_shared,mp_fs_plus_shared,992aef8a3442606ff2c82ffe4ecc0ae94df20f8da3482e6cbdfb9ea7104640d2,34795,34795,8699,ceil(utf8_bytes/4)_cpu_estimate,1,0,free_text,free_text,insert_ignore,0,1,1,1
aug_seed_000013_single_row_subset_001,seed_000013,source_group_id,european_football_2,d_only_secondary,MP-FS+ vNext D_ONLY,MP-FS+,deterministic_reprocess,secondary_ablation,mp_fs_plus_shared,mp_fs_plus_shared,992aef8a3442606ff2c82ffe4ecc0ae94df20f8da3482e6cbdfb9ea7104640d2,34795,34795,8699,ceil(utf8_bytes/4)_cpu_estimate,1,0,free_text,free_text,insert_ignore,0,1,1,1
aug_seed_000013_single_row_subset_001,seed_000013,source_group_id,european_football_2,full_secondary,MP-FS+ vNext FULL,MP-FS+,deterministic_reprocess,secondary_ablation,mp_fs_plus_shared,mp_fs_plus_shared,992aef8a3442606ff2c82ffe4ecc0ae94df20f8da3482e6cbdfb9ea7104640d2,34795,34795,8699,ceil(utf8_bytes/4)_cpu_estimate,1,0,free_text,free_text,insert_ignore,0,1,1,1
aug_seed_000013_single_row_subset_001,seed_000013,source_group_id,european_football_2,no_c_secondary,MP-FS+ vNext NO_C,MP-FS+,deterministic_reprocess,secondary_ablation,mp_fs_plus_shared,mp_fs_plus_shared,992aef8a3442606ff2c82ffe4ecc0ae94df20f8da3482e6cbdfb9ea7104640d2,34795,34795,8699,ceil(utf8_bytes/4)_cpu_estimate,1,0,free_text,free_text,insert_ignore,0,1,1,1
aug_seed_000316_small_batch_subset_001,seed_000316,source_group_id,student_club,direct,Direct,D-FS-M,generation,baseline,direct,,a7e0a7a65ed8f07469105241741dd028972238639c890849935d60027912489f,10756,10756,2689,ceil(utf8_bytes/4)_cpu_estimate,1,0,semi_structured,key_value,insert_ignore,0,1,1,1
aug_seed_000316_small_batch_subset_001,seed_000316,source_group_id,student_club,j_fs,J-FS,J-FS-M,generation,baseline,j_fs,,3921468c700b31627bd6768dab1931413a180d2d08ebd48da7a0ae04088cc193,10687,10687,2672,ceil(utf8_bytes/4)_cpu_estimate,1,0,semi_structured,key_value,insert_ignore,0,1,1,1
aug_seed_000316_small_batch_subset_001,seed_000316,source_group_id,student_club,original_mp_fs_plus,Original MP-FS+,MP-FS+,deterministic_reprocess,primary_comparison_baseline,mp_fs_plus_shared,mp_fs_plus_shared,341cd4b8fa69dd5dbd64abf36f24e089354cf745bc62fb5f6aebba951167cdc4,7020,7020,1755,ceil(utf8_bytes/4)_cpu_estimate,1,0,semi_structured,key_value,insert_ignore,0,1,1,1
aug_seed_000316_small_batch_subset_001,seed_000316,source_group_id,student_club,d_g1_primary,MP-FS+ vNext D_G1,MP-FS+,deterministic_reprocess,primary,mp_fs_plus_shared,mp_fs_plus_shared,341cd4b8fa69dd5dbd64abf36f24e089354cf745bc62fb5f6aebba951167cdc4,7020,7020,1755,ceil(utf8_bytes/4)_cpu_estimate,1,0,semi_structured,key_value,insert_ignore,0,1,1,1
aug_seed_000316_small_batch_subset_001,seed_000316,source_group_id,student_club,d_only_secondary,MP-FS+ vNext D_ONLY,MP-FS+,deterministic_reprocess,secondary_ablation,mp_fs_plus_shared,mp_fs_plus_shared,341cd4b8fa69dd5dbd64abf36f24e089354cf745bc62fb5f6aebba951167cdc4,7020,7020,1755,ceil(utf8_bytes/4)_cpu_estimate,1,0,semi_structured,key_value,insert_ignore,0,1,1,1
aug_seed_000316_small_batch_subset_001,seed_000316,source_group_id,student_club,full_secondary,MP-FS+ vNext FULL,MP-FS+,deterministic_reprocess,secondary_ablation,mp_fs_plus_shared,mp_fs_plus_shared,341cd4b8fa69dd5dbd64abf36f24e089354cf745bc62fb5f6aebba951167cdc4,7020,7020,1755,ceil(utf8_bytes/4)_cpu_estimate,1,0,semi_structured,key_value,insert_ignore,0,1,1,1
aug_seed_000316_small_batch_subset_001,seed_000316,source_group_id,student_club,no_c_secondary,MP-FS+ vNext NO_C,MP-FS+,deterministic_reprocess,secondary_ablation,mp_fs_plus_shared,mp_fs_plus_shared,341cd4b8fa69dd5dbd64abf36f24e089354cf745bc62fb5f6aebba951167cdc4,7020,7020,1755,ceil(utf8_bytes/4)_cpu_estimate,1,0,semi_structured,key_value,insert_ignore,0,1,1,1
aug_seed_000338_relational_format_variant_001,seed_000338,source_group_id,financial,direct,Direct,D-FS-M,generation,baseline,direct,,e290de0716f4a84b1b1e0a01f34203345d4a06ed6cf5c50eb5cf5270a2b774c6,10517,10517,2630,ceil(utf8_bytes/4)_cpu_estimate,1,0,free_text,free_text,plain_insert,1,1,1,1
aug_seed_000338_relational_format_variant_001,seed_000338,source_group_id,financial,j_fs,J-FS,J-FS-M,generation,baseline,j_fs,,d3c6264f5280a7912ec5a7208665cc978911d83a8bcb9f2639ea1d0fb50f1ff0,10427,10427,2607,ceil(utf8_bytes/4)_cpu_estimate,1,0,free_text,free_text,plain_insert,1,1,1,1
aug_seed_000338_relational_format_variant_001,seed_000338,source_group_id,financial,original_mp_fs_plus,Original MP-FS+,MP-FS+,deterministic_reprocess,primary_comparison_baseline,mp_fs_plus_shared,mp_fs_plus_shared,4b650cf97684af7f4f2fa8b24c61d4b274b81781dcbf2a9d63c848dc536038b7,26903,26903,6726,ceil(utf8_bytes/4)_cpu_estimate,1,0,free_text,free_text,plain_insert,1,1,1,1
aug_seed_000338_relational_format_variant_001,seed_000338,source_group_id,financial,d_g1_primary,MP-FS+ vNext D_G1,MP-FS+,deterministic_reprocess,primary,mp_fs_plus_shared,mp_fs_plus_shared,4b650cf97684af7f4f2fa8b24c61d4b274b81781dcbf2a9d63c848dc536038b7,26903,26903,6726,ceil(utf8_bytes/4)_cpu_estimate,1,0,free_text,free_text,plain_insert,1,1,1,1
aug_seed_000338_relational_format_variant_001,seed_000338,source_group_id,financial,d_only_secondary,MP-FS+ vNext D_ONLY,MP-FS+,deterministic_reprocess,secondary_ablation,mp_fs_plus_shared,mp_fs_plus_shared,4b650cf97684af7f4f2fa8b24c61d4b274b81781dcbf2a9d63c848dc536038b7,26903,26903,6726,ceil(utf8_bytes/4)_cpu_estimate,1,0,free_text,free_text,plain_insert,1,1,1,1
aug_seed_000338_relational_format_variant_001,seed_000338,source_group_id,financial,full_secondary,MP-FS+ vNext FULL,MP-FS+,deterministic_reprocess,secondary_ablation,mp_fs_plus_shared,mp_fs_plus_shared,4b650cf97684af7f4f2fa8b24c61d4b274b81781dcbf2a9d63c848dc536038b7,26903,26903,6726,ceil(utf8_bytes/4)_cpu_estimate,1,0,free_text,free_text,plain_insert,1,1,1,1
aug_seed_000338_relational_format_variant_001,seed_000338,source_group_id,financial,no_c_secondary,MP-FS+ vNext NO_C,MP-FS+,deterministic_reprocess,secondary_ablation,mp_fs_plus_shared,mp_fs_plus_shared,4b650cf97684af7f4f2fa8b24c61d4b274b81781dcbf2a9d63c848dc536038b7,26903,26903,6726,ceil(utf8_bytes/4)_cpu_estimate,1,0,free_text,free_text,plain_insert,1,1,1,1
aug_seed_000199_small_batch_subset_001,seed_000199,source_group_id,superhero,direct,Direct,D-FS-M,generation,baseline,direct,,6919ea4f8b3dc81bad5bc79dcea25cf461da629a52fe442ef4aef60f81d7fd5a,9197,9197,2300,ceil(utf8_bytes/4)_cpu_estimate,1,0,semi_structured,key_value,insert_ignore,0,1,1,1
aug_seed_000199_small_batch_subset_001,seed_000199,source_group_id,superhero,j_fs,J-FS,J-FS-M,generation,baseline,j_fs,,2d7291a7975bd29dc87582abd13862b3d7326c9c74e2df8693e4e3d65d0c9485,9128,9128,2282,ceil(utf8_bytes/4)_cpu_estimate,1,0,semi_structured,key_value,insert_ignore,0,1,1,1
aug_seed_000199_small_batch_subset_001,seed_000199,source_group_id,superhero,original_mp_fs_plus,Original MP-FS+,MP-FS+,deterministic_reprocess,primary_comparison_baseline,mp_fs_plus_shared,mp_fs_plus_shared,768446709d31a15a04c0bd9c458f662f1141299c854c3c64909e12298b45ed90,8593,8593,2149,ceil(utf8_bytes/4)_cpu_estimate,1,0,semi_structured,key_value,insert_ignore,0,1,1,1
aug_seed_000199_small_batch_subset_001,seed_000199,source_group_id,superhero,d_g1_primary,MP-FS+ vNext D_G1,MP-FS+,deterministic_reprocess,primary,mp_fs_plus_shared,mp_fs_plus_shared,768446709d31a15a04c0bd9c458f662f1141299c854c3c64909e12298b45ed90,8593,8593,2149,ceil(utf8_bytes/4)_cpu_estimate,1,0,semi_structured,key_value,insert_ignore,0,1,1,1
aug_seed_000199_small_batch_subset_001,seed_000199,source_group_id,superhero,d_only_secondary,MP-FS+ vNext D_ONLY,MP-FS+,deterministic_reprocess,secondary_ablation,mp_fs_plus_shared,mp_fs_plus_shared,768446709d31a15a04c0bd9c458f662f1141299c854c3c64909e12298b45ed90,8593,8593,2149,ceil(utf8_bytes/4)_cpu_estimate,1,0,semi_structured,key_value,insert_ignore,0,1,1,1
aug_seed_000199_small_batch_subset_001,seed_000199,source_group_id,superhero,full_secondary,MP-FS+ vNext FULL,MP-FS+,deterministic_reprocess,secondary_ablation,mp_fs_plus_shared,mp_fs_plus_shared,768446709d31a15a04c0bd9c458f662f1141299c854c3c64909e12298b45ed90,8593,8593,2149,ceil(utf8_bytes/4)_cpu_estimate,1,0,semi_structured,key_value,insert_ignore,0,1,1,1
aug_seed_000199_small_batch_subset_001,seed_000199,source_group_id,superhero,no_c_secondary,MP-FS+ vNext NO_C,MP-FS+,deterministic_reprocess,secondary_ablation,mp_fs_plus_shared,mp_fs_plus_shared,768446709d31a15a04c0bd9c458f662f1141299c854c3c64909e12298b45ed90,8593,8593,2149,ceil(utf8_bytes/4)_cpu_estimate,1,0,semi_structured,key_value,insert_ignore,0,1,1,1
aug_seed_000285_single_row_subset_001,seed_000285,source_group_id,student_club,direct,Direct,D-FS-M,generation,baseline,direct,,9b4004985077abb9d18a0d61b0f24cec54441f727d391b2301d4295caabe7b37,9240,9240,2310,ceil(utf8_bytes/4)_cpu_estimate,1,0,free_text,free_text,insert_ignore,0,1,1,1
aug_seed_000285_single_row_subset_001,seed_000285,source_group_id,student_club,j_fs,J-FS,J-FS-M,generation,baseline,j_fs,,aa1d1a716b85a517e4d366f97e8e063c1c5b7487989cc13cb6a0ef82ce3dced7,9150,9150,2288,ceil(utf8_bytes/4)_cpu_estimate,1,0,free_text,free_text,insert_ignore,0,1,1,1
aug_seed_000285_single_row_subset_001,seed_000285,source_group_id,student_club,original_mp_fs_plus,Original MP-FS+,MP-FS+,deterministic_reprocess,primary_comparison_baseline,mp_fs_plus_shared,mp_fs_plus_shared,e69a02285240c0495ec822f2bff53adfeab82e68d06846863c0f63e247a1e854,14721,14721,3681,ceil(utf8_bytes/4)_cpu_estimate,1,0,free_text,free_text,insert_ignore,0,1,1,1
aug_seed_000285_single_row_subset_001,seed_000285,source_group_id,student_club,d_g1_primary,MP-FS+ vNext D_G1,MP-FS+,deterministic_reprocess,primary,mp_fs_plus_shared,mp_fs_plus_shared,e69a02285240c0495ec822f2bff53adfeab82e68d06846863c0f63e247a1e854,14721,14721,3681,ceil(utf8_bytes/4)_cpu_estimate,1,0,free_text,free_text,insert_ignore,0,1,1,1
aug_seed_000285_single_row_subset_001,seed_000285,source_group_id,student_club,d_only_secondary,MP-FS+ vNext D_ONLY,MP-FS+,deterministic_reprocess,secondary_ablation,mp_fs_plus_shared,mp_fs_plus_shared,e69a02285240c0495ec822f2bff53adfeab82e68d06846863c0f63e247a1e854,14721,14721,3681,ceil(utf8_bytes/4)_cpu_estimate,1,0,free_text,free_text,insert_ignore,0,1,1,1
aug_seed_000285_single_row_subset_001,seed_000285,source_group_id,student_club,full_secondary,MP-FS+ vNext FULL,MP-FS+,deterministic_reprocess,secondary_ablation,mp_fs_plus_shared,mp_fs_plus_shared,e69a02285240c0495ec822f2bff53adfeab82e68d06846863c0f63e247a1e854,14721,14721,3681,ceil(utf8_bytes/4)_cpu_estimate,1,0,free_text,free_text,insert_ignore,0,1,1,1
aug_seed_000285_single_row_subset_001,seed_000285,source_group_id,student_club,no_c_secondary,MP-FS+ vNext NO_C,MP-FS+,deterministic_reprocess,secondary_ablation,mp_fs_plus_shared,mp_fs_plus_shared,e69a02285240c0495ec822f2bff53adfeab82e68d06846863c0f63e247a1e854,14721,14721,3681,ceil(utf8_bytes/4)_cpu_estimate,1,0,free_text,free_text,insert_ignore,0,1,1,1
seed_000269,seed_000269,source_group_id,student_club,direct,Direct,D-FS-M,generation,baseline,direct,,12f7088d41a1169dacaa3ad9fcc29ece75a86acc0ed24ffa4515c96fa0ca3bdf,12413,12413,3104,ceil(utf8_bytes/4)_cpu_estimate,1,0,semi_structured,csv,plain_insert,0,1,1,1
seed_000269,seed_000269,source_group_id,student_club,j_fs,J-FS,J-FS-M,generation,baseline,j_fs,,e2c2dbc04aeb49eb20f9cb5da838ea78c0c1db9cb25e31f1bf87014365b134c9,12344,12344,3086,ceil(utf8_bytes/4)_cpu_estimate,1,0,semi_structured,csv,plain_insert,0,1,1,1
seed_000269,seed_000269,source_group_id,student_club,original_mp_fs_plus,Original MP-FS+,MP-FS+,deterministic_reprocess,primary_comparison_baseline,mp_fs_plus_shared,mp_fs_plus_shared,fcb0538ae76149cf9e7e2be0da8c56d4cf69953d1f59d36bd67f4d7ee0778dab,8176,8176,2044,ceil(utf8_bytes/4)_cpu_estimate,1,0,semi_structured,csv,plain_insert,0,1,1,1
seed_000269,seed_000269,source_group_id,student_club,d_g1_primary,MP-FS+ vNext D_G1,MP-FS+,deterministic_reprocess,primary,mp_fs_plus_shared,mp_fs_plus_shared,fcb0538ae76149cf9e7e2be0da8c56d4cf69953d1f59d36bd67f4d7ee0778dab,8176,8176,2044,ceil(utf8_bytes/4)_cpu_estimate,1,0,semi_structured,csv,plain_insert,0,1,1,1
seed_000269,seed_000269,source_group_id,student_club,d_only_secondary,MP-FS+ vNext D_ONLY,MP-FS+,deterministic_reprocess,secondary_ablation,mp_fs_plus_shared,mp_fs_plus_shared,fcb0538ae76149cf9e7e2be0da8c56d4cf69953d1f59d36bd67f4d7ee0778dab,8176,8176,2044,ceil(utf8_bytes/4)_cpu_estimate,1,0,semi_structured,csv,plain_insert,0,1,1,1
seed_000269,seed_000269,source_group_id,student_club,full_secondary,MP-FS+ vNext FULL,MP-FS+,deterministic_reprocess,secondary_ablation,mp_fs_plus_shared,mp_fs_plus_shared,fcb0538ae76149cf9e7e2be0da8c56d4cf69953d1f59d36bd67f4d7ee0778dab,8176,8176,2044,ceil(utf8_bytes/4)_cpu_estimate,1,0,semi_structured,csv,plain_insert,0,1,1,1
seed_000269,seed_000269,source_group_id,student_club,no_c_secondary,MP-FS+ vNext NO_C,MP-FS+,deterministic_reprocess,secondary_ablation,mp_fs_plus_shared,mp_fs_plus_shared,fcb0538ae76149cf9e7e2be0da8c56d4cf69953d1f59d36bd67f4d7ee0778dab,8176,8176,2044,ceil(utf8_bytes/4)_cpu_estimate,1,0,semi_structured,csv,plain_insert,0,1,1,1
aug_seed_000202_relational_format_variant_001,seed_000202,source_group_id,student_club,direct,Direct,D-FS-M,generation,baseline,direct,,da2ca2bb3ca832b826af5038eb749d3a38103cb51eefda9b83d1b88668014861,13980,13980,3495,ceil(utf8_bytes/4)_cpu_estimate,1,0,free_text,free_text,insert_ignore,1,1,1,1
aug_seed_000202_relational_format_variant_001,seed_000202,source_group_id,student_club,j_fs,J-FS,J-FS-M,generation,baseline,j_fs,,dbce51891746a7765c139bfadb52fa2456d196f2224c9aa0cedafa624d2da0d3,13890,13890,3473,ceil(utf8_bytes/4)_cpu_estimate,1,0,free_text,free_text,insert_ignore,1,1,1,1
aug_seed_000202_relational_format_variant_001,seed_000202,source_group_id,student_club,original_mp_fs_plus,Original MP-FS+,MP-FS+,deterministic_reprocess,primary_comparison_baseline,mp_fs_plus_shared,mp_fs_plus_shared,a5fcb891da8a8a1fd5cc2ac422e506b39f25dfd8085a82bb1b8b904aeec910de,38410,38410,9603,ceil(utf8_bytes/4)_cpu_estimate,1,0,free_text,free_text,insert_ignore,1,1,1,1
aug_seed_000202_relational_format_variant_001,seed_000202,source_group_id,student_club,d_g1_primary,MP-FS+ vNext D_G1,MP-FS+,deterministic_reprocess,primary,mp_fs_plus_shared,mp_fs_plus_shared,a5fcb891da8a8a1fd5cc2ac422e506b39f25dfd8085a82bb1b8b904aeec910de,38410,38410,9603,ceil(utf8_bytes/4)_cpu_estimate,1,0,free_text,free_text,insert_ignore,1,1,1,1
aug_seed_000202_relational_format_variant_001,seed_000202,source_group_id,student_club,d_only_secondary,MP-FS+ vNext D_ONLY,MP-FS+,deterministic_reprocess,secondary_ablation,mp_fs_plus_shared,mp_fs_plus_shared,a5fcb891da8a8a1fd5cc2ac422e506b39f25dfd8085a82bb1b8b904aeec910de,38410,38410,9603,ceil(utf8_bytes/4)_cpu_estimate,1,0,free_text,free_text,insert_ignore,1,1,1,1
aug_seed_000202_relational_format_variant_001,seed_000202,source_group_id,student_club,full_secondary,MP-FS+ vNext FULL,MP-FS+,deterministic_reprocess,secondary_ablation,mp_fs_plus_shared,mp_fs_plus_shared,a5fcb891da8a8a1fd5cc2ac422e506b39f25dfd8085a82bb1b8b904aeec910de,38410,38410,9603,ceil(utf8_bytes/4)_cpu_estimate,1,0,free_text,free_text,insert_ignore,1,1,1,1
aug_seed_000202_relational_format_variant_001,seed_000202,source_group_id,student_club,no_c_secondary,MP-FS+ vNext NO_C,MP-FS+,deterministic_reprocess,secondary_ablation,mp_fs_plus_shared,mp_fs_plus_shared,a5fcb891da8a8a1fd5cc2ac422e506b39f25dfd8085a82bb1b8b904aeec910de,38410,38410,9603,ceil(utf8_bytes/4)_cpu_estimate,1,0,free_text,free_text,insert_ignore,1,1,1,1
seed_000146,seed_000146,source_group_id,financial,direct,Direct,D-FS-M,generation,baseline,direct,,89dbd00c0997a9a1285a379aaa66454c2aa3cfba134dfcb983ab73ed8faf8fbc,13026,13026,3257,ceil(utf8_bytes/4)_cpu_estimate,1,0,semi_structured,json_array,insert_ignore,0,1,1,1
seed_000146,seed_000146,source_group_id,financial,j_fs,J-FS,J-FS-M,generation,baseline,j_fs,,06cd7121012b61c9f8565e1d37d621cecf37cac27370abffa744f30f73bdd412,12957,12957,3240,ceil(utf8_bytes/4)_cpu_estimate,1,0,semi_structured,json_array,insert_ignore,0,1,1,1
seed_000146,seed_000146,source_group_id,financial,original_mp_fs_plus,Original MP-FS+,MP-FS+,deterministic_reprocess,primary_comparison_baseline,mp_fs_plus_shared,mp_fs_plus_shared,940670a2e0e2eed1f025b6fe90294d403aa5c9c93b3d28e4987099dd71ddd265,8472,8472,2118,ceil(utf8_bytes/4)_cpu_estimate,1,0,semi_structured,json_array,insert_ignore,0,1,1,1
seed_000146,seed_000146,source_group_id,financial,d_g1_primary,MP-FS+ vNext D_G1,MP-FS+,deterministic_reprocess,primary,mp_fs_plus_shared,mp_fs_plus_shared,940670a2e0e2eed1f025b6fe90294d403aa5c9c93b3d28e4987099dd71ddd265,8472,8472,2118,ceil(utf8_bytes/4)_cpu_estimate,1,0,semi_structured,json_array,insert_ignore,0,1,1,1
seed_000146,seed_000146,source_group_id,financial,d_only_secondary,MP-FS+ vNext D_ONLY,MP-FS+,deterministic_reprocess,secondary_ablation,mp_fs_plus_shared,mp_fs_plus_shared,940670a2e0e2eed1f025b6fe90294d403aa5c9c93b3d28e4987099dd71ddd265,8472,8472,2118,ceil(utf8_bytes/4)_cpu_estimate,1,0,semi_structured,json_array,insert_ignore,0,1,1,1
seed_000146,seed_000146,source_group_id,financial,full_secondary,MP-FS+ vNext FULL,MP-FS+,deterministic_reprocess,secondary_ablation,mp_fs_plus_shared,mp_fs_plus_shared,940670a2e0e2eed1f025b6fe90294d403aa5c9c93b3d28e4987099dd71ddd265,8472,8472,2118,ceil(utf8_bytes/4)_cpu_estimate,1,0,semi_structured,json_array,insert_ignore,0,1,1,1
seed_000146,seed_000146,source_group_id,financial,no_c_secondary,MP-FS+ vNext NO_C,MP-FS+,deterministic_reprocess,secondary_ablation,mp_fs_plus_shared,mp_fs_plus_shared,940670a2e0e2eed1f025b6fe90294d403aa5c9c93b3d28e4987099dd71ddd265,8472,8472,2118,ceil(utf8_bytes/4)_cpu_estimate,1,0,semi_structured,json_array,insert_ignore,0,1,1,1
seed_000073,seed_000073,source_group_id,superhero,direct,Direct,D-FS-M,generation,baseline,direct,,91f57e451a12c78fc7b0dfdaae61ea4543e8f8f04cbf4890ca177b38c37a257b,12142,12142,3036,ceil(utf8_bytes/4)_cpu_estimate,1,0,semi_structured,markdown_table,plain_insert,1,1,1,1
seed_000073,seed_000073,source_group_id,superhero,j_fs,J-FS,J-FS-M,generation,baseline,j_fs,,6676fe7675a681afb4fba78fd764054604ab07e521fad07b9fa7cf5b9f29fa2d,12073,12073,3019,ceil(utf8_bytes/4)_cpu_estimate,1,0,semi_structured,markdown_table,plain_insert,1,1,1,1
seed_000073,seed_000073,source_group_id,superhero,original_mp_fs_plus,Original MP-FS+,MP-FS+,deterministic_reprocess,primary_comparison_baseline,mp_fs_plus_shared,mp_fs_plus_shared,9dd1798ccb7e36280993de796c63bb9d614708442071cf6f2397ddd4e7c9ba48,13161,13161,3291,ceil(utf8_bytes/4)_cpu_estimate,1,0,semi_structured,markdown_table,plain_insert,1,1,1,1
seed_000073,seed_000073,source_group_id,superhero,d_g1_primary,MP-FS+ vNext D_G1,MP-FS+,deterministic_reprocess,primary,mp_fs_plus_shared,mp_fs_plus_shared,9dd1798ccb7e36280993de796c63bb9d614708442071cf6f2397ddd4e7c9ba48,13161,13161,3291,ceil(utf8_bytes/4)_cpu_estimate,1,0,semi_structured,markdown_table,plain_insert,1,1,1,1
seed_000073,seed_000073,source_group_id,superhero,d_only_secondary,MP-FS+ vNext D_ONLY,MP-FS+,deterministic_reprocess,secondary_ablation,mp_fs_plus_shared,mp_fs_plus_shared,9dd1798ccb7e36280993de796c63bb9d614708442071cf6f2397ddd4e7c9ba48,13161,13161,3291,ceil(utf8_bytes/4)_cpu_estimate,1,0,semi_structured,markdown_table,plain_insert,1,1,1,1
seed_000073,seed_000073,source_group_id,superhero,full_secondary,MP-FS+ vNext FULL,MP-FS+,deterministic_reprocess,secondary_ablation,mp_fs_plus_shared,mp_fs_plus_shared,9dd1798ccb7e36280993de796c63bb9d614708442071cf6f2397ddd4e7c9ba48,13161,13161,3291,ceil(utf8_bytes/4)_cpu_estimate,1,0,semi_structured,markdown_table,plain_insert,1,1,1,1
seed_000073,seed_000073,source_group_id,superhero,no_c_secondary,MP-FS+ vNext NO_C,MP-FS+,deterministic_reprocess,secondary_ablation,mp_fs_plus_shared,mp_fs_plus_shared,9dd1798ccb7e36280993de796c63bb9d614708442071cf6f2397ddd4e7c9ba48,13161,13161,3291,ceil(utf8_bytes/4)_cpu_estimate,1,0,semi_structured,markdown_table,plain_insert,1,1,1,1
aug_seed_000014_small_batch_subset_001,seed_000014,source_group_id,student_club,direct,Direct,D-FS-M,generation,baseline,direct,,e18f82de546cc65e8808337d13e2cf73fd1d95515a6c9acca4b7c73fba33e009,9808,9808,2452,ceil(utf8_bytes/4)_cpu_estimate,1,0,free_text,free_text,insert_ignore,0,1,1,1
aug_seed_000014_small_batch_subset_001,seed_000014,source_group_id,student_club,j_fs,J-FS,J-FS-M,generation,baseline,j_fs,,111c0dc5b8483161d6201f4b1ad3e3a31a0cdf69f45b09c4938b0fd1aa77d64e,9718,9718,2430,ceil(utf8_bytes/4)_cpu_estimate,1,0,free_text,free_text,insert_ignore,0,1,1,1
aug_seed_000014_small_batch_subset_001,seed_000014,source_group_id,student_club,original_mp_fs_plus,Original MP-FS+,MP-FS+,deterministic_reprocess,primary_comparison_baseline,mp_fs_plus_shared,mp_fs_plus_shared,e8c199d6aab5ba6c1b7c69a3def7adc475ab12a87b4518b815448527a9482a0b,24351,24351,6088,ceil(utf8_bytes/4)_cpu_estimate,1,0,free_text,free_text,insert_ignore,0,1,1,1
aug_seed_000014_small_batch_subset_001,seed_000014,source_group_id,student_club,d_g1_primary,MP-FS+ vNext D_G1,MP-FS+,deterministic_reprocess,primary,mp_fs_plus_shared,mp_fs_plus_shared,e8c199d6aab5ba6c1b7c69a3def7adc475ab12a87b4518b815448527a9482a0b,24351,24351,6088,ceil(utf8_bytes/4)_cpu_estimate,1,0,free_text,free_text,insert_ignore,0,1,1,1
aug_seed_000014_small_batch_subset_001,seed_000014,source_group_id,student_club,d_only_secondary,MP-FS+ vNext D_ONLY,MP-FS+,deterministic_reprocess,secondary_ablation,mp_fs_plus_shared,mp_fs_plus_shared,e8c199d6aab5ba6c1b7c69a3def7adc475ab12a87b4518b815448527a9482a0b,24351,24351,6088,ceil(utf8_bytes/4)_cpu_estimate,1,0,free_text,free_text,insert_ignore,0,1,1,1
aug_seed_000014_small_batch_subset_001,seed_000014,source_group_id,student_club,full_secondary,MP-FS+ vNext FULL,MP-FS+,deterministic_reprocess,secondary_ablation,mp_fs_plus_shared,mp_fs_plus_shared,e8c199d6aab5ba6c1b7c69a3def7adc475ab12a87b4518b815448527a9482a0b,24351,24351,6088,ceil(utf8_bytes/4)_cpu_estimate,1,0,free_text,free_text,insert_ignore,0,1,1,1
aug_seed_000014_small_batch_subset_001,seed_000014,source_group_id,student_club,no_c_secondary,MP-FS+ vNext NO_C,MP-FS+,deterministic_reprocess,secondary_ablation,mp_fs_plus_shared,mp_fs_plus_shared,e8c199d6aab5ba6c1b7c69a3def7adc475ab12a87b4518b815448527a9482a0b,24351,24351,6088,ceil(utf8_bytes/4)_cpu_estimate,1,0,free_text,free_text,insert_ignore,0,1,1,1
aug_seed_000254_single_row_subset_001,seed_000254,source_group_id,debit_card_specializing,direct,Direct,D-FS-M,generation,baseline,direct,,80ff41678bcc74d34b2377f734c1a8c7414bb481be636b3f1fbb9d65c36c7ae1,4846,4846,1212,ceil(utf8_bytes/4)_cpu_estimate,1,0,free_text,free_text,insert_ignore,0,1,1,1
aug_seed_000254_single_row_subset_001,seed_000254,source_group_id,debit_card_specializing,j_fs,J-FS,J-FS-M,generation,baseline,j_fs,,6b5611aa368c203be7cc91e8e8d9e3dc1ddcff38bee0cf571e568d32bbbd09ff,4756,4756,1189,ceil(utf8_bytes/4)_cpu_estimate,1,0,free_text,free_text,insert_ignore,0,1,1,1
aug_seed_000254_single_row_subset_001,seed_000254,source_group_id,debit_card_specializing,original_mp_fs_plus,Original MP-FS+,MP-FS+,deterministic_reprocess,primary_comparison_baseline,mp_fs_plus_shared,mp_fs_plus_shared,7fab4d95ca15a75de04cc76ffbe8c8a8b035942f7138d0c48ded615044ed0c28,8745,8745,2187,ceil(utf8_bytes/4)_cpu_estimate,1,0,free_text,free_text,insert_ignore,0,1,1,1
aug_seed_000254_single_row_subset_001,seed_000254,source_group_id,debit_card_specializing,d_g1_primary,MP-FS+ vNext D_G1,MP-FS+,deterministic_reprocess,primary,mp_fs_plus_shared,mp_fs_plus_shared,7fab4d95ca15a75de04cc76ffbe8c8a8b035942f7138d0c48ded615044ed0c28,8745,8745,2187,ceil(utf8_bytes/4)_cpu_estimate,1,0,free_text,free_text,insert_ignore,0,1,1,1
aug_seed_000254_single_row_subset_001,seed_000254,source_group_id,debit_card_specializing,d_only_secondary,MP-FS+ vNext D_ONLY,MP-FS+,deterministic_reprocess,secondary_ablation,mp_fs_plus_shared,mp_fs_plus_shared,7fab4d95ca15a75de04cc76ffbe8c8a8b035942f7138d0c48ded615044ed0c28,8745,8745,2187,ceil(utf8_bytes/4)_cpu_estimate,1,0,free_text,free_text,insert_ignore,0,1,1,1
aug_seed_000254_single_row_subset_001,seed_000254,source_group_id,debit_card_specializing,full_secondary,MP-FS+ vNext FULL,MP-FS+,deterministic_reprocess,secondary_ablation,mp_fs_plus_shared,mp_fs_plus_shared,7fab4d95ca15a75de04cc76ffbe8c8a8b035942f7138d0c48ded615044ed0c28,8745,8745,2187,ceil(utf8_bytes/4)_cpu_estimate,1,0,free_text,free_text,insert_ignore,0,1,1,1
aug_seed_000254_single_row_subset_001,seed_000254,source_group_id,debit_card_specializing,no_c_secondary,MP-FS+ vNext NO_C,MP-FS+,deterministic_reprocess,secondary_ablation,mp_fs_plus_shared,mp_fs_plus_shared,7fab4d95ca15a75de04cc76ffbe8c8a8b035942f7138d0c48ded615044ed0c28,8745,8745,2187,ceil(utf8_bytes/4)_cpu_estimate,1,0,free_text,free_text,insert_ignore,0,1,1,1
aug_seed_000166_single_row_subset_001,seed_000166,source_group_id,financial,direct,Direct,D-FS-M,generation,baseline,direct,,cfd2db3372fbb9dd8fcfe089276aad7f48493079947423306166a0f781110e6d,11387,11387,2847,ceil(utf8_bytes/4)_cpu_estimate,1,0,semi_structured,markdown_table,insert_ignore,0,1,1,1
aug_seed_000166_single_row_subset_001,seed_000166,source_group_id,financial,j_fs,J-FS,J-FS-M,generation,baseline,j_fs,,d044216121b7f212838adcb3f115f097ef627ada573f44d2197266de4df09aee,11318,11318,2830,ceil(utf8_bytes/4)_cpu_estimate,1,0,semi_structured,markdown_table,insert_ignore,0,1,1,1
aug_seed_000166_single_row_subset_001,seed_000166,source_group_id,financial,original_mp_fs_plus,Original MP-FS+,MP-FS+,deterministic_reprocess,primary_comparison_baseline,mp_fs_plus_shared,mp_fs_plus_shared,838e4bf2ec3ad7320fdb797b151e5953aa4bae060ecd87e1c90b39a2e580bf6b,11051,11051,2763,ceil(utf8_bytes/4)_cpu_estimate,1,0,semi_structured,markdown_table,insert_ignore,0,1,1,1
aug_seed_000166_single_row_subset_001,seed_000166,source_group_id,financial,d_g1_primary,MP-FS+ vNext D_G1,MP-FS+,deterministic_reprocess,primary,mp_fs_plus_shared,mp_fs_plus_shared,838e4bf2ec3ad7320fdb797b151e5953aa4bae060ecd87e1c90b39a2e580bf6b,11051,11051,2763,ceil(utf8_bytes/4)_cpu_estimate,1,0,semi_structured,markdown_table,insert_ignore,0,1,1,1
aug_seed_000166_single_row_subset_001,seed_000166,source_group_id,financial,d_only_secondary,MP-FS+ vNext D_ONLY,MP-FS+,deterministic_reprocess,secondary_ablation,mp_fs_plus_shared,mp_fs_plus_shared,838e4bf2ec3ad7320fdb797b151e5953aa4bae060ecd87e1c90b39a2e580bf6b,11051,11051,2763,ceil(utf8_bytes/4)_cpu_estimate,1,0,semi_structured,markdown_table,insert_ignore,0,1,1,1
aug_seed_000166_single_row_subset_001,seed_000166,source_group_id,financial,full_secondary,MP-FS+ vNext FULL,MP-FS+,deterministic_reprocess,secondary_ablation,mp_fs_plus_shared,mp_fs_plus_shared,838e4bf2ec3ad7320fdb797b151e5953aa4bae060ecd87e1c90b39a2e580bf6b,11051,11051,2763,ceil(utf8_bytes/4)_cpu_estimate,1,0,semi_structured,markdown_table,insert_ignore,0,1,1,1
aug_seed_000166_single_row_subset_001,seed_000166,source_group_id,financial,no_c_secondary,MP-FS+ vNext NO_C,MP-FS+,deterministic_reprocess,secondary_ablation,mp_fs_plus_shared,mp_fs_plus_shared,838e4bf2ec3ad7320fdb797b151e5953aa4bae060ecd87e1c90b39a2e580bf6b,11051,11051,2763,ceil(utf8_bytes/4)_cpu_estimate,1,0,semi_structured,markdown_table,insert_ignore,0,1,1,1
seed_000100,seed_000100,source_group_id,european_football_2,direct,Direct,D-FS-M,generation,baseline,direct,,fbc64c578a2e4bb73df896e8eab596b73662bd58335b610d3470004da2066d86,33401,33401,8351,ceil(utf8_bytes/4)_cpu_estimate,1,0,semi_structured,key_value,plain_insert,0,1,1,1
seed_000100,seed_000100,source_group_id,european_football_2,j_fs,J-FS,J-FS-M,generation,baseline,j_fs,,18d5282d2716921cd7df62d1bf360fce2fe0aab8a9e79200f11c5373e6a3f7ac,33332,33332,8333,ceil(utf8_bytes/4)_cpu_estimate,1,0,semi_structured,key_value,plain_insert,0,1,1,1
seed_000100,seed_000100,source_group_id,european_football_2,original_mp_fs_plus,Original MP-FS+,MP-FS+,deterministic_reprocess,primary_comparison_baseline,mp_fs_plus_shared,mp_fs_plus_shared,94c61a36bca632956a6da3663365954ddf8952875eaf6db520a9a74e28ab69b4,11909,11909,2978,ceil(utf8_bytes/4)_cpu_estimate,1,0,semi_structured,key_value,plain_insert,0,1,1,1
seed_000100,seed_000100,source_group_id,european_football_2,d_g1_primary,MP-FS+ vNext D_G1,MP-FS+,deterministic_reprocess,primary,mp_fs_plus_shared,mp_fs_plus_shared,94c61a36bca632956a6da3663365954ddf8952875eaf6db520a9a74e28ab69b4,11909,11909,2978,ceil(utf8_bytes/4)_cpu_estimate,1,0,semi_structured,key_value,plain_insert,0,1,1,1
seed_000100,seed_000100,source_group_id,european_football_2,d_only_secondary,MP-FS+ vNext D_ONLY,MP-FS+,deterministic_reprocess,secondary_ablation,mp_fs_plus_shared,mp_fs_plus_shared,94c61a36bca632956a6da3663365954ddf8952875eaf6db520a9a74e28ab69b4,11909,11909,2978,ceil(utf8_bytes/4)_cpu_estimate,1,0,semi_structured,key_value,plain_insert,0,1,1,1
seed_000100,seed_000100,source_group_id,european_football_2,full_secondary,MP-FS+ vNext FULL,MP-FS+,deterministic_reprocess,secondary_ablation,mp_fs_plus_shared,mp_fs_plus_shared,94c61a36bca632956a6da3663365954ddf8952875eaf6db520a9a74e28ab69b4,11909,11909,2978,ceil(utf8_bytes/4)_cpu_estimate,1,0,semi_structured,key_value,plain_insert,0,1,1,1
seed_000100,seed_000100,source_group_id,european_football_2,no_c_secondary,MP-FS+ vNext NO_C,MP-FS+,deterministic_reprocess,secondary_ablation,mp_fs_plus_shared,mp_fs_plus_shared,94c61a36bca632956a6da3663365954ddf8952875eaf6db520a9a74e28ab69b4,11909,11909,2978,ceil(utf8_bytes/4)_cpu_estimate,1,0,semi_structured,key_value,plain_insert,0,1,1,1
seed_000356,seed_000356,source_group_id,financial,direct,Direct,D-FS-M,generation,baseline,direct,,56a77509576dc3038dd4336c78dc540183177d07fb0f069d56ee77301d64fd48,15203,15215,3804,ceil(utf8_bytes/4)_cpu_estimate,1,0,semi_structured,key_value,insert_ignore,0,1,1,1
seed_000356,seed_000356,source_group_id,financial,j_fs,J-FS,J-FS-M,generation,baseline,j_fs,,9ac13d03fa3109d6a6f965b2601141a634a0eaca91be99f1febb0c9889054fec,15134,15146,3787,ceil(utf8_bytes/4)_cpu_estimate,1,0,semi_structured,key_value,insert_ignore,0,1,1,1
seed_000356,seed_000356,source_group_id,financial,original_mp_fs_plus,Original MP-FS+,MP-FS+,deterministic_reprocess,primary_comparison_baseline,mp_fs_plus_shared,mp_fs_plus_shared,33fa1d00e295a178f1ac1749c59636b1a0acbb649ced5d0cacfc3b166638c3dc,11517,11517,2880,ceil(utf8_bytes/4)_cpu_estimate,1,0,semi_structured,key_value,insert_ignore,0,1,1,1
seed_000356,seed_000356,source_group_id,financial,d_g1_primary,MP-FS+ vNext D_G1,MP-FS+,deterministic_reprocess,primary,mp_fs_plus_shared,mp_fs_plus_shared,33fa1d00e295a178f1ac1749c59636b1a0acbb649ced5d0cacfc3b166638c3dc,11517,11517,2880,ceil(utf8_bytes/4)_cpu_estimate,1,0,semi_structured,key_value,insert_ignore,0,1,1,1
seed_000356,seed_000356,source_group_id,financial,d_only_secondary,MP-FS+ vNext D_ONLY,MP-FS+,deterministic_reprocess,secondary_ablation,mp_fs_plus_shared,mp_fs_plus_shared,33fa1d00e295a178f1ac1749c59636b1a0acbb649ced5d0cacfc3b166638c3dc,11517,11517,2880,ceil(utf8_bytes/4)_cpu_estimate,1,0,semi_structured,key_value,insert_ignore,0,1,1,1
seed_000356,seed_000356,source_group_id,financial,full_secondary,MP-FS+ vNext FULL,MP-FS+,deterministic_reprocess,secondary_ablation,mp_fs_plus_shared,mp_fs_plus_shared,33fa1d00e295a178f1ac1749c59636b1a0acbb649ced5d0cacfc3b166638c3dc,11517,11517,2880,ceil(utf8_bytes/4)_cpu_estimate,1,0,semi_structured,key_value,insert_ignore,0,1,1,1
seed_000356,seed_000356,source_group_id,financial,no_c_secondary,MP-FS+ vNext NO_C,MP-FS+,deterministic_reprocess,secondary_ablation,mp_fs_plus_shared,mp_fs_plus_shared,33fa1d00e295a178f1ac1749c59636b1a0acbb649ced5d0cacfc3b166638c3dc,11517,11517,2880,ceil(utf8_bytes/4)_cpu_estimate,1,0,semi_structured,key_value,insert_ignore,0,1,1,1
aug_seed_000167_single_row_subset_001,seed_000167,source_group_id,formula_1,direct,Direct,D-FS-M,generation,baseline,direct,,ef1a4a6095ba9567637eec39a0ee1c0c6df2a0394fedd63718313ae06bb246ad,18663,18663,4666,ceil(utf8_bytes/4)_cpu_estimate,1,0,semi_structured,markdown_table,insert_ignore,0,1,1,1
aug_seed_000167_single_row_subset_001,seed_000167,source_group_id,formula_1,j_fs,J-FS,J-FS-M,generation,baseline,j_fs,,d2847e44f24d5357981562083f6e555c87ce5d82e39c7065339736386407a88a,18594,18594,4649,ceil(utf8_bytes/4)_cpu_estimate,1,0,semi_structured,markdown_table,insert_ignore,0,1,1,1
aug_seed_000167_single_row_subset_001,seed_000167,source_group_id,formula_1,original_mp_fs_plus,Original MP-FS+,MP-FS+,deterministic_reprocess,primary_comparison_baseline,mp_fs_plus_shared,mp_fs_plus_shared,3df49fa68a08a915fc7da889c7b438f308b32c62ee0fd182078fbdc19820c521,9849,9849,2463,ceil(utf8_bytes/4)_cpu_estimate,1,0,semi_structured,markdown_table,insert_ignore,0,1,1,1
aug_seed_000167_single_row_subset_001,seed_000167,source_group_id,formula_1,d_g1_primary,MP-FS+ vNext D_G1,MP-FS+,deterministic_reprocess,primary,mp_fs_plus_shared,mp_fs_plus_shared,3df49fa68a08a915fc7da889c7b438f308b32c62ee0fd182078fbdc19820c521,9849,9849,2463,ceil(utf8_bytes/4)_cpu_estimate,1,0,semi_structured,markdown_table,insert_ignore,0,1,1,1
aug_seed_000167_single_row_subset_001,seed_000167,source_group_id,formula_1,d_only_secondary,MP-FS+ vNext D_ONLY,MP-FS+,deterministic_reprocess,secondary_ablation,mp_fs_plus_shared,mp_fs_plus_shared,3df49fa68a08a915fc7da889c7b438f308b32c62ee0fd182078fbdc19820c521,9849,9849,2463,ceil(utf8_bytes/4)_cpu_estimate,1,0,semi_structured,markdown_table,insert_ignore,0,1,1,1
aug_seed_000167_single_row_subset_001,seed_000167,source_group_id,formula_1,full_secondary,MP-FS+ vNext FULL,MP-FS+,deterministic_reprocess,secondary_ablation,mp_fs_plus_shared,mp_fs_plus_shared,3df49fa68a08a915fc7da889c7b438f308b32c62ee0fd182078fbdc19820c521,9849,9849,2463,ceil(utf8_bytes/4)_cpu_estimate,1,0,semi_structured,markdown_table,insert_ignore,0,1,1,1
aug_seed_000167_single_row_subset_001,seed_000167,source_group_id,formula_1,no_c_secondary,MP-FS+ vNext NO_C,MP-FS+,deterministic_reprocess,secondary_ablation,mp_fs_plus_shared,mp_fs_plus_shared,3df49fa68a08a915fc7da889c7b438f308b32c62ee0fd182078fbdc19820c521,9849,9849,2463,ceil(utf8_bytes/4)_cpu_estimate,1,0,semi_structured,markdown_table,insert_ignore,0,1,1,1
aug_seed_000187_single_row_subset_001,seed_000187,source_group_id,student_club,direct,Direct,D-FS-M,generation,baseline,direct,,445685482b76abd1eb1a2b10e64d92428a84bff058379214500e9216185e96d1,9475,9475,2369,ceil(utf8_bytes/4)_cpu_estimate,1,0,free_text,free_text,insert_ignore,0,1,1,1
aug_seed_000187_single_row_subset_001,seed_000187,source_group_id,student_club,j_fs,J-FS,J-FS-M,generation,baseline,j_fs,,eaa89aa33452266a5bf5a942b0abc862effc14cf04a22e9659c58289405951a3,9385,9385,2347,ceil(utf8_bytes/4)_cpu_estimate,1,0,free_text,free_text,insert_ignore,0,1,1,1
aug_seed_000187_single_row_subset_001,seed_000187,source_group_id,student_club,original_mp_fs_plus,Original MP-FS+,MP-FS+,deterministic_reprocess,primary_comparison_baseline,mp_fs_plus_shared,mp_fs_plus_shared,c5e85c0de4c5805cb5aebba6bc550b7eb3b66e6db9ba1f78933e039bf298c5f2,16409,16409,4103,ceil(utf8_bytes/4)_cpu_estimate,1,0,free_text,free_text,insert_ignore,0,1,1,1
aug_seed_000187_single_row_subset_001,seed_000187,source_group_id,student_club,d_g1_primary,MP-FS+ vNext D_G1,MP-FS+,deterministic_reprocess,primary,mp_fs_plus_shared,mp_fs_plus_shared,c5e85c0de4c5805cb5aebba6bc550b7eb3b66e6db9ba1f78933e039bf298c5f2,16409,16409,4103,ceil(utf8_bytes/4)_cpu_estimate,1,0,free_text,free_text,insert_ignore,0,1,1,1
aug_seed_000187_single_row_subset_001,seed_000187,source_group_id,student_club,d_only_secondary,MP-FS+ vNext D_ONLY,MP-FS+,deterministic_reprocess,secondary_ablation,mp_fs_plus_shared,mp_fs_plus_shared,c5e85c0de4c5805cb5aebba6bc550b7eb3b66e6db9ba1f78933e039bf298c5f2,16409,16409,4103,ceil(utf8_bytes/4)_cpu_estimate,1,0,free_text,free_text,insert_ignore,0,1,1,1
aug_seed_000187_single_row_subset_001,seed_000187,source_group_id,student_club,full_secondary,MP-FS+ vNext FULL,MP-FS+,deterministic_reprocess,secondary_ablation,mp_fs_plus_shared,mp_fs_plus_shared,c5e85c0de4c5805cb5aebba6bc550b7eb3b66e6db9ba1f78933e039bf298c5f2,16409,16409,4103,ceil(utf8_bytes/4)_cpu_estimate,1,0,free_text,free_text,insert_ignore,0,1,1,1
aug_seed_000187_single_row_subset_001,seed_000187,source_group_id,student_club,no_c_secondary,MP-FS+ vNext NO_C,MP-FS+,deterministic_reprocess,secondary_ablation,mp_fs_plus_shared,mp_fs_plus_shared,c5e85c0de4c5805cb5aebba6bc550b7eb3b66e6db9ba1f78933e039bf298c5f2,16409,16409,4103,ceil(utf8_bytes/4)_cpu_estimate,1,0,free_text,free_text,insert_ignore,0,1,1,1
aug_seed_000153_relational_format_variant_001,seed_000153,source_group_id,toxicology,direct,Direct,D-FS-M,generation,baseline,direct,,fb1dc075f10dcc9a5c5b26d9761241cde9bf806fa63d7055aaa2f1c7412a5de0,8161,8161,2041,ceil(utf8_bytes/4)_cpu_estimate,1,0,free_text,free_text,insert_ignore,1,1,1,1
aug_seed_000153_relational_format_variant_001,seed_000153,source_group_id,toxicology,j_fs,J-FS,J-FS-M,generation,baseline,j_fs,,faa04929c6cde716d2f9f77b1d9c49fe51807e1f645ef39cb69ffee753df02f8,8071,8071,2018,ceil(utf8_bytes/4)_cpu_estimate,1,0,free_text,free_text,insert_ignore,1,1,1,1
aug_seed_000153_relational_format_variant_001,seed_000153,source_group_id,toxicology,original_mp_fs_plus,Original MP-FS+,MP-FS+,deterministic_reprocess,primary_comparison_baseline,mp_fs_plus_shared,mp_fs_plus_shared,69fb4a99e164a4c1ff0e932d052b35a6f2a2c4ccf5d56b7cf0bb89f97f05de64,33310,33310,8328,ceil(utf8_bytes/4)_cpu_estimate,1,0,free_text,free_text,insert_ignore,1,1,1,1
aug_seed_000153_relational_format_variant_001,seed_000153,source_group_id,toxicology,d_g1_primary,MP-FS+ vNext D_G1,MP-FS+,deterministic_reprocess,primary,mp_fs_plus_shared,mp_fs_plus_shared,69fb4a99e164a4c1ff0e932d052b35a6f2a2c4ccf5d56b7cf0bb89f97f05de64,33310,33310,8328,ceil(utf8_bytes/4)_cpu_estimate,1,0,free_text,free_text,insert_ignore,1,1,1,1
aug_seed_000153_relational_format_variant_001,seed_000153,source_group_id,toxicology,d_only_secondary,MP-FS+ vNext D_ONLY,MP-FS+,deterministic_reprocess,secondary_ablation,mp_fs_plus_shared,mp_fs_plus_shared,69fb4a99e164a4c1ff0e932d052b35a6f2a2c4ccf5d56b7cf0bb89f97f05de64,33310,33310,8328,ceil(utf8_bytes/4)_cpu_estimate,1,0,free_text,free_text,insert_ignore,1,1,1,1
aug_seed_000153_relational_format_variant_001,seed_000153,source_group_id,toxicology,full_secondary,MP-FS+ vNext FULL,MP-FS+,deterministic_reprocess,secondary_ablation,mp_fs_plus_shared,mp_fs_plus_shared,69fb4a99e164a4c1ff0e932d052b35a6f2a2c4ccf5d56b7cf0bb89f97f05de64,33310,33310,8328,ceil(utf8_bytes/4)_cpu_estimate,1,0,free_text,free_text,insert_ignore,1,1,1,1
aug_seed_000153_relational_format_variant_001,seed_000153,source_group_id,toxicology,no_c_secondary,MP-FS+ vNext NO_C,MP-FS+,deterministic_reprocess,secondary_ablation,mp_fs_plus_shared,mp_fs_plus_shared,69fb4a99e164a4c1ff0e932d052b35a6f2a2c4ccf5d56b7cf0bb89f97f05de64,33310,33310,8328,ceil(utf8_bytes/4)_cpu_estimate,1,0,free_text,free_text,insert_ignore,1,1,1,1
seed_000037,seed_000037,source_group_id,california_schools,direct,Direct,D-FS-M,generation,baseline,direct,,452f2eeb66c480debef06e4a9bd6adc8ad0e5d16305ae93f9aa0185c2a6825f1,20268,20268,5067,ceil(utf8_bytes/4)_cpu_estimate,1,0,semi_structured,json_array,upsert_update,0,1,1,1
seed_000037,seed_000037,source_group_id,california_schools,j_fs,J-FS,J-FS-M,generation,baseline,j_fs,,a15d3ac52bbd91e01f771be8c6f94b4d01de6018e808ae5b94263124aef07916,20199,20199,5050,ceil(utf8_bytes/4)_cpu_estimate,1,0,semi_structured,json_array,upsert_update,0,1,1,1
seed_000037,seed_000037,source_group_id,california_schools,original_mp_fs_plus,Original MP-FS+,MP-FS+,deterministic_reprocess,primary_comparison_baseline,mp_fs_plus_shared,mp_fs_plus_shared,11ed21eb8c96804c3c2d8444a7e9f0328d3a9582436ae2a0829f39ab27783603,19111,19111,4778,ceil(utf8_bytes/4)_cpu_estimate,1,0,semi_structured,json_array,upsert_update,0,1,1,1
seed_000037,seed_000037,source_group_id,california_schools,d_g1_primary,MP-FS+ vNext D_G1,MP-FS+,deterministic_reprocess,primary,mp_fs_plus_shared,mp_fs_plus_shared,11ed21eb8c96804c3c2d8444a7e9f0328d3a9582436ae2a0829f39ab27783603,19111,19111,4778,ceil(utf8_bytes/4)_cpu_estimate,1,0,semi_structured,json_array,upsert_update,0,1,1,1
seed_000037,seed_000037,source_group_id,california_schools,d_only_secondary,MP-FS+ vNext D_ONLY,MP-FS+,deterministic_reprocess,secondary_ablation,mp_fs_plus_shared,mp_fs_plus_shared,11ed21eb8c96804c3c2d8444a7e9f0328d3a9582436ae2a0829f39ab27783603,19111,19111,4778,ceil(utf8_bytes/4)_cpu_estimate,1,0,semi_structured,json_array,upsert_update,0,1,1,1
seed_000037,seed_000037,source_group_id,california_schools,full_secondary,MP-FS+ vNext FULL,MP-FS+,deterministic_reprocess,secondary_ablation,mp_fs_plus_shared,mp_fs_plus_shared,11ed21eb8c96804c3c2d8444a7e9f0328d3a9582436ae2a0829f39ab27783603,19111,19111,4778,ceil(utf8_bytes/4)_cpu_estimate,1,0,semi_structured,json_array,upsert_update,0,1,1,1
seed_000037,seed_000037,source_group_id,california_schools,no_c_secondary,MP-FS+ vNext NO_C,MP-FS+,deterministic_reprocess,secondary_ablation,mp_fs_plus_shared,mp_fs_plus_shared,11ed21eb8c96804c3c2d8444a7e9f0328d3a9582436ae2a0829f39ab27783603,19111,19111,4778,ceil(utf8_bytes/4)_cpu_estimate,1,0,semi_structured,json_array,upsert_update,0,1,1,1
seed_000319,seed_000319,source_group_id,superhero,direct,Direct,D-FS-M,generation,baseline,direct,,13e5844a4655d5cf7068e53762f0e340ad2ae733638514cbb894feaec9f2384c,9062,9062,2266,ceil(utf8_bytes/4)_cpu_estimate,1,0,semi_structured,json_array,plain_insert,0,1,1,1
seed_000319,seed_000319,source_group_id,superhero,j_fs,J-FS,J-FS-M,generation,baseline,j_fs,,e5e70c855b599d2a1cc67b2e046ae172c9db3811163a6b558d1e71c3729a6e25,8993,8993,2249,ceil(utf8_bytes/4)_cpu_estimate,1,0,semi_structured,json_array,plain_insert,0,1,1,1
seed_000319,seed_000319,source_group_id,superhero,original_mp_fs_plus,Original MP-FS+,MP-FS+,deterministic_reprocess,primary_comparison_baseline,mp_fs_plus_shared,mp_fs_plus_shared,9dacbd32867a7d0ecda8133cd65c8ed546c8fe7c7492683b1eb06bc37f5435d2,12189,12189,3048,ceil(utf8_bytes/4)_cpu_estimate,1,0,semi_structured,json_array,plain_insert,0,1,1,1
seed_000319,seed_000319,source_group_id,superhero,d_g1_primary,MP-FS+ vNext D_G1,MP-FS+,deterministic_reprocess,primary,mp_fs_plus_shared,mp_fs_plus_shared,9dacbd32867a7d0ecda8133cd65c8ed546c8fe7c7492683b1eb06bc37f5435d2,12189,12189,3048,ceil(utf8_bytes/4)_cpu_estimate,1,0,semi_structured,json_array,plain_insert,0,1,1,1
seed_000319,seed_000319,source_group_id,superhero,d_only_secondary,MP-FS+ vNext D_ONLY,MP-FS+,deterministic_reprocess,secondary_ablation,mp_fs_plus_shared,mp_fs_plus_shared,9dacbd32867a7d0ecda8133cd65c8ed546c8fe7c7492683b1eb06bc37f5435d2,12189,12189,3048,ceil(utf8_bytes/4)_cpu_estimate,1,0,semi_structured,json_array,plain_insert,0,1,1,1
seed_000319,seed_000319,source_group_id,superhero,full_secondary,MP-FS+ vNext FULL,MP-FS+,deterministic_reprocess,secondary_ablation,mp_fs_plus_shared,mp_fs_plus_shared,9dacbd32867a7d0ecda8133cd65c8ed546c8fe7c7492683b1eb06bc37f5435d2,12189,12189,3048,ceil(utf8_bytes/4)_cpu_estimate,1,0,semi_structured,json_array,plain_insert,0,1,1,1
seed_000319,seed_000319,source_group_id,superhero,no_c_secondary,MP-FS+ vNext NO_C,MP-FS+,deterministic_reprocess,secondary_ablation,mp_fs_plus_shared,mp_fs_plus_shared,9dacbd32867a7d0ecda8133cd65c8ed546c8fe7c7492683b1eb06bc37f5435d2,12189,12189,3048,ceil(utf8_bytes/4)_cpu_estimate,1,0,semi_structured,json_array,plain_insert,0,1,1,1
seed_000168,seed_000168,source_group_id,student_club,direct,Direct,D-FS-M,generation,baseline,direct,,6c53602a79a943532bed05411a294f3c05fc5d2df23cfe3dd4cf6b84229e56ec,11217,11217,2805,ceil(utf8_bytes/4)_cpu_estimate,1,0,semi_structured,json_array,plain_insert,0,1,1,1
seed_000168,seed_000168,source_group_id,student_club,j_fs,J-FS,J-FS-M,generation,baseline,j_fs,,5d00cf0c79c4fe519cff863c103675235874d636b9f939ba098a702ef1f6bfc2,11148,11148,2787,ceil(utf8_bytes/4)_cpu_estimate,1,0,semi_structured,json_array,plain_insert,0,1,1,1
seed_000168,seed_000168,source_group_id,student_club,original_mp_fs_plus,Original MP-FS+,MP-FS+,deterministic_reprocess,primary_comparison_baseline,mp_fs_plus_shared,mp_fs_plus_shared,574a226e40d4853f48e8bfe45aec3e08f298a6ee857a3023237d4324b0612eac,15008,15008,3752,ceil(utf8_bytes/4)_cpu_estimate,1,0,semi_structured,json_array,plain_insert,0,1,1,1
seed_000168,seed_000168,source_group_id,student_club,d_g1_primary,MP-FS+ vNext D_G1,MP-FS+,deterministic_reprocess,primary,mp_fs_plus_shared,mp_fs_plus_shared,574a226e40d4853f48e8bfe45aec3e08f298a6ee857a3023237d4324b0612eac,15008,15008,3752,ceil(utf8_bytes/4)_cpu_estimate,1,0,semi_structured,json_array,plain_insert,0,1,1,1
seed_000168,seed_000168,source_group_id,student_club,d_only_secondary,MP-FS+ vNext D_ONLY,MP-FS+,deterministic_reprocess,secondary_ablation,mp_fs_plus_shared,mp_fs_plus_shared,574a226e40d4853f48e8bfe45aec3e08f298a6ee857a3023237d4324b0612eac,15008,15008,3752,ceil(utf8_bytes/4)_cpu_estimate,1,0,semi_structured,json_array,plain_insert,0,1,1,1
seed_000168,seed_000168,source_group_id,student_club,full_secondary,MP-FS+ vNext FULL,MP-FS+,deterministic_reprocess,secondary_ablation,mp_fs_plus_shared,mp_fs_plus_shared,574a226e40d4853f48e8bfe45aec3e08f298a6ee857a3023237d4324b0612eac,15008,15008,3752,ceil(utf8_bytes/4)_cpu_estimate,1,0,semi_structured,json_array,plain_insert,0,1,1,1
seed_000168,seed_000168,source_group_id,student_club,no_c_secondary,MP-FS+ vNext NO_C,MP-FS+,deterministic_reprocess,secondary_ablation,mp_fs_plus_shared,mp_fs_plus_shared,574a226e40d4853f48e8bfe45aec3e08f298a6ee857a3023237d4324b0612eac,15008,15008,3752,ceil(utf8_bytes/4)_cpu_estimate,1,0,semi_structured,json_array,plain_insert,0,1,1,1
seed_000259,seed_000259,source_group_id,financial,direct,Direct,D-FS-M,generation,baseline,direct,,10ba71fe8a27779d29d7eaed1befa5f0eddadd8d9d7ee683047a8348bad6295c,12968,12970,3243,ceil(utf8_bytes/4)_cpu_estimate,1,0,semi_structured,json_array,insert_ignore,0,1,1,1
seed_000259,seed_000259,source_group_id,financial,j_fs,J-FS,J-FS-M,generation,baseline,j_fs,,b14369b51f3515965b526dde66968a96e68026facd21b44ffd41a1c8ff5da8b5,12899,12901,3226,ceil(utf8_bytes/4)_cpu_estimate,1,0,semi_structured,json_array,insert_ignore,0,1,1,1
seed_000259,seed_000259,source_group_id,financial,original_mp_fs_plus,Original MP-FS+,MP-FS+,deterministic_reprocess,primary_comparison_baseline,mp_fs_plus_shared,mp_fs_plus_shared,16c1570c229b4070dd871032919e8e884e2eb839418858dcc39be13f3df9561f,11503,11503,2876,ceil(utf8_bytes/4)_cpu_estimate,1,0,semi_structured,json_array,insert_ignore,0,1,1,1
seed_000259,seed_000259,source_group_id,financial,d_g1_primary,MP-FS+ vNext D_G1,MP-FS+,deterministic_reprocess,primary,mp_fs_plus_shared,mp_fs_plus_shared,16c1570c229b4070dd871032919e8e884e2eb839418858dcc39be13f3df9561f,11503,11503,2876,ceil(utf8_bytes/4)_cpu_estimate,1,0,semi_structured,json_array,insert_ignore,0,1,1,1
seed_000259,seed_000259,source_group_id,financial,d_only_secondary,MP-FS+ vNext D_ONLY,MP-FS+,deterministic_reprocess,secondary_ablation,mp_fs_plus_shared,mp_fs_plus_shared,16c1570c229b4070dd871032919e8e884e2eb839418858dcc39be13f3df9561f,11503,11503,2876,ceil(utf8_bytes/4)_cpu_estimate,1,0,semi_structured,json_array,insert_ignore,0,1,1,1
seed_000259,seed_000259,source_group_id,financial,full_secondary,MP-FS+ vNext FULL,MP-FS+,deterministic_reprocess,secondary_ablation,mp_fs_plus_shared,mp_fs_plus_shared,16c1570c229b4070dd871032919e8e884e2eb839418858dcc39be13f3df9561f,11503,11503,2876,ceil(utf8_bytes/4)_cpu_estimate,1,0,semi_structured,json_array,insert_ignore,0,1,1,1
seed_000259,seed_000259,source_group_id,financial,no_c_secondary,MP-FS+ vNext NO_C,MP-FS+,deterministic_reprocess,secondary_ablation,mp_fs_plus_shared,mp_fs_plus_shared,16c1570c229b4070dd871032919e8e884e2eb839418858dcc39be13f3df9561f,11503,11503,2876,ceil(utf8_bytes/4)_cpu_estimate,1,0,semi_structured,json_array,insert_ignore,0,1,1,1
aug_seed_000065_single_row_subset_002,seed_000065,source_group_id,formula_1,direct,Direct,D-FS-M,generation,baseline,direct,,4e27535dc599486c933dbb38490f89327617b545aee3f9dc522013319a1796f4,18564,18564,4641,ceil(utf8_bytes/4)_cpu_estimate,1,0,semi_structured,markdown_table,insert_ignore,0,1,1,1
aug_seed_000065_single_row_subset_002,seed_000065,source_group_id,formula_1,j_fs,J-FS,J-FS-M,generation,baseline,j_fs,,e38b6f72de4dd2e031cb1075c67674ffc53847d47368ad0f116c9a2e23fc9206,18495,18495,4624,ceil(utf8_bytes/4)_cpu_estimate,1,0,semi_structured,markdown_table,insert_ignore,0,1,1,1
aug_seed_000065_single_row_subset_002,seed_000065,source_group_id,formula_1,original_mp_fs_plus,Original MP-FS+,MP-FS+,deterministic_reprocess,primary_comparison_baseline,mp_fs_plus_shared,mp_fs_plus_shared,0c4f9de289d292994de7300e5fecfaa710786c12531fa05f6dc530c7ebc8b390,9191,9191,2298,ceil(utf8_bytes/4)_cpu_estimate,1,0,semi_structured,markdown_table,insert_ignore,0,1,1,1
aug_seed_000065_single_row_subset_002,seed_000065,source_group_id,formula_1,d_g1_primary,MP-FS+ vNext D_G1,MP-FS+,deterministic_reprocess,primary,mp_fs_plus_shared,mp_fs_plus_shared,0c4f9de289d292994de7300e5fecfaa710786c12531fa05f6dc530c7ebc8b390,9191,9191,2298,ceil(utf8_bytes/4)_cpu_estimate,1,0,semi_structured,markdown_table,insert_ignore,0,1,1,1
aug_seed_000065_single_row_subset_002,seed_000065,source_group_id,formula_1,d_only_secondary,MP-FS+ vNext D_ONLY,MP-FS+,deterministic_reprocess,secondary_ablation,mp_fs_plus_shared,mp_fs_plus_shared,0c4f9de289d292994de7300e5fecfaa710786c12531fa05f6dc530c7ebc8b390,9191,9191,2298,ceil(utf8_bytes/4)_cpu_estimate,1,0,semi_structured,markdown_table,insert_ignore,0,1,1,1
aug_seed_000065_single_row_subset_002,seed_000065,source_group_id,formula_1,full_secondary,MP-FS+ vNext FULL,MP-FS+,deterministic_reprocess,secondary_ablation,mp_fs_plus_shared,mp_fs_plus_shared,0c4f9de289d292994de7300e5fecfaa710786c12531fa05f6dc530c7ebc8b390,9191,9191,2298,ceil(utf8_bytes/4)_cpu_estimate,1,0,semi_structured,markdown_table,insert_ignore,0,1,1,1
aug_seed_000065_single_row_subset_002,seed_000065,source_group_id,formula_1,no_c_secondary,MP-FS+ vNext NO_C,MP-FS+,deterministic_reprocess,secondary_ablation,mp_fs_plus_shared,mp_fs_plus_shared,0c4f9de289d292994de7300e5fecfaa710786c12531fa05f6dc530c7ebc8b390,9191,9191,2298,ceil(utf8_bytes/4)_cpu_estimate,1,0,semi_structured,markdown_table,insert_ignore,0,1,1,1
aug_seed_000215_small_batch_subset_001,seed_000215,source_group_id,student_club,direct,Direct,D-FS-M,generation,baseline,direct,,b8fed207f46a692f1394f7c4a4cce6185b5248761b7f84b62e665626e56149e4,9275,9275,2319,ceil(utf8_bytes/4)_cpu_estimate,1,0,free_text,free_text,insert_ignore,0,1,1,1
aug_seed_000215_small_batch_subset_001,seed_000215,source_group_id,student_club,j_fs,J-FS,J-FS-M,generation,baseline,j_fs,,3a2802d3bdcc86d8f65e7bd55bcf8527233dc54ad4c3ed7cb97ef79b62d6bc7e,9185,9185,2297,ceil(utf8_bytes/4)_cpu_estimate,1,0,free_text,free_text,insert_ignore,0,1,1,1
aug_seed_000215_small_batch_subset_001,seed_000215,source_group_id,student_club,original_mp_fs_plus,Original MP-FS+,MP-FS+,deterministic_reprocess,primary_comparison_baseline,mp_fs_plus_shared,mp_fs_plus_shared,31568670f91c9d9f656a237d6a48565a19f3afe7e4a9fd23e02ccf77e5f97417,13955,13955,3489,ceil(utf8_bytes/4)_cpu_estimate,1,0,free_text,free_text,insert_ignore,0,1,1,1
aug_seed_000215_small_batch_subset_001,seed_000215,source_group_id,student_club,d_g1_primary,MP-FS+ vNext D_G1,MP-FS+,deterministic_reprocess,primary,mp_fs_plus_shared,mp_fs_plus_shared,31568670f91c9d9f656a237d6a48565a19f3afe7e4a9fd23e02ccf77e5f97417,13955,13955,3489,ceil(utf8_bytes/4)_cpu_estimate,1,0,free_text,free_text,insert_ignore,0,1,1,1
aug_seed_000215_small_batch_subset_001,seed_000215,source_group_id,student_club,d_only_secondary,MP-FS+ vNext D_ONLY,MP-FS+,deterministic_reprocess,secondary_ablation,mp_fs_plus_shared,mp_fs_plus_shared,31568670f91c9d9f656a237d6a48565a19f3afe7e4a9fd23e02ccf77e5f97417,13955,13955,3489,ceil(utf8_bytes/4)_cpu_estimate,1,0,free_text,free_text,insert_ignore,0,1,1,1
aug_seed_000215_small_batch_subset_001,seed_000215,source_group_id,student_club,full_secondary,MP-FS+ vNext FULL,MP-FS+,deterministic_reprocess,secondary_ablation,mp_fs_plus_shared,mp_fs_plus_shared,31568670f91c9d9f656a237d6a48565a19f3afe7e4a9fd23e02ccf77e5f97417,13955,13955,3489,ceil(utf8_bytes/4)_cpu_estimate,1,0,free_text,free_text,insert_ignore,0,1,1,1
aug_seed_000215_small_batch_subset_001,seed_000215,source_group_id,student_club,no_c_secondary,MP-FS+ vNext NO_C,MP-FS+,deterministic_reprocess,secondary_ablation,mp_fs_plus_shared,mp_fs_plus_shared,31568670f91c9d9f656a237d6a48565a19f3afe7e4a9fd23e02ccf77e5f97417,13955,13955,3489,ceil(utf8_bytes/4)_cpu_estimate,1,0,free_text,free_text,insert_ignore,0,1,1,1
aug_seed_000014_single_row_subset_002,seed_000014,source_group_id,student_club,direct,Direct,D-FS-M,generation,baseline,direct,,1045e0d8477305e8e1971cfc7e3050baae7353274c76ec026916c1926ce4b734,9514,9514,2379,ceil(utf8_bytes/4)_cpu_estimate,1,0,free_text,free_text,insert_ignore,0,1,1,1
aug_seed_000014_single_row_subset_002,seed_000014,source_group_id,student_club,j_fs,J-FS,J-FS-M,generation,baseline,j_fs,,895e65a519b23d45fe719754d69e471e680dd4cf6c8cfd12efadfd3069ef77d5,9424,9424,2356,ceil(utf8_bytes/4)_cpu_estimate,1,0,free_text,free_text,insert_ignore,0,1,1,1
aug_seed_000014_single_row_subset_002,seed_000014,source_group_id,student_club,original_mp_fs_plus,Original MP-FS+,MP-FS+,deterministic_reprocess,primary_comparison_baseline,mp_fs_plus_shared,mp_fs_plus_shared,605678f58d8246266f54b4667134b7f798ba1555401d8d505c292bfd3139ba3a,18173,18173,4544,ceil(utf8_bytes/4)_cpu_estimate,1,0,free_text,free_text,insert_ignore,0,1,1,1
aug_seed_000014_single_row_subset_002,seed_000014,source_group_id,student_club,d_g1_primary,MP-FS+ vNext D_G1,MP-FS+,deterministic_reprocess,primary,mp_fs_plus_shared,mp_fs_plus_shared,605678f58d8246266f54b4667134b7f798ba1555401d8d505c292bfd3139ba3a,18173,18173,4544,ceil(utf8_bytes/4)_cpu_estimate,1,0,free_text,free_text,insert_ignore,0,1,1,1
aug_seed_000014_single_row_subset_002,seed_000014,source_group_id,student_club,d_only_secondary,MP-FS+ vNext D_ONLY,MP-FS+,deterministic_reprocess,secondary_ablation,mp_fs_plus_shared,mp_fs_plus_shared,605678f58d8246266f54b4667134b7f798ba1555401d8d505c292bfd3139ba3a,18173,18173,4544,ceil(utf8_bytes/4)_cpu_estimate,1,0,free_text,free_text,insert_ignore,0,1,1,1
aug_seed_000014_single_row_subset_002,seed_000014,source_group_id,student_club,full_secondary,MP-FS+ vNext FULL,MP-FS+,deterministic_reprocess,secondary_ablation,mp_fs_plus_shared,mp_fs_plus_shared,605678f58d8246266f54b4667134b7f798ba1555401d8d505c292bfd3139ba3a,18173,18173,4544,ceil(utf8_bytes/4)_cpu_estimate,1,0,free_text,free_text,insert_ignore,0,1,1,1
aug_seed_000014_single_row_subset_002,seed_000014,source_group_id,student_club,no_c_secondary,MP-FS+ vNext NO_C,MP-FS+,deterministic_reprocess,secondary_ablation,mp_fs_plus_shared,mp_fs_plus_shared,605678f58d8246266f54b4667134b7f798ba1555401d8d505c292bfd3139ba3a,18173,18173,4544,ceil(utf8_bytes/4)_cpu_estimate,1,0,free_text,free_text,insert_ignore,0,1,1,1
aug_seed_000088_relational_format_variant_001,seed_000088,source_group_id,thrombosis_prediction,direct,Direct,D-FS-M,generation,baseline,direct,,8ceb53b55bbd26db8e68521c0e2c3551298bd31270bd95bcdebe0fa526b226da,13939,13939,3485,ceil(utf8_bytes/4)_cpu_estimate,1,0,free_text,free_text,insert_ignore,1,1,1,1
aug_seed_000088_relational_format_variant_001,seed_000088,source_group_id,thrombosis_prediction,j_fs,J-FS,J-FS-M,generation,baseline,j_fs,,92127d1acdfda5906320f848ca3f09638e8fcf2ce72a871187a46492af019194,13849,13849,3463,ceil(utf8_bytes/4)_cpu_estimate,1,0,free_text,free_text,insert_ignore,1,1,1,1
aug_seed_000088_relational_format_variant_001,seed_000088,source_group_id,thrombosis_prediction,original_mp_fs_plus,Original MP-FS+,MP-FS+,deterministic_reprocess,primary_comparison_baseline,mp_fs_plus_shared,mp_fs_plus_shared,af00080d48d2816236059e1dd61ed6a404a6b37d1d6d96ac10c9681e18127145,38126,38126,9532,ceil(utf8_bytes/4)_cpu_estimate,1,0,free_text,free_text,insert_ignore,1,1,1,1
aug_seed_000088_relational_format_variant_001,seed_000088,source_group_id,thrombosis_prediction,d_g1_primary,MP-FS+ vNext D_G1,MP-FS+,deterministic_reprocess,primary,mp_fs_plus_shared,mp_fs_plus_shared,af00080d48d2816236059e1dd61ed6a404a6b37d1d6d96ac10c9681e18127145,38126,38126,9532,ceil(utf8_bytes/4)_cpu_estimate,1,0,free_text,free_text,insert_ignore,1,1,1,1
aug_seed_000088_relational_format_variant_001,seed_000088,source_group_id,thrombosis_prediction,d_only_secondary,MP-FS+ vNext D_ONLY,MP-FS+,deterministic_reprocess,secondary_ablation,mp_fs_plus_shared,mp_fs_plus_shared,af00080d48d2816236059e1dd61ed6a404a6b37d1d6d96ac10c9681e18127145,38126,38126,9532,ceil(utf8_bytes/4)_cpu_estimate,1,0,free_text,free_text,insert_ignore,1,1,1,1
aug_seed_000088_relational_format_variant_001,seed_000088,source_group_id,thrombosis_prediction,full_secondary,MP-FS+ vNext FULL,MP-FS+,deterministic_reprocess,secondary_ablation,mp_fs_plus_shared,mp_fs_plus_shared,af00080d48d2816236059e1dd61ed6a404a6b37d1d6d96ac10c9681e18127145,38126,38126,9532,ceil(utf8_bytes/4)_cpu_estimate,1,0,free_text,free_text,insert_ignore,1,1,1,1
aug_seed_000088_relational_format_variant_001,seed_000088,source_group_id,thrombosis_prediction,no_c_secondary,MP-FS+ vNext NO_C,MP-FS+,deterministic_reprocess,secondary_ablation,mp_fs_plus_shared,mp_fs_plus_shared,af00080d48d2816236059e1dd61ed6a404a6b37d1d6d96ac10c9681e18127145,38126,38126,9532,ceil(utf8_bytes/4)_cpu_estimate,1,0,free_text,free_text,insert_ignore,1,1,1,1
aug_seed_000321_small_batch_subset_001,seed_000321,source_group_id,debit_card_specializing,direct,Direct,D-FS-M,generation,baseline,direct,,33ac31f398f97b23f036ffb5cfc07c6b505bed8b73233889c3297b65ab0ece6c,6521,6521,1631,ceil(utf8_bytes/4)_cpu_estimate,1,0,semi_structured,key_value,insert_ignore,0,1,1,1
aug_seed_000321_small_batch_subset_001,seed_000321,source_group_id,debit_card_specializing,j_fs,J-FS,J-FS-M,generation,baseline,j_fs,,9009029877312db0c1a981d6c473f6d965b1b052ac97d3eb99f847a941cef35c,6452,6452,1613,ceil(utf8_bytes/4)_cpu_estimate,1,0,semi_structured,key_value,insert_ignore,0,1,1,1
aug_seed_000321_small_batch_subset_001,seed_000321,source_group_id,debit_card_specializing,original_mp_fs_plus,Original MP-FS+,MP-FS+,deterministic_reprocess,primary_comparison_baseline,mp_fs_plus_shared,mp_fs_plus_shared,c9ae97f3bf7a5a43b4b40460f7bb8dea82f01269187295548eb4e523629ff8cc,7581,7581,1896,ceil(utf8_bytes/4)_cpu_estimate,1,0,semi_structured,key_value,insert_ignore,0,1,1,1
aug_seed_000321_small_batch_subset_001,seed_000321,source_group_id,debit_card_specializing,d_g1_primary,MP-FS+ vNext D_G1,MP-FS+,deterministic_reprocess,primary,mp_fs_plus_shared,mp_fs_plus_shared,c9ae97f3bf7a5a43b4b40460f7bb8dea82f01269187295548eb4e523629ff8cc,7581,7581,1896,ceil(utf8_bytes/4)_cpu_estimate,1,0,semi_structured,key_value,insert_ignore,0,1,1,1
aug_seed_000321_small_batch_subset_001,seed_000321,source_group_id,debit_card_specializing,d_only_secondary,MP-FS+ vNext D_ONLY,MP-FS+,deterministic_reprocess,secondary_ablation,mp_fs_plus_shared,mp_fs_plus_shared,c9ae97f3bf7a5a43b4b40460f7bb8dea82f01269187295548eb4e523629ff8cc,7581,7581,1896,ceil(utf8_bytes/4)_cpu_estimate,1,0,semi_structured,key_value,insert_ignore,0,1,1,1
aug_seed_000321_small_batch_subset_001,seed_000321,source_group_id,debit_card_specializing,full_secondary,MP-FS+ vNext FULL,MP-FS+,deterministic_reprocess,secondary_ablation,mp_fs_plus_shared,mp_fs_plus_shared,c9ae97f3bf7a5a43b4b40460f7bb8dea82f01269187295548eb4e523629ff8cc,7581,7581,1896,ceil(utf8_bytes/4)_cpu_estimate,1,0,semi_structured,key_value,insert_ignore,0,1,1,1
aug_seed_000321_small_batch_subset_001,seed_000321,source_group_id,debit_card_specializing,no_c_secondary,MP-FS+ vNext NO_C,MP-FS+,deterministic_reprocess,secondary_ablation,mp_fs_plus_shared,mp_fs_plus_shared,c9ae97f3bf7a5a43b4b40460f7bb8dea82f01269187295548eb4e523629ff8cc,7581,7581,1896,ceil(utf8_bytes/4)_cpu_estimate,1,0,semi_structured,key_value,insert_ignore,0,1,1,1
seed_000191,seed_000191,source_group_id,debit_card_specializing,direct,Direct,D-FS-M,generation,baseline,direct,,ad4d3dcd04658238514d2ca085c8304eb77dc3f3ecbb2fec0bd40efc88c480e4,9409,9409,2353,ceil(utf8_bytes/4)_cpu_estimate,1,0,semi_structured,json_array,insert_ignore,0,1,1,1
seed_000191,seed_000191,source_group_id,debit_card_specializing,j_fs,J-FS,J-FS-M,generation,baseline,j_fs,,63eb638b1786ac73738034e58c48bb9d9a5cd320180f6f44f60a521ee728da5b,9340,9340,2335,ceil(utf8_bytes/4)_cpu_estimate,1,0,semi_structured,json_array,insert_ignore,0,1,1,1
seed_000191,seed_000191,source_group_id,debit_card_specializing,original_mp_fs_plus,Original MP-FS+,MP-FS+,deterministic_reprocess,primary_comparison_baseline,mp_fs_plus_shared,mp_fs_plus_shared,b68164544e080ee3ffdfaee0f10a694bcaea4dbac0cd454c72177afc02a107f7,7560,7560,1890,ceil(utf8_bytes/4)_cpu_estimate,1,0,semi_structured,json_array,insert_ignore,0,1,1,1
seed_000191,seed_000191,source_group_id,debit_card_specializing,d_g1_primary,MP-FS+ vNext D_G1,MP-FS+,deterministic_reprocess,primary,mp_fs_plus_shared,mp_fs_plus_shared,b68164544e080ee3ffdfaee0f10a694bcaea4dbac0cd454c72177afc02a107f7,7560,7560,1890,ceil(utf8_bytes/4)_cpu_estimate,1,0,semi_structured,json_array,insert_ignore,0,1,1,1
seed_000191,seed_000191,source_group_id,debit_card_specializing,d_only_secondary,MP-FS+ vNext D_ONLY,MP-FS+,deterministic_reprocess,secondary_ablation,mp_fs_plus_shared,mp_fs_plus_shared,b68164544e080ee3ffdfaee0f10a694bcaea4dbac0cd454c72177afc02a107f7,7560,7560,1890,ceil(utf8_bytes/4)_cpu_estimate,1,0,semi_structured,json_array,insert_ignore,0,1,1,1
seed_000191,seed_000191,source_group_id,debit_card_specializing,full_secondary,MP-FS+ vNext FULL,MP-FS+,deterministic_reprocess,secondary_ablation,mp_fs_plus_shared,mp_fs_plus_shared,b68164544e080ee3ffdfaee0f10a694bcaea4dbac0cd454c72177afc02a107f7,7560,7560,1890,ceil(utf8_bytes/4)_cpu_estimate,1,0,semi_structured,json_array,insert_ignore,0,1,1,1
seed_000191,seed_000191,source_group_id,debit_card_specializing,no_c_secondary,MP-FS+ vNext NO_C,MP-FS+,deterministic_reprocess,secondary_ablation,mp_fs_plus_shared,mp_fs_plus_shared,b68164544e080ee3ffdfaee0f10a694bcaea4dbac0cd454c72177afc02a107f7,7560,7560,1890,ceil(utf8_bytes/4)_cpu_estimate,1,0,semi_structured,json_array,insert_ignore,0,1,1,1
seed_000159,seed_000159,source_group_id,student_club,direct,Direct,D-FS-M,generation,baseline,direct,,8bcade420e7b11bd584f4d43521e7f45a2bb2a05118fc4c1dadb80a106cddd40,11282,11282,2821,ceil(utf8_bytes/4)_cpu_estimate,1,0,semi_structured,json_array,plain_insert,0,1,1,1
seed_000159,seed_000159,source_group_id,student_club,j_fs,J-FS,J-FS-M,generation,baseline,j_fs,,8b72b8a04e586c61cd641a5d2284bb969e9f36f0fcc9cfa9ffa7393dbea10f3a,11213,11213,2804,ceil(utf8_bytes/4)_cpu_estimate,1,0,semi_structured,json_array,plain_insert,0,1,1,1
seed_000159,seed_000159,source_group_id,student_club,original_mp_fs_plus,Original MP-FS+,MP-FS+,deterministic_reprocess,primary_comparison_baseline,mp_fs_plus_shared,mp_fs_plus_shared,281eb34586b3309c2857636a78e2a1ef98eec406ad09a6022484392a59ea76cd,13881,13881,3471,ceil(utf8_bytes/4)_cpu_estimate,1,0,semi_structured,json_array,plain_insert,0,1,1,1
seed_000159,seed_000159,source_group_id,student_club,d_g1_primary,MP-FS+ vNext D_G1,MP-FS+,deterministic_reprocess,primary,mp_fs_plus_shared,mp_fs_plus_shared,281eb34586b3309c2857636a78e2a1ef98eec406ad09a6022484392a59ea76cd,13881,13881,3471,ceil(utf8_bytes/4)_cpu_estimate,1,0,semi_structured,json_array,plain_insert,0,1,1,1
seed_000159,seed_000159,source_group_id,student_club,d_only_secondary,MP-FS+ vNext D_ONLY,MP-FS+,deterministic_reprocess,secondary_ablation,mp_fs_plus_shared,mp_fs_plus_shared,281eb34586b3309c2857636a78e2a1ef98eec406ad09a6022484392a59ea76cd,13881,13881,3471,ceil(utf8_bytes/4)_cpu_estimate,1,0,semi_structured,json_array,plain_insert,0,1,1,1
seed_000159,seed_000159,source_group_id,student_club,full_secondary,MP-FS+ vNext FULL,MP-FS+,deterministic_reprocess,secondary_ablation,mp_fs_plus_shared,mp_fs_plus_shared,281eb34586b3309c2857636a78e2a1ef98eec406ad09a6022484392a59ea76cd,13881,13881,3471,ceil(utf8_bytes/4)_cpu_estimate,1,0,semi_structured,json_array,plain_insert,0,1,1,1
seed_000159,seed_000159,source_group_id,student_club,no_c_secondary,MP-FS+ vNext NO_C,MP-FS+,deterministic_reprocess,secondary_ablation,mp_fs_plus_shared,mp_fs_plus_shared,281eb34586b3309c2857636a78e2a1ef98eec406ad09a6022484392a59ea76cd,13881,13881,3471,ceil(utf8_bytes/4)_cpu_estimate,1,0,semi_structured,json_array,plain_insert,0,1,1,1
aug_seed_000144_small_batch_subset_001,seed_000144,source_group_id,superhero,direct,Direct,D-FS-M,generation,baseline,direct,,25f8d61fd962bd7463764108e1d9489fb8ddc000b7aaef40f5f1bba3d7820241,8943,8943,2236,ceil(utf8_bytes/4)_cpu_estimate,1,0,semi_structured,markdown_table,insert_ignore,0,1,1,1
aug_seed_000144_small_batch_subset_001,seed_000144,source_group_id,superhero,j_fs,J-FS,J-FS-M,generation,baseline,j_fs,,0b1dd253c8e9de6f6ea4a788d4331caa63b4a65e4ecf4b5b89110057a7feb678,8874,8874,2219,ceil(utf8_bytes/4)_cpu_estimate,1,0,semi_structured,markdown_table,insert_ignore,0,1,1,1
aug_seed_000144_small_batch_subset_001,seed_000144,source_group_id,superhero,original_mp_fs_plus,Original MP-FS+,MP-FS+,deterministic_reprocess,primary_comparison_baseline,mp_fs_plus_shared,mp_fs_plus_shared,ab3eb76ffd7e927764fcdc5025e4d29fd05f3c10eda7ea42e9ae1090ca2a8e80,7120,7120,1780,ceil(utf8_bytes/4)_cpu_estimate,1,0,semi_structured,markdown_table,insert_ignore,0,1,1,1
aug_seed_000144_small_batch_subset_001,seed_000144,source_group_id,superhero,d_g1_primary,MP-FS+ vNext D_G1,MP-FS+,deterministic_reprocess,primary,mp_fs_plus_shared,mp_fs_plus_shared,ab3eb76ffd7e927764fcdc5025e4d29fd05f3c10eda7ea42e9ae1090ca2a8e80,7120,7120,1780,ceil(utf8_bytes/4)_cpu_estimate,1,0,semi_structured,markdown_table,insert_ignore,0,1,1,1
aug_seed_000144_small_batch_subset_001,seed_000144,source_group_id,superhero,d_only_secondary,MP-FS+ vNext D_ONLY,MP-FS+,deterministic_reprocess,secondary_ablation,mp_fs_plus_shared,mp_fs_plus_shared,ab3eb76ffd7e927764fcdc5025e4d29fd05f3c10eda7ea42e9ae1090ca2a8e80,7120,7120,1780,ceil(utf8_bytes/4)_cpu_estimate,1,0,semi_structured,markdown_table,insert_ignore,0,1,1,1
aug_seed_000144_small_batch_subset_001,seed_000144,source_group_id,superhero,full_secondary,MP-FS+ vNext FULL,MP-FS+,deterministic_reprocess,secondary_ablation,mp_fs_plus_shared,mp_fs_plus_shared,ab3eb76ffd7e927764fcdc5025e4d29fd05f3c10eda7ea42e9ae1090ca2a8e80,7120,7120,1780,ceil(utf8_bytes/4)_cpu_estimate,1,0,semi_structured,markdown_table,insert_ignore,0,1,1,1
aug_seed_000144_small_batch_subset_001,seed_000144,source_group_id,superhero,no_c_secondary,MP-FS+ vNext NO_C,MP-FS+,deterministic_reprocess,secondary_ablation,mp_fs_plus_shared,mp_fs_plus_shared,ab3eb76ffd7e927764fcdc5025e4d29fd05f3c10eda7ea42e9ae1090ca2a8e80,7120,7120,1780,ceil(utf8_bytes/4)_cpu_estimate,1,0,semi_structured,markdown_table,insert_ignore,0,1,1,1
seed_000235,seed_000235,source_group_id,financial,direct,Direct,D-FS-M,generation,baseline,direct,,0eb2c4e035271586ba7354064cdaa7d5b1eaa19edc30da7301f5994dc700a486,12178,12178,3045,ceil(utf8_bytes/4)_cpu_estimate,1,0,semi_structured,json_array,plain_insert,0,1,1,1
seed_000235,seed_000235,source_group_id,financial,j_fs,J-FS,J-FS-M,generation,baseline,j_fs,,9745738d6ae35f944d95350b3715a211ba948c345661b6927b111d0f12997553,12109,12109,3028,ceil(utf8_bytes/4)_cpu_estimate,1,0,semi_structured,json_array,plain_insert,0,1,1,1
seed_000235,seed_000235,source_group_id,financial,original_mp_fs_plus,Original MP-FS+,MP-FS+,deterministic_reprocess,primary_comparison_baseline,mp_fs_plus_shared,mp_fs_plus_shared,ddc52b2a80b46d773b2a35b976fe2aa17fbbe05bb6c2e1d42e3883992dc4420e,17435,17435,4359,ceil(utf8_bytes/4)_cpu_estimate,1,0,semi_structured,json_array,plain_insert,0,1,1,1
seed_000235,seed_000235,source_group_id,financial,d_g1_primary,MP-FS+ vNext D_G1,MP-FS+,deterministic_reprocess,primary,mp_fs_plus_shared,mp_fs_plus_shared,ddc52b2a80b46d773b2a35b976fe2aa17fbbe05bb6c2e1d42e3883992dc4420e,17435,17435,4359,ceil(utf8_bytes/4)_cpu_estimate,1,0,semi_structured,json_array,plain_insert,0,1,1,1
seed_000235,seed_000235,source_group_id,financial,d_only_secondary,MP-FS+ vNext D_ONLY,MP-FS+,deterministic_reprocess,secondary_ablation,mp_fs_plus_shared,mp_fs_plus_shared,ddc52b2a80b46d773b2a35b976fe2aa17fbbe05bb6c2e1d42e3883992dc4420e,17435,17435,4359,ceil(utf8_bytes/4)_cpu_estimate,1,0,semi_structured,json_array,plain_insert,0,1,1,1
seed_000235,seed_000235,source_group_id,financial,full_secondary,MP-FS+ vNext FULL,MP-FS+,deterministic_reprocess,secondary_ablation,mp_fs_plus_shared,mp_fs_plus_shared,ddc52b2a80b46d773b2a35b976fe2aa17fbbe05bb6c2e1d42e3883992dc4420e,17435,17435,4359,ceil(utf8_bytes/4)_cpu_estimate,1,0,semi_structured,json_array,plain_insert,0,1,1,1
seed_000235,seed_000235,source_group_id,financial,no_c_secondary,MP-FS+ vNext NO_C,MP-FS+,deterministic_reprocess,secondary_ablation,mp_fs_plus_shared,mp_fs_plus_shared,ddc52b2a80b46d773b2a35b976fe2aa17fbbe05bb6c2e1d42e3883992dc4420e,17435,17435,4359,ceil(utf8_bytes/4)_cpu_estimate,1,0,semi_structured,json_array,plain_insert,0,1,1,1
aug_seed_000312_single_row_subset_001,seed_000312,source_group_id,student_club,direct,Direct,D-FS-M,generation,baseline,direct,,99bbee72a333f8e51d1a845eab0bb52b027dc8ae198c2b7c812a7f5334e2abf1,9444,9444,2361,ceil(utf8_bytes/4)_cpu_estimate,1,0,free_text,free_text,insert_ignore,0,1,1,1
aug_seed_000312_single_row_subset_001,seed_000312,source_group_id,student_club,j_fs,J-FS,J-FS-M,generation,baseline,j_fs,,51e6062125474408141993c15bb739a7a2bbb05c0be50323531af7de534306c9,9354,9354,2339,ceil(utf8_bytes/4)_cpu_estimate,1,0,free_text,free_text,insert_ignore,0,1,1,1
aug_seed_000312_single_row_subset_001,seed_000312,source_group_id,student_club,original_mp_fs_plus,Original MP-FS+,MP-FS+,deterministic_reprocess,primary_comparison_baseline,mp_fs_plus_shared,mp_fs_plus_shared,3169144993d0cfea5caa24b81ef2f970fd7ed1c8cf756db982e5e1ab8a6c7912,17633,17633,4409,ceil(utf8_bytes/4)_cpu_estimate,1,0,free_text,free_text,insert_ignore,0,1,1,1
aug_seed_000312_single_row_subset_001,seed_000312,source_group_id,student_club,d_g1_primary,MP-FS+ vNext D_G1,MP-FS+,deterministic_reprocess,primary,mp_fs_plus_shared,mp_fs_plus_shared,3169144993d0cfea5caa24b81ef2f970fd7ed1c8cf756db982e5e1ab8a6c7912,17633,17633,4409,ceil(utf8_bytes/4)_cpu_estimate,1,0,free_text,free_text,insert_ignore,0,1,1,1
aug_seed_000312_single_row_subset_001,seed_000312,source_group_id,student_club,d_only_secondary,MP-FS+ vNext D_ONLY,MP-FS+,deterministic_reprocess,secondary_ablation,mp_fs_plus_shared,mp_fs_plus_shared,3169144993d0cfea5caa24b81ef2f970fd7ed1c8cf756db982e5e1ab8a6c7912,17633,17633,4409,ceil(utf8_bytes/4)_cpu_estimate,1,0,free_text,free_text,insert_ignore,0,1,1,1
aug_seed_000312_single_row_subset_001,seed_000312,source_group_id,student_club,full_secondary,MP-FS+ vNext FULL,MP-FS+,deterministic_reprocess,secondary_ablation,mp_fs_plus_shared,mp_fs_plus_shared,3169144993d0cfea5caa24b81ef2f970fd7ed1c8cf756db982e5e1ab8a6c7912,17633,17633,4409,ceil(utf8_bytes/4)_cpu_estimate,1,0,free_text,free_text,insert_ignore,0,1,1,1
aug_seed_000312_single_row_subset_001,seed_000312,source_group_id,student_club,no_c_secondary,MP-FS+ vNext NO_C,MP-FS+,deterministic_reprocess,secondary_ablation,mp_fs_plus_shared,mp_fs_plus_shared,3169144993d0cfea5caa24b81ef2f970fd7ed1c8cf756db982e5e1ab8a6c7912,17633,17633,4409,ceil(utf8_bytes/4)_cpu_estimate,1,0,free_text,free_text,insert_ignore,0,1,1,1
seed_000048,seed_000048,source_group_id,formula_1,direct,Direct,D-FS-M,generation,baseline,direct,,774ef814ac571563f1e88b250b83c88bf4cb7e77d384dde67a004e7c12c42575,18815,18815,4704,ceil(utf8_bytes/4)_cpu_estimate,1,0,semi_structured,json_array,plain_insert,0,1,1,1
seed_000048,seed_000048,source_group_id,formula_1,j_fs,J-FS,J-FS-M,generation,baseline,j_fs,,4a5e2f445bd23358be8b9565c4cbd2322ab3d5562f4d0755a04406d5dc6cfb66,18746,18746,4687,ceil(utf8_bytes/4)_cpu_estimate,1,0,semi_structured,json_array,plain_insert,0,1,1,1
seed_000048,seed_000048,source_group_id,formula_1,original_mp_fs_plus,Original MP-FS+,MP-FS+,deterministic_reprocess,primary_comparison_baseline,mp_fs_plus_shared,mp_fs_plus_shared,79f49915e40c997fa1a9c6245dbc7e4480a2d2c8e58be9c21e1b372f49999e12,22191,22191,5548,ceil(utf8_bytes/4)_cpu_estimate,1,0,semi_structured,json_array,plain_insert,0,1,1,1
seed_000048,seed_000048,source_group_id,formula_1,d_g1_primary,MP-FS+ vNext D_G1,MP-FS+,deterministic_reprocess,primary,mp_fs_plus_shared,mp_fs_plus_shared,79f49915e40c997fa1a9c6245dbc7e4480a2d2c8e58be9c21e1b372f49999e12,22191,22191,5548,ceil(utf8_bytes/4)_cpu_estimate,1,0,semi_structured,json_array,plain_insert,0,1,1,1
seed_000048,seed_000048,source_group_id,formula_1,d_only_secondary,MP-FS+ vNext D_ONLY,MP-FS+,deterministic_reprocess,secondary_ablation,mp_fs_plus_shared,mp_fs_plus_shared,79f49915e40c997fa1a9c6245dbc7e4480a2d2c8e58be9c21e1b372f49999e12,22191,22191,5548,ceil(utf8_bytes/4)_cpu_estimate,1,0,semi_structured,json_array,plain_insert,0,1,1,1
seed_000048,seed_000048,source_group_id,formula_1,full_secondary,MP-FS+ vNext FULL,MP-FS+,deterministic_reprocess,secondary_ablation,mp_fs_plus_shared,mp_fs_plus_shared,79f49915e40c997fa1a9c6245dbc7e4480a2d2c8e58be9c21e1b372f49999e12,22191,22191,5548,ceil(utf8_bytes/4)_cpu_estimate,1,0,semi_structured,json_array,plain_insert,0,1,1,1
seed_000048,seed_000048,source_group_id,formula_1,no_c_secondary,MP-FS+ vNext NO_C,MP-FS+,deterministic_reprocess,secondary_ablation,mp_fs_plus_shared,mp_fs_plus_shared,79f49915e40c997fa1a9c6245dbc7e4480a2d2c8e58be9c21e1b372f49999e12,22191,22191,5548,ceil(utf8_bytes/4)_cpu_estimate,1,0,semi_structured,json_array,plain_insert,0,1,1,1
seed_000289,seed_000289,source_group_id,debit_card_specializing,direct,Direct,D-FS-M,generation,baseline,direct,,3e8a3b32b890498389eaf6109e5198397727e931cb5298f02c97b83f0a51393a,9306,9306,2327,ceil(utf8_bytes/4)_cpu_estimate,1,0,semi_structured,json_array,plain_insert,0,1,1,1
seed_000289,seed_000289,source_group_id,debit_card_specializing,j_fs,J-FS,J-FS-M,generation,baseline,j_fs,,016f73fc6e9c95dc495ff73b3f0a8a7364e9d5939697b0a42f67229bbdce55a2,9237,9237,2310,ceil(utf8_bytes/4)_cpu_estimate,1,0,semi_structured,json_array,plain_insert,0,1,1,1
seed_000289,seed_000289,source_group_id,debit_card_specializing,original_mp_fs_plus,Original MP-FS+,MP-FS+,deterministic_reprocess,primary_comparison_baseline,mp_fs_plus_shared,mp_fs_plus_shared,3ea4b9ddc0df3fcae4e9168cfbcd66b51429e161680221d1b9573c886176755d,8155,8155,2039,ceil(utf8_bytes/4)_cpu_estimate,1,0,semi_structured,json_array,plain_insert,0,1,1,1
seed_000289,seed_000289,source_group_id,debit_card_specializing,d_g1_primary,MP-FS+ vNext D_G1,MP-FS+,deterministic_reprocess,primary,mp_fs_plus_shared,mp_fs_plus_shared,3ea4b9ddc0df3fcae4e9168cfbcd66b51429e161680221d1b9573c886176755d,8155,8155,2039,ceil(utf8_bytes/4)_cpu_estimate,1,0,semi_structured,json_array,plain_insert,0,1,1,1
seed_000289,seed_000289,source_group_id,debit_card_specializing,d_only_secondary,MP-FS+ vNext D_ONLY,MP-FS+,deterministic_reprocess,secondary_ablation,mp_fs_plus_shared,mp_fs_plus_shared,3ea4b9ddc0df3fcae4e9168cfbcd66b51429e161680221d1b9573c886176755d,8155,8155,2039,ceil(utf8_bytes/4)_cpu_estimate,1,0,semi_structured,json_array,plain_insert,0,1,1,1
seed_000289,seed_000289,source_group_id,debit_card_specializing,full_secondary,MP-FS+ vNext FULL,MP-FS+,deterministic_reprocess,secondary_ablation,mp_fs_plus_shared,mp_fs_plus_shared,3ea4b9ddc0df3fcae4e9168cfbcd66b51429e161680221d1b9573c886176755d,8155,8155,2039,ceil(utf8_bytes/4)_cpu_estimate,1,0,semi_structured,json_array,plain_insert,0,1,1,1
seed_000289,seed_000289,source_group_id,debit_card_specializing,no_c_secondary,MP-FS+ vNext NO_C,MP-FS+,deterministic_reprocess,secondary_ablation,mp_fs_plus_shared,mp_fs_plus_shared,3ea4b9ddc0df3fcae4e9168cfbcd66b51429e161680221d1b9573c886176755d,8155,8155,2039,ceil(utf8_bytes/4)_cpu_estimate,1,0,semi_structured,json_array,plain_insert,0,1,1,1
aug_seed_000159_single_row_subset_001,seed_000159,source_group_id,student_club,direct,Direct,D-FS-M,generation,baseline,direct,,03b0dd8368527ea541f30e75ed15ff5d6bb5590456df9fd290cefe5281454ba7,10674,10674,2669,ceil(utf8_bytes/4)_cpu_estimate,1,0,semi_structured,json_array,insert_ignore,0,1,1,1
aug_seed_000159_single_row_subset_001,seed_000159,source_group_id,student_club,j_fs,J-FS,J-FS-M,generation,baseline,j_fs,,30079c996d4237217e9a5c3d2aa1cc88bf066b91fbf5848208442f9ac04d71ea,10605,10605,2652,ceil(utf8_bytes/4)_cpu_estimate,1,0,semi_structured,json_array,insert_ignore,0,1,1,1
aug_seed_000159_single_row_subset_001,seed_000159,source_group_id,student_club,original_mp_fs_plus,Original MP-FS+,MP-FS+,deterministic_reprocess,primary_comparison_baseline,mp_fs_plus_shared,mp_fs_plus_shared,15ad600065fc56b307f105daa03caff09777bd4ff9e3512a41d7f8c10a0df3a7,9121,9121,2281,ceil(utf8_bytes/4)_cpu_estimate,1,0,semi_structured,json_array,insert_ignore,0,1,1,1
aug_seed_000159_single_row_subset_001,seed_000159,source_group_id,student_club,d_g1_primary,MP-FS+ vNext D_G1,MP-FS+,deterministic_reprocess,primary,mp_fs_plus_shared,mp_fs_plus_shared,15ad600065fc56b307f105daa03caff09777bd4ff9e3512a41d7f8c10a0df3a7,9121,9121,2281,ceil(utf8_bytes/4)_cpu_estimate,1,0,semi_structured,json_array,insert_ignore,0,1,1,1
aug_seed_000159_single_row_subset_001,seed_000159,source_group_id,student_club,d_only_secondary,MP-FS+ vNext D_ONLY,MP-FS+,deterministic_reprocess,secondary_ablation,mp_fs_plus_shared,mp_fs_plus_shared,15ad600065fc56b307f105daa03caff09777bd4ff9e3512a41d7f8c10a0df3a7,9121,9121,2281,ceil(utf8_bytes/4)_cpu_estimate,1,0,semi_structured,json_array,insert_ignore,0,1,1,1
aug_seed_000159_single_row_subset_001,seed_000159,source_group_id,student_club,full_secondary,MP-FS+ vNext FULL,MP-FS+,deterministic_reprocess,secondary_ablation,mp_fs_plus_shared,mp_fs_plus_shared,15ad600065fc56b307f105daa03caff09777bd4ff9e3512a41d7f8c10a0df3a7,9121,9121,2281,ceil(utf8_bytes/4)_cpu_estimate,1,0,semi_structured,json_array,insert_ignore,0,1,1,1
aug_seed_000159_single_row_subset_001,seed_000159,source_group_id,student_club,no_c_secondary,MP-FS+ vNext NO_C,MP-FS+,deterministic_reprocess,secondary_ablation,mp_fs_plus_shared,mp_fs_plus_shared,15ad600065fc56b307f105daa03caff09777bd4ff9e3512a41d7f8c10a0df3a7,9121,9121,2281,ceil(utf8_bytes/4)_cpu_estimate,1,0,semi_structured,json_array,insert_ignore,0,1,1,1
seed_000107,seed_000107,source_group_id,california_schools,direct,Direct,D-FS-M,generation,baseline,direct,,8505f234d772db672cb4f95738d53cdfa14fc16d9a5fc821494a1182bacf7af9,16376,16376,4094,ceil(utf8_bytes/4)_cpu_estimate,1,0,semi_structured,markdown_table,upsert_update,0,1,1,1
seed_000107,seed_000107,source_group_id,california_schools,j_fs,J-FS,J-FS-M,generation,baseline,j_fs,,3cfa4566a9acbe021b58ec5e480e3a5fe45c606ebe5f261ea575ab1142a9bbd6,16307,16307,4077,ceil(utf8_bytes/4)_cpu_estimate,1,0,semi_structured,markdown_table,upsert_update,0,1,1,1
seed_000107,seed_000107,source_group_id,california_schools,original_mp_fs_plus,Original MP-FS+,MP-FS+,deterministic_reprocess,primary_comparison_baseline,mp_fs_plus_shared,mp_fs_plus_shared,653f45d0bfdac35537f3efdec7bac8041459daf2cab9eabaf46c4931d0136ed2,19861,19861,4966,ceil(utf8_bytes/4)_cpu_estimate,1,0,semi_structured,markdown_table,upsert_update,0,1,1,1
seed_000107,seed_000107,source_group_id,california_schools,d_g1_primary,MP-FS+ vNext D_G1,MP-FS+,deterministic_reprocess,primary,mp_fs_plus_shared,mp_fs_plus_shared,653f45d0bfdac35537f3efdec7bac8041459daf2cab9eabaf46c4931d0136ed2,19861,19861,4966,ceil(utf8_bytes/4)_cpu_estimate,1,0,semi_structured,markdown_table,upsert_update,0,1,1,1
seed_000107,seed_000107,source_group_id,california_schools,d_only_secondary,MP-FS+ vNext D_ONLY,MP-FS+,deterministic_reprocess,secondary_ablation,mp_fs_plus_shared,mp_fs_plus_shared,653f45d0bfdac35537f3efdec7bac8041459daf2cab9eabaf46c4931d0136ed2,19861,19861,4966,ceil(utf8_bytes/4)_cpu_estimate,1,0,semi_structured,markdown_table,upsert_update,0,1,1,1
seed_000107,seed_000107,source_group_id,california_schools,full_secondary,MP-FS+ vNext FULL,MP-FS+,deterministic_reprocess,secondary_ablation,mp_fs_plus_shared,mp_fs_plus_shared,653f45d0bfdac35537f3efdec7bac8041459daf2cab9eabaf46c4931d0136ed2,19861,19861,4966,ceil(utf8_bytes/4)_cpu_estimate,1,0,semi_structured,markdown_table,upsert_update,0,1,1,1
seed_000107,seed_000107,source_group_id,california_schools,no_c_secondary,MP-FS+ vNext NO_C,MP-FS+,deterministic_reprocess,secondary_ablation,mp_fs_plus_shared,mp_fs_plus_shared,653f45d0bfdac35537f3efdec7bac8041459daf2cab9eabaf46c4931d0136ed2,19861,19861,4966,ceil(utf8_bytes/4)_cpu_estimate,1,0,semi_structured,markdown_table,upsert_update,0,1,1,1
aug_seed_000282_small_batch_subset_001,seed_000282,source_group_id,european_football_2,direct,Direct,D-FS-M,generation,baseline,direct,,8801a2ba0fbc49ac389d4d08704e0af6346ff377ccf9255e01e7ec16de62c705,32466,32466,8117,ceil(utf8_bytes/4)_cpu_estimate,1,0,semi_structured,json_array,insert_ignore,0,1,1,1
aug_seed_000282_small_batch_subset_001,seed_000282,source_group_id,european_football_2,j_fs,J-FS,J-FS-M,generation,baseline,j_fs,,16d0c7b6e0d758c15be4421eb234b534215f4beea87dc0887730ebe45c9b8b00,32397,32397,8100,ceil(utf8_bytes/4)_cpu_estimate,1,0,semi_structured,json_array,insert_ignore,0,1,1,1
aug_seed_000282_small_batch_subset_001,seed_000282,source_group_id,european_football_2,original_mp_fs_plus,Original MP-FS+,MP-FS+,deterministic_reprocess,primary_comparison_baseline,mp_fs_plus_shared,mp_fs_plus_shared,57dbaf574a7683bb17e4e906ddbe01a59274fec72f8d8fa6450457193f8173da,11947,11947,2987,ceil(utf8_bytes/4)_cpu_estimate,1,0,semi_structured,json_array,insert_ignore,0,1,1,1
aug_seed_000282_small_batch_subset_001,seed_000282,source_group_id,european_football_2,d_g1_primary,MP-FS+ vNext D_G1,MP-FS+,deterministic_reprocess,primary,mp_fs_plus_shared,mp_fs_plus_shared,57dbaf574a7683bb17e4e906ddbe01a59274fec72f8d8fa6450457193f8173da,11947,11947,2987,ceil(utf8_bytes/4)_cpu_estimate,1,0,semi_structured,json_array,insert_ignore,0,1,1,1
aug_seed_000282_small_batch_subset_001,seed_000282,source_group_id,european_football_2,d_only_secondary,MP-FS+ vNext D_ONLY,MP-FS+,deterministic_reprocess,secondary_ablation,mp_fs_plus_shared,mp_fs_plus_shared,57dbaf574a7683bb17e4e906ddbe01a59274fec72f8d8fa6450457193f8173da,11947,11947,2987,ceil(utf8_bytes/4)_cpu_estimate,1,0,semi_structured,json_array,insert_ignore,0,1,1,1
aug_seed_000282_small_batch_subset_001,seed_000282,source_group_id,european_football_2,full_secondary,MP-FS+ vNext FULL,MP-FS+,deterministic_reprocess,secondary_ablation,mp_fs_plus_shared,mp_fs_plus_shared,57dbaf574a7683bb17e4e906ddbe01a59274fec72f8d8fa6450457193f8173da,11947,11947,2987,ceil(utf8_bytes/4)_cpu_estimate,1,0,semi_structured,json_array,insert_ignore,0,1,1,1
aug_seed_000282_small_batch_subset_001,seed_000282,source_group_id,european_football_2,no_c_secondary,MP-FS+ vNext NO_C,MP-FS+,deterministic_reprocess,secondary_ablation,mp_fs_plus_shared,mp_fs_plus_shared,57dbaf574a7683bb17e4e906ddbe01a59274fec72f8d8fa6450457193f8173da,11947,11947,2987,ceil(utf8_bytes/4)_cpu_estimate,1,0,semi_structured,json_array,insert_ignore,0,1,1,1
aug_seed_000194_small_batch_subset_001,seed_000194,source_group_id,student_club,direct,Direct,D-FS-M,generation,baseline,direct,,0d7b6c778dcfce51125c23759856bdc19840b301df7a7213907856c0417a6834,11512,11512,2878,ceil(utf8_bytes/4)_cpu_estimate,1,0,semi_structured,json_array,insert_ignore,0,1,1,1
aug_seed_000194_small_batch_subset_001,seed_000194,source_group_id,student_club,j_fs,J-FS,J-FS-M,generation,baseline,j_fs,,185fafe3698006615d55e9b67bd971f0a00e5529d066adad239a1ff59c91c1ad,11443,11443,2861,ceil(utf8_bytes/4)_cpu_estimate,1,0,semi_structured,json_array,insert_ignore,0,1,1,1
aug_seed_000194_small_batch_subset_001,seed_000194,source_group_id,student_club,original_mp_fs_plus,Original MP-FS+,MP-FS+,deterministic_reprocess,primary_comparison_baseline,mp_fs_plus_shared,mp_fs_plus_shared,315fda5587f65fde5c6d5f71f3f517fd28d1a1334341c3c8e0a505a1c51768f6,9093,9093,2274,ceil(utf8_bytes/4)_cpu_estimate,1,0,semi_structured,json_array,insert_ignore,0,1,1,1
aug_seed_000194_small_batch_subset_001,seed_000194,source_group_id,student_club,d_g1_primary,MP-FS+ vNext D_G1,MP-FS+,deterministic_reprocess,primary,mp_fs_plus_shared,mp_fs_plus_shared,315fda5587f65fde5c6d5f71f3f517fd28d1a1334341c3c8e0a505a1c51768f6,9093,9093,2274,ceil(utf8_bytes/4)_cpu_estimate,1,0,semi_structured,json_array,insert_ignore,0,1,1,1
aug_seed_000194_small_batch_subset_001,seed_000194,source_group_id,student_club,d_only_secondary,MP-FS+ vNext D_ONLY,MP-FS+,deterministic_reprocess,secondary_ablation,mp_fs_plus_shared,mp_fs_plus_shared,315fda5587f65fde5c6d5f71f3f517fd28d1a1334341c3c8e0a505a1c51768f6,9093,9093,2274,ceil(utf8_bytes/4)_cpu_estimate,1,0,semi_structured,json_array,insert_ignore,0,1,1,1
aug_seed_000194_small_batch_subset_001,seed_000194,source_group_id,student_club,full_secondary,MP-FS+ vNext FULL,MP-FS+,deterministic_reprocess,secondary_ablation,mp_fs_plus_shared,mp_fs_plus_shared,315fda5587f65fde5c6d5f71f3f517fd28d1a1334341c3c8e0a505a1c51768f6,9093,9093,2274,ceil(utf8_bytes/4)_cpu_estimate,1,0,semi_structured,json_array,insert_ignore,0,1,1,1
aug_seed_000194_small_batch_subset_001,seed_000194,source_group_id,student_club,no_c_secondary,MP-FS+ vNext NO_C,MP-FS+,deterministic_reprocess,secondary_ablation,mp_fs_plus_shared,mp_fs_plus_shared,315fda5587f65fde5c6d5f71f3f517fd28d1a1334341c3c8e0a505a1c51768f6,9093,9093,2274,ceil(utf8_bytes/4)_cpu_estimate,1,0,semi_structured,json_array,insert_ignore,0,1,1,1
seed_000076,seed_000076,source_group_id,european_football_2,direct,Direct,D-FS-M,generation,baseline,direct,,8b90f2d6406d53049076d4d990908ab718b6cf8a9cc0bb28b5dc70f6a9b45081,34900,34900,8725,ceil(utf8_bytes/4)_cpu_estimate,1,0,semi_structured,json_array,plain_insert,0,1,1,1
seed_000076,seed_000076,source_group_id,european_football_2,j_fs,J-FS,J-FS-M,generation,baseline,j_fs,,5f3820c0c0893f64d6945d74a5fa763427001706d6f7470444805f06aac7fa77,34831,34831,8708,ceil(utf8_bytes/4)_cpu_estimate,1,0,semi_structured,json_array,plain_insert,0,1,1,1
seed_000076,seed_000076,source_group_id,european_football_2,original_mp_fs_plus,Original MP-FS+,MP-FS+,deterministic_reprocess,primary_comparison_baseline,mp_fs_plus_shared,mp_fs_plus_shared,1462322de46b43c0421ec3e089447f684aa0e2bed6b7222cb2da68e1872f6f44,11910,11910,2978,ceil(utf8_bytes/4)_cpu_estimate,1,0,semi_structured,json_array,plain_insert,0,1,1,1
seed_000076,seed_000076,source_group_id,european_football_2,d_g1_primary,MP-FS+ vNext D_G1,MP-FS+,deterministic_reprocess,primary,mp_fs_plus_shared,mp_fs_plus_shared,1462322de46b43c0421ec3e089447f684aa0e2bed6b7222cb2da68e1872f6f44,11910,11910,2978,ceil(utf8_bytes/4)_cpu_estimate,1,0,semi_structured,json_array,plain_insert,0,1,1,1
seed_000076,seed_000076,source_group_id,european_football_2,d_only_secondary,MP-FS+ vNext D_ONLY,MP-FS+,deterministic_reprocess,secondary_ablation,mp_fs_plus_shared,mp_fs_plus_shared,1462322de46b43c0421ec3e089447f684aa0e2bed6b7222cb2da68e1872f6f44,11910,11910,2978,ceil(utf8_bytes/4)_cpu_estimate,1,0,semi_structured,json_array,plain_insert,0,1,1,1
seed_000076,seed_000076,source_group_id,european_football_2,full_secondary,MP-FS+ vNext FULL,MP-FS+,deterministic_reprocess,secondary_ablation,mp_fs_plus_shared,mp_fs_plus_shared,1462322de46b43c0421ec3e089447f684aa0e2bed6b7222cb2da68e1872f6f44,11910,11910,2978,ceil(utf8_bytes/4)_cpu_estimate,1,0,semi_structured,json_array,plain_insert,0,1,1,1
seed_000076,seed_000076,source_group_id,european_football_2,no_c_secondary,MP-FS+ vNext NO_C,MP-FS+,deterministic_reprocess,secondary_ablation,mp_fs_plus_shared,mp_fs_plus_shared,1462322de46b43c0421ec3e089447f684aa0e2bed6b7222cb2da68e1872f6f44,11910,11910,2978,ceil(utf8_bytes/4)_cpu_estimate,1,0,semi_structured,json_array,plain_insert,0,1,1,1
aug_seed_000002_relational_format_variant_003,seed_000002,source_group_id,debit_card_specializing,direct,Direct,D-FS-M,generation,baseline,direct,,4004d9d114b57fcd93c59db566ab109dd0057e6fdd939e0f993549274fd1d2fd,8005,8005,2002,ceil(utf8_bytes/4)_cpu_estimate,1,0,semi_structured,multi_table,insert_ignore,1,1,1,1
aug_seed_000002_relational_format_variant_003,seed_000002,source_group_id,debit_card_specializing,j_fs,J-FS,J-FS-M,generation,baseline,j_fs,,0574fc8a748d168dd649ce362a4fa2b3dca8f37cab4321c01eb3abb2767586d9,7936,7936,1984,ceil(utf8_bytes/4)_cpu_estimate,1,0,semi_structured,multi_table,insert_ignore,1,1,1,1
aug_seed_000002_relational_format_variant_003,seed_000002,source_group_id,debit_card_specializing,original_mp_fs_plus,Original MP-FS+,MP-FS+,deterministic_reprocess,primary_comparison_baseline,mp_fs_plus_shared,mp_fs_plus_shared,fac36fda82656e17ea77fec8c676deda555d14597bf8bdcf624dc5694a8a0c8d,9027,9027,2257,ceil(utf8_bytes/4)_cpu_estimate,1,0,semi_structured,multi_table,insert_ignore,1,1,1,1
aug_seed_000002_relational_format_variant_003,seed_000002,source_group_id,debit_card_specializing,d_g1_primary,MP-FS+ vNext D_G1,MP-FS+,deterministic_reprocess,primary,mp_fs_plus_shared,mp_fs_plus_shared,fac36fda82656e17ea77fec8c676deda555d14597bf8bdcf624dc5694a8a0c8d,9027,9027,2257,ceil(utf8_bytes/4)_cpu_estimate,1,0,semi_structured,multi_table,insert_ignore,1,1,1,1
aug_seed_000002_relational_format_variant_003,seed_000002,source_group_id,debit_card_specializing,d_only_secondary,MP-FS+ vNext D_ONLY,MP-FS+,deterministic_reprocess,secondary_ablation,mp_fs_plus_shared,mp_fs_plus_shared,fac36fda82656e17ea77fec8c676deda555d14597bf8bdcf624dc5694a8a0c8d,9027,9027,2257,ceil(utf8_bytes/4)_cpu_estimate,1,0,semi_structured,multi_table,insert_ignore,1,1,1,1
aug_seed_000002_relational_format_variant_003,seed_000002,source_group_id,debit_card_specializing,full_secondary,MP-FS+ vNext FULL,MP-FS+,deterministic_reprocess,secondary_ablation,mp_fs_plus_shared,mp_fs_plus_shared,fac36fda82656e17ea77fec8c676deda555d14597bf8bdcf624dc5694a8a0c8d,9027,9027,2257,ceil(utf8_bytes/4)_cpu_estimate,1,0,semi_structured,multi_table,insert_ignore,1,1,1,1
aug_seed_000002_relational_format_variant_003,seed_000002,source_group_id,debit_card_specializing,no_c_secondary,MP-FS+ vNext NO_C,MP-FS+,deterministic_reprocess,secondary_ablation,mp_fs_plus_shared,mp_fs_plus_shared,fac36fda82656e17ea77fec8c676deda555d14597bf8bdcf624dc5694a8a0c8d,9027,9027,2257,ceil(utf8_bytes/4)_cpu_estimate,1,0,semi_structured,multi_table,insert_ignore,1,1,1,1
aug_seed_000331_single_row_subset_001,seed_000331,source_group_id,formula_1,direct,Direct,D-FS-M,generation,baseline,direct,,1ef5738e509e17a8028e9056218c38c3bbe46a6a3ddc0ed15e2068267e0b83f4,17167,17167,4292,ceil(utf8_bytes/4)_cpu_estimate,1,0,free_text,free_text,insert_ignore,0,1,1,1
aug_seed_000331_single_row_subset_001,seed_000331,source_group_id,formula_1,j_fs,J-FS,J-FS-M,generation,baseline,j_fs,,5360f039c1da6870bc7849a247e7c4169c0e16f86a2ad563b2a1c013d2021496,17077,17077,4270,ceil(utf8_bytes/4)_cpu_estimate,1,0,free_text,free_text,insert_ignore,0,1,1,1
aug_seed_000331_single_row_subset_001,seed_000331,source_group_id,formula_1,original_mp_fs_plus,Original MP-FS+,MP-FS+,deterministic_reprocess,primary_comparison_baseline,mp_fs_plus_shared,mp_fs_plus_shared,7853cc25c23f15376d617d6492ee6f555ce9b35e8695224fb3ceefe86be08bf4,21269,21269,5318,ceil(utf8_bytes/4)_cpu_estimate,1,0,free_text,free_text,insert_ignore,0,1,1,1
aug_seed_000331_single_row_subset_001,seed_000331,source_group_id,formula_1,d_g1_primary,MP-FS+ vNext D_G1,MP-FS+,deterministic_reprocess,primary,mp_fs_plus_shared,mp_fs_plus_shared,7853cc25c23f15376d617d6492ee6f555ce9b35e8695224fb3ceefe86be08bf4,21269,21269,5318,ceil(utf8_bytes/4)_cpu_estimate,1,0,free_text,free_text,insert_ignore,0,1,1,1
aug_seed_000331_single_row_subset_001,seed_000331,source_group_id,formula_1,d_only_secondary,MP-FS+ vNext D_ONLY,MP-FS+,deterministic_reprocess,secondary_ablation,mp_fs_plus_shared,mp_fs_plus_shared,7853cc25c23f15376d617d6492ee6f555ce9b35e8695224fb3ceefe86be08bf4,21269,21269,5318,ceil(utf8_bytes/4)_cpu_estimate,1,0,free_text,free_text,insert_ignore,0,1,1,1
aug_seed_000331_single_row_subset_001,seed_000331,source_group_id,formula_1,full_secondary,MP-FS+ vNext FULL,MP-FS+,deterministic_reprocess,secondary_ablation,mp_fs_plus_shared,mp_fs_plus_shared,7853cc25c23f15376d617d6492ee6f555ce9b35e8695224fb3ceefe86be08bf4,21269,21269,5318,ceil(utf8_bytes/4)_cpu_estimate,1,0,free_text,free_text,insert_ignore,0,1,1,1
aug_seed_000331_single_row_subset_001,seed_000331,source_group_id,formula_1,no_c_secondary,MP-FS+ vNext NO_C,MP-FS+,deterministic_reprocess,secondary_ablation,mp_fs_plus_shared,mp_fs_plus_shared,7853cc25c23f15376d617d6492ee6f555ce9b35e8695224fb3ceefe86be08bf4,21269,21269,5318,ceil(utf8_bytes/4)_cpu_estimate,1,0,free_text,free_text,insert_ignore,0,1,1,1
aug_seed_000275_relational_format_variant_003,seed_000275,source_group_id,student_club,direct,Direct,D-FS-M,generation,baseline,direct,,a8b8aca943a7a28bf10f3b6babf36a555df0451a710e9829ad60444df77cda60,14030,14030,3508,ceil(utf8_bytes/4)_cpu_estimate,1,0,semi_structured,multi_table,insert_ignore,1,1,1,1
aug_seed_000275_relational_format_variant_003,seed_000275,source_group_id,student_club,j_fs,J-FS,J-FS-M,generation,baseline,j_fs,,ea6c4584fb90aca1732bfe16b33e6044134c2a7a0d31b107ebd342e664a8f62a,13961,13961,3491,ceil(utf8_bytes/4)_cpu_estimate,1,0,semi_structured,multi_table,insert_ignore,1,1,1,1
aug_seed_000275_relational_format_variant_003,seed_000275,source_group_id,student_club,original_mp_fs_plus,Original MP-FS+,MP-FS+,deterministic_reprocess,primary_comparison_baseline,mp_fs_plus_shared,mp_fs_plus_shared,6fde2fe8f6378e1ad2959959cf460f1b9bf4db68ab391fdccf9633d309b4e554,8986,8986,2247,ceil(utf8_bytes/4)_cpu_estimate,1,0,semi_structured,multi_table,insert_ignore,1,1,1,1
aug_seed_000275_relational_format_variant_003,seed_000275,source_group_id,student_club,d_g1_primary,MP-FS+ vNext D_G1,MP-FS+,deterministic_reprocess,primary,mp_fs_plus_shared,mp_fs_plus_shared,6fde2fe8f6378e1ad2959959cf460f1b9bf4db68ab391fdccf9633d309b4e554,8986,8986,2247,ceil(utf8_bytes/4)_cpu_estimate,1,0,semi_structured,multi_table,insert_ignore,1,1,1,1
aug_seed_000275_relational_format_variant_003,seed_000275,source_group_id,student_club,d_only_secondary,MP-FS+ vNext D_ONLY,MP-FS+,deterministic_reprocess,secondary_ablation,mp_fs_plus_shared,mp_fs_plus_shared,6fde2fe8f6378e1ad2959959cf460f1b9bf4db68ab391fdccf9633d309b4e554,8986,8986,2247,ceil(utf8_bytes/4)_cpu_estimate,1,0,semi_structured,multi_table,insert_ignore,1,1,1,1
aug_seed_000275_relational_format_variant_003,seed_000275,source_group_id,student_club,full_secondary,MP-FS+ vNext FULL,MP-FS+,deterministic_reprocess,secondary_ablation,mp_fs_plus_shared,mp_fs_plus_shared,6fde2fe8f6378e1ad2959959cf460f1b9bf4db68ab391fdccf9633d309b4e554,8986,8986,2247,ceil(utf8_bytes/4)_cpu_estimate,1,0,semi_structured,multi_table,insert_ignore,1,1,1,1
aug_seed_000275_relational_format_variant_003,seed_000275,source_group_id,student_club,no_c_secondary,MP-FS+ vNext NO_C,MP-FS+,deterministic_reprocess,secondary_ablation,mp_fs_plus_shared,mp_fs_plus_shared,6fde2fe8f6378e1ad2959959cf460f1b9bf4db68ab391fdccf9633d309b4e554,8986,8986,2247,ceil(utf8_bytes/4)_cpu_estimate,1,0,semi_structured,multi_table,insert_ignore,1,1,1,1
seed_000344,seed_000344,source_group_id,card_games,direct,Direct,D-FS-M,generation,baseline,direct,,c04872f3d37f06fcee2909eebdf7b18771de7ce3d6be54486f76e18a378e10e4,22734,22734,5684,ceil(utf8_bytes/4)_cpu_estimate,1,0,semi_structured,json_array,upsert_update,0,1,1,1
seed_000344,seed_000344,source_group_id,card_games,j_fs,J-FS,J-FS-M,generation,baseline,j_fs,,23ed2ff558e58ae9d077b204b25d80f16306b70a4605806088ac189eb11c3ded,22665,22665,5667,ceil(utf8_bytes/4)_cpu_estimate,1,0,semi_structured,json_array,upsert_update,0,1,1,1
seed_000344,seed_000344,source_group_id,card_games,original_mp_fs_plus,Original MP-FS+,MP-FS+,deterministic_reprocess,primary_comparison_baseline,mp_fs_plus_shared,mp_fs_plus_shared,cd4ddf981498301e2cfbcf173b729d1c4d3293c0cc45d4214e093a7c4e90b94e,17429,17429,4358,ceil(utf8_bytes/4)_cpu_estimate,1,0,semi_structured,json_array,upsert_update,0,1,1,1
seed_000344,seed_000344,source_group_id,card_games,d_g1_primary,MP-FS+ vNext D_G1,MP-FS+,deterministic_reprocess,primary,mp_fs_plus_shared,mp_fs_plus_shared,cd4ddf981498301e2cfbcf173b729d1c4d3293c0cc45d4214e093a7c4e90b94e,17429,17429,4358,ceil(utf8_bytes/4)_cpu_estimate,1,0,semi_structured,json_array,upsert_update,0,1,1,1
seed_000344,seed_000344,source_group_id,card_games,d_only_secondary,MP-FS+ vNext D_ONLY,MP-FS+,deterministic_reprocess,secondary_ablation,mp_fs_plus_shared,mp_fs_plus_shared,cd4ddf981498301e2cfbcf173b729d1c4d3293c0cc45d4214e093a7c4e90b94e,17429,17429,4358,ceil(utf8_bytes/4)_cpu_estimate,1,0,semi_structured,json_array,upsert_update,0,1,1,1
seed_000344,seed_000344,source_group_id,card_games,full_secondary,MP-FS+ vNext FULL,MP-FS+,deterministic_reprocess,secondary_ablation,mp_fs_plus_shared,mp_fs_plus_shared,cd4ddf981498301e2cfbcf173b729d1c4d3293c0cc45d4214e093a7c4e90b94e,17429,17429,4358,ceil(utf8_bytes/4)_cpu_estimate,1,0,semi_structured,json_array,upsert_update,0,1,1,1
seed_000344,seed_000344,source_group_id,card_games,no_c_secondary,MP-FS+ vNext NO_C,MP-FS+,deterministic_reprocess,secondary_ablation,mp_fs_plus_shared,mp_fs_plus_shared,cd4ddf981498301e2cfbcf173b729d1c4d3293c0cc45d4214e093a7c4e90b94e,17429,17429,4358,ceil(utf8_bytes/4)_cpu_estimate,1,0,semi_structured,json_array,upsert_update,0,1,1,1
seed_000194,seed_000194,source_group_id,student_club,direct,Direct,D-FS-M,generation,baseline,direct,,997f6391bbfee05297e4e863c521d338cd9b44ebf430ae525ab9b9ff2cbeee78,13051,13051,3263,ceil(utf8_bytes/4)_cpu_estimate,1,0,semi_structured,json_array,plain_insert,0,1,1,1
seed_000194,seed_000194,source_group_id,student_club,j_fs,J-FS,J-FS-M,generation,baseline,j_fs,,9a0d3e6c8d5075df762273f9eaf06f33fad68707ab8ffdbc7f1e863187cfae95,12982,12982,3246,ceil(utf8_bytes/4)_cpu_estimate,1,0,semi_structured,json_array,plain_insert,0,1,1,1
seed_000194,seed_000194,source_group_id,student_club,original_mp_fs_plus,Original MP-FS+,MP-FS+,deterministic_reprocess,primary_comparison_baseline,mp_fs_plus_shared,mp_fs_plus_shared,062a25dafbb3dae39bb2f0cf39fcdf3d2b02e9f0807daf928eec8175d738691a,9063,9063,2266,ceil(utf8_bytes/4)_cpu_estimate,1,0,semi_structured,json_array,plain_insert,0,1,1,1
seed_000194,seed_000194,source_group_id,student_club,d_g1_primary,MP-FS+ vNext D_G1,MP-FS+,deterministic_reprocess,primary,mp_fs_plus_shared,mp_fs_plus_shared,062a25dafbb3dae39bb2f0cf39fcdf3d2b02e9f0807daf928eec8175d738691a,9063,9063,2266,ceil(utf8_bytes/4)_cpu_estimate,1,0,semi_structured,json_array,plain_insert,0,1,1,1
seed_000194,seed_000194,source_group_id,student_club,d_only_secondary,MP-FS+ vNext D_ONLY,MP-FS+,deterministic_reprocess,secondary_ablation,mp_fs_plus_shared,mp_fs_plus_shared,062a25dafbb3dae39bb2f0cf39fcdf3d2b02e9f0807daf928eec8175d738691a,9063,9063,2266,ceil(utf8_bytes/4)_cpu_estimate,1,0,semi_structured,json_array,plain_insert,0,1,1,1
seed_000194,seed_000194,source_group_id,student_club,full_secondary,MP-FS+ vNext FULL,MP-FS+,deterministic_reprocess,secondary_ablation,mp_fs_plus_shared,mp_fs_plus_shared,062a25dafbb3dae39bb2f0cf39fcdf3d2b02e9f0807daf928eec8175d738691a,9063,9063,2266,ceil(utf8_bytes/4)_cpu_estimate,1,0,semi_structured,json_array,plain_insert,0,1,1,1
seed_000194,seed_000194,source_group_id,student_club,no_c_secondary,MP-FS+ vNext NO_C,MP-FS+,deterministic_reprocess,secondary_ablation,mp_fs_plus_shared,mp_fs_plus_shared,062a25dafbb3dae39bb2f0cf39fcdf3d2b02e9f0807daf928eec8175d738691a,9063,9063,2266,ceil(utf8_bytes/4)_cpu_estimate,1,0,semi_structured,json_array,plain_insert,0,1,1,1
seed_000108,seed_000108,source_group_id,student_club,direct,Direct,D-FS-M,generation,baseline,direct,,854d7b9cbf54561449386dc637c4bd92b926558f2134aeb997578b7b9a4f776e,13710,13710,3428,ceil(utf8_bytes/4)_cpu_estimate,1,0,semi_structured,json_array,plain_insert,0,1,1,1
seed_000108,seed_000108,source_group_id,student_club,j_fs,J-FS,J-FS-M,generation,baseline,j_fs,,f99ae12fdb31aeb749fc8ff09e3e32b2ea5cb826e8b0e58859dd0589bf31d0f2,13641,13641,3411,ceil(utf8_bytes/4)_cpu_estimate,1,0,semi_structured,json_array,plain_insert,0,1,1,1
seed_000108,seed_000108,source_group_id,student_club,original_mp_fs_plus,Original MP-FS+,MP-FS+,deterministic_reprocess,primary_comparison_baseline,mp_fs_plus_shared,mp_fs_plus_shared,c4f523d0ae7d8faf5b4a227aa35bb50458f90b8f2b48a8c0740724860b79c45c,8182,8182,2046,ceil(utf8_bytes/4)_cpu_estimate,1,0,semi_structured,json_array,plain_insert,0,1,1,1
seed_000108,seed_000108,source_group_id,student_club,d_g1_primary,MP-FS+ vNext D_G1,MP-FS+,deterministic_reprocess,primary,mp_fs_plus_shared,mp_fs_plus_shared,c4f523d0ae7d8faf5b4a227aa35bb50458f90b8f2b48a8c0740724860b79c45c,8182,8182,2046,ceil(utf8_bytes/4)_cpu_estimate,1,0,semi_structured,json_array,plain_insert,0,1,1,1
seed_000108,seed_000108,source_group_id,student_club,d_only_secondary,MP-FS+ vNext D_ONLY,MP-FS+,deterministic_reprocess,secondary_ablation,mp_fs_plus_shared,mp_fs_plus_shared,c4f523d0ae7d8faf5b4a227aa35bb50458f90b8f2b48a8c0740724860b79c45c,8182,8182,2046,ceil(utf8_bytes/4)_cpu_estimate,1,0,semi_structured,json_array,plain_insert,0,1,1,1
seed_000108,seed_000108,source_group_id,student_club,full_secondary,MP-FS+ vNext FULL,MP-FS+,deterministic_reprocess,secondary_ablation,mp_fs_plus_shared,mp_fs_plus_shared,c4f523d0ae7d8faf5b4a227aa35bb50458f90b8f2b48a8c0740724860b79c45c,8182,8182,2046,ceil(utf8_bytes/4)_cpu_estimate,1,0,semi_structured,json_array,plain_insert,0,1,1,1
seed_000108,seed_000108,source_group_id,student_club,no_c_secondary,MP-FS+ vNext NO_C,MP-FS+,deterministic_reprocess,secondary_ablation,mp_fs_plus_shared,mp_fs_plus_shared,c4f523d0ae7d8faf5b4a227aa35bb50458f90b8f2b48a8c0740724860b79c45c,8182,8182,2046,ceil(utf8_bytes/4)_cpu_estimate,1,0,semi_structured,json_array,plain_insert,0,1,1,1
aug_seed_000044_single_row_subset_002,seed_000044,source_group_id,superhero,direct,Direct,D-FS-M,generation,baseline,direct,,cd0988344ff6aaf856e0f0029aa5224c5bf72d2e345c473f511b3d6ac671bb31,7598,7598,1900,ceil(utf8_bytes/4)_cpu_estimate,1,0,free_text,free_text,insert_ignore,0,1,1,1
aug_seed_000044_single_row_subset_002,seed_000044,source_group_id,superhero,j_fs,J-FS,J-FS-M,generation,baseline,j_fs,,62db135793c1bfcf6dee009f847cbc7f733d4b5abc4212b3079807b6c1351660,7508,7508,1877,ceil(utf8_bytes/4)_cpu_estimate,1,0,free_text,free_text,insert_ignore,0,1,1,1
aug_seed_000044_single_row_subset_002,seed_000044,source_group_id,superhero,original_mp_fs_plus,Original MP-FS+,MP-FS+,deterministic_reprocess,primary_comparison_baseline,mp_fs_plus_shared,mp_fs_plus_shared,4cd590bce7b4f5180774bef6a184f38dcaf45093238798d7e461ef4c45eac8c9,13221,13221,3306,ceil(utf8_bytes/4)_cpu_estimate,1,0,free_text,free_text,insert_ignore,0,1,1,1
aug_seed_000044_single_row_subset_002,seed_000044,source_group_id,superhero,d_g1_primary,MP-FS+ vNext D_G1,MP-FS+,deterministic_reprocess,primary,mp_fs_plus_shared,mp_fs_plus_shared,4cd590bce7b4f5180774bef6a184f38dcaf45093238798d7e461ef4c45eac8c9,13221,13221,3306,ceil(utf8_bytes/4)_cpu_estimate,1,0,free_text,free_text,insert_ignore,0,1,1,1
aug_seed_000044_single_row_subset_002,seed_000044,source_group_id,superhero,d_only_secondary,MP-FS+ vNext D_ONLY,MP-FS+,deterministic_reprocess,secondary_ablation,mp_fs_plus_shared,mp_fs_plus_shared,4cd590bce7b4f5180774bef6a184f38dcaf45093238798d7e461ef4c45eac8c9,13221,13221,3306,ceil(utf8_bytes/4)_cpu_estimate,1,0,free_text,free_text,insert_ignore,0,1,1,1
aug_seed_000044_single_row_subset_002,seed_000044,source_group_id,superhero,full_secondary,MP-FS+ vNext FULL,MP-FS+,deterministic_reprocess,secondary_ablation,mp_fs_plus_shared,mp_fs_plus_shared,4cd590bce7b4f5180774bef6a184f38dcaf45093238798d7e461ef4c45eac8c9,13221,13221,3306,ceil(utf8_bytes/4)_cpu_estimate,1,0,free_text,free_text,insert_ignore,0,1,1,1
aug_seed_000044_single_row_subset_002,seed_000044,source_group_id,superhero,no_c_secondary,MP-FS+ vNext NO_C,MP-FS+,deterministic_reprocess,secondary_ablation,mp_fs_plus_shared,mp_fs_plus_shared,4cd590bce7b4f5180774bef6a184f38dcaf45093238798d7e461ef4c45eac8c9,13221,13221,3306,ceil(utf8_bytes/4)_cpu_estimate,1,0,free_text,free_text,insert_ignore,0,1,1,1
seed_000224,seed_000224,source_group_id,card_games,direct,Direct,D-FS-M,generation,baseline,direct,,e828d4db81cf8647f02790eb6072a5da38d72c5ae95f34cb1d304b02a3c5fcc4,24541,24541,6136,ceil(utf8_bytes/4)_cpu_estimate,1,0,semi_structured,key_value,upsert_update,0,1,1,1
seed_000224,seed_000224,source_group_id,card_games,j_fs,J-FS,J-FS-M,generation,baseline,j_fs,,0c705c254b1680ab84283dbef3f4bfc649464641534e93f30177f25be99ac77a,24472,24472,6118,ceil(utf8_bytes/4)_cpu_estimate,1,0,semi_structured,key_value,upsert_update,0,1,1,1
seed_000224,seed_000224,source_group_id,card_games,original_mp_fs_plus,Original MP-FS+,MP-FS+,deterministic_reprocess,primary_comparison_baseline,mp_fs_plus_shared,mp_fs_plus_shared,9d48c7d6818b69af285b407fcd14a978620686acbf7900520883339dc21d599c,17554,17554,4389,ceil(utf8_bytes/4)_cpu_estimate,1,0,semi_structured,key_value,upsert_update,0,1,1,1
seed_000224,seed_000224,source_group_id,card_games,d_g1_primary,MP-FS+ vNext D_G1,MP-FS+,deterministic_reprocess,primary,mp_fs_plus_shared,mp_fs_plus_shared,9d48c7d6818b69af285b407fcd14a978620686acbf7900520883339dc21d599c,17554,17554,4389,ceil(utf8_bytes/4)_cpu_estimate,1,0,semi_structured,key_value,upsert_update,0,1,1,1
seed_000224,seed_000224,source_group_id,card_games,d_only_secondary,MP-FS+ vNext D_ONLY,MP-FS+,deterministic_reprocess,secondary_ablation,mp_fs_plus_shared,mp_fs_plus_shared,9d48c7d6818b69af285b407fcd14a978620686acbf7900520883339dc21d599c,17554,17554,4389,ceil(utf8_bytes/4)_cpu_estimate,1,0,semi_structured,key_value,upsert_update,0,1,1,1
seed_000224,seed_000224,source_group_id,card_games,full_secondary,MP-FS+ vNext FULL,MP-FS+,deterministic_reprocess,secondary_ablation,mp_fs_plus_shared,mp_fs_plus_shared,9d48c7d6818b69af285b407fcd14a978620686acbf7900520883339dc21d599c,17554,17554,4389,ceil(utf8_bytes/4)_cpu_estimate,1,0,semi_structured,key_value,upsert_update,0,1,1,1
seed_000224,seed_000224,source_group_id,card_games,no_c_secondary,MP-FS+ vNext NO_C,MP-FS+,deterministic_reprocess,secondary_ablation,mp_fs_plus_shared,mp_fs_plus_shared,9d48c7d6818b69af285b407fcd14a978620686acbf7900520883339dc21d599c,17554,17554,4389,ceil(utf8_bytes/4)_cpu_estimate,1,0,semi_structured,key_value,upsert_update,0,1,1,1
seed_000065,seed_000065,source_group_id,formula_1,direct,Direct,D-FS-M,generation,baseline,direct,,be2286da6f2c8062c2eca4ce736a616373b71a8b9cf920dd153ea26e0fcd9db4,20906,20906,5227,ceil(utf8_bytes/4)_cpu_estimate,1,0,semi_structured,key_value,insert_ignore,0,1,1,1
seed_000065,seed_000065,source_group_id,formula_1,j_fs,J-FS,J-FS-M,generation,baseline,j_fs,,1307c95aafa1b98d8b40c3472a146a78402679525ff8a1f2548c86f5fd02c8c2,20837,20837,5210,ceil(utf8_bytes/4)_cpu_estimate,1,0,semi_structured,key_value,insert_ignore,0,1,1,1
seed_000065,seed_000065,source_group_id,formula_1,original_mp_fs_plus,Original MP-FS+,MP-FS+,deterministic_reprocess,primary_comparison_baseline,mp_fs_plus_shared,mp_fs_plus_shared,3230a122c4d6d94c019111d821b44154fea05c3b7e81e5294bcace116982fe06,9184,9184,2296,ceil(utf8_bytes/4)_cpu_estimate,1,0,semi_structured,key_value,insert_ignore,0,1,1,1
seed_000065,seed_000065,source_group_id,formula_1,d_g1_primary,MP-FS+ vNext D_G1,MP-FS+,deterministic_reprocess,primary,mp_fs_plus_shared,mp_fs_plus_shared,3230a122c4d6d94c019111d821b44154fea05c3b7e81e5294bcace116982fe06,9184,9184,2296,ceil(utf8_bytes/4)_cpu_estimate,1,0,semi_structured,key_value,insert_ignore,0,1,1,1
seed_000065,seed_000065,source_group_id,formula_1,d_only_secondary,MP-FS+ vNext D_ONLY,MP-FS+,deterministic_reprocess,secondary_ablation,mp_fs_plus_shared,mp_fs_plus_shared,3230a122c4d6d94c019111d821b44154fea05c3b7e81e5294bcace116982fe06,9184,9184,2296,ceil(utf8_bytes/4)_cpu_estimate,1,0,semi_structured,key_value,insert_ignore,0,1,1,1
seed_000065,seed_000065,source_group_id,formula_1,full_secondary,MP-FS+ vNext FULL,MP-FS+,deterministic_reprocess,secondary_ablation,mp_fs_plus_shared,mp_fs_plus_shared,3230a122c4d6d94c019111d821b44154fea05c3b7e81e5294bcace116982fe06,9184,9184,2296,ceil(utf8_bytes/4)_cpu_estimate,1,0,semi_structured,key_value,insert_ignore,0,1,1,1
seed_000065,seed_000065,source_group_id,formula_1,no_c_secondary,MP-FS+ vNext NO_C,MP-FS+,deterministic_reprocess,secondary_ablation,mp_fs_plus_shared,mp_fs_plus_shared,3230a122c4d6d94c019111d821b44154fea05c3b7e81e5294bcace116982fe06,9184,9184,2296,ceil(utf8_bytes/4)_cpu_estimate,1,0,semi_structured,key_value,insert_ignore,0,1,1,1
aug_seed_000203_small_batch_subset_001,seed_000203,source_group_id,financial,direct,Direct,D-FS-M,generation,baseline,direct,,0e52cff1b458a37a3a8d359fd10e433be8754b44cc9e782f90dc1a058d3dca30,9984,9984,2496,ceil(utf8_bytes/4)_cpu_estimate,1,0,free_text,free_text,insert_ignore,0,1,1,1
aug_seed_000203_small_batch_subset_001,seed_000203,source_group_id,financial,j_fs,J-FS,J-FS-M,generation,baseline,j_fs,,6286a3e0a32d768831605b6c7240eeff26a71dd3114205aa3a5893c04868e075,9894,9894,2474,ceil(utf8_bytes/4)_cpu_estimate,1,0,free_text,free_text,insert_ignore,0,1,1,1
aug_seed_000203_small_batch_subset_001,seed_000203,source_group_id,financial,original_mp_fs_plus,Original MP-FS+,MP-FS+,deterministic_reprocess,primary_comparison_baseline,mp_fs_plus_shared,mp_fs_plus_shared,1881591801de59a7e5678852a47807ab1dc1732383f73573b3733a8f403a02b5,16846,16846,4212,ceil(utf8_bytes/4)_cpu_estimate,1,0,free_text,free_text,insert_ignore,0,1,1,1
aug_seed_000203_small_batch_subset_001,seed_000203,source_group_id,financial,d_g1_primary,MP-FS+ vNext D_G1,MP-FS+,deterministic_reprocess,primary,mp_fs_plus_shared,mp_fs_plus_shared,1881591801de59a7e5678852a47807ab1dc1732383f73573b3733a8f403a02b5,16846,16846,4212,ceil(utf8_bytes/4)_cpu_estimate,1,0,free_text,free_text,insert_ignore,0,1,1,1
aug_seed_000203_small_batch_subset_001,seed_000203,source_group_id,financial,d_only_secondary,MP-FS+ vNext D_ONLY,MP-FS+,deterministic_reprocess,secondary_ablation,mp_fs_plus_shared,mp_fs_plus_shared,1881591801de59a7e5678852a47807ab1dc1732383f73573b3733a8f403a02b5,16846,16846,4212,ceil(utf8_bytes/4)_cpu_estimate,1,0,free_text,free_text,insert_ignore,0,1,1,1
aug_seed_000203_small_batch_subset_001,seed_000203,source_group_id,financial,full_secondary,MP-FS+ vNext FULL,MP-FS+,deterministic_reprocess,secondary_ablation,mp_fs_plus_shared,mp_fs_plus_shared,1881591801de59a7e5678852a47807ab1dc1732383f73573b3733a8f403a02b5,16846,16846,4212,ceil(utf8_bytes/4)_cpu_estimate,1,0,free_text,free_text,insert_ignore,0,1,1,1
aug_seed_000203_small_batch_subset_001,seed_000203,source_group_id,financial,no_c_secondary,MP-FS+ vNext NO_C,MP-FS+,deterministic_reprocess,secondary_ablation,mp_fs_plus_shared,mp_fs_plus_shared,1881591801de59a7e5678852a47807ab1dc1732383f73573b3733a8f403a02b5,16846,16846,4212,ceil(utf8_bytes/4)_cpu_estimate,1,0,free_text,free_text,insert_ignore,0,1,1,1
aug_seed_000162_relational_format_variant_002,seed_000162,source_group_id,codebase_community,direct,Direct,D-FS-M,generation,baseline,direct,,a1f362293ec5636c76ff76f810c778c5a8f6345c7b5956c9761168692a1a1d89,18027,18027,4507,ceil(utf8_bytes/4)_cpu_estimate,1,0,semi_structured,multi_table,insert_ignore,1,1,1,1
aug_seed_000162_relational_format_variant_002,seed_000162,source_group_id,codebase_community,j_fs,J-FS,J-FS-M,generation,baseline,j_fs,,52383d26be41c92719fdf455b706470ab1935aa6ed03b013e05e7b3955fb2b75,17958,17958,4490,ceil(utf8_bytes/4)_cpu_estimate,1,0,semi_structured,multi_table,insert_ignore,1,1,1,1
aug_seed_000162_relational_format_variant_002,seed_000162,source_group_id,codebase_community,original_mp_fs_plus,Original MP-FS+,MP-FS+,deterministic_reprocess,primary_comparison_baseline,mp_fs_plus_shared,mp_fs_plus_shared,bd5fe4a9f627cf6160e918a9348d2a5a2a0a5b2102bc77df2c19e3ab6cd59c80,11741,11741,2936,ceil(utf8_bytes/4)_cpu_estimate,1,0,semi_structured,multi_table,insert_ignore,1,1,1,1
aug_seed_000162_relational_format_variant_002,seed_000162,source_group_id,codebase_community,d_g1_primary,MP-FS+ vNext D_G1,MP-FS+,deterministic_reprocess,primary,mp_fs_plus_shared,mp_fs_plus_shared,bd5fe4a9f627cf6160e918a9348d2a5a2a0a5b2102bc77df2c19e3ab6cd59c80,11741,11741,2936,ceil(utf8_bytes/4)_cpu_estimate,1,0,semi_structured,multi_table,insert_ignore,1,1,1,1
aug_seed_000162_relational_format_variant_002,seed_000162,source_group_id,codebase_community,d_only_secondary,MP-FS+ vNext D_ONLY,MP-FS+,deterministic_reprocess,secondary_ablation,mp_fs_plus_shared,mp_fs_plus_shared,bd5fe4a9f627cf6160e918a9348d2a5a2a0a5b2102bc77df2c19e3ab6cd59c80,11741,11741,2936,ceil(utf8_bytes/4)_cpu_estimate,1,0,semi_structured,multi_table,insert_ignore,1,1,1,1
aug_seed_000162_relational_format_variant_002,seed_000162,source_group_id,codebase_community,full_secondary,MP-FS+ vNext FULL,MP-FS+,deterministic_reprocess,secondary_ablation,mp_fs_plus_shared,mp_fs_plus_shared,bd5fe4a9f627cf6160e918a9348d2a5a2a0a5b2102bc77df2c19e3ab6cd59c80,11741,11741,2936,ceil(utf8_bytes/4)_cpu_estimate,1,0,semi_structured,multi_table,insert_ignore,1,1,1,1
aug_seed_000162_relational_format_variant_002,seed_000162,source_group_id,codebase_community,no_c_secondary,MP-FS+ vNext NO_C,MP-FS+,deterministic_reprocess,secondary_ablation,mp_fs_plus_shared,mp_fs_plus_shared,bd5fe4a9f627cf6160e918a9348d2a5a2a0a5b2102bc77df2c19e3ab6cd59c80,11741,11741,2936,ceil(utf8_bytes/4)_cpu_estimate,1,0,semi_structured,multi_table,insert_ignore,1,1,1,1
aug_seed_000072_relational_format_variant_003,seed_000072,source_group_id,toxicology,direct,Direct,D-FS-M,generation,baseline,direct,,03884ea01924c30e44af010629f66973c18a372bce1d99341f1246abb872475d,7437,7437,1860,ceil(utf8_bytes/4)_cpu_estimate,1,0,semi_structured,multi_table,insert_ignore,1,1,1,1
aug_seed_000072_relational_format_variant_003,seed_000072,source_group_id,toxicology,j_fs,J-FS,J-FS-M,generation,baseline,j_fs,,99eda3f23cf265907c7e758d394e332f7fa6c3f114a7a18ba477b08a30bf9bbd,7368,7368,1842,ceil(utf8_bytes/4)_cpu_estimate,1,0,semi_structured,multi_table,insert_ignore,1,1,1,1
aug_seed_000072_relational_format_variant_003,seed_000072,source_group_id,toxicology,original_mp_fs_plus,Original MP-FS+,MP-FS+,deterministic_reprocess,primary_comparison_baseline,mp_fs_plus_shared,mp_fs_plus_shared,1870b9ec6628111900a98b1253dc954fa3905c26b0824666cd0974513ffa0b1e,9890,9890,2473,ceil(utf8_bytes/4)_cpu_estimate,1,0,semi_structured,multi_table,insert_ignore,1,1,1,1
aug_seed_000072_relational_format_variant_003,seed_000072,source_group_id,toxicology,d_g1_primary,MP-FS+ vNext D_G1,MP-FS+,deterministic_reprocess,primary,mp_fs_plus_shared,mp_fs_plus_shared,1870b9ec6628111900a98b1253dc954fa3905c26b0824666cd0974513ffa0b1e,9890,9890,2473,ceil(utf8_bytes/4)_cpu_estimate,1,0,semi_structured,multi_table,insert_ignore,1,1,1,1
aug_seed_000072_relational_format_variant_003,seed_000072,source_group_id,toxicology,d_only_secondary,MP-FS+ vNext D_ONLY,MP-FS+,deterministic_reprocess,secondary_ablation,mp_fs_plus_shared,mp_fs_plus_shared,1870b9ec6628111900a98b1253dc954fa3905c26b0824666cd0974513ffa0b1e,9890,9890,2473,ceil(utf8_bytes/4)_cpu_estimate,1,0,semi_structured,multi_table,insert_ignore,1,1,1,1
aug_seed_000072_relational_format_variant_003,seed_000072,source_group_id,toxicology,full_secondary,MP-FS+ vNext FULL,MP-FS+,deterministic_reprocess,secondary_ablation,mp_fs_plus_shared,mp_fs_plus_shared,1870b9ec6628111900a98b1253dc954fa3905c26b0824666cd0974513ffa0b1e,9890,9890,2473,ceil(utf8_bytes/4)_cpu_estimate,1,0,semi_structured,multi_table,insert_ignore,1,1,1,1
aug_seed_000072_relational_format_variant_003,seed_000072,source_group_id,toxicology,no_c_secondary,MP-FS+ vNext NO_C,MP-FS+,deterministic_reprocess,secondary_ablation,mp_fs_plus_shared,mp_fs_plus_shared,1870b9ec6628111900a98b1253dc954fa3905c26b0824666cd0974513ffa0b1e,9890,9890,2473,ceil(utf8_bytes/4)_cpu_estimate,1,0,semi_structured,multi_table,insert_ignore,1,1,1,1
seed_000166,seed_000166,source_group_id,financial,direct,Direct,D-FS-M,generation,baseline,direct,,bfa0c0b83f7685d54440b47fd512fa8787c0f3b1faba3dbcc5c2a7cd70d30506,12006,12006,3002,ceil(utf8_bytes/4)_cpu_estimate,1,0,semi_structured,json_array,plain_insert,0,1,1,1
seed_000166,seed_000166,source_group_id,financial,j_fs,J-FS,J-FS-M,generation,baseline,j_fs,,c22e02080b318c8875e89e9578ea06816778a26b2554e58786c429e53286a90c,11937,11937,2985,ceil(utf8_bytes/4)_cpu_estimate,1,0,semi_structured,json_array,plain_insert,0,1,1,1
seed_000166,seed_000166,source_group_id,financial,original_mp_fs_plus,Original MP-FS+,MP-FS+,deterministic_reprocess,primary_comparison_baseline,mp_fs_plus_shared,mp_fs_plus_shared,843c2ecb537930296240778a27475be1b02c82169040756bd544766ccdbafd7e,17412,17412,4353,ceil(utf8_bytes/4)_cpu_estimate,1,0,semi_structured,json_array,plain_insert,0,1,1,1
seed_000166,seed_000166,source_group_id,financial,d_g1_primary,MP-FS+ vNext D_G1,MP-FS+,deterministic_reprocess,primary,mp_fs_plus_shared,mp_fs_plus_shared,843c2ecb537930296240778a27475be1b02c82169040756bd544766ccdbafd7e,17412,17412,4353,ceil(utf8_bytes/4)_cpu_estimate,1,0,semi_structured,json_array,plain_insert,0,1,1,1
seed_000166,seed_000166,source_group_id,financial,d_only_secondary,MP-FS+ vNext D_ONLY,MP-FS+,deterministic_reprocess,secondary_ablation,mp_fs_plus_shared,mp_fs_plus_shared,843c2ecb537930296240778a27475be1b02c82169040756bd544766ccdbafd7e,17412,17412,4353,ceil(utf8_bytes/4)_cpu_estimate,1,0,semi_structured,json_array,plain_insert,0,1,1,1
seed_000166,seed_000166,source_group_id,financial,full_secondary,MP-FS+ vNext FULL,MP-FS+,deterministic_reprocess,secondary_ablation,mp_fs_plus_shared,mp_fs_plus_shared,843c2ecb537930296240778a27475be1b02c82169040756bd544766ccdbafd7e,17412,17412,4353,ceil(utf8_bytes/4)_cpu_estimate,1,0,semi_structured,json_array,plain_insert,0,1,1,1
seed_000166,seed_000166,source_group_id,financial,no_c_secondary,MP-FS+ vNext NO_C,MP-FS+,deterministic_reprocess,secondary_ablation,mp_fs_plus_shared,mp_fs_plus_shared,843c2ecb537930296240778a27475be1b02c82169040756bd544766ccdbafd7e,17412,17412,4353,ceil(utf8_bytes/4)_cpu_estimate,1,0,semi_structured,json_array,plain_insert,0,1,1,1
aug_seed_000048_single_row_subset_002,seed_000048,source_group_id,formula_1,direct,Direct,D-FS-M,generation,baseline,direct,,fe1cbf585cd237ccef03fb5ec3c876d79b5d1f1c830a06eefe62417157a4b1a0,17110,17110,4278,ceil(utf8_bytes/4)_cpu_estimate,1,0,free_text,free_text,insert_ignore,0,1,1,1
aug_seed_000048_single_row_subset_002,seed_000048,source_group_id,formula_1,j_fs,J-FS,J-FS-M,generation,baseline,j_fs,,6bd52a1ed3595484cc43b19d4e555ce0e126518774b68f3f229ea7d2bb43483e,17020,17020,4255,ceil(utf8_bytes/4)_cpu_estimate,1,0,free_text,free_text,insert_ignore,0,1,1,1
aug_seed_000048_single_row_subset_002,seed_000048,source_group_id,formula_1,original_mp_fs_plus,Original MP-FS+,MP-FS+,deterministic_reprocess,primary_comparison_baseline,mp_fs_plus_shared,mp_fs_plus_shared,746707664b9a9bd96bc0b87233fc324b1fb357e8e61dfd0f772778f3763c0411,20466,20466,5117,ceil(utf8_bytes/4)_cpu_estimate,1,0,free_text,free_text,insert_ignore,0,1,1,1
aug_seed_000048_single_row_subset_002,seed_000048,source_group_id,formula_1,d_g1_primary,MP-FS+ vNext D_G1,MP-FS+,deterministic_reprocess,primary,mp_fs_plus_shared,mp_fs_plus_shared,746707664b9a9bd96bc0b87233fc324b1fb357e8e61dfd0f772778f3763c0411,20466,20466,5117,ceil(utf8_bytes/4)_cpu_estimate,1,0,free_text,free_text,insert_ignore,0,1,1,1
aug_seed_000048_single_row_subset_002,seed_000048,source_group_id,formula_1,d_only_secondary,MP-FS+ vNext D_ONLY,MP-FS+,deterministic_reprocess,secondary_ablation,mp_fs_plus_shared,mp_fs_plus_shared,746707664b9a9bd96bc0b87233fc324b1fb357e8e61dfd0f772778f3763c0411,20466,20466,5117,ceil(utf8_bytes/4)_cpu_estimate,1,0,free_text,free_text,insert_ignore,0,1,1,1
aug_seed_000048_single_row_subset_002,seed_000048,source_group_id,formula_1,full_secondary,MP-FS+ vNext FULL,MP-FS+,deterministic_reprocess,secondary_ablation,mp_fs_plus_shared,mp_fs_plus_shared,746707664b9a9bd96bc0b87233fc324b1fb357e8e61dfd0f772778f3763c0411,20466,20466,5117,ceil(utf8_bytes/4)_cpu_estimate,1,0,free_text,free_text,insert_ignore,0,1,1,1
aug_seed_000048_single_row_subset_002,seed_000048,source_group_id,formula_1,no_c_secondary,MP-FS+ vNext NO_C,MP-FS+,deterministic_reprocess,secondary_ablation,mp_fs_plus_shared,mp_fs_plus_shared,746707664b9a9bd96bc0b87233fc324b1fb357e8e61dfd0f772778f3763c0411,20466,20466,5117,ceil(utf8_bytes/4)_cpu_estimate,1,0,free_text,free_text,insert_ignore,0,1,1,1
aug_seed_000079_single_row_subset_002,seed_000079,source_group_id,debit_card_specializing,direct,Direct,D-FS-M,generation,baseline,direct,,e4685eb7f1458acc057ff17e2305a67bd21cad0d33c993dd1531721b24f4df57,4872,4872,1218,ceil(utf8_bytes/4)_cpu_estimate,1,0,free_text,free_text,insert_ignore,0,1,1,1
aug_seed_000079_single_row_subset_002,seed_000079,source_group_id,debit_card_specializing,j_fs,J-FS,J-FS-M,generation,baseline,j_fs,,447a957f1e3d450c1ae40e2ce31e28ab7c72f7f19e74990994f99433c16da617,4782,4782,1196,ceil(utf8_bytes/4)_cpu_estimate,1,0,free_text,free_text,insert_ignore,0,1,1,1
aug_seed_000079_single_row_subset_002,seed_000079,source_group_id,debit_card_specializing,original_mp_fs_plus,Original MP-FS+,MP-FS+,deterministic_reprocess,primary_comparison_baseline,mp_fs_plus_shared,mp_fs_plus_shared,4c8b8e0902d0d8e1f7b9fab55523f9864b4acae83c50a5d26253fd7140d20631,8772,8772,2193,ceil(utf8_bytes/4)_cpu_estimate,1,0,free_text,free_text,insert_ignore,0,1,1,1
aug_seed_000079_single_row_subset_002,seed_000079,source_group_id,debit_card_specializing,d_g1_primary,MP-FS+ vNext D_G1,MP-FS+,deterministic_reprocess,primary,mp_fs_plus_shared,mp_fs_plus_shared,4c8b8e0902d0d8e1f7b9fab55523f9864b4acae83c50a5d26253fd7140d20631,8772,8772,2193,ceil(utf8_bytes/4)_cpu_estimate,1,0,free_text,free_text,insert_ignore,0,1,1,1
aug_seed_000079_single_row_subset_002,seed_000079,source_group_id,debit_card_specializing,d_only_secondary,MP-FS+ vNext D_ONLY,MP-FS+,deterministic_reprocess,secondary_ablation,mp_fs_plus_shared,mp_fs_plus_shared,4c8b8e0902d0d8e1f7b9fab55523f9864b4acae83c50a5d26253fd7140d20631,8772,8772,2193,ceil(utf8_bytes/4)_cpu_estimate,1,0,free_text,free_text,insert_ignore,0,1,1,1
aug_seed_000079_single_row_subset_002,seed_000079,source_group_id,debit_card_specializing,full_secondary,MP-FS+ vNext FULL,MP-FS+,deterministic_reprocess,secondary_ablation,mp_fs_plus_shared,mp_fs_plus_shared,4c8b8e0902d0d8e1f7b9fab55523f9864b4acae83c50a5d26253fd7140d20631,8772,8772,2193,ceil(utf8_bytes/4)_cpu_estimate,1,0,free_text,free_text,insert_ignore,0,1,1,1
aug_seed_000079_single_row_subset_002,seed_000079,source_group_id,debit_card_specializing,no_c_secondary,MP-FS+ vNext NO_C,MP-FS+,deterministic_reprocess,secondary_ablation,mp_fs_plus_shared,mp_fs_plus_shared,4c8b8e0902d0d8e1f7b9fab55523f9864b4acae83c50a5d26253fd7140d20631,8772,8772,2193,ceil(utf8_bytes/4)_cpu_estimate,1,0,free_text,free_text,insert_ignore,0,1,1,1
aug_seed_000335_small_batch_subset_001,seed_000335,source_group_id,debit_card_specializing,direct,Direct,D-FS-M,generation,baseline,direct,,7a0a12c9df71d021c5f2110efb4639099cd654a2e2b0c4df24f5cb1ba9bc0ca1,4976,4976,1244,ceil(utf8_bytes/4)_cpu_estimate,1,0,free_text,free_text,insert_ignore,0,1,1,1
aug_seed_000335_small_batch_subset_001,seed_000335,source_group_id,debit_card_specializing,j_fs,J-FS,J-FS-M,generation,baseline,j_fs,,2283e911523358b11e372c26fc2b0ef312a5e33a206b84e8998b3fd5f187f6d5,4886,4886,1222,ceil(utf8_bytes/4)_cpu_estimate,1,0,free_text,free_text,insert_ignore,0,1,1,1
aug_seed_000335_small_batch_subset_001,seed_000335,source_group_id,debit_card_specializing,original_mp_fs_plus,Original MP-FS+,MP-FS+,deterministic_reprocess,primary_comparison_baseline,mp_fs_plus_shared,mp_fs_plus_shared,7499ff4c76b29211c288d1ecf6db72743530e17baaafe27296524393e7fe3557,11463,11463,2866,ceil(utf8_bytes/4)_cpu_estimate,1,0,free_text,free_text,insert_ignore,0,1,1,1
aug_seed_000335_small_batch_subset_001,seed_000335,source_group_id,debit_card_specializing,d_g1_primary,MP-FS+ vNext D_G1,MP-FS+,deterministic_reprocess,primary,mp_fs_plus_shared,mp_fs_plus_shared,7499ff4c76b29211c288d1ecf6db72743530e17baaafe27296524393e7fe3557,11463,11463,2866,ceil(utf8_bytes/4)_cpu_estimate,1,0,free_text,free_text,insert_ignore,0,1,1,1
aug_seed_000335_small_batch_subset_001,seed_000335,source_group_id,debit_card_specializing,d_only_secondary,MP-FS+ vNext D_ONLY,MP-FS+,deterministic_reprocess,secondary_ablation,mp_fs_plus_shared,mp_fs_plus_shared,7499ff4c76b29211c288d1ecf6db72743530e17baaafe27296524393e7fe3557,11463,11463,2866,ceil(utf8_bytes/4)_cpu_estimate,1,0,free_text,free_text,insert_ignore,0,1,1,1
aug_seed_000335_small_batch_subset_001,seed_000335,source_group_id,debit_card_specializing,full_secondary,MP-FS+ vNext FULL,MP-FS+,deterministic_reprocess,secondary_ablation,mp_fs_plus_shared,mp_fs_plus_shared,7499ff4c76b29211c288d1ecf6db72743530e17baaafe27296524393e7fe3557,11463,11463,2866,ceil(utf8_bytes/4)_cpu_estimate,1,0,free_text,free_text,insert_ignore,0,1,1,1
aug_seed_000335_small_batch_subset_001,seed_000335,source_group_id,debit_card_specializing,no_c_secondary,MP-FS+ vNext NO_C,MP-FS+,deterministic_reprocess,secondary_ablation,mp_fs_plus_shared,mp_fs_plus_shared,7499ff4c76b29211c288d1ecf6db72743530e17baaafe27296524393e7fe3557,11463,11463,2866,ceil(utf8_bytes/4)_cpu_estimate,1,0,free_text,free_text,insert_ignore,0,1,1,1
aug_seed_000108_single_row_subset_002,seed_000108,source_group_id,student_club,direct,Direct,D-FS-M,generation,baseline,direct,,9be7a010c3994dc16e883754689baf9ce2659b57d0eaa98414a173074ddf71bc,9246,9246,2312,ceil(utf8_bytes/4)_cpu_estimate,1,0,free_text,free_text,insert_ignore,0,1,1,1
aug_seed_000108_single_row_subset_002,seed_000108,source_group_id,student_club,j_fs,J-FS,J-FS-M,generation,baseline,j_fs,,3be854f5c074ccc076c59b78fcf857686fa358b35137d9e175149632789eb6e7,9156,9156,2289,ceil(utf8_bytes/4)_cpu_estimate,1,0,free_text,free_text,insert_ignore,0,1,1,1
aug_seed_000108_single_row_subset_002,seed_000108,source_group_id,student_club,original_mp_fs_plus,Original MP-FS+,MP-FS+,deterministic_reprocess,primary_comparison_baseline,mp_fs_plus_shared,mp_fs_plus_shared,e786883012cf7042273c81b21ef14d37e6befa842b79c678e48f72966ea94626,15394,15394,3849,ceil(utf8_bytes/4)_cpu_estimate,1,0,free_text,free_text,insert_ignore,0,1,1,1
aug_seed_000108_single_row_subset_002,seed_000108,source_group_id,student_club,d_g1_primary,MP-FS+ vNext D_G1,MP-FS+,deterministic_reprocess,primary,mp_fs_plus_shared,mp_fs_plus_shared,e786883012cf7042273c81b21ef14d37e6befa842b79c678e48f72966ea94626,15394,15394,3849,ceil(utf8_bytes/4)_cpu_estimate,1,0,free_text,free_text,insert_ignore,0,1,1,1
aug_seed_000108_single_row_subset_002,seed_000108,source_group_id,student_club,d_only_secondary,MP-FS+ vNext D_ONLY,MP-FS+,deterministic_reprocess,secondary_ablation,mp_fs_plus_shared,mp_fs_plus_shared,e786883012cf7042273c81b21ef14d37e6befa842b79c678e48f72966ea94626,15394,15394,3849,ceil(utf8_bytes/4)_cpu_estimate,1,0,free_text,free_text,insert_ignore,0,1,1,1
aug_seed_000108_single_row_subset_002,seed_000108,source_group_id,student_club,full_secondary,MP-FS+ vNext FULL,MP-FS+,deterministic_reprocess,secondary_ablation,mp_fs_plus_shared,mp_fs_plus_shared,e786883012cf7042273c81b21ef14d37e6befa842b79c678e48f72966ea94626,15394,15394,3849,ceil(utf8_bytes/4)_cpu_estimate,1,0,free_text,free_text,insert_ignore,0,1,1,1
aug_seed_000108_single_row_subset_002,seed_000108,source_group_id,student_club,no_c_secondary,MP-FS+ vNext NO_C,MP-FS+,deterministic_reprocess,secondary_ablation,mp_fs_plus_shared,mp_fs_plus_shared,e786883012cf7042273c81b21ef14d37e6befa842b79c678e48f72966ea94626,15394,15394,3849,ceil(utf8_bytes/4)_cpu_estimate,1,0,free_text,free_text,insert_ignore,0,1,1,1
aug_seed_000020_relational_format_variant_001,seed_000020,source_group_id,european_football_2,direct,Direct,D-FS-M,generation,baseline,direct,,39f3c24396a010541402d3041d935bdd9af39e884fe6600f7dd9078252045bde,36571,36571,9143,ceil(utf8_bytes/4)_cpu_estimate,1,0,free_text,free_text,insert_ignore,1,1,1,1
aug_seed_000020_relational_format_variant_001,seed_000020,source_group_id,european_football_2,j_fs,J-FS,J-FS-M,generation,baseline,j_fs,,2c3660c884badf38dff02eed6287829309e16572cbc3ac250fe22b82554ded3f,36481,36481,9121,ceil(utf8_bytes/4)_cpu_estimate,1,0,free_text,free_text,insert_ignore,1,1,1,1
aug_seed_000020_relational_format_variant_001,seed_000020,source_group_id,european_football_2,original_mp_fs_plus,Original MP-FS+,MP-FS+,deterministic_reprocess,primary_comparison_baseline,mp_fs_plus_shared,mp_fs_plus_shared,453f71f043e49cb21e49d1dad7b204bae1bab234c18034a61ffc212c5ca5027e,61257,61257,15315,ceil(utf8_bytes/4)_cpu_estimate,1,0,free_text,free_text,insert_ignore,1,1,1,1
aug_seed_000020_relational_format_variant_001,seed_000020,source_group_id,european_football_2,d_g1_primary,MP-FS+ vNext D_G1,MP-FS+,deterministic_reprocess,primary,mp_fs_plus_shared,mp_fs_plus_shared,453f71f043e49cb21e49d1dad7b204bae1bab234c18034a61ffc212c5ca5027e,61257,61257,15315,ceil(utf8_bytes/4)_cpu_estimate,1,0,free_text,free_text,insert_ignore,1,1,1,1
aug_seed_000020_relational_format_variant_001,seed_000020,source_group_id,european_football_2,d_only_secondary,MP-FS+ vNext D_ONLY,MP-FS+,deterministic_reprocess,secondary_ablation,mp_fs_plus_shared,mp_fs_plus_shared,453f71f043e49cb21e49d1dad7b204bae1bab234c18034a61ffc212c5ca5027e,61257,61257,15315,ceil(utf8_bytes/4)_cpu_estimate,1,0,free_text,free_text,insert_ignore,1,1,1,1
aug_seed_000020_relational_format_variant_001,seed_000020,source_group_id,european_football_2,full_secondary,MP-FS+ vNext FULL,MP-FS+,deterministic_reprocess,secondary_ablation,mp_fs_plus_shared,mp_fs_plus_shared,453f71f043e49cb21e49d1dad7b204bae1bab234c18034a61ffc212c5ca5027e,61257,61257,15315,ceil(utf8_bytes/4)_cpu_estimate,1,0,free_text,free_text,insert_ignore,1,1,1,1
aug_seed_000020_relational_format_variant_001,seed_000020,source_group_id,european_football_2,no_c_secondary,MP-FS+ vNext NO_C,MP-FS+,deterministic_reprocess,secondary_ablation,mp_fs_plus_shared,mp_fs_plus_shared,453f71f043e49cb21e49d1dad7b204bae1bab234c18034a61ffc212c5ca5027e,61257,61257,15315,ceil(utf8_bytes/4)_cpu_estimate,1,0,free_text,free_text,insert_ignore,1,1,1,1
seed_000169,seed_000169,source_group_id,debit_card_specializing,direct,Direct,D-FS-M,generation,baseline,direct,,ff2dce1312f8a7a5345f022d4e914c2b39e00942c4fbcbfad277102472238ab6,6448,6452,1613,ceil(utf8_bytes/4)_cpu_estimate,1,0,semi_structured,json_array,plain_insert,0,1,1,1
seed_000169,seed_000169,source_group_id,debit_card_specializing,j_fs,J-FS,J-FS-M,generation,baseline,j_fs,,2584e42461a652cad87e10a0dc7d3290d58b59adc69ace8533a6f9d3fa1c0f02,6379,6383,1596,ceil(utf8_bytes/4)_cpu_estimate,1,0,semi_structured,json_array,plain_insert,0,1,1,1
seed_000169,seed_000169,source_group_id,debit_card_specializing,original_mp_fs_plus,Original MP-FS+,MP-FS+,deterministic_reprocess,primary_comparison_baseline,mp_fs_plus_shared,mp_fs_plus_shared,acb5f84508eec08c05d8559f0821e6349edb194e5634e203a210dfdbeacc8c92,6701,6701,1676,ceil(utf8_bytes/4)_cpu_estimate,1,0,semi_structured,json_array,plain_insert,0,1,1,1
seed_000169,seed_000169,source_group_id,debit_card_specializing,d_g1_primary,MP-FS+ vNext D_G1,MP-FS+,deterministic_reprocess,primary,mp_fs_plus_shared,mp_fs_plus_shared,acb5f84508eec08c05d8559f0821e6349edb194e5634e203a210dfdbeacc8c92,6701,6701,1676,ceil(utf8_bytes/4)_cpu_estimate,1,0,semi_structured,json_array,plain_insert,0,1,1,1
seed_000169,seed_000169,source_group_id,debit_card_specializing,d_only_secondary,MP-FS+ vNext D_ONLY,MP-FS+,deterministic_reprocess,secondary_ablation,mp_fs_plus_shared,mp_fs_plus_shared,acb5f84508eec08c05d8559f0821e6349edb194e5634e203a210dfdbeacc8c92,6701,6701,1676,ceil(utf8_bytes/4)_cpu_estimate,1,0,semi_structured,json_array,plain_insert,0,1,1,1
seed_000169,seed_000169,source_group_id,debit_card_specializing,full_secondary,MP-FS+ vNext FULL,MP-FS+,deterministic_reprocess,secondary_ablation,mp_fs_plus_shared,mp_fs_plus_shared,acb5f84508eec08c05d8559f0821e6349edb194e5634e203a210dfdbeacc8c92,6701,6701,1676,ceil(utf8_bytes/4)_cpu_estimate,1,0,semi_structured,json_array,plain_insert,0,1,1,1
seed_000169,seed_000169,source_group_id,debit_card_specializing,no_c_secondary,MP-FS+ vNext NO_C,MP-FS+,deterministic_reprocess,secondary_ablation,mp_fs_plus_shared,mp_fs_plus_shared,acb5f84508eec08c05d8559f0821e6349edb194e5634e203a210dfdbeacc8c92,6701,6701,1676,ceil(utf8_bytes/4)_cpu_estimate,1,0,semi_structured,json_array,plain_insert,0,1,1,1
seed_000245,seed_000245,source_group_id,financial,direct,Direct,D-FS-M,generation,baseline,direct,,2587d45161d81214d8fd0a3336d08eeb64907b2ab74bd6864421780143b87e94,12038,12038,3010,ceil(utf8_bytes/4)_cpu_estimate,1,0,semi_structured,json_array,plain_insert,0,1,1,1
seed_000245,seed_000245,source_group_id,financial,j_fs,J-FS,J-FS-M,generation,baseline,j_fs,,23e81649e86a1339371359ee3c1487cc735742b1c5ec8d2388bcbaec12824055,11969,11969,2993,ceil(utf8_bytes/4)_cpu_estimate,1,0,semi_structured,json_array,plain_insert,0,1,1,1
seed_000245,seed_000245,source_group_id,financial,original_mp_fs_plus,Original MP-FS+,MP-FS+,deterministic_reprocess,primary_comparison_baseline,mp_fs_plus_shared,mp_fs_plus_shared,54c141e7b7e0bcc65ff1e218824334a9c6ea695ec0cfd3716b192928a98f1b12,14456,14456,3614,ceil(utf8_bytes/4)_cpu_estimate,1,0,semi_structured,json_array,plain_insert,0,1,1,1
seed_000245,seed_000245,source_group_id,financial,d_g1_primary,MP-FS+ vNext D_G1,MP-FS+,deterministic_reprocess,primary,mp_fs_plus_shared,mp_fs_plus_shared,54c141e7b7e0bcc65ff1e218824334a9c6ea695ec0cfd3716b192928a98f1b12,14456,14456,3614,ceil(utf8_bytes/4)_cpu_estimate,1,0,semi_structured,json_array,plain_insert,0,1,1,1
seed_000245,seed_000245,source_group_id,financial,d_only_secondary,MP-FS+ vNext D_ONLY,MP-FS+,deterministic_reprocess,secondary_ablation,mp_fs_plus_shared,mp_fs_plus_shared,54c141e7b7e0bcc65ff1e218824334a9c6ea695ec0cfd3716b192928a98f1b12,14456,14456,3614,ceil(utf8_bytes/4)_cpu_estimate,1,0,semi_structured,json_array,plain_insert,0,1,1,1
seed_000245,seed_000245,source_group_id,financial,full_secondary,MP-FS+ vNext FULL,MP-FS+,deterministic_reprocess,secondary_ablation,mp_fs_plus_shared,mp_fs_plus_shared,54c141e7b7e0bcc65ff1e218824334a9c6ea695ec0cfd3716b192928a98f1b12,14456,14456,3614,ceil(utf8_bytes/4)_cpu_estimate,1,0,semi_structured,json_array,plain_insert,0,1,1,1
seed_000245,seed_000245,source_group_id,financial,no_c_secondary,MP-FS+ vNext NO_C,MP-FS+,deterministic_reprocess,secondary_ablation,mp_fs_plus_shared,mp_fs_plus_shared,54c141e7b7e0bcc65ff1e218824334a9c6ea695ec0cfd3716b192928a98f1b12,14456,14456,3614,ceil(utf8_bytes/4)_cpu_estimate,1,0,semi_structured,json_array,plain_insert,0,1,1,1
seed_000263,seed_000263,source_group_id,california_schools,direct,Direct,D-FS-M,generation,baseline,direct,,1202f3e28a58a50b24840a44da0eb1ecca0135fc354192514bf776c30107dcee,17824,17824,4456,ceil(utf8_bytes/4)_cpu_estimate,1,0,semi_structured,json_array,upsert_update,0,1,1,1
seed_000263,seed_000263,source_group_id,california_schools,j_fs,J-FS,J-FS-M,generation,baseline,j_fs,,f8308153d93e7a0fd8ca1e1debb2055a0a293a6e36296c62ce38797a6a9c7467,17755,17755,4439,ceil(utf8_bytes/4)_cpu_estimate,1,0,semi_structured,json_array,upsert_update,0,1,1,1
seed_000263,seed_000263,source_group_id,california_schools,original_mp_fs_plus,Original MP-FS+,MP-FS+,deterministic_reprocess,primary_comparison_baseline,mp_fs_plus_shared,mp_fs_plus_shared,9a059aaeea6986b1d759611fd3105eca1da3b0241f11d19a8d82872143d451b3,20371,20371,5093,ceil(utf8_bytes/4)_cpu_estimate,1,0,semi_structured,json_array,upsert_update,0,1,1,1
seed_000263,seed_000263,source_group_id,california_schools,d_g1_primary,MP-FS+ vNext D_G1,MP-FS+,deterministic_reprocess,primary,mp_fs_plus_shared,mp_fs_plus_shared,9a059aaeea6986b1d759611fd3105eca1da3b0241f11d19a8d82872143d451b3,20371,20371,5093,ceil(utf8_bytes/4)_cpu_estimate,1,0,semi_structured,json_array,upsert_update,0,1,1,1
seed_000263,seed_000263,source_group_id,california_schools,d_only_secondary,MP-FS+ vNext D_ONLY,MP-FS+,deterministic_reprocess,secondary_ablation,mp_fs_plus_shared,mp_fs_plus_shared,9a059aaeea6986b1d759611fd3105eca1da3b0241f11d19a8d82872143d451b3,20371,20371,5093,ceil(utf8_bytes/4)_cpu_estimate,1,0,semi_structured,json_array,upsert_update,0,1,1,1
seed_000263,seed_000263,source_group_id,california_schools,full_secondary,MP-FS+ vNext FULL,MP-FS+,deterministic_reprocess,secondary_ablation,mp_fs_plus_shared,mp_fs_plus_shared,9a059aaeea6986b1d759611fd3105eca1da3b0241f11d19a8d82872143d451b3,20371,20371,5093,ceil(utf8_bytes/4)_cpu_estimate,1,0,semi_structured,json_array,upsert_update,0,1,1,1
seed_000263,seed_000263,source_group_id,california_schools,no_c_secondary,MP-FS+ vNext NO_C,MP-FS+,deterministic_reprocess,secondary_ablation,mp_fs_plus_shared,mp_fs_plus_shared,9a059aaeea6986b1d759611fd3105eca1da3b0241f11d19a8d82872143d451b3,20371,20371,5093,ceil(utf8_bytes/4)_cpu_estimate,1,0,semi_structured,json_array,upsert_update,0,1,1,1
aug_seed_000091_single_row_subset_001,seed_000091,source_group_id,financial,direct,Direct,D-FS-M,generation,baseline,direct,,04eec7f4a11478b036adb858a5ffd1d4d19509c87b6270da78eb7888bd9e89d3,9863,9863,2466,ceil(utf8_bytes/4)_cpu_estimate,1,0,free_text,free_text,insert_ignore,0,1,1,1
aug_seed_000091_single_row_subset_001,seed_000091,source_group_id,financial,j_fs,J-FS,J-FS-M,generation,baseline,j_fs,,08aada062c196da4a55d911a3c2dd4b40662aa2f40c543dfa0a4fe57e678d2e6,9773,9773,2444,ceil(utf8_bytes/4)_cpu_estimate,1,0,free_text,free_text,insert_ignore,0,1,1,1
aug_seed_000091_single_row_subset_001,seed_000091,source_group_id,financial,original_mp_fs_plus,Original MP-FS+,MP-FS+,deterministic_reprocess,primary_comparison_baseline,mp_fs_plus_shared,mp_fs_plus_shared,5b8e8ec6d68b326c7671a95cb9ea8dc0d4cb04e7a730fc0f16c5f0b0f0bfd54f,14998,14998,3750,ceil(utf8_bytes/4)_cpu_estimate,1,0,free_text,free_text,insert_ignore,0,1,1,1
aug_seed_000091_single_row_subset_001,seed_000091,source_group_id,financial,d_g1_primary,MP-FS+ vNext D_G1,MP-FS+,deterministic_reprocess,primary,mp_fs_plus_shared,mp_fs_plus_shared,5b8e8ec6d68b326c7671a95cb9ea8dc0d4cb04e7a730fc0f16c5f0b0f0bfd54f,14998,14998,3750,ceil(utf8_bytes/4)_cpu_estimate,1,0,free_text,free_text,insert_ignore,0,1,1,1
aug_seed_000091_single_row_subset_001,seed_000091,source_group_id,financial,d_only_secondary,MP-FS+ vNext D_ONLY,MP-FS+,deterministic_reprocess,secondary_ablation,mp_fs_plus_shared,mp_fs_plus_shared,5b8e8ec6d68b326c7671a95cb9ea8dc0d4cb04e7a730fc0f16c5f0b0f0bfd54f,14998,14998,3750,ceil(utf8_bytes/4)_cpu_estimate,1,0,free_text,free_text,insert_ignore,0,1,1,1
aug_seed_000091_single_row_subset_001,seed_000091,source_group_id,financial,full_secondary,MP-FS+ vNext FULL,MP-FS+,deterministic_reprocess,secondary_ablation,mp_fs_plus_shared,mp_fs_plus_shared,5b8e8ec6d68b326c7671a95cb9ea8dc0d4cb04e7a730fc0f16c5f0b0f0bfd54f,14998,14998,3750,ceil(utf8_bytes/4)_cpu_estimate,1,0,free_text,free_text,insert_ignore,0,1,1,1
aug_seed_000091_single_row_subset_001,seed_000091,source_group_id,financial,no_c_secondary,MP-FS+ vNext NO_C,MP-FS+,deterministic_reprocess,secondary_ablation,mp_fs_plus_shared,mp_fs_plus_shared,5b8e8ec6d68b326c7671a95cb9ea8dc0d4cb04e7a730fc0f16c5f0b0f0bfd54f,14998,14998,3750,ceil(utf8_bytes/4)_cpu_estimate,1,0,free_text,free_text,insert_ignore,0,1,1,1
seed_000308,seed_000308,source_group_id,european_football_2,direct,Direct,D-FS-M,generation,baseline,direct,,1104cbd129fdff54935e48a003cec583162e9382c3c429c16f8e52b19c78659e,32730,32730,8183,ceil(utf8_bytes/4)_cpu_estimate,1,0,semi_structured,json_array,plain_insert,0,1,1,1
seed_000308,seed_000308,source_group_id,european_football_2,j_fs,J-FS,J-FS-M,generation,baseline,j_fs,,ef7fddac4cc2e6c1703a6e970a3c77ec4f0a270fe06299df7725f76acee96073,32661,32661,8166,ceil(utf8_bytes/4)_cpu_estimate,1,0,semi_structured,json_array,plain_insert,0,1,1,1
seed_000308,seed_000308,source_group_id,european_football_2,original_mp_fs_plus,Original MP-FS+,MP-FS+,deterministic_reprocess,primary_comparison_baseline,mp_fs_plus_shared,mp_fs_plus_shared,d281b8fef017ca0023268d8a7985ecac66cdaf8bfc0b3bfc938e948870d89055,35813,35813,8954,ceil(utf8_bytes/4)_cpu_estimate,1,0,semi_structured,json_array,plain_insert,0,1,1,1
seed_000308,seed_000308,source_group_id,european_football_2,d_g1_primary,MP-FS+ vNext D_G1,MP-FS+,deterministic_reprocess,primary,mp_fs_plus_shared,mp_fs_plus_shared,d281b8fef017ca0023268d8a7985ecac66cdaf8bfc0b3bfc938e948870d89055,35813,35813,8954,ceil(utf8_bytes/4)_cpu_estimate,1,0,semi_structured,json_array,plain_insert,0,1,1,1
seed_000308,seed_000308,source_group_id,european_football_2,d_only_secondary,MP-FS+ vNext D_ONLY,MP-FS+,deterministic_reprocess,secondary_ablation,mp_fs_plus_shared,mp_fs_plus_shared,d281b8fef017ca0023268d8a7985ecac66cdaf8bfc0b3bfc938e948870d89055,35813,35813,8954,ceil(utf8_bytes/4)_cpu_estimate,1,0,semi_structured,json_array,plain_insert,0,1,1,1
seed_000308,seed_000308,source_group_id,european_football_2,full_secondary,MP-FS+ vNext FULL,MP-FS+,deterministic_reprocess,secondary_ablation,mp_fs_plus_shared,mp_fs_plus_shared,d281b8fef017ca0023268d8a7985ecac66cdaf8bfc0b3bfc938e948870d89055,35813,35813,8954,ceil(utf8_bytes/4)_cpu_estimate,1,0,semi_structured,json_array,plain_insert,0,1,1,1
seed_000308,seed_000308,source_group_id,european_football_2,no_c_secondary,MP-FS+ vNext NO_C,MP-FS+,deterministic_reprocess,secondary_ablation,mp_fs_plus_shared,mp_fs_plus_shared,d281b8fef017ca0023268d8a7985ecac66cdaf8bfc0b3bfc938e948870d89055,35813,35813,8954,ceil(utf8_bytes/4)_cpu_estimate,1,0,semi_structured,json_array,plain_insert,0,1,1,1
seed_000069,seed_000069,source_group_id,financial,direct,Direct,D-FS-M,generation,baseline,direct,,11202dc8e4057b2d4af878250d7f02e82d4dd24d774b7a6f2352b71233b17be8,12448,12449,3113,ceil(utf8_bytes/4)_cpu_estimate,1,0,semi_structured,json_array,plain_insert,0,1,1,1
seed_000069,seed_000069,source_group_id,financial,j_fs,J-FS,J-FS-M,generation,baseline,j_fs,,80a4f7c0350f98ff6e6336fd387d65881517fea737f19ddf07254e3068122a94,12379,12380,3095,ceil(utf8_bytes/4)_cpu_estimate,1,0,semi_structured,json_array,plain_insert,0,1,1,1
seed_000069,seed_000069,source_group_id,financial,original_mp_fs_plus,Original MP-FS+,MP-FS+,deterministic_reprocess,primary_comparison_baseline,mp_fs_plus_shared,mp_fs_plus_shared,9338c780c716113ed5898d1bb2c0b379909d4624857c480c175e343a68dcabf5,15059,15059,3765,ceil(utf8_bytes/4)_cpu_estimate,1,0,semi_structured,json_array,plain_insert,0,1,1,1
seed_000069,seed_000069,source_group_id,financial,d_g1_primary,MP-FS+ vNext D_G1,MP-FS+,deterministic_reprocess,primary,mp_fs_plus_shared,mp_fs_plus_shared,9338c780c716113ed5898d1bb2c0b379909d4624857c480c175e343a68dcabf5,15059,15059,3765,ceil(utf8_bytes/4)_cpu_estimate,1,0,semi_structured,json_array,plain_insert,0,1,1,1
seed_000069,seed_000069,source_group_id,financial,d_only_secondary,MP-FS+ vNext D_ONLY,MP-FS+,deterministic_reprocess,secondary_ablation,mp_fs_plus_shared,mp_fs_plus_shared,9338c780c716113ed5898d1bb2c0b379909d4624857c480c175e343a68dcabf5,15059,15059,3765,ceil(utf8_bytes/4)_cpu_estimate,1,0,semi_structured,json_array,plain_insert,0,1,1,1
seed_000069,seed_000069,source_group_id,financial,full_secondary,MP-FS+ vNext FULL,MP-FS+,deterministic_reprocess,secondary_ablation,mp_fs_plus_shared,mp_fs_plus_shared,9338c780c716113ed5898d1bb2c0b379909d4624857c480c175e343a68dcabf5,15059,15059,3765,ceil(utf8_bytes/4)_cpu_estimate,1,0,semi_structured,json_array,plain_insert,0,1,1,1
seed_000069,seed_000069,source_group_id,financial,no_c_secondary,MP-FS+ vNext NO_C,MP-FS+,deterministic_reprocess,secondary_ablation,mp_fs_plus_shared,mp_fs_plus_shared,9338c780c716113ed5898d1bb2c0b379909d4624857c480c175e343a68dcabf5,15059,15059,3765,ceil(utf8_bytes/4)_cpu_estimate,1,0,semi_structured,json_array,plain_insert,0,1,1,1
seed_000099,seed_000099,source_group_id,formula_1,direct,Direct,D-FS-M,generation,baseline,direct,,10f64fe70604f5d60195099c0e70387d6d09aa164a3684e0d7a452a3e885dfd4,20588,20636,5159,ceil(utf8_bytes/4)_cpu_estimate,1,0,free_text,free_text,insert_ignore,0,1,1,1
seed_000099,seed_000099,source_group_id,formula_1,j_fs,J-FS,J-FS-M,generation,baseline,j_fs,,7144379ecbb197e20bf325975ffd0a7d38b9b65c62c450071f616977ac928bb1,20498,20546,5137,ceil(utf8_bytes/4)_cpu_estimate,1,0,free_text,free_text,insert_ignore,0,1,1,1
seed_000099,seed_000099,source_group_id,formula_1,original_mp_fs_plus,Original MP-FS+,MP-FS+,deterministic_reprocess,primary_comparison_baseline,mp_fs_plus_shared,mp_fs_plus_shared,db9db379432a916a3596b957cea1b57a5303d4ea3360f6bba6eaa11603295909,45703,45813,11454,ceil(utf8_bytes/4)_cpu_estimate,1,0,free_text,free_text,insert_ignore,0,1,1,1
seed_000099,seed_000099,source_group_id,formula_1,d_g1_primary,MP-FS+ vNext D_G1,MP-FS+,deterministic_reprocess,primary,mp_fs_plus_shared,mp_fs_plus_shared,db9db379432a916a3596b957cea1b57a5303d4ea3360f6bba6eaa11603295909,45703,45813,11454,ceil(utf8_bytes/4)_cpu_estimate,1,0,free_text,free_text,insert_ignore,0,1,1,1
seed_000099,seed_000099,source_group_id,formula_1,d_only_secondary,MP-FS+ vNext D_ONLY,MP-FS+,deterministic_reprocess,secondary_ablation,mp_fs_plus_shared,mp_fs_plus_shared,db9db379432a916a3596b957cea1b57a5303d4ea3360f6bba6eaa11603295909,45703,45813,11454,ceil(utf8_bytes/4)_cpu_estimate,1,0,free_text,free_text,insert_ignore,0,1,1,1
seed_000099,seed_000099,source_group_id,formula_1,full_secondary,MP-FS+ vNext FULL,MP-FS+,deterministic_reprocess,secondary_ablation,mp_fs_plus_shared,mp_fs_plus_shared,db9db379432a916a3596b957cea1b57a5303d4ea3360f6bba6eaa11603295909,45703,45813,11454,ceil(utf8_bytes/4)_cpu_estimate,1,0,free_text,free_text,insert_ignore,0,1,1,1
seed_000099,seed_000099,source_group_id,formula_1,no_c_secondary,MP-FS+ vNext NO_C,MP-FS+,deterministic_reprocess,secondary_ablation,mp_fs_plus_shared,mp_fs_plus_shared,db9db379432a916a3596b957cea1b57a5303d4ea3360f6bba6eaa11603295909,45703,45813,11454,ceil(utf8_bytes/4)_cpu_estimate,1,0,free_text,free_text,insert_ignore,0,1,1,1
seed_000010,seed_000010,source_group_id,california_schools,direct,Direct,D-FS-M,generation,baseline,direct,,3217d0e13d4e62e50a920d6b05091a2ae02887fe9efee7987cc5b7b28515cd87,22022,22022,5506,ceil(utf8_bytes/4)_cpu_estimate,1,0,semi_structured,json_array,upsert_update,0,1,1,1
seed_000010,seed_000010,source_group_id,california_schools,j_fs,J-FS,J-FS-M,generation,baseline,j_fs,,e5eca5c53ea288dfa2d66e46ffe2b66c39521c6b0676d58cd3263fa31ccdea6e,21953,21953,5489,ceil(utf8_bytes/4)_cpu_estimate,1,0,semi_structured,json_array,upsert_update,0,1,1,1
seed_000010,seed_000010,source_group_id,california_schools,original_mp_fs_plus,Original MP-FS+,MP-FS+,deterministic_reprocess,primary_comparison_baseline,mp_fs_plus_shared,mp_fs_plus_shared,7d48ec4141f554e617b230d8edd52edb6f254e0d26371e52c82d350251b79c79,19814,19814,4954,ceil(utf8_bytes/4)_cpu_estimate,1,0,semi_structured,json_array,upsert_update,0,1,1,1
seed_000010,seed_000010,source_group_id,california_schools,d_g1_primary,MP-FS+ vNext D_G1,MP-FS+,deterministic_reprocess,primary,mp_fs_plus_shared,mp_fs_plus_shared,7d48ec4141f554e617b230d8edd52edb6f254e0d26371e52c82d350251b79c79,19814,19814,4954,ceil(utf8_bytes/4)_cpu_estimate,1,0,semi_structured,json_array,upsert_update,0,1,1,1
seed_000010,seed_000010,source_group_id,california_schools,d_only_secondary,MP-FS+ vNext D_ONLY,MP-FS+,deterministic_reprocess,secondary_ablation,mp_fs_plus_shared,mp_fs_plus_shared,7d48ec4141f554e617b230d8edd52edb6f254e0d26371e52c82d350251b79c79,19814,19814,4954,ceil(utf8_bytes/4)_cpu_estimate,1,0,semi_structured,json_array,upsert_update,0,1,1,1
seed_000010,seed_000010,source_group_id,california_schools,full_secondary,MP-FS+ vNext FULL,MP-FS+,deterministic_reprocess,secondary_ablation,mp_fs_plus_shared,mp_fs_plus_shared,7d48ec4141f554e617b230d8edd52edb6f254e0d26371e52c82d350251b79c79,19814,19814,4954,ceil(utf8_bytes/4)_cpu_estimate,1,0,semi_structured,json_array,upsert_update,0,1,1,1
seed_000010,seed_000010,source_group_id,california_schools,no_c_secondary,MP-FS+ vNext NO_C,MP-FS+,deterministic_reprocess,secondary_ablation,mp_fs_plus_shared,mp_fs_plus_shared,7d48ec4141f554e617b230d8edd52edb6f254e0d26371e52c82d350251b79c79,19814,19814,4954,ceil(utf8_bytes/4)_cpu_estimate,1,0,semi_structured,json_array,upsert_update,0,1,1,1
aug_seed_000017_single_row_subset_001,seed_000017,source_group_id,student_club,direct,Direct,D-FS-M,generation,baseline,direct,,af41933ee0e8183cadfa9e6d2d9884df4aafdf29fe10198ce5067636aa64eeba,9442,9442,2361,ceil(utf8_bytes/4)_cpu_estimate,1,0,free_text,free_text,insert_ignore,0,1,1,1
aug_seed_000017_single_row_subset_001,seed_000017,source_group_id,student_club,j_fs,J-FS,J-FS-M,generation,baseline,j_fs,,932ac547d73c364c8d0417c29102a9a078cddc9d393c325cbb5475e5c8e40afd,9352,9352,2338,ceil(utf8_bytes/4)_cpu_estimate,1,0,free_text,free_text,insert_ignore,0,1,1,1
aug_seed_000017_single_row_subset_001,seed_000017,source_group_id,student_club,original_mp_fs_plus,Original MP-FS+,MP-FS+,deterministic_reprocess,primary_comparison_baseline,mp_fs_plus_shared,mp_fs_plus_shared,fc8efc4623dbca7feb068ef736f3f72891803eed0e275a0df5bf733b14d50fd3,16551,16551,4138,ceil(utf8_bytes/4)_cpu_estimate,1,0,free_text,free_text,insert_ignore,0,1,1,1
aug_seed_000017_single_row_subset_001,seed_000017,source_group_id,student_club,d_g1_primary,MP-FS+ vNext D_G1,MP-FS+,deterministic_reprocess,primary,mp_fs_plus_shared,mp_fs_plus_shared,fc8efc4623dbca7feb068ef736f3f72891803eed0e275a0df5bf733b14d50fd3,16551,16551,4138,ceil(utf8_bytes/4)_cpu_estimate,1,0,free_text,free_text,insert_ignore,0,1,1,1
aug_seed_000017_single_row_subset_001,seed_000017,source_group_id,student_club,d_only_secondary,MP-FS+ vNext D_ONLY,MP-FS+,deterministic_reprocess,secondary_ablation,mp_fs_plus_shared,mp_fs_plus_shared,fc8efc4623dbca7feb068ef736f3f72891803eed0e275a0df5bf733b14d50fd3,16551,16551,4138,ceil(utf8_bytes/4)_cpu_estimate,1,0,free_text,free_text,insert_ignore,0,1,1,1
aug_seed_000017_single_row_subset_001,seed_000017,source_group_id,student_club,full_secondary,MP-FS+ vNext FULL,MP-FS+,deterministic_reprocess,secondary_ablation,mp_fs_plus_shared,mp_fs_plus_shared,fc8efc4623dbca7feb068ef736f3f72891803eed0e275a0df5bf733b14d50fd3,16551,16551,4138,ceil(utf8_bytes/4)_cpu_estimate,1,0,free_text,free_text,insert_ignore,0,1,1,1
aug_seed_000017_single_row_subset_001,seed_000017,source_group_id,student_club,no_c_secondary,MP-FS+ vNext NO_C,MP-FS+,deterministic_reprocess,secondary_ablation,mp_fs_plus_shared,mp_fs_plus_shared,fc8efc4623dbca7feb068ef736f3f72891803eed0e275a0df5bf733b14d50fd3,16551,16551,4138,ceil(utf8_bytes/4)_cpu_estimate,1,0,free_text,free_text,insert_ignore,0,1,1,1
aug_seed_000027_single_row_subset_002,seed_000027,source_group_id,debit_card_specializing,direct,Direct,D-FS-M,generation,baseline,direct,,85a1aa10d9c3bf7feb4e451d0fd01f9960a60e218f8b1611abc3f02454596e53,4892,4892,1223,ceil(utf8_bytes/4)_cpu_estimate,1,0,free_text,free_text,insert_ignore,0,1,1,1
aug_seed_000027_single_row_subset_002,seed_000027,source_group_id,debit_card_specializing,j_fs,J-FS,J-FS-M,generation,baseline,j_fs,,9c4f6fb3f29d3a8de7c7b33ec1bfd99d9800cfef53b872be872a169ed44e9c5c,4802,4802,1201,ceil(utf8_bytes/4)_cpu_estimate,1,0,free_text,free_text,insert_ignore,0,1,1,1
aug_seed_000027_single_row_subset_002,seed_000027,source_group_id,debit_card_specializing,original_mp_fs_plus,Original MP-FS+,MP-FS+,deterministic_reprocess,primary_comparison_baseline,mp_fs_plus_shared,mp_fs_plus_shared,ecabc75158e86a2af84325792c220c8f3dc390ec3abf38dd813b7be4f0645e2d,9752,9752,2438,ceil(utf8_bytes/4)_cpu_estimate,1,0,free_text,free_text,insert_ignore,0,1,1,1
aug_seed_000027_single_row_subset_002,seed_000027,source_group_id,debit_card_specializing,d_g1_primary,MP-FS+ vNext D_G1,MP-FS+,deterministic_reprocess,primary,mp_fs_plus_shared,mp_fs_plus_shared,ecabc75158e86a2af84325792c220c8f3dc390ec3abf38dd813b7be4f0645e2d,9752,9752,2438,ceil(utf8_bytes/4)_cpu_estimate,1,0,free_text,free_text,insert_ignore,0,1,1,1
aug_seed_000027_single_row_subset_002,seed_000027,source_group_id,debit_card_specializing,d_only_secondary,MP-FS+ vNext D_ONLY,MP-FS+,deterministic_reprocess,secondary_ablation,mp_fs_plus_shared,mp_fs_plus_shared,ecabc75158e86a2af84325792c220c8f3dc390ec3abf38dd813b7be4f0645e2d,9752,9752,2438,ceil(utf8_bytes/4)_cpu_estimate,1,0,free_text,free_text,insert_ignore,0,1,1,1
aug_seed_000027_single_row_subset_002,seed_000027,source_group_id,debit_card_specializing,full_secondary,MP-FS+ vNext FULL,MP-FS+,deterministic_reprocess,secondary_ablation,mp_fs_plus_shared,mp_fs_plus_shared,ecabc75158e86a2af84325792c220c8f3dc390ec3abf38dd813b7be4f0645e2d,9752,9752,2438,ceil(utf8_bytes/4)_cpu_estimate,1,0,free_text,free_text,insert_ignore,0,1,1,1
aug_seed_000027_single_row_subset_002,seed_000027,source_group_id,debit_card_specializing,no_c_secondary,MP-FS+ vNext NO_C,MP-FS+,deterministic_reprocess,secondary_ablation,mp_fs_plus_shared,mp_fs_plus_shared,ecabc75158e86a2af84325792c220c8f3dc390ec3abf38dd813b7be4f0645e2d,9752,9752,2438,ceil(utf8_bytes/4)_cpu_estimate,1,0,free_text,free_text,insert_ignore,0,1,1,1
aug_seed_000145_single_row_subset_001,seed_000145,source_group_id,toxicology,direct,Direct,D-FS-M,generation,baseline,direct,,80e75f236d8f09a6907a3b43b3c4a6f5bc06fdf9051c8fb7c4580c94a921f57e,5033,5033,1259,ceil(utf8_bytes/4)_cpu_estimate,1,0,semi_structured,markdown_table,insert_ignore,0,1,1,1
aug_seed_000145_single_row_subset_001,seed_000145,source_group_id,toxicology,j_fs,J-FS,J-FS-M,generation,baseline,j_fs,,a8fea2a3fa22dfae8ba8a5a99101140f1fafe9ca0ea6b5e67b23b5315b542196,4964,4964,1241,ceil(utf8_bytes/4)_cpu_estimate,1,0,semi_structured,markdown_table,insert_ignore,0,1,1,1
aug_seed_000145_single_row_subset_001,seed_000145,source_group_id,toxicology,original_mp_fs_plus,Original MP-FS+,MP-FS+,deterministic_reprocess,primary_comparison_baseline,mp_fs_plus_shared,mp_fs_plus_shared,3df64c2307468ad5a6108db0c79773366d715806aedfdde1d565747c6e100dab,6954,6954,1739,ceil(utf8_bytes/4)_cpu_estimate,1,0,semi_structured,markdown_table,insert_ignore,0,1,1,1
aug_seed_000145_single_row_subset_001,seed_000145,source_group_id,toxicology,d_g1_primary,MP-FS+ vNext D_G1,MP-FS+,deterministic_reprocess,primary,mp_fs_plus_shared,mp_fs_plus_shared,3df64c2307468ad5a6108db0c79773366d715806aedfdde1d565747c6e100dab,6954,6954,1739,ceil(utf8_bytes/4)_cpu_estimate,1,0,semi_structured,markdown_table,insert_ignore,0,1,1,1
aug_seed_000145_single_row_subset_001,seed_000145,source_group_id,toxicology,d_only_secondary,MP-FS+ vNext D_ONLY,MP-FS+,deterministic_reprocess,secondary_ablation,mp_fs_plus_shared,mp_fs_plus_shared,3df64c2307468ad5a6108db0c79773366d715806aedfdde1d565747c6e100dab,6954,6954,1739,ceil(utf8_bytes/4)_cpu_estimate,1,0,semi_structured,markdown_table,insert_ignore,0,1,1,1
aug_seed_000145_single_row_subset_001,seed_000145,source_group_id,toxicology,full_secondary,MP-FS+ vNext FULL,MP-FS+,deterministic_reprocess,secondary_ablation,mp_fs_plus_shared,mp_fs_plus_shared,3df64c2307468ad5a6108db0c79773366d715806aedfdde1d565747c6e100dab,6954,6954,1739,ceil(utf8_bytes/4)_cpu_estimate,1,0,semi_structured,markdown_table,insert_ignore,0,1,1,1
aug_seed_000145_single_row_subset_001,seed_000145,source_group_id,toxicology,no_c_secondary,MP-FS+ vNext NO_C,MP-FS+,deterministic_reprocess,secondary_ablation,mp_fs_plus_shared,mp_fs_plus_shared,3df64c2307468ad5a6108db0c79773366d715806aedfdde1d565747c6e100dab,6954,6954,1739,ceil(utf8_bytes/4)_cpu_estimate,1,0,semi_structured,markdown_table,insert_ignore,0,1,1,1
aug_seed_000095_single_row_subset_002,seed_000095,source_group_id,superhero,direct,Direct,D-FS-M,generation,baseline,direct,,3597b196c8903e007658f9be6a74175c87b0873746a6636094079e397f5950fb,7551,7551,1888,ceil(utf8_bytes/4)_cpu_estimate,1,0,free_text,free_text,insert_ignore,0,1,1,1
aug_seed_000095_single_row_subset_002,seed_000095,source_group_id,superhero,j_fs,J-FS,J-FS-M,generation,baseline,j_fs,,10da2d6cfc41bc83d7f520aaa027951a8e1bf3d2cc4cfed7869c548f384016b5,7461,7461,1866,ceil(utf8_bytes/4)_cpu_estimate,1,0,free_text,free_text,insert_ignore,0,1,1,1
aug_seed_000095_single_row_subset_002,seed_000095,source_group_id,superhero,original_mp_fs_plus,Original MP-FS+,MP-FS+,deterministic_reprocess,primary_comparison_baseline,mp_fs_plus_shared,mp_fs_plus_shared,e45ba6f6a8da8e2d409df71c93bae53f97d4e23e814ca8a7af612fedc15d15fe,12496,12496,3124,ceil(utf8_bytes/4)_cpu_estimate,1,0,free_text,free_text,insert_ignore,0,1,1,1
aug_seed_000095_single_row_subset_002,seed_000095,source_group_id,superhero,d_g1_primary,MP-FS+ vNext D_G1,MP-FS+,deterministic_reprocess,primary,mp_fs_plus_shared,mp_fs_plus_shared,e45ba6f6a8da8e2d409df71c93bae53f97d4e23e814ca8a7af612fedc15d15fe,12496,12496,3124,ceil(utf8_bytes/4)_cpu_estimate,1,0,free_text,free_text,insert_ignore,0,1,1,1
aug_seed_000095_single_row_subset_002,seed_000095,source_group_id,superhero,d_only_secondary,MP-FS+ vNext D_ONLY,MP-FS+,deterministic_reprocess,secondary_ablation,mp_fs_plus_shared,mp_fs_plus_shared,e45ba6f6a8da8e2d409df71c93bae53f97d4e23e814ca8a7af612fedc15d15fe,12496,12496,3124,ceil(utf8_bytes/4)_cpu_estimate,1,0,free_text,free_text,insert_ignore,0,1,1,1
aug_seed_000095_single_row_subset_002,seed_000095,source_group_id,superhero,full_secondary,MP-FS+ vNext FULL,MP-FS+,deterministic_reprocess,secondary_ablation,mp_fs_plus_shared,mp_fs_plus_shared,e45ba6f6a8da8e2d409df71c93bae53f97d4e23e814ca8a7af612fedc15d15fe,12496,12496,3124,ceil(utf8_bytes/4)_cpu_estimate,1,0,free_text,free_text,insert_ignore,0,1,1,1
aug_seed_000095_single_row_subset_002,seed_000095,source_group_id,superhero,no_c_secondary,MP-FS+ vNext NO_C,MP-FS+,deterministic_reprocess,secondary_ablation,mp_fs_plus_shared,mp_fs_plus_shared,e45ba6f6a8da8e2d409df71c93bae53f97d4e23e814ca8a7af612fedc15d15fe,12496,12496,3124,ceil(utf8_bytes/4)_cpu_estimate,1,0,free_text,free_text,insert_ignore,0,1,1,1
seed_000056,seed_000056,source_group_id,california_schools,direct,Direct,D-FS-M,generation,baseline,direct,,f17e458664ad347373372eec85c371f7e6efc44c7ac144cc72c534b0e37e9e63,20916,20916,5229,ceil(utf8_bytes/4)_cpu_estimate,1,0,semi_structured,csv,upsert_update,0,1,1,1
seed_000056,seed_000056,source_group_id,california_schools,j_fs,J-FS,J-FS-M,generation,baseline,j_fs,,7ce5fbe58d7e9d2ec659916679461370e1bafeb4970e62d77d46c85d93d90b6a,20847,20847,5212,ceil(utf8_bytes/4)_cpu_estimate,1,0,semi_structured,csv,upsert_update,0,1,1,1
seed_000056,seed_000056,source_group_id,california_schools,original_mp_fs_plus,Original MP-FS+,MP-FS+,deterministic_reprocess,primary_comparison_baseline,mp_fs_plus_shared,mp_fs_plus_shared,f259137de3f6ca04d77ccd24b7554542d3e0ad4be685a730375269466247f3cf,14345,14345,3587,ceil(utf8_bytes/4)_cpu_estimate,1,0,semi_structured,csv,upsert_update,0,1,1,1
seed_000056,seed_000056,source_group_id,california_schools,d_g1_primary,MP-FS+ vNext D_G1,MP-FS+,deterministic_reprocess,primary,mp_fs_plus_shared,mp_fs_plus_shared,f259137de3f6ca04d77ccd24b7554542d3e0ad4be685a730375269466247f3cf,14345,14345,3587,ceil(utf8_bytes/4)_cpu_estimate,1,0,semi_structured,csv,upsert_update,0,1,1,1
seed_000056,seed_000056,source_group_id,california_schools,d_only_secondary,MP-FS+ vNext D_ONLY,MP-FS+,deterministic_reprocess,secondary_ablation,mp_fs_plus_shared,mp_fs_plus_shared,f259137de3f6ca04d77ccd24b7554542d3e0ad4be685a730375269466247f3cf,14345,14345,3587,ceil(utf8_bytes/4)_cpu_estimate,1,0,semi_structured,csv,upsert_update,0,1,1,1
seed_000056,seed_000056,source_group_id,california_schools,full_secondary,MP-FS+ vNext FULL,MP-FS+,deterministic_reprocess,secondary_ablation,mp_fs_plus_shared,mp_fs_plus_shared,f259137de3f6ca04d77ccd24b7554542d3e0ad4be685a730375269466247f3cf,14345,14345,3587,ceil(utf8_bytes/4)_cpu_estimate,1,0,semi_structured,csv,upsert_update,0,1,1,1
seed_000056,seed_000056,source_group_id,california_schools,no_c_secondary,MP-FS+ vNext NO_C,MP-FS+,deterministic_reprocess,secondary_ablation,mp_fs_plus_shared,mp_fs_plus_shared,f259137de3f6ca04d77ccd24b7554542d3e0ad4be685a730375269466247f3cf,14345,14345,3587,ceil(utf8_bytes/4)_cpu_estimate,1,0,semi_structured,csv,upsert_update,0,1,1,1
seed_000311,seed_000311,source_group_id,card_games,direct,Direct,D-FS-M,generation,baseline,direct,,dac525bb98cd705ad53babe4d04b2c0bbbff91bbe94e920e5bdd7934d23438e2,19123,19123,4781,ceil(utf8_bytes/4)_cpu_estimate,1,0,semi_structured,json_array,plain_insert,0,1,1,1
seed_000311,seed_000311,source_group_id,card_games,j_fs,J-FS,J-FS-M,generation,baseline,j_fs,,cc7dfc47fcf2b910d4990a13ccdadf58302a556349c8e850a9fcbac4926a7959,19054,19054,4764,ceil(utf8_bytes/4)_cpu_estimate,1,0,semi_structured,json_array,plain_insert,0,1,1,1
seed_000311,seed_000311,source_group_id,card_games,original_mp_fs_plus,Original MP-FS+,MP-FS+,deterministic_reprocess,primary_comparison_baseline,mp_fs_plus_shared,mp_fs_plus_shared,0615e44ceb84e4acbc3dc45c4335f85d7ea3d5c1652e8c56b6ecbbabb5ad3bf9,21878,21878,5470,ceil(utf8_bytes/4)_cpu_estimate,1,0,semi_structured,json_array,plain_insert,0,1,1,1
seed_000311,seed_000311,source_group_id,card_games,d_g1_primary,MP-FS+ vNext D_G1,MP-FS+,deterministic_reprocess,primary,mp_fs_plus_shared,mp_fs_plus_shared,0615e44ceb84e4acbc3dc45c4335f85d7ea3d5c1652e8c56b6ecbbabb5ad3bf9,21878,21878,5470,ceil(utf8_bytes/4)_cpu_estimate,1,0,semi_structured,json_array,plain_insert,0,1,1,1
seed_000311,seed_000311,source_group_id,card_games,d_only_secondary,MP-FS+ vNext D_ONLY,MP-FS+,deterministic_reprocess,secondary_ablation,mp_fs_plus_shared,mp_fs_plus_shared,0615e44ceb84e4acbc3dc45c4335f85d7ea3d5c1652e8c56b6ecbbabb5ad3bf9,21878,21878,5470,ceil(utf8_bytes/4)_cpu_estimate,1,0,semi_structured,json_array,plain_insert,0,1,1,1
seed_000311,seed_000311,source_group_id,card_games,full_secondary,MP-FS+ vNext FULL,MP-FS+,deterministic_reprocess,secondary_ablation,mp_fs_plus_shared,mp_fs_plus_shared,0615e44ceb84e4acbc3dc45c4335f85d7ea3d5c1652e8c56b6ecbbabb5ad3bf9,21878,21878,5470,ceil(utf8_bytes/4)_cpu_estimate,1,0,semi_structured,json_array,plain_insert,0,1,1,1
seed_000311,seed_000311,source_group_id,card_games,no_c_secondary,MP-FS+ vNext NO_C,MP-FS+,deterministic_reprocess,secondary_ablation,mp_fs_plus_shared,mp_fs_plus_shared,0615e44ceb84e4acbc3dc45c4335f85d7ea3d5c1652e8c56b6ecbbabb5ad3bf9,21878,21878,5470,ceil(utf8_bytes/4)_cpu_estimate,1,0,semi_structured,json_array,plain_insert,0,1,1,1
aug_seed_000238_small_batch_subset_001,seed_000238,source_group_id,debit_card_specializing,direct,Direct,D-FS-M,generation,baseline,direct,,ffe6343beed4b2c4961be2605219111097a263cf1d0ffa274063877aae06800f,6414,6414,1604,ceil(utf8_bytes/4)_cpu_estimate,1,0,semi_structured,json_array,insert_ignore,0,1,1,1
aug_seed_000238_small_batch_subset_001,seed_000238,source_group_id,debit_card_specializing,j_fs,J-FS,J-FS-M,generation,baseline,j_fs,,50e10cf77c79a0e0643e8e04d50c23ff5c64c17f93e9b0066062bedc7d9d3773,6345,6345,1587,ceil(utf8_bytes/4)_cpu_estimate,1,0,semi_structured,json_array,insert_ignore,0,1,1,1
aug_seed_000238_small_batch_subset_001,seed_000238,source_group_id,debit_card_specializing,original_mp_fs_plus,Original MP-FS+,MP-FS+,deterministic_reprocess,primary_comparison_baseline,mp_fs_plus_shared,mp_fs_plus_shared,54fc6d8b7ae7db8568be3b94cec71422399fab3f3c8a19cfef304adb96c3b72d,7484,7484,1871,ceil(utf8_bytes/4)_cpu_estimate,1,0,semi_structured,json_array,insert_ignore,0,1,1,1
aug_seed_000238_small_batch_subset_001,seed_000238,source_group_id,debit_card_specializing,d_g1_primary,MP-FS+ vNext D_G1,MP-FS+,deterministic_reprocess,primary,mp_fs_plus_shared,mp_fs_plus_shared,54fc6d8b7ae7db8568be3b94cec71422399fab3f3c8a19cfef304adb96c3b72d,7484,7484,1871,ceil(utf8_bytes/4)_cpu_estimate,1,0,semi_structured,json_array,insert_ignore,0,1,1,1
aug_seed_000238_small_batch_subset_001,seed_000238,source_group_id,debit_card_specializing,d_only_secondary,MP-FS+ vNext D_ONLY,MP-FS+,deterministic_reprocess,secondary_ablation,mp_fs_plus_shared,mp_fs_plus_shared,54fc6d8b7ae7db8568be3b94cec71422399fab3f3c8a19cfef304adb96c3b72d,7484,7484,1871,ceil(utf8_bytes/4)_cpu_estimate,1,0,semi_structured,json_array,insert_ignore,0,1,1,1
aug_seed_000238_small_batch_subset_001,seed_000238,source_group_id,debit_card_specializing,full_secondary,MP-FS+ vNext FULL,MP-FS+,deterministic_reprocess,secondary_ablation,mp_fs_plus_shared,mp_fs_plus_shared,54fc6d8b7ae7db8568be3b94cec71422399fab3f3c8a19cfef304adb96c3b72d,7484,7484,1871,ceil(utf8_bytes/4)_cpu_estimate,1,0,semi_structured,json_array,insert_ignore,0,1,1,1
aug_seed_000238_small_batch_subset_001,seed_000238,source_group_id,debit_card_specializing,no_c_secondary,MP-FS+ vNext NO_C,MP-FS+,deterministic_reprocess,secondary_ablation,mp_fs_plus_shared,mp_fs_plus_shared,54fc6d8b7ae7db8568be3b94cec71422399fab3f3c8a19cfef304adb96c3b72d,7484,7484,1871,ceil(utf8_bytes/4)_cpu_estimate,1,0,semi_structured,json_array,insert_ignore,0,1,1,1
aug_seed_000119_single_row_subset_002,seed_000119,source_group_id,superhero,direct,Direct,D-FS-M,generation,baseline,direct,,bf40f9fd00bd354365caa542ee8d862543750a4d467d9d15583a79c6e0178d77,7485,7485,1872,ceil(utf8_bytes/4)_cpu_estimate,1,0,free_text,free_text,insert_ignore,0,1,1,1
aug_seed_000119_single_row_subset_002,seed_000119,source_group_id,superhero,j_fs,J-FS,J-FS-M,generation,baseline,j_fs,,625ca8b150ebc2993402f35f30cebcf3cd3a80a9b52a2a516739e48ed18a6719,7395,7395,1849,ceil(utf8_bytes/4)_cpu_estimate,1,0,free_text,free_text,insert_ignore,0,1,1,1
aug_seed_000119_single_row_subset_002,seed_000119,source_group_id,superhero,original_mp_fs_plus,Original MP-FS+,MP-FS+,deterministic_reprocess,primary_comparison_baseline,mp_fs_plus_shared,mp_fs_plus_shared,1459ffd4a395e8c83316acaae354956e6d320e0c29d99f0ccaa3484da2c473ea,11271,11271,2818,ceil(utf8_bytes/4)_cpu_estimate,1,0,free_text,free_text,insert_ignore,0,1,1,1
aug_seed_000119_single_row_subset_002,seed_000119,source_group_id,superhero,d_g1_primary,MP-FS+ vNext D_G1,MP-FS+,deterministic_reprocess,primary,mp_fs_plus_shared,mp_fs_plus_shared,1459ffd4a395e8c83316acaae354956e6d320e0c29d99f0ccaa3484da2c473ea,11271,11271,2818,ceil(utf8_bytes/4)_cpu_estimate,1,0,free_text,free_text,insert_ignore,0,1,1,1
aug_seed_000119_single_row_subset_002,seed_000119,source_group_id,superhero,d_only_secondary,MP-FS+ vNext D_ONLY,MP-FS+,deterministic_reprocess,secondary_ablation,mp_fs_plus_shared,mp_fs_plus_shared,1459ffd4a395e8c83316acaae354956e6d320e0c29d99f0ccaa3484da2c473ea,11271,11271,2818,ceil(utf8_bytes/4)_cpu_estimate,1,0,free_text,free_text,insert_ignore,0,1,1,1
aug_seed_000119_single_row_subset_002,seed_000119,source_group_id,superhero,full_secondary,MP-FS+ vNext FULL,MP-FS+,deterministic_reprocess,secondary_ablation,mp_fs_plus_shared,mp_fs_plus_shared,1459ffd4a395e8c83316acaae354956e6d320e0c29d99f0ccaa3484da2c473ea,11271,11271,2818,ceil(utf8_bytes/4)_cpu_estimate,1,0,free_text,free_text,insert_ignore,0,1,1,1
aug_seed_000119_single_row_subset_002,seed_000119,source_group_id,superhero,no_c_secondary,MP-FS+ vNext NO_C,MP-FS+,deterministic_reprocess,secondary_ablation,mp_fs_plus_shared,mp_fs_plus_shared,1459ffd4a395e8c83316acaae354956e6d320e0c29d99f0ccaa3484da2c473ea,11271,11271,2818,ceil(utf8_bytes/4)_cpu_estimate,1,0,free_text,free_text,insert_ignore,0,1,1,1
aug_seed_000089_single_row_subset_001,seed_000089,source_group_id,student_club,direct,Direct,D-FS-M,generation,baseline,direct,,430772b69c2f3cb30d9495114beccefd64ee9d1fa0cf8e5f0e44fd300f4350e0,10593,10593,2649,ceil(utf8_bytes/4)_cpu_estimate,1,0,semi_structured,markdown_table,insert_ignore,0,1,1,1
aug_seed_000089_single_row_subset_001,seed_000089,source_group_id,student_club,j_fs,J-FS,J-FS-M,generation,baseline,j_fs,,8779dbedae12a21e5e3c6d65ac3c4678a4415f947f89e22f0749fe88d6c9d37f,10524,10524,2631,ceil(utf8_bytes/4)_cpu_estimate,1,0,semi_structured,markdown_table,insert_ignore,0,1,1,1
aug_seed_000089_single_row_subset_001,seed_000089,source_group_id,student_club,original_mp_fs_plus,Original MP-FS+,MP-FS+,deterministic_reprocess,primary_comparison_baseline,mp_fs_plus_shared,mp_fs_plus_shared,fc63cddbd2aa77825fdee5789dafa960893c4c0ff2845b0766cc463450e03200,7752,7752,1938,ceil(utf8_bytes/4)_cpu_estimate,1,0,semi_structured,markdown_table,insert_ignore,0,1,1,1
aug_seed_000089_single_row_subset_001,seed_000089,source_group_id,student_club,d_g1_primary,MP-FS+ vNext D_G1,MP-FS+,deterministic_reprocess,primary,mp_fs_plus_shared,mp_fs_plus_shared,fc63cddbd2aa77825fdee5789dafa960893c4c0ff2845b0766cc463450e03200,7752,7752,1938,ceil(utf8_bytes/4)_cpu_estimate,1,0,semi_structured,markdown_table,insert_ignore,0,1,1,1
aug_seed_000089_single_row_subset_001,seed_000089,source_group_id,student_club,d_only_secondary,MP-FS+ vNext D_ONLY,MP-FS+,deterministic_reprocess,secondary_ablation,mp_fs_plus_shared,mp_fs_plus_shared,fc63cddbd2aa77825fdee5789dafa960893c4c0ff2845b0766cc463450e03200,7752,7752,1938,ceil(utf8_bytes/4)_cpu_estimate,1,0,semi_structured,markdown_table,insert_ignore,0,1,1,1
aug_seed_000089_single_row_subset_001,seed_000089,source_group_id,student_club,full_secondary,MP-FS+ vNext FULL,MP-FS+,deterministic_reprocess,secondary_ablation,mp_fs_plus_shared,mp_fs_plus_shared,fc63cddbd2aa77825fdee5789dafa960893c4c0ff2845b0766cc463450e03200,7752,7752,1938,ceil(utf8_bytes/4)_cpu_estimate,1,0,semi_structured,markdown_table,insert_ignore,0,1,1,1
aug_seed_000089_single_row_subset_001,seed_000089,source_group_id,student_club,no_c_secondary,MP-FS+ vNext NO_C,MP-FS+,deterministic_reprocess,secondary_ablation,mp_fs_plus_shared,mp_fs_plus_shared,fc63cddbd2aa77825fdee5789dafa960893c4c0ff2845b0766cc463450e03200,7752,7752,1938,ceil(utf8_bytes/4)_cpu_estimate,1,0,semi_structured,markdown_table,insert_ignore,0,1,1,1
aug_seed_000282_single_row_subset_001,seed_000282,source_group_id,european_football_2,direct,Direct,D-FS-M,generation,baseline,direct,,e508a5f693fa897ce441cd6cb07e4d270283435087062713f69d34c7b4a16896,32187,32187,8047,ceil(utf8_bytes/4)_cpu_estimate,1,0,semi_structured,markdown_table,insert_ignore,0,1,1,1
aug_seed_000282_single_row_subset_001,seed_000282,source_group_id,european_football_2,j_fs,J-FS,J-FS-M,generation,baseline,j_fs,,de6333b3741df45ac5df30d9260e5dfc2d50dfba4840c42a5c39e17b08ab1533,32118,32118,8030,ceil(utf8_bytes/4)_cpu_estimate,1,0,semi_structured,markdown_table,insert_ignore,0,1,1,1
aug_seed_000282_single_row_subset_001,seed_000282,source_group_id,european_football_2,original_mp_fs_plus,Original MP-FS+,MP-FS+,deterministic_reprocess,primary_comparison_baseline,mp_fs_plus_shared,mp_fs_plus_shared,5811e42dfb445967a4af70a0edc0d5a59fbc2924b7ff296a1229601e282edacf,11949,11949,2988,ceil(utf8_bytes/4)_cpu_estimate,1,0,semi_structured,markdown_table,insert_ignore,0,1,1,1
aug_seed_000282_single_row_subset_001,seed_000282,source_group_id,european_football_2,d_g1_primary,MP-FS+ vNext D_G1,MP-FS+,deterministic_reprocess,primary,mp_fs_plus_shared,mp_fs_plus_shared,5811e42dfb445967a4af70a0edc0d5a59fbc2924b7ff296a1229601e282edacf,11949,11949,2988,ceil(utf8_bytes/4)_cpu_estimate,1,0,semi_structured,markdown_table,insert_ignore,0,1,1,1
aug_seed_000282_single_row_subset_001,seed_000282,source_group_id,european_football_2,d_only_secondary,MP-FS+ vNext D_ONLY,MP-FS+,deterministic_reprocess,secondary_ablation,mp_fs_plus_shared,mp_fs_plus_shared,5811e42dfb445967a4af70a0edc0d5a59fbc2924b7ff296a1229601e282edacf,11949,11949,2988,ceil(utf8_bytes/4)_cpu_estimate,1,0,semi_structured,markdown_table,insert_ignore,0,1,1,1
aug_seed_000282_single_row_subset_001,seed_000282,source_group_id,european_football_2,full_secondary,MP-FS+ vNext FULL,MP-FS+,deterministic_reprocess,secondary_ablation,mp_fs_plus_shared,mp_fs_plus_shared,5811e42dfb445967a4af70a0edc0d5a59fbc2924b7ff296a1229601e282edacf,11949,11949,2988,ceil(utf8_bytes/4)_cpu_estimate,1,0,semi_structured,markdown_table,insert_ignore,0,1,1,1
aug_seed_000282_single_row_subset_001,seed_000282,source_group_id,european_football_2,no_c_secondary,MP-FS+ vNext NO_C,MP-FS+,deterministic_reprocess,secondary_ablation,mp_fs_plus_shared,mp_fs_plus_shared,5811e42dfb445967a4af70a0edc0d5a59fbc2924b7ff296a1229601e282edacf,11949,11949,2988,ceil(utf8_bytes/4)_cpu_estimate,1,0,semi_structured,markdown_table,insert_ignore,0,1,1,1
aug_seed_000020_relational_format_variant_002,seed_000020,source_group_id,european_football_2,direct,Direct,D-FS-M,generation,baseline,direct,,b4bf3c4a3e27ed1f09fbadabe1f4f0ee9ab3e696fbd030d480c74c77951c5ec2,38449,38449,9613,ceil(utf8_bytes/4)_cpu_estimate,1,0,semi_structured,multi_table,insert_ignore,1,1,1,1
aug_seed_000020_relational_format_variant_002,seed_000020,source_group_id,european_football_2,j_fs,J-FS,J-FS-M,generation,baseline,j_fs,,ed9a4bd3d8fd8666378fd4e4e4805c94d6a9b4e8082035f2784ca6bfb699e3d3,38380,38380,9595,ceil(utf8_bytes/4)_cpu_estimate,1,0,semi_structured,multi_table,insert_ignore,1,1,1,1
aug_seed_000020_relational_format_variant_002,seed_000020,source_group_id,european_football_2,original_mp_fs_plus,Original MP-FS+,MP-FS+,deterministic_reprocess,primary_comparison_baseline,mp_fs_plus_shared,mp_fs_plus_shared,7fc3dd69ac7a6f34893452ea05ab333b11b2ce561ae3cbf6bf35924ad7de5f67,14493,14493,3624,ceil(utf8_bytes/4)_cpu_estimate,1,0,semi_structured,multi_table,insert_ignore,1,1,1,1
aug_seed_000020_relational_format_variant_002,seed_000020,source_group_id,european_football_2,d_g1_primary,MP-FS+ vNext D_G1,MP-FS+,deterministic_reprocess,primary,mp_fs_plus_shared,mp_fs_plus_shared,7fc3dd69ac7a6f34893452ea05ab333b11b2ce561ae3cbf6bf35924ad7de5f67,14493,14493,3624,ceil(utf8_bytes/4)_cpu_estimate,1,0,semi_structured,multi_table,insert_ignore,1,1,1,1
aug_seed_000020_relational_format_variant_002,seed_000020,source_group_id,european_football_2,d_only_secondary,MP-FS+ vNext D_ONLY,MP-FS+,deterministic_reprocess,secondary_ablation,mp_fs_plus_shared,mp_fs_plus_shared,7fc3dd69ac7a6f34893452ea05ab333b11b2ce561ae3cbf6bf35924ad7de5f67,14493,14493,3624,ceil(utf8_bytes/4)_cpu_estimate,1,0,semi_structured,multi_table,insert_ignore,1,1,1,1
aug_seed_000020_relational_format_variant_002,seed_000020,source_group_id,european_football_2,full_secondary,MP-FS+ vNext FULL,MP-FS+,deterministic_reprocess,secondary_ablation,mp_fs_plus_shared,mp_fs_plus_shared,7fc3dd69ac7a6f34893452ea05ab333b11b2ce561ae3cbf6bf35924ad7de5f67,14493,14493,3624,ceil(utf8_bytes/4)_cpu_estimate,1,0,semi_structured,multi_table,insert_ignore,1,1,1,1
aug_seed_000020_relational_format_variant_002,seed_000020,source_group_id,european_football_2,no_c_secondary,MP-FS+ vNext NO_C,MP-FS+,deterministic_reprocess,secondary_ablation,mp_fs_plus_shared,mp_fs_plus_shared,7fc3dd69ac7a6f34893452ea05ab333b11b2ce561ae3cbf6bf35924ad7de5f67,14493,14493,3624,ceil(utf8_bytes/4)_cpu_estimate,1,0,semi_structured,multi_table,insert_ignore,1,1,1,1
seed_000219,seed_000219,source_group_id,financial,direct,Direct,D-FS-M,generation,baseline,direct,,5b497a23a818af9ef866ef7c0cccabd12d6ad682f25f6dddbeea7a9b1914471d,12295,12295,3074,ceil(utf8_bytes/4)_cpu_estimate,1,0,semi_structured,json_array,plain_insert,0,1,1,1
seed_000219,seed_000219,source_group_id,financial,j_fs,J-FS,J-FS-M,generation,baseline,j_fs,,317107ba45cc01681fabdc301b9a28f54af1fd943f2cc9f97209a783a7df1ab7,12226,12226,3057,ceil(utf8_bytes/4)_cpu_estimate,1,0,semi_structured,json_array,plain_insert,0,1,1,1
seed_000219,seed_000219,source_group_id,financial,original_mp_fs_plus,Original MP-FS+,MP-FS+,deterministic_reprocess,primary_comparison_baseline,mp_fs_plus_shared,mp_fs_plus_shared,94c98eff75e5d8557af96ea8973c18b70bf936b3adf06673aef34d1c54380606,17415,17415,4354,ceil(utf8_bytes/4)_cpu_estimate,1,0,semi_structured,json_array,plain_insert,0,1,1,1
seed_000219,seed_000219,source_group_id,financial,d_g1_primary,MP-FS+ vNext D_G1,MP-FS+,deterministic_reprocess,primary,mp_fs_plus_shared,mp_fs_plus_shared,94c98eff75e5d8557af96ea8973c18b70bf936b3adf06673aef34d1c54380606,17415,17415,4354,ceil(utf8_bytes/4)_cpu_estimate,1,0,semi_structured,json_array,plain_insert,0,1,1,1
seed_000219,seed_000219,source_group_id,financial,d_only_secondary,MP-FS+ vNext D_ONLY,MP-FS+,deterministic_reprocess,secondary_ablation,mp_fs_plus_shared,mp_fs_plus_shared,94c98eff75e5d8557af96ea8973c18b70bf936b3adf06673aef34d1c54380606,17415,17415,4354,ceil(utf8_bytes/4)_cpu_estimate,1,0,semi_structured,json_array,plain_insert,0,1,1,1
seed_000219,seed_000219,source_group_id,financial,full_secondary,MP-FS+ vNext FULL,MP-FS+,deterministic_reprocess,secondary_ablation,mp_fs_plus_shared,mp_fs_plus_shared,94c98eff75e5d8557af96ea8973c18b70bf936b3adf06673aef34d1c54380606,17415,17415,4354,ceil(utf8_bytes/4)_cpu_estimate,1,0,semi_structured,json_array,plain_insert,0,1,1,1
seed_000219,seed_000219,source_group_id,financial,no_c_secondary,MP-FS+ vNext NO_C,MP-FS+,deterministic_reprocess,secondary_ablation,mp_fs_plus_shared,mp_fs_plus_shared,94c98eff75e5d8557af96ea8973c18b70bf936b3adf06673aef34d1c54380606,17415,17415,4354,ceil(utf8_bytes/4)_cpu_estimate,1,0,semi_structured,json_array,plain_insert,0,1,1,1
aug_seed_000202_relational_format_variant_003,seed_000202,source_group_id,student_club,direct,Direct,D-FS-M,generation,baseline,direct,,48eef77c4c7d44e3d38ef5471957b972803ed8401a6398ab264f876f406fd8af,13230,13230,3308,ceil(utf8_bytes/4)_cpu_estimate,1,0,semi_structured,multi_table,insert_ignore,1,1,1,1
aug_seed_000202_relational_format_variant_003,seed_000202,source_group_id,student_club,j_fs,J-FS,J-FS-M,generation,baseline,j_fs,,10ae59161933e5009f27cde17c4239729940c11a5d07a62545cef90dd1f006ed,13161,13161,3291,ceil(utf8_bytes/4)_cpu_estimate,1,0,semi_structured,multi_table,insert_ignore,1,1,1,1
aug_seed_000202_relational_format_variant_003,seed_000202,source_group_id,student_club,original_mp_fs_plus,Original MP-FS+,MP-FS+,deterministic_reprocess,primary_comparison_baseline,mp_fs_plus_shared,mp_fs_plus_shared,a3a3b196805c6b8efb805de85997cb7ecc36091666d36a5a9fc3ba46c16cc740,8986,8986,2247,ceil(utf8_bytes/4)_cpu_estimate,1,0,semi_structured,multi_table,insert_ignore,1,1,1,1
aug_seed_000202_relational_format_variant_003,seed_000202,source_group_id,student_club,d_g1_primary,MP-FS+ vNext D_G1,MP-FS+,deterministic_reprocess,primary,mp_fs_plus_shared,mp_fs_plus_shared,a3a3b196805c6b8efb805de85997cb7ecc36091666d36a5a9fc3ba46c16cc740,8986,8986,2247,ceil(utf8_bytes/4)_cpu_estimate,1,0,semi_structured,multi_table,insert_ignore,1,1,1,1
aug_seed_000202_relational_format_variant_003,seed_000202,source_group_id,student_club,d_only_secondary,MP-FS+ vNext D_ONLY,MP-FS+,deterministic_reprocess,secondary_ablation,mp_fs_plus_shared,mp_fs_plus_shared,a3a3b196805c6b8efb805de85997cb7ecc36091666d36a5a9fc3ba46c16cc740,8986,8986,2247,ceil(utf8_bytes/4)_cpu_estimate,1,0,semi_structured,multi_table,insert_ignore,1,1,1,1
aug_seed_000202_relational_format_variant_003,seed_000202,source_group_id,student_club,full_secondary,MP-FS+ vNext FULL,MP-FS+,deterministic_reprocess,secondary_ablation,mp_fs_plus_shared,mp_fs_plus_shared,a3a3b196805c6b8efb805de85997cb7ecc36091666d36a5a9fc3ba46c16cc740,8986,8986,2247,ceil(utf8_bytes/4)_cpu_estimate,1,0,semi_structured,multi_table,insert_ignore,1,1,1,1
aug_seed_000202_relational_format_variant_003,seed_000202,source_group_id,student_club,no_c_secondary,MP-FS+ vNext NO_C,MP-FS+,deterministic_reprocess,secondary_ablation,mp_fs_plus_shared,mp_fs_plus_shared,a3a3b196805c6b8efb805de85997cb7ecc36091666d36a5a9fc3ba46c16cc740,8986,8986,2247,ceil(utf8_bytes/4)_cpu_estimate,1,0,semi_structured,multi_table,insert_ignore,1,1,1,1
aug_seed_000044_single_row_subset_001,seed_000044,source_group_id,superhero,direct,Direct,D-FS-M,generation,baseline,direct,,567cd12057f5d0c386d57c69d4f94aa7975549220b38a5bf52d1b19a2f8d6532,9027,9027,2257,ceil(utf8_bytes/4)_cpu_estimate,1,0,semi_structured,json_array,insert_ignore,0,1,1,1
aug_seed_000044_single_row_subset_001,seed_000044,source_group_id,superhero,j_fs,J-FS,J-FS-M,generation,baseline,j_fs,,2756431cc9cd21b723dc48e36bca8118ca6c72fd6af9921248169fe5ed78c872,8958,8958,2240,ceil(utf8_bytes/4)_cpu_estimate,1,0,semi_structured,json_array,insert_ignore,0,1,1,1
aug_seed_000044_single_row_subset_001,seed_000044,source_group_id,superhero,original_mp_fs_plus,Original MP-FS+,MP-FS+,deterministic_reprocess,primary_comparison_baseline,mp_fs_plus_shared,mp_fs_plus_shared,0cecfa8e3c2b3ccd0c204e7794378a4b64a937b818dbfcae586eda87596ce3ad,10854,10854,2714,ceil(utf8_bytes/4)_cpu_estimate,1,0,semi_structured,json_array,insert_ignore,0,1,1,1
aug_seed_000044_single_row_subset_001,seed_000044,source_group_id,superhero,d_g1_primary,MP-FS+ vNext D_G1,MP-FS+,deterministic_reprocess,primary,mp_fs_plus_shared,mp_fs_plus_shared,0cecfa8e3c2b3ccd0c204e7794378a4b64a937b818dbfcae586eda87596ce3ad,10854,10854,2714,ceil(utf8_bytes/4)_cpu_estimate,1,0,semi_structured,json_array,insert_ignore,0,1,1,1
aug_seed_000044_single_row_subset_001,seed_000044,source_group_id,superhero,d_only_secondary,MP-FS+ vNext D_ONLY,MP-FS+,deterministic_reprocess,secondary_ablation,mp_fs_plus_shared,mp_fs_plus_shared,0cecfa8e3c2b3ccd0c204e7794378a4b64a937b818dbfcae586eda87596ce3ad,10854,10854,2714,ceil(utf8_bytes/4)_cpu_estimate,1,0,semi_structured,json_array,insert_ignore,0,1,1,1
aug_seed_000044_single_row_subset_001,seed_000044,source_group_id,superhero,full_secondary,MP-FS+ vNext FULL,MP-FS+,deterministic_reprocess,secondary_ablation,mp_fs_plus_shared,mp_fs_plus_shared,0cecfa8e3c2b3ccd0c204e7794378a4b64a937b818dbfcae586eda87596ce3ad,10854,10854,2714,ceil(utf8_bytes/4)_cpu_estimate,1,0,semi_structured,json_array,insert_ignore,0,1,1,1
aug_seed_000044_single_row_subset_001,seed_000044,source_group_id,superhero,no_c_secondary,MP-FS+ vNext NO_C,MP-FS+,deterministic_reprocess,secondary_ablation,mp_fs_plus_shared,mp_fs_plus_shared,0cecfa8e3c2b3ccd0c204e7794378a4b64a937b818dbfcae586eda87596ce3ad,10854,10854,2714,ceil(utf8_bytes/4)_cpu_estimate,1,0,semi_structured,json_array,insert_ignore,0,1,1,1
aug_seed_000261_small_batch_subset_001,seed_000261,source_group_id,debit_card_specializing,direct,Direct,D-FS-M,generation,baseline,direct,,395b1c81f9d7409104b36936ab733e0c08a08c523cb653d732f058f58d47d8e5,4937,4937,1235,ceil(utf8_bytes/4)_cpu_estimate,1,0,free_text,free_text,insert_ignore,0,1,1,1
aug_seed_000261_small_batch_subset_001,seed_000261,source_group_id,debit_card_specializing,j_fs,J-FS,J-FS-M,generation,baseline,j_fs,,77611b7815923af567adfa0e5145e9815ebc32ea41026a2ec49ea40a12fa97c2,4847,4847,1212,ceil(utf8_bytes/4)_cpu_estimate,1,0,free_text,free_text,insert_ignore,0,1,1,1
aug_seed_000261_small_batch_subset_001,seed_000261,source_group_id,debit_card_specializing,original_mp_fs_plus,Original MP-FS+,MP-FS+,deterministic_reprocess,primary_comparison_baseline,mp_fs_plus_shared,mp_fs_plus_shared,33ab6036318a267dee610a468e4851e1c64ff501f96fac30d9bcb32e17af1fee,10389,10389,2598,ceil(utf8_bytes/4)_cpu_estimate,1,0,free_text,free_text,insert_ignore,0,1,1,1
aug_seed_000261_small_batch_subset_001,seed_000261,source_group_id,debit_card_specializing,d_g1_primary,MP-FS+ vNext D_G1,MP-FS+,deterministic_reprocess,primary,mp_fs_plus_shared,mp_fs_plus_shared,33ab6036318a267dee610a468e4851e1c64ff501f96fac30d9bcb32e17af1fee,10389,10389,2598,ceil(utf8_bytes/4)_cpu_estimate,1,0,free_text,free_text,insert_ignore,0,1,1,1
aug_seed_000261_small_batch_subset_001,seed_000261,source_group_id,debit_card_specializing,d_only_secondary,MP-FS+ vNext D_ONLY,MP-FS+,deterministic_reprocess,secondary_ablation,mp_fs_plus_shared,mp_fs_plus_shared,33ab6036318a267dee610a468e4851e1c64ff501f96fac30d9bcb32e17af1fee,10389,10389,2598,ceil(utf8_bytes/4)_cpu_estimate,1,0,free_text,free_text,insert_ignore,0,1,1,1
aug_seed_000261_small_batch_subset_001,seed_000261,source_group_id,debit_card_specializing,full_secondary,MP-FS+ vNext FULL,MP-FS+,deterministic_reprocess,secondary_ablation,mp_fs_plus_shared,mp_fs_plus_shared,33ab6036318a267dee610a468e4851e1c64ff501f96fac30d9bcb32e17af1fee,10389,10389,2598,ceil(utf8_bytes/4)_cpu_estimate,1,0,free_text,free_text,insert_ignore,0,1,1,1
aug_seed_000261_small_batch_subset_001,seed_000261,source_group_id,debit_card_specializing,no_c_secondary,MP-FS+ vNext NO_C,MP-FS+,deterministic_reprocess,secondary_ablation,mp_fs_plus_shared,mp_fs_plus_shared,33ab6036318a267dee610a468e4851e1c64ff501f96fac30d9bcb32e17af1fee,10389,10389,2598,ceil(utf8_bytes/4)_cpu_estimate,1,0,free_text,free_text,insert_ignore,0,1,1,1
aug_seed_000069_single_row_subset_001,seed_000069,source_group_id,financial,direct,Direct,D-FS-M,generation,baseline,direct,,4baa2dc8a9f951c52b51acc570b5861f52a2b0231a0ca81a42731e9d81e00b21,11404,11404,2851,ceil(utf8_bytes/4)_cpu_estimate,1,0,semi_structured,json_array,insert_ignore,0,1,1,1
aug_seed_000069_single_row_subset_001,seed_000069,source_group_id,financial,j_fs,J-FS,J-FS-M,generation,baseline,j_fs,,47d6ad38d04848a8215640215788e3b00e51bac327baa0dffc52d315be6e99d7,11335,11335,2834,ceil(utf8_bytes/4)_cpu_estimate,1,0,semi_structured,json_array,insert_ignore,0,1,1,1
aug_seed_000069_single_row_subset_001,seed_000069,source_group_id,financial,original_mp_fs_plus,Original MP-FS+,MP-FS+,deterministic_reprocess,primary_comparison_baseline,mp_fs_plus_shared,mp_fs_plus_shared,64030b142899e1a6f48af6bde3b7b99fcf63ee8d2a92a9af9957b60a6b64a2e4,11532,11532,2883,ceil(utf8_bytes/4)_cpu_estimate,1,0,semi_structured,json_array,insert_ignore,0,1,1,1
aug_seed_000069_single_row_subset_001,seed_000069,source_group_id,financial,d_g1_primary,MP-FS+ vNext D_G1,MP-FS+,deterministic_reprocess,primary,mp_fs_plus_shared,mp_fs_plus_shared,64030b142899e1a6f48af6bde3b7b99fcf63ee8d2a92a9af9957b60a6b64a2e4,11532,11532,2883,ceil(utf8_bytes/4)_cpu_estimate,1,0,semi_structured,json_array,insert_ignore,0,1,1,1
aug_seed_000069_single_row_subset_001,seed_000069,source_group_id,financial,d_only_secondary,MP-FS+ vNext D_ONLY,MP-FS+,deterministic_reprocess,secondary_ablation,mp_fs_plus_shared,mp_fs_plus_shared,64030b142899e1a6f48af6bde3b7b99fcf63ee8d2a92a9af9957b60a6b64a2e4,11532,11532,2883,ceil(utf8_bytes/4)_cpu_estimate,1,0,semi_structured,json_array,insert_ignore,0,1,1,1
aug_seed_000069_single_row_subset_001,seed_000069,source_group_id,financial,full_secondary,MP-FS+ vNext FULL,MP-FS+,deterministic_reprocess,secondary_ablation,mp_fs_plus_shared,mp_fs_plus_shared,64030b142899e1a6f48af6bde3b7b99fcf63ee8d2a92a9af9957b60a6b64a2e4,11532,11532,2883,ceil(utf8_bytes/4)_cpu_estimate,1,0,semi_structured,json_array,insert_ignore,0,1,1,1
aug_seed_000069_single_row_subset_001,seed_000069,source_group_id,financial,no_c_secondary,MP-FS+ vNext NO_C,MP-FS+,deterministic_reprocess,secondary_ablation,mp_fs_plus_shared,mp_fs_plus_shared,64030b142899e1a6f48af6bde3b7b99fcf63ee8d2a92a9af9957b60a6b64a2e4,11532,11532,2883,ceil(utf8_bytes/4)_cpu_estimate,1,0,semi_structured,json_array,insert_ignore,0,1,1,1
aug_seed_000139_small_batch_subset_001,seed_000139,source_group_id,european_football_2,direct,Direct,D-FS-M,generation,baseline,direct,,63f50b3684db8200c71fc4d65d6dcebba9bca8848ffd877a0de04a7eea1bb453,32245,32245,8062,ceil(utf8_bytes/4)_cpu_estimate,1,0,semi_structured,markdown_table,insert_ignore,0,1,1,1
aug_seed_000139_small_batch_subset_001,seed_000139,source_group_id,european_football_2,j_fs,J-FS,J-FS-M,generation,baseline,j_fs,,9be9af157b8fb0edfb9b1fd5653a210751f0f045afd9df392f764e9da7aed0de,32176,32176,8044,ceil(utf8_bytes/4)_cpu_estimate,1,0,semi_structured,markdown_table,insert_ignore,0,1,1,1
aug_seed_000139_small_batch_subset_001,seed_000139,source_group_id,european_football_2,original_mp_fs_plus,Original MP-FS+,MP-FS+,deterministic_reprocess,primary_comparison_baseline,mp_fs_plus_shared,mp_fs_plus_shared,6858e1ef780c32fe545990761496094c3679eeac925741644b69b9e58239feea,23254,23254,5814,ceil(utf8_bytes/4)_cpu_estimate,1,0,semi_structured,markdown_table,insert_ignore,0,1,1,1
aug_seed_000139_small_batch_subset_001,seed_000139,source_group_id,european_football_2,d_g1_primary,MP-FS+ vNext D_G1,MP-FS+,deterministic_reprocess,primary,mp_fs_plus_shared,mp_fs_plus_shared,6858e1ef780c32fe545990761496094c3679eeac925741644b69b9e58239feea,23254,23254,5814,ceil(utf8_bytes/4)_cpu_estimate,1,0,semi_structured,markdown_table,insert_ignore,0,1,1,1
aug_seed_000139_small_batch_subset_001,seed_000139,source_group_id,european_football_2,d_only_secondary,MP-FS+ vNext D_ONLY,MP-FS+,deterministic_reprocess,secondary_ablation,mp_fs_plus_shared,mp_fs_plus_shared,6858e1ef780c32fe545990761496094c3679eeac925741644b69b9e58239feea,23254,23254,5814,ceil(utf8_bytes/4)_cpu_estimate,1,0,semi_structured,markdown_table,insert_ignore,0,1,1,1
aug_seed_000139_small_batch_subset_001,seed_000139,source_group_id,european_football_2,full_secondary,MP-FS+ vNext FULL,MP-FS+,deterministic_reprocess,secondary_ablation,mp_fs_plus_shared,mp_fs_plus_shared,6858e1ef780c32fe545990761496094c3679eeac925741644b69b9e58239feea,23254,23254,5814,ceil(utf8_bytes/4)_cpu_estimate,1,0,semi_structured,markdown_table,insert_ignore,0,1,1,1
aug_seed_000139_small_batch_subset_001,seed_000139,source_group_id,european_football_2,no_c_secondary,MP-FS+ vNext NO_C,MP-FS+,deterministic_reprocess,secondary_ablation,mp_fs_plus_shared,mp_fs_plus_shared,6858e1ef780c32fe545990761496094c3679eeac925741644b69b9e58239feea,23254,23254,5814,ceil(utf8_bytes/4)_cpu_estimate,1,0,semi_structured,markdown_table,insert_ignore,0,1,1,1
aug_seed_000137_small_batch_subset_001,seed_000137,source_group_id,debit_card_specializing,direct,Direct,D-FS-M,generation,baseline,direct,,1aff8d21db240b9a1e8e1cee81ce08ea3bb7274cf6b507408a583ea50acfe7c6,6343,6343,1586,ceil(utf8_bytes/4)_cpu_estimate,1,0,semi_structured,key_value,insert_ignore,0,1,1,1
aug_seed_000137_small_batch_subset_001,seed_000137,source_group_id,debit_card_specializing,j_fs,J-FS,J-FS-M,generation,baseline,j_fs,,85203fc6eec986cf0e4a671fced8abbbcc27ed243c13e318563371c13d324937,6274,6274,1569,ceil(utf8_bytes/4)_cpu_estimate,1,0,semi_structured,key_value,insert_ignore,0,1,1,1
aug_seed_000137_small_batch_subset_001,seed_000137,source_group_id,debit_card_specializing,original_mp_fs_plus,Original MP-FS+,MP-FS+,deterministic_reprocess,primary_comparison_baseline,mp_fs_plus_shared,mp_fs_plus_shared,3d08874abb508b72ff68430f1f356201c09ceeff41cc07edccf6a7a2867185ae,7211,7211,1803,ceil(utf8_bytes/4)_cpu_estimate,1,0,semi_structured,key_value,insert_ignore,0,1,1,1
aug_seed_000137_small_batch_subset_001,seed_000137,source_group_id,debit_card_specializing,d_g1_primary,MP-FS+ vNext D_G1,MP-FS+,deterministic_reprocess,primary,mp_fs_plus_shared,mp_fs_plus_shared,3d08874abb508b72ff68430f1f356201c09ceeff41cc07edccf6a7a2867185ae,7211,7211,1803,ceil(utf8_bytes/4)_cpu_estimate,1,0,semi_structured,key_value,insert_ignore,0,1,1,1
aug_seed_000137_small_batch_subset_001,seed_000137,source_group_id,debit_card_specializing,d_only_secondary,MP-FS+ vNext D_ONLY,MP-FS+,deterministic_reprocess,secondary_ablation,mp_fs_plus_shared,mp_fs_plus_shared,3d08874abb508b72ff68430f1f356201c09ceeff41cc07edccf6a7a2867185ae,7211,7211,1803,ceil(utf8_bytes/4)_cpu_estimate,1,0,semi_structured,key_value,insert_ignore,0,1,1,1
aug_seed_000137_small_batch_subset_001,seed_000137,source_group_id,debit_card_specializing,full_secondary,MP-FS+ vNext FULL,MP-FS+,deterministic_reprocess,secondary_ablation,mp_fs_plus_shared,mp_fs_plus_shared,3d08874abb508b72ff68430f1f356201c09ceeff41cc07edccf6a7a2867185ae,7211,7211,1803,ceil(utf8_bytes/4)_cpu_estimate,1,0,semi_structured,key_value,insert_ignore,0,1,1,1
aug_seed_000137_small_batch_subset_001,seed_000137,source_group_id,debit_card_specializing,no_c_secondary,MP-FS+ vNext NO_C,MP-FS+,deterministic_reprocess,secondary_ablation,mp_fs_plus_shared,mp_fs_plus_shared,3d08874abb508b72ff68430f1f356201c09ceeff41cc07edccf6a7a2867185ae,7211,7211,1803,ceil(utf8_bytes/4)_cpu_estimate,1,0,semi_structured,key_value,insert_ignore,0,1,1,1
aug_seed_000218_small_batch_subset_001,seed_000218,source_group_id,superhero,direct,Direct,D-FS-M,generation,baseline,direct,,dd2296355d42408052b9aac74eaea5f645632999fbd4a4e205d8d2a3542266e4,7534,7534,1884,ceil(utf8_bytes/4)_cpu_estimate,1,0,free_text,free_text,insert_ignore,0,1,1,1
aug_seed_000218_small_batch_subset_001,seed_000218,source_group_id,superhero,j_fs,J-FS,J-FS-M,generation,baseline,j_fs,,c56712dc7bcfd875ef0ecb228b56a28c5a0099a9cedd7fe0391b3babdbc6461c,7444,7444,1861,ceil(utf8_bytes/4)_cpu_estimate,1,0,free_text,free_text,insert_ignore,0,1,1,1
aug_seed_000218_small_batch_subset_001,seed_000218,source_group_id,superhero,original_mp_fs_plus,Original MP-FS+,MP-FS+,deterministic_reprocess,primary_comparison_baseline,mp_fs_plus_shared,mp_fs_plus_shared,945c9cad94c7497b908de306e601c917a7e289a50f0ff3b74280aca8ad2eef35,12086,12086,3022,ceil(utf8_bytes/4)_cpu_estimate,1,0,free_text,free_text,insert_ignore,0,1,1,1
aug_seed_000218_small_batch_subset_001,seed_000218,source_group_id,superhero,d_g1_primary,MP-FS+ vNext D_G1,MP-FS+,deterministic_reprocess,primary,mp_fs_plus_shared,mp_fs_plus_shared,945c9cad94c7497b908de306e601c917a7e289a50f0ff3b74280aca8ad2eef35,12086,12086,3022,ceil(utf8_bytes/4)_cpu_estimate,1,0,free_text,free_text,insert_ignore,0,1,1,1
aug_seed_000218_small_batch_subset_001,seed_000218,source_group_id,superhero,d_only_secondary,MP-FS+ vNext D_ONLY,MP-FS+,deterministic_reprocess,secondary_ablation,mp_fs_plus_shared,mp_fs_plus_shared,945c9cad94c7497b908de306e601c917a7e289a50f0ff3b74280aca8ad2eef35,12086,12086,3022,ceil(utf8_bytes/4)_cpu_estimate,1,0,free_text,free_text,insert_ignore,0,1,1,1
aug_seed_000218_small_batch_subset_001,seed_000218,source_group_id,superhero,full_secondary,MP-FS+ vNext FULL,MP-FS+,deterministic_reprocess,secondary_ablation,mp_fs_plus_shared,mp_fs_plus_shared,945c9cad94c7497b908de306e601c917a7e289a50f0ff3b74280aca8ad2eef35,12086,12086,3022,ceil(utf8_bytes/4)_cpu_estimate,1,0,free_text,free_text,insert_ignore,0,1,1,1
aug_seed_000218_small_batch_subset_001,seed_000218,source_group_id,superhero,no_c_secondary,MP-FS+ vNext NO_C,MP-FS+,deterministic_reprocess,secondary_ablation,mp_fs_plus_shared,mp_fs_plus_shared,945c9cad94c7497b908de306e601c917a7e289a50f0ff3b74280aca8ad2eef35,12086,12086,3022,ceil(utf8_bytes/4)_cpu_estimate,1,0,free_text,free_text,insert_ignore,0,1,1,1
aug_seed_000025_single_row_subset_001,seed_000025,source_group_id,financial,direct,Direct,D-FS-M,generation,baseline,direct,,7bcef05cb4b652530b7fb10aa79c00912334cb36a98903a9c6edad5b1245dd57,9922,9922,2481,ceil(utf8_bytes/4)_cpu_estimate,1,0,free_text,free_text,insert_ignore,0,1,1,1
aug_seed_000025_single_row_subset_001,seed_000025,source_group_id,financial,j_fs,J-FS,J-FS-M,generation,baseline,j_fs,,8120e9084a1876188e574c2b02c6190a18d54dd5be90ad64a82531c271c4821e,9832,9832,2458,ceil(utf8_bytes/4)_cpu_estimate,1,0,free_text,free_text,insert_ignore,0,1,1,1
aug_seed_000025_single_row_subset_001,seed_000025,source_group_id,financial,original_mp_fs_plus,Original MP-FS+,MP-FS+,deterministic_reprocess,primary_comparison_baseline,mp_fs_plus_shared,mp_fs_plus_shared,0b2a0d612671dcd74da51897e4cd4d52fe55ac8c5429f01f0c6eecbf8a260d33,19160,19160,4790,ceil(utf8_bytes/4)_cpu_estimate,1,0,free_text,free_text,insert_ignore,0,1,1,1
aug_seed_000025_single_row_subset_001,seed_000025,source_group_id,financial,d_g1_primary,MP-FS+ vNext D_G1,MP-FS+,deterministic_reprocess,primary,mp_fs_plus_shared,mp_fs_plus_shared,0b2a0d612671dcd74da51897e4cd4d52fe55ac8c5429f01f0c6eecbf8a260d33,19160,19160,4790,ceil(utf8_bytes/4)_cpu_estimate,1,0,free_text,free_text,insert_ignore,0,1,1,1
aug_seed_000025_single_row_subset_001,seed_000025,source_group_id,financial,d_only_secondary,MP-FS+ vNext D_ONLY,MP-FS+,deterministic_reprocess,secondary_ablation,mp_fs_plus_shared,mp_fs_plus_shared,0b2a0d612671dcd74da51897e4cd4d52fe55ac8c5429f01f0c6eecbf8a260d33,19160,19160,4790,ceil(utf8_bytes/4)_cpu_estimate,1,0,free_text,free_text,insert_ignore,0,1,1,1
aug_seed_000025_single_row_subset_001,seed_000025,source_group_id,financial,full_secondary,MP-FS+ vNext FULL,MP-FS+,deterministic_reprocess,secondary_ablation,mp_fs_plus_shared,mp_fs_plus_shared,0b2a0d612671dcd74da51897e4cd4d52fe55ac8c5429f01f0c6eecbf8a260d33,19160,19160,4790,ceil(utf8_bytes/4)_cpu_estimate,1,0,free_text,free_text,insert_ignore,0,1,1,1
aug_seed_000025_single_row_subset_001,seed_000025,source_group_id,financial,no_c_secondary,MP-FS+ vNext NO_C,MP-FS+,deterministic_reprocess,secondary_ablation,mp_fs_plus_shared,mp_fs_plus_shared,0b2a0d612671dcd74da51897e4cd4d52fe55ac8c5429f01f0c6eecbf8a260d33,19160,19160,4790,ceil(utf8_bytes/4)_cpu_estimate,1,0,free_text,free_text,insert_ignore,0,1,1,1
aug_seed_000002_relational_format_variant_001,seed_000002,source_group_id,debit_card_specializing,direct,Direct,D-FS-M,generation,baseline,direct,,30cfa62ee06d95e9b8ab883c36be9e5087db98f8ad0b396fc9a020b8d04df48f,9200,9200,2300,ceil(utf8_bytes/4)_cpu_estimate,1,0,free_text,free_text,insert_ignore,1,1,1,1
aug_seed_000002_relational_format_variant_001,seed_000002,source_group_id,debit_card_specializing,j_fs,J-FS,J-FS-M,generation,baseline,j_fs,,22eb5741f0602d4c2b23a246770da32d3431cbd0ac6281ee7827267993e2a5fd,9110,9110,2278,ceil(utf8_bytes/4)_cpu_estimate,1,0,free_text,free_text,insert_ignore,1,1,1,1
aug_seed_000002_relational_format_variant_001,seed_000002,source_group_id,debit_card_specializing,original_mp_fs_plus,Original MP-FS+,MP-FS+,deterministic_reprocess,primary_comparison_baseline,mp_fs_plus_shared,mp_fs_plus_shared,71f6ac4e5e71e697a28a2484e2ffef839a51e30ed6a99eca30016d77c62580b3,33511,33511,8378,ceil(utf8_bytes/4)_cpu_estimate,1,0,free_text,free_text,insert_ignore,1,1,1,1
aug_seed_000002_relational_format_variant_001,seed_000002,source_group_id,debit_card_specializing,d_g1_primary,MP-FS+ vNext D_G1,MP-FS+,deterministic_reprocess,primary,mp_fs_plus_shared,mp_fs_plus_shared,71f6ac4e5e71e697a28a2484e2ffef839a51e30ed6a99eca30016d77c62580b3,33511,33511,8378,ceil(utf8_bytes/4)_cpu_estimate,1,0,free_text,free_text,insert_ignore,1,1,1,1
aug_seed_000002_relational_format_variant_001,seed_000002,source_group_id,debit_card_specializing,d_only_secondary,MP-FS+ vNext D_ONLY,MP-FS+,deterministic_reprocess,secondary_ablation,mp_fs_plus_shared,mp_fs_plus_shared,71f6ac4e5e71e697a28a2484e2ffef839a51e30ed6a99eca30016d77c62580b3,33511,33511,8378,ceil(utf8_bytes/4)_cpu_estimate,1,0,free_text,free_text,insert_ignore,1,1,1,1
aug_seed_000002_relational_format_variant_001,seed_000002,source_group_id,debit_card_specializing,full_secondary,MP-FS+ vNext FULL,MP-FS+,deterministic_reprocess,secondary_ablation,mp_fs_plus_shared,mp_fs_plus_shared,71f6ac4e5e71e697a28a2484e2ffef839a51e30ed6a99eca30016d77c62580b3,33511,33511,8378,ceil(utf8_bytes/4)_cpu_estimate,1,0,free_text,free_text,insert_ignore,1,1,1,1
aug_seed_000002_relational_format_variant_001,seed_000002,source_group_id,debit_card_specializing,no_c_secondary,MP-FS+ vNext NO_C,MP-FS+,deterministic_reprocess,secondary_ablation,mp_fs_plus_shared,mp_fs_plus_shared,71f6ac4e5e71e697a28a2484e2ffef839a51e30ed6a99eca30016d77c62580b3,33511,33511,8378,ceil(utf8_bytes/4)_cpu_estimate,1,0,free_text,free_text,insert_ignore,1,1,1,1
aug_seed_000049_relational_format_variant_003,seed_000049,source_group_id,debit_card_specializing,direct,Direct,D-FS-M,generation,baseline,direct,,a4e6d17a553d9478726cdef2eaaee0307806d74c8d399396a8a85fccfcf1adaf,6495,6495,1624,ceil(utf8_bytes/4)_cpu_estimate,1,0,semi_structured,multi_table,plain_insert,1,1,1,1
aug_seed_000049_relational_format_variant_003,seed_000049,source_group_id,debit_card_specializing,j_fs,J-FS,J-FS-M,generation,baseline,j_fs,,3788c31d3205e54ae0f8ecd302cda25d5d6a201d98dddabc0996dc58509f8b50,6426,6426,1607,ceil(utf8_bytes/4)_cpu_estimate,1,0,semi_structured,multi_table,plain_insert,1,1,1,1
aug_seed_000049_relational_format_variant_003,seed_000049,source_group_id,debit_card_specializing,original_mp_fs_plus,Original MP-FS+,MP-FS+,deterministic_reprocess,primary_comparison_baseline,mp_fs_plus_shared,mp_fs_plus_shared,4640d2369e8d76a4c48b521e4d59d79cdb8fa70428d2fa14bbaff0bca3694ef0,10235,10235,2559,ceil(utf8_bytes/4)_cpu_estimate,1,0,semi_structured,multi_table,plain_insert,1,1,1,1
aug_seed_000049_relational_format_variant_003,seed_000049,source_group_id,debit_card_specializing,d_g1_primary,MP-FS+ vNext D_G1,MP-FS+,deterministic_reprocess,primary,mp_fs_plus_shared,mp_fs_plus_shared,4640d2369e8d76a4c48b521e4d59d79cdb8fa70428d2fa14bbaff0bca3694ef0,10235,10235,2559,ceil(utf8_bytes/4)_cpu_estimate,1,0,semi_structured,multi_table,plain_insert,1,1,1,1
aug_seed_000049_relational_format_variant_003,seed_000049,source_group_id,debit_card_specializing,d_only_secondary,MP-FS+ vNext D_ONLY,MP-FS+,deterministic_reprocess,secondary_ablation,mp_fs_plus_shared,mp_fs_plus_shared,4640d2369e8d76a4c48b521e4d59d79cdb8fa70428d2fa14bbaff0bca3694ef0,10235,10235,2559,ceil(utf8_bytes/4)_cpu_estimate,1,0,semi_structured,multi_table,plain_insert,1,1,1,1
aug_seed_000049_relational_format_variant_003,seed_000049,source_group_id,debit_card_specializing,full_secondary,MP-FS+ vNext FULL,MP-FS+,deterministic_reprocess,secondary_ablation,mp_fs_plus_shared,mp_fs_plus_shared,4640d2369e8d76a4c48b521e4d59d79cdb8fa70428d2fa14bbaff0bca3694ef0,10235,10235,2559,ceil(utf8_bytes/4)_cpu_estimate,1,0,semi_structured,multi_table,plain_insert,1,1,1,1
aug_seed_000049_relational_format_variant_003,seed_000049,source_group_id,debit_card_specializing,no_c_secondary,MP-FS+ vNext NO_C,MP-FS+,deterministic_reprocess,secondary_ablation,mp_fs_plus_shared,mp_fs_plus_shared,4640d2369e8d76a4c48b521e4d59d79cdb8fa70428d2fa14bbaff0bca3694ef0,10235,10235,2559,ceil(utf8_bytes/4)_cpu_estimate,1,0,semi_structured,multi_table,plain_insert,1,1,1,1
aug_seed_000031_small_batch_subset_001,seed_000031,source_group_id,student_club,direct,Direct,D-FS-M,generation,baseline,direct,,9cf5ce17b125eac75b357d86ac187cb9493d6fa87f5d1cd3562308886ad132c0,10878,10878,2720,ceil(utf8_bytes/4)_cpu_estimate,1,0,semi_structured,key_value,insert_ignore,0,1,1,1
aug_seed_000031_small_batch_subset_001,seed_000031,source_group_id,student_club,j_fs,J-FS,J-FS-M,generation,baseline,j_fs,,d804fae28e5300ed1160083b3130b1caf18966476fdee5d86746d5a877820d14,10809,10809,2703,ceil(utf8_bytes/4)_cpu_estimate,1,0,semi_structured,key_value,insert_ignore,0,1,1,1
aug_seed_000031_small_batch_subset_001,seed_000031,source_group_id,student_club,original_mp_fs_plus,Original MP-FS+,MP-FS+,deterministic_reprocess,primary_comparison_baseline,mp_fs_plus_shared,mp_fs_plus_shared,24a662238313fb54d71a61043453d99221d7ad0a43770957f4ee9a64d6260681,7282,7282,1821,ceil(utf8_bytes/4)_cpu_estimate,1,0,semi_structured,key_value,insert_ignore,0,1,1,1
aug_seed_000031_small_batch_subset_001,seed_000031,source_group_id,student_club,d_g1_primary,MP-FS+ vNext D_G1,MP-FS+,deterministic_reprocess,primary,mp_fs_plus_shared,mp_fs_plus_shared,24a662238313fb54d71a61043453d99221d7ad0a43770957f4ee9a64d6260681,7282,7282,1821,ceil(utf8_bytes/4)_cpu_estimate,1,0,semi_structured,key_value,insert_ignore,0,1,1,1
aug_seed_000031_small_batch_subset_001,seed_000031,source_group_id,student_club,d_only_secondary,MP-FS+ vNext D_ONLY,MP-FS+,deterministic_reprocess,secondary_ablation,mp_fs_plus_shared,mp_fs_plus_shared,24a662238313fb54d71a61043453d99221d7ad0a43770957f4ee9a64d6260681,7282,7282,1821,ceil(utf8_bytes/4)_cpu_estimate,1,0,semi_structured,key_value,insert_ignore,0,1,1,1
aug_seed_000031_small_batch_subset_001,seed_000031,source_group_id,student_club,full_secondary,MP-FS+ vNext FULL,MP-FS+,deterministic_reprocess,secondary_ablation,mp_fs_plus_shared,mp_fs_plus_shared,24a662238313fb54d71a61043453d99221d7ad0a43770957f4ee9a64d6260681,7282,7282,1821,ceil(utf8_bytes/4)_cpu_estimate,1,0,semi_structured,key_value,insert_ignore,0,1,1,1
aug_seed_000031_small_batch_subset_001,seed_000031,source_group_id,student_club,no_c_secondary,MP-FS+ vNext NO_C,MP-FS+,deterministic_reprocess,secondary_ablation,mp_fs_plus_shared,mp_fs_plus_shared,24a662238313fb54d71a61043453d99221d7ad0a43770957f4ee9a64d6260681,7282,7282,1821,ceil(utf8_bytes/4)_cpu_estimate,1,0,semi_structured,key_value,insert_ignore,0,1,1,1
seed_000061,seed_000061,source_group_id,financial,direct,Direct,D-FS-M,generation,baseline,direct,,344cfb7c37f6dd7d1a0c4a32821f6dd34c93a66838147467eef1e394d01ceb97,11976,11976,2994,ceil(utf8_bytes/4)_cpu_estimate,1,0,semi_structured,json_array,plain_insert,0,1,1,1
seed_000061,seed_000061,source_group_id,financial,j_fs,J-FS,J-FS-M,generation,baseline,j_fs,,cf2208a1cbcfafd88ed5831b58a7ab9bcc83362ead802717b366fa9288e092ff,11907,11907,2977,ceil(utf8_bytes/4)_cpu_estimate,1,0,semi_structured,json_array,plain_insert,0,1,1,1
seed_000061,seed_000061,source_group_id,financial,original_mp_fs_plus,Original MP-FS+,MP-FS+,deterministic_reprocess,primary_comparison_baseline,mp_fs_plus_shared,mp_fs_plus_shared,ccf4ef080a8eb7633d0d1752c7fee6e59d9b0449dd39c4fd717d3990b3b08d0f,14505,14505,3627,ceil(utf8_bytes/4)_cpu_estimate,1,0,semi_structured,json_array,plain_insert,0,1,1,1
seed_000061,seed_000061,source_group_id,financial,d_g1_primary,MP-FS+ vNext D_G1,MP-FS+,deterministic_reprocess,primary,mp_fs_plus_shared,mp_fs_plus_shared,ccf4ef080a8eb7633d0d1752c7fee6e59d9b0449dd39c4fd717d3990b3b08d0f,14505,14505,3627,ceil(utf8_bytes/4)_cpu_estimate,1,0,semi_structured,json_array,plain_insert,0,1,1,1
seed_000061,seed_000061,source_group_id,financial,d_only_secondary,MP-FS+ vNext D_ONLY,MP-FS+,deterministic_reprocess,secondary_ablation,mp_fs_plus_shared,mp_fs_plus_shared,ccf4ef080a8eb7633d0d1752c7fee6e59d9b0449dd39c4fd717d3990b3b08d0f,14505,14505,3627,ceil(utf8_bytes/4)_cpu_estimate,1,0,semi_structured,json_array,plain_insert,0,1,1,1
seed_000061,seed_000061,source_group_id,financial,full_secondary,MP-FS+ vNext FULL,MP-FS+,deterministic_reprocess,secondary_ablation,mp_fs_plus_shared,mp_fs_plus_shared,ccf4ef080a8eb7633d0d1752c7fee6e59d9b0449dd39c4fd717d3990b3b08d0f,14505,14505,3627,ceil(utf8_bytes/4)_cpu_estimate,1,0,semi_structured,json_array,plain_insert,0,1,1,1
seed_000061,seed_000061,source_group_id,financial,no_c_secondary,MP-FS+ vNext NO_C,MP-FS+,deterministic_reprocess,secondary_ablation,mp_fs_plus_shared,mp_fs_plus_shared,ccf4ef080a8eb7633d0d1752c7fee6e59d9b0449dd39c4fd717d3990b3b08d0f,14505,14505,3627,ceil(utf8_bytes/4)_cpu_estimate,1,0,semi_structured,json_array,plain_insert,0,1,1,1
aug_seed_000311_single_row_subset_001,seed_000311,source_group_id,card_games,direct,Direct,D-FS-M,generation,baseline,direct,,4f0b81d6a72f43a5b4f19049692cf5e7acc2d099b7533b10f2a01559edfc0e80,17162,17162,4291,ceil(utf8_bytes/4)_cpu_estimate,1,0,free_text,free_text,insert_ignore,0,1,1,1
aug_seed_000311_single_row_subset_001,seed_000311,source_group_id,card_games,j_fs,J-FS,J-FS-M,generation,baseline,j_fs,,0e0ac0fd9fba3a1de43de54101c31b320dce6f98d92372ef60795195ca706df5,17072,17072,4268,ceil(utf8_bytes/4)_cpu_estimate,1,0,free_text,free_text,insert_ignore,0,1,1,1
aug_seed_000311_single_row_subset_001,seed_000311,source_group_id,card_games,original_mp_fs_plus,Original MP-FS+,MP-FS+,deterministic_reprocess,primary_comparison_baseline,mp_fs_plus_shared,mp_fs_plus_shared,2837c7aaec1aaf9b361b02af178b3620278931df19b7eb1466a92af0384a14e9,26002,26002,6501,ceil(utf8_bytes/4)_cpu_estimate,1,0,free_text,free_text,insert_ignore,0,1,1,1
aug_seed_000311_single_row_subset_001,seed_000311,source_group_id,card_games,d_g1_primary,MP-FS+ vNext D_G1,MP-FS+,deterministic_reprocess,primary,mp_fs_plus_shared,mp_fs_plus_shared,2837c7aaec1aaf9b361b02af178b3620278931df19b7eb1466a92af0384a14e9,26002,26002,6501,ceil(utf8_bytes/4)_cpu_estimate,1,0,free_text,free_text,insert_ignore,0,1,1,1
aug_seed_000311_single_row_subset_001,seed_000311,source_group_id,card_games,d_only_secondary,MP-FS+ vNext D_ONLY,MP-FS+,deterministic_reprocess,secondary_ablation,mp_fs_plus_shared,mp_fs_plus_shared,2837c7aaec1aaf9b361b02af178b3620278931df19b7eb1466a92af0384a14e9,26002,26002,6501,ceil(utf8_bytes/4)_cpu_estimate,1,0,free_text,free_text,insert_ignore,0,1,1,1
aug_seed_000311_single_row_subset_001,seed_000311,source_group_id,card_games,full_secondary,MP-FS+ vNext FULL,MP-FS+,deterministic_reprocess,secondary_ablation,mp_fs_plus_shared,mp_fs_plus_shared,2837c7aaec1aaf9b361b02af178b3620278931df19b7eb1466a92af0384a14e9,26002,26002,6501,ceil(utf8_bytes/4)_cpu_estimate,1,0,free_text,free_text,insert_ignore,0,1,1,1
aug_seed_000311_single_row_subset_001,seed_000311,source_group_id,card_games,no_c_secondary,MP-FS+ vNext NO_C,MP-FS+,deterministic_reprocess,secondary_ablation,mp_fs_plus_shared,mp_fs_plus_shared,2837c7aaec1aaf9b361b02af178b3620278931df19b7eb1466a92af0384a14e9,26002,26002,6501,ceil(utf8_bytes/4)_cpu_estimate,1,0,free_text,free_text,insert_ignore,0,1,1,1
aug_seed_000309_relational_format_variant_001,seed_000309,source_group_id,toxicology,direct,Direct,D-FS-M,generation,baseline,direct,,b48942b6545a47e260d54fc93d53e1164fb55a778666fa9b025fd4b839210fc2,6142,6142,1536,ceil(utf8_bytes/4)_cpu_estimate,1,0,free_text,free_text,insert_ignore,1,1,1,1
aug_seed_000309_relational_format_variant_001,seed_000309,source_group_id,toxicology,j_fs,J-FS,J-FS-M,generation,baseline,j_fs,,8e937042278e2b9c03c9f406415c8767d234780ce321564765c3c6c2920572c0,6052,6052,1513,ceil(utf8_bytes/4)_cpu_estimate,1,0,free_text,free_text,insert_ignore,1,1,1,1
aug_seed_000309_relational_format_variant_001,seed_000309,source_group_id,toxicology,original_mp_fs_plus,Original MP-FS+,MP-FS+,deterministic_reprocess,primary_comparison_baseline,mp_fs_plus_shared,mp_fs_plus_shared,2faa655e695d35f64b0500d3af1968ef6d52a7b2e947b34f1e01e3465b93bd55,31503,31503,7876,ceil(utf8_bytes/4)_cpu_estimate,1,0,free_text,free_text,insert_ignore,1,1,1,1
aug_seed_000309_relational_format_variant_001,seed_000309,source_group_id,toxicology,d_g1_primary,MP-FS+ vNext D_G1,MP-FS+,deterministic_reprocess,primary,mp_fs_plus_shared,mp_fs_plus_shared,2faa655e695d35f64b0500d3af1968ef6d52a7b2e947b34f1e01e3465b93bd55,31503,31503,7876,ceil(utf8_bytes/4)_cpu_estimate,1,0,free_text,free_text,insert_ignore,1,1,1,1
aug_seed_000309_relational_format_variant_001,seed_000309,source_group_id,toxicology,d_only_secondary,MP-FS+ vNext D_ONLY,MP-FS+,deterministic_reprocess,secondary_ablation,mp_fs_plus_shared,mp_fs_plus_shared,2faa655e695d35f64b0500d3af1968ef6d52a7b2e947b34f1e01e3465b93bd55,31503,31503,7876,ceil(utf8_bytes/4)_cpu_estimate,1,0,free_text,free_text,insert_ignore,1,1,1,1
aug_seed_000309_relational_format_variant_001,seed_000309,source_group_id,toxicology,full_secondary,MP-FS+ vNext FULL,MP-FS+,deterministic_reprocess,secondary_ablation,mp_fs_plus_shared,mp_fs_plus_shared,2faa655e695d35f64b0500d3af1968ef6d52a7b2e947b34f1e01e3465b93bd55,31503,31503,7876,ceil(utf8_bytes/4)_cpu_estimate,1,0,free_text,free_text,insert_ignore,1,1,1,1
aug_seed_000309_relational_format_variant_001,seed_000309,source_group_id,toxicology,no_c_secondary,MP-FS+ vNext NO_C,MP-FS+,deterministic_reprocess,secondary_ablation,mp_fs_plus_shared,mp_fs_plus_shared,2faa655e695d35f64b0500d3af1968ef6d52a7b2e947b34f1e01e3465b93bd55,31503,31503,7876,ceil(utf8_bytes/4)_cpu_estimate,1,0,free_text,free_text,insert_ignore,1,1,1,1
aug_seed_000316_single_row_subset_001,seed_000316,source_group_id,student_club,direct,Direct,D-FS-M,generation,baseline,direct,,1b77a401c4660f9cdd632351e4dc01d4625d9eeae96c135d229ebaf71a333180,10528,10528,2632,ceil(utf8_bytes/4)_cpu_estimate,1,0,semi_structured,markdown_table,insert_ignore,0,1,1,1
aug_seed_000316_single_row_subset_001,seed_000316,source_group_id,student_club,j_fs,J-FS,J-FS-M,generation,baseline,j_fs,,887855f374f128b815e733741a7006899bba63167f3a273ffde160524cbd4e01,10459,10459,2615,ceil(utf8_bytes/4)_cpu_estimate,1,0,semi_structured,markdown_table,insert_ignore,0,1,1,1
aug_seed_000316_single_row_subset_001,seed_000316,source_group_id,student_club,original_mp_fs_plus,Original MP-FS+,MP-FS+,deterministic_reprocess,primary_comparison_baseline,mp_fs_plus_shared,mp_fs_plus_shared,ae42b122d7254b506e62d6a69ced92479e6e0cc5182f97487d476d3314da729c,6865,6865,1717,ceil(utf8_bytes/4)_cpu_estimate,1,0,semi_structured,markdown_table,insert_ignore,0,1,1,1
aug_seed_000316_single_row_subset_001,seed_000316,source_group_id,student_club,d_g1_primary,MP-FS+ vNext D_G1,MP-FS+,deterministic_reprocess,primary,mp_fs_plus_shared,mp_fs_plus_shared,ae42b122d7254b506e62d6a69ced92479e6e0cc5182f97487d476d3314da729c,6865,6865,1717,ceil(utf8_bytes/4)_cpu_estimate,1,0,semi_structured,markdown_table,insert_ignore,0,1,1,1
aug_seed_000316_single_row_subset_001,seed_000316,source_group_id,student_club,d_only_secondary,MP-FS+ vNext D_ONLY,MP-FS+,deterministic_reprocess,secondary_ablation,mp_fs_plus_shared,mp_fs_plus_shared,ae42b122d7254b506e62d6a69ced92479e6e0cc5182f97487d476d3314da729c,6865,6865,1717,ceil(utf8_bytes/4)_cpu_estimate,1,0,semi_structured,markdown_table,insert_ignore,0,1,1,1
aug_seed_000316_single_row_subset_001,seed_000316,source_group_id,student_club,full_secondary,MP-FS+ vNext FULL,MP-FS+,deterministic_reprocess,secondary_ablation,mp_fs_plus_shared,mp_fs_plus_shared,ae42b122d7254b506e62d6a69ced92479e6e0cc5182f97487d476d3314da729c,6865,6865,1717,ceil(utf8_bytes/4)_cpu_estimate,1,0,semi_structured,markdown_table,insert_ignore,0,1,1,1
aug_seed_000316_single_row_subset_001,seed_000316,source_group_id,student_club,no_c_secondary,MP-FS+ vNext NO_C,MP-FS+,deterministic_reprocess,secondary_ablation,mp_fs_plus_shared,mp_fs_plus_shared,ae42b122d7254b506e62d6a69ced92479e6e0cc5182f97487d476d3314da729c,6865,6865,1717,ceil(utf8_bytes/4)_cpu_estimate,1,0,semi_structured,markdown_table,insert_ignore,0,1,1,1
seed_000312,seed_000312,source_group_id,student_club,direct,Direct,D-FS-M,generation,baseline,direct,,a6daaefc7f5d3f64d4f78fc85d3dfacb67b4b278b150cb010a23a5e8bd81c9f8,11468,11468,2867,ceil(utf8_bytes/4)_cpu_estimate,1,0,semi_structured,csv,plain_insert,0,1,1,1
seed_000312,seed_000312,source_group_id,student_club,j_fs,J-FS,J-FS-M,generation,baseline,j_fs,,dc349d8e888b5e16a94f49804fe22eddb591da84caecbd979ba1676d9e9ed4ea,11399,11399,2850,ceil(utf8_bytes/4)_cpu_estimate,1,0,semi_structured,csv,plain_insert,0,1,1,1
seed_000312,seed_000312,source_group_id,student_club,original_mp_fs_plus,Original MP-FS+,MP-FS+,deterministic_reprocess,primary_comparison_baseline,mp_fs_plus_shared,mp_fs_plus_shared,c38aff0f467de03fe903761151dc1d7159d498f41cb319ecdbc7a45711d1a1dd,8176,8176,2044,ceil(utf8_bytes/4)_cpu_estimate,1,0,semi_structured,csv,plain_insert,0,1,1,1
seed_000312,seed_000312,source_group_id,student_club,d_g1_primary,MP-FS+ vNext D_G1,MP-FS+,deterministic_reprocess,primary,mp_fs_plus_shared,mp_fs_plus_shared,c38aff0f467de03fe903761151dc1d7159d498f41cb319ecdbc7a45711d1a1dd,8176,8176,2044,ceil(utf8_bytes/4)_cpu_estimate,1,0,semi_structured,csv,plain_insert,0,1,1,1
seed_000312,seed_000312,source_group_id,student_club,d_only_secondary,MP-FS+ vNext D_ONLY,MP-FS+,deterministic_reprocess,secondary_ablation,mp_fs_plus_shared,mp_fs_plus_shared,c38aff0f467de03fe903761151dc1d7159d498f41cb319ecdbc7a45711d1a1dd,8176,8176,2044,ceil(utf8_bytes/4)_cpu_estimate,1,0,semi_structured,csv,plain_insert,0,1,1,1
seed_000312,seed_000312,source_group_id,student_club,full_secondary,MP-FS+ vNext FULL,MP-FS+,deterministic_reprocess,secondary_ablation,mp_fs_plus_shared,mp_fs_plus_shared,c38aff0f467de03fe903761151dc1d7159d498f41cb319ecdbc7a45711d1a1dd,8176,8176,2044,ceil(utf8_bytes/4)_cpu_estimate,1,0,semi_structured,csv,plain_insert,0,1,1,1
seed_000312,seed_000312,source_group_id,student_club,no_c_secondary,MP-FS+ vNext NO_C,MP-FS+,deterministic_reprocess,secondary_ablation,mp_fs_plus_shared,mp_fs_plus_shared,c38aff0f467de03fe903761151dc1d7159d498f41cb319ecdbc7a45711d1a1dd,8176,8176,2044,ceil(utf8_bytes/4)_cpu_estimate,1,0,semi_structured,csv,plain_insert,0,1,1,1
aug_seed_000130_single_row_subset_001,seed_000130,source_group_id,formula_1,direct,Direct,D-FS-M,generation,baseline,direct,,8a84b01a399925b9452cf7992c3558454091682e8b1210abd7733e0b606fa24f,17239,17239,4310,ceil(utf8_bytes/4)_cpu_estimate,1,0,free_text,free_text,insert_ignore,0,1,1,1
aug_seed_000130_single_row_subset_001,seed_000130,source_group_id,formula_1,j_fs,J-FS,J-FS-M,generation,baseline,j_fs,,44b295ade37aba8d1e48691f010ab8dc9a86c19e8fe67e3497aa6b3202cf687a,17149,17149,4288,ceil(utf8_bytes/4)_cpu_estimate,1,0,free_text,free_text,insert_ignore,0,1,1,1
aug_seed_000130_single_row_subset_001,seed_000130,source_group_id,formula_1,original_mp_fs_plus,Original MP-FS+,MP-FS+,deterministic_reprocess,primary_comparison_baseline,mp_fs_plus_shared,mp_fs_plus_shared,31d925870e22dc5b437251132f5383f9b58e8bfd2b7f889b89ed5613a9bc19a1,22044,22044,5511,ceil(utf8_bytes/4)_cpu_estimate,1,0,free_text,free_text,insert_ignore,0,1,1,1
aug_seed_000130_single_row_subset_001,seed_000130,source_group_id,formula_1,d_g1_primary,MP-FS+ vNext D_G1,MP-FS+,deterministic_reprocess,primary,mp_fs_plus_shared,mp_fs_plus_shared,31d925870e22dc5b437251132f5383f9b58e8bfd2b7f889b89ed5613a9bc19a1,22044,22044,5511,ceil(utf8_bytes/4)_cpu_estimate,1,0,free_text,free_text,insert_ignore,0,1,1,1
aug_seed_000130_single_row_subset_001,seed_000130,source_group_id,formula_1,d_only_secondary,MP-FS+ vNext D_ONLY,MP-FS+,deterministic_reprocess,secondary_ablation,mp_fs_plus_shared,mp_fs_plus_shared,31d925870e22dc5b437251132f5383f9b58e8bfd2b7f889b89ed5613a9bc19a1,22044,22044,5511,ceil(utf8_bytes/4)_cpu_estimate,1,0,free_text,free_text,insert_ignore,0,1,1,1
aug_seed_000130_single_row_subset_001,seed_000130,source_group_id,formula_1,full_secondary,MP-FS+ vNext FULL,MP-FS+,deterministic_reprocess,secondary_ablation,mp_fs_plus_shared,mp_fs_plus_shared,31d925870e22dc5b437251132f5383f9b58e8bfd2b7f889b89ed5613a9bc19a1,22044,22044,5511,ceil(utf8_bytes/4)_cpu_estimate,1,0,free_text,free_text,insert_ignore,0,1,1,1
aug_seed_000130_single_row_subset_001,seed_000130,source_group_id,formula_1,no_c_secondary,MP-FS+ vNext NO_C,MP-FS+,deterministic_reprocess,secondary_ablation,mp_fs_plus_shared,mp_fs_plus_shared,31d925870e22dc5b437251132f5383f9b58e8bfd2b7f889b89ed5613a9bc19a1,22044,22044,5511,ceil(utf8_bytes/4)_cpu_estimate,1,0,free_text,free_text,insert_ignore,0,1,1,1
seed_000072,seed_000072,source_group_id,toxicology,direct,Direct,D-FS-M,generation,baseline,direct,,f8f74888d5f4f63352e4514cb2cc0959b0e405a3bb3c21229e56a3bf91103a5a,8558,8558,2140,ceil(utf8_bytes/4)_cpu_estimate,1,0,semi_structured,json_array,insert_ignore,1,1,1,1
seed_000072,seed_000072,source_group_id,toxicology,j_fs,J-FS,J-FS-M,generation,baseline,j_fs,,309e0fbe1163c3bbc9625bec2d4280e4b68585fa04e760b8a09ec0cd41ff8d81,8489,8489,2123,ceil(utf8_bytes/4)_cpu_estimate,1,0,semi_structured,json_array,insert_ignore,1,1,1,1
seed_000072,seed_000072,source_group_id,toxicology,original_mp_fs_plus,Original MP-FS+,MP-FS+,deterministic_reprocess,primary_comparison_baseline,mp_fs_plus_shared,mp_fs_plus_shared,7bb6cb1d74943195c05becedf92f4af0f41fefd453ae6db05cfd5c60ad55e779,7521,7521,1881,ceil(utf8_bytes/4)_cpu_estimate,1,0,semi_structured,json_array,insert_ignore,1,1,1,1
seed_000072,seed_000072,source_group_id,toxicology,d_g1_primary,MP-FS+ vNext D_G1,MP-FS+,deterministic_reprocess,primary,mp_fs_plus_shared,mp_fs_plus_shared,7bb6cb1d74943195c05becedf92f4af0f41fefd453ae6db05cfd5c60ad55e779,7521,7521,1881,ceil(utf8_bytes/4)_cpu_estimate,1,0,semi_structured,json_array,insert_ignore,1,1,1,1
seed_000072,seed_000072,source_group_id,toxicology,d_only_secondary,MP-FS+ vNext D_ONLY,MP-FS+,deterministic_reprocess,secondary_ablation,mp_fs_plus_shared,mp_fs_plus_shared,7bb6cb1d74943195c05becedf92f4af0f41fefd453ae6db05cfd5c60ad55e779,7521,7521,1881,ceil(utf8_bytes/4)_cpu_estimate,1,0,semi_structured,json_array,insert_ignore,1,1,1,1
seed_000072,seed_000072,source_group_id,toxicology,full_secondary,MP-FS+ vNext FULL,MP-FS+,deterministic_reprocess,secondary_ablation,mp_fs_plus_shared,mp_fs_plus_shared,7bb6cb1d74943195c05becedf92f4af0f41fefd453ae6db05cfd5c60ad55e779,7521,7521,1881,ceil(utf8_bytes/4)_cpu_estimate,1,0,semi_structured,json_array,insert_ignore,1,1,1,1
seed_000072,seed_000072,source_group_id,toxicology,no_c_secondary,MP-FS+ vNext NO_C,MP-FS+,deterministic_reprocess,secondary_ablation,mp_fs_plus_shared,mp_fs_plus_shared,7bb6cb1d74943195c05becedf92f4af0f41fefd453ae6db05cfd5c60ad55e779,7521,7521,1881,ceil(utf8_bytes/4)_cpu_estimate,1,0,semi_structured,json_array,insert_ignore,1,1,1,1
aug_seed_000343_small_batch_subset_001,seed_000343,source_group_id,financial,direct,Direct,D-FS-M,generation,baseline,direct,,557687710eaee94014b9cdb2402c9b78b83b64f55edc149d4982e6a1c8e67664,11570,11570,2893,ceil(utf8_bytes/4)_cpu_estimate,1,0,semi_structured,key_value,insert_ignore,0,1,1,1
aug_seed_000343_small_batch_subset_001,seed_000343,source_group_id,financial,j_fs,J-FS,J-FS-M,generation,baseline,j_fs,,4467dc5b6746134c6c97555a18978f49c428b2bd3ad965553412f2cd6d94b0a9,11501,11501,2876,ceil(utf8_bytes/4)_cpu_estimate,1,0,semi_structured,key_value,insert_ignore,0,1,1,1
aug_seed_000343_small_batch_subset_001,seed_000343,source_group_id,financial,original_mp_fs_plus,Original MP-FS+,MP-FS+,deterministic_reprocess,primary_comparison_baseline,mp_fs_plus_shared,mp_fs_plus_shared,f985a567ae60dbae9d178ec41e3153b702cfb5de95bd97584126ffcf4703df1d,11513,11513,2879,ceil(utf8_bytes/4)_cpu_estimate,1,0,semi_structured,key_value,insert_ignore,0,1,1,1
aug_seed_000343_small_batch_subset_001,seed_000343,source_group_id,financial,d_g1_primary,MP-FS+ vNext D_G1,MP-FS+,deterministic_reprocess,primary,mp_fs_plus_shared,mp_fs_plus_shared,f985a567ae60dbae9d178ec41e3153b702cfb5de95bd97584126ffcf4703df1d,11513,11513,2879,ceil(utf8_bytes/4)_cpu_estimate,1,0,semi_structured,key_value,insert_ignore,0,1,1,1
aug_seed_000343_small_batch_subset_001,seed_000343,source_group_id,financial,d_only_secondary,MP-FS+ vNext D_ONLY,MP-FS+,deterministic_reprocess,secondary_ablation,mp_fs_plus_shared,mp_fs_plus_shared,f985a567ae60dbae9d178ec41e3153b702cfb5de95bd97584126ffcf4703df1d,11513,11513,2879,ceil(utf8_bytes/4)_cpu_estimate,1,0,semi_structured,key_value,insert_ignore,0,1,1,1
aug_seed_000343_small_batch_subset_001,seed_000343,source_group_id,financial,full_secondary,MP-FS+ vNext FULL,MP-FS+,deterministic_reprocess,secondary_ablation,mp_fs_plus_shared,mp_fs_plus_shared,f985a567ae60dbae9d178ec41e3153b702cfb5de95bd97584126ffcf4703df1d,11513,11513,2879,ceil(utf8_bytes/4)_cpu_estimate,1,0,semi_structured,key_value,insert_ignore,0,1,1,1
aug_seed_000343_small_batch_subset_001,seed_000343,source_group_id,financial,no_c_secondary,MP-FS+ vNext NO_C,MP-FS+,deterministic_reprocess,secondary_ablation,mp_fs_plus_shared,mp_fs_plus_shared,f985a567ae60dbae9d178ec41e3153b702cfb5de95bd97584126ffcf4703df1d,11513,11513,2879,ceil(utf8_bytes/4)_cpu_estimate,1,0,semi_structured,key_value,insert_ignore,0,1,1,1
aug_seed_000293_relational_format_variant_001,seed_000293,source_group_id,student_club,direct,Direct,D-FS-M,generation,baseline,direct,,0c7097d485af4f13c3d816c487bec25affec18c74d5079a98b69ada2a0462baf,9830,9830,2458,ceil(utf8_bytes/4)_cpu_estimate,1,0,free_text,free_text,insert_ignore,1,1,1,1
aug_seed_000293_relational_format_variant_001,seed_000293,source_group_id,student_club,j_fs,J-FS,J-FS-M,generation,baseline,j_fs,,d7708d9396ac1932d55781dcdb76c1ed1255f8aa6f4cacf445a73b9439adee80,9740,9740,2435,ceil(utf8_bytes/4)_cpu_estimate,1,0,free_text,free_text,insert_ignore,1,1,1,1
aug_seed_000293_relational_format_variant_001,seed_000293,source_group_id,student_club,original_mp_fs_plus,Original MP-FS+,MP-FS+,deterministic_reprocess,primary_comparison_baseline,mp_fs_plus_shared,mp_fs_plus_shared,5204101abf7a266cae12d4bca2c0fd854714722be7848000d9245315e53985a4,19646,19646,4912,ceil(utf8_bytes/4)_cpu_estimate,1,0,free_text,free_text,insert_ignore,1,1,1,1
aug_seed_000293_relational_format_variant_001,seed_000293,source_group_id,student_club,d_g1_primary,MP-FS+ vNext D_G1,MP-FS+,deterministic_reprocess,primary,mp_fs_plus_shared,mp_fs_plus_shared,5204101abf7a266cae12d4bca2c0fd854714722be7848000d9245315e53985a4,19646,19646,4912,ceil(utf8_bytes/4)_cpu_estimate,1,0,free_text,free_text,insert_ignore,1,1,1,1
aug_seed_000293_relational_format_variant_001,seed_000293,source_group_id,student_club,d_only_secondary,MP-FS+ vNext D_ONLY,MP-FS+,deterministic_reprocess,secondary_ablation,mp_fs_plus_shared,mp_fs_plus_shared,5204101abf7a266cae12d4bca2c0fd854714722be7848000d9245315e53985a4,19646,19646,4912,ceil(utf8_bytes/4)_cpu_estimate,1,0,free_text,free_text,insert_ignore,1,1,1,1
aug_seed_000293_relational_format_variant_001,seed_000293,source_group_id,student_club,full_secondary,MP-FS+ vNext FULL,MP-FS+,deterministic_reprocess,secondary_ablation,mp_fs_plus_shared,mp_fs_plus_shared,5204101abf7a266cae12d4bca2c0fd854714722be7848000d9245315e53985a4,19646,19646,4912,ceil(utf8_bytes/4)_cpu_estimate,1,0,free_text,free_text,insert_ignore,1,1,1,1
aug_seed_000293_relational_format_variant_001,seed_000293,source_group_id,student_club,no_c_secondary,MP-FS+ vNext NO_C,MP-FS+,deterministic_reprocess,secondary_ablation,mp_fs_plus_shared,mp_fs_plus_shared,5204101abf7a266cae12d4bca2c0fd854714722be7848000d9245315e53985a4,19646,19646,4912,ceil(utf8_bytes/4)_cpu_estimate,1,0,free_text,free_text,insert_ignore,1,1,1,1
seed_000325,seed_000325,source_group_id,superhero,direct,Direct,D-FS-M,generation,baseline,direct,,d60739753d71e121ac021732378aa499d38695a3c5bebb6d54ceea0319e339cd,9040,9040,2260,ceil(utf8_bytes/4)_cpu_estimate,1,0,semi_structured,csv,plain_insert,0,1,1,1
seed_000325,seed_000325,source_group_id,superhero,j_fs,J-FS,J-FS-M,generation,baseline,j_fs,,7412c29c13fa0a45720b411fb355844c2dafedb4785f1162e492698b662fec03,8971,8971,2243,ceil(utf8_bytes/4)_cpu_estimate,1,0,semi_structured,csv,plain_insert,0,1,1,1
seed_000325,seed_000325,source_group_id,superhero,original_mp_fs_plus,Original MP-FS+,MP-FS+,deterministic_reprocess,primary_comparison_baseline,mp_fs_plus_shared,mp_fs_plus_shared,563dd58a47d9ebaa1b2597e1a64037b62f54c52028c4dd7876b798e8e06f6ee6,12185,12185,3047,ceil(utf8_bytes/4)_cpu_estimate,1,0,semi_structured,csv,plain_insert,0,1,1,1
seed_000325,seed_000325,source_group_id,superhero,d_g1_primary,MP-FS+ vNext D_G1,MP-FS+,deterministic_reprocess,primary,mp_fs_plus_shared,mp_fs_plus_shared,563dd58a47d9ebaa1b2597e1a64037b62f54c52028c4dd7876b798e8e06f6ee6,12185,12185,3047,ceil(utf8_bytes/4)_cpu_estimate,1,0,semi_structured,csv,plain_insert,0,1,1,1
seed_000325,seed_000325,source_group_id,superhero,d_only_secondary,MP-FS+ vNext D_ONLY,MP-FS+,deterministic_reprocess,secondary_ablation,mp_fs_plus_shared,mp_fs_plus_shared,563dd58a47d9ebaa1b2597e1a64037b62f54c52028c4dd7876b798e8e06f6ee6,12185,12185,3047,ceil(utf8_bytes/4)_cpu_estimate,1,0,semi_structured,csv,plain_insert,0,1,1,1
seed_000325,seed_000325,source_group_id,superhero,full_secondary,MP-FS+ vNext FULL,MP-FS+,deterministic_reprocess,secondary_ablation,mp_fs_plus_shared,mp_fs_plus_shared,563dd58a47d9ebaa1b2597e1a64037b62f54c52028c4dd7876b798e8e06f6ee6,12185,12185,3047,ceil(utf8_bytes/4)_cpu_estimate,1,0,semi_structured,csv,plain_insert,0,1,1,1
seed_000325,seed_000325,source_group_id,superhero,no_c_secondary,MP-FS+ vNext NO_C,MP-FS+,deterministic_reprocess,secondary_ablation,mp_fs_plus_shared,mp_fs_plus_shared,563dd58a47d9ebaa1b2597e1a64037b62f54c52028c4dd7876b798e8e06f6ee6,12185,12185,3047,ceil(utf8_bytes/4)_cpu_estimate,1,0,semi_structured,csv,plain_insert,0,1,1,1
aug_seed_000301_single_row_subset_001,seed_000301,source_group_id,student_club,direct,Direct,D-FS-M,generation,baseline,direct,,b02dc187afa9295d670f233bc6efb2b25e9b6a0104821228da532035b9c1f068,10638,10638,2660,ceil(utf8_bytes/4)_cpu_estimate,1,0,semi_structured,markdown_table,insert_ignore,0,1,1,1
aug_seed_000301_single_row_subset_001,seed_000301,source_group_id,student_club,j_fs,J-FS,J-FS-M,generation,baseline,j_fs,,6df95830e9e42635c73b0f8c0153c3a9b81bde4a6c9f87eecff384a5ba573ccf,10569,10569,2643,ceil(utf8_bytes/4)_cpu_estimate,1,0,semi_structured,markdown_table,insert_ignore,0,1,1,1
aug_seed_000301_single_row_subset_001,seed_000301,source_group_id,student_club,original_mp_fs_plus,Original MP-FS+,MP-FS+,deterministic_reprocess,primary_comparison_baseline,mp_fs_plus_shared,mp_fs_plus_shared,e1054f78541fd9221a58ecef7ee04cd29f8b0751b7b23810e1bbd48715b773dc,6920,6920,1730,ceil(utf8_bytes/4)_cpu_estimate,1,0,semi_structured,markdown_table,insert_ignore,0,1,1,1
aug_seed_000301_single_row_subset_001,seed_000301,source_group_id,student_club,d_g1_primary,MP-FS+ vNext D_G1,MP-FS+,deterministic_reprocess,primary,mp_fs_plus_shared,mp_fs_plus_shared,e1054f78541fd9221a58ecef7ee04cd29f8b0751b7b23810e1bbd48715b773dc,6920,6920,1730,ceil(utf8_bytes/4)_cpu_estimate,1,0,semi_structured,markdown_table,insert_ignore,0,1,1,1
aug_seed_000301_single_row_subset_001,seed_000301,source_group_id,student_club,d_only_secondary,MP-FS+ vNext D_ONLY,MP-FS+,deterministic_reprocess,secondary_ablation,mp_fs_plus_shared,mp_fs_plus_shared,e1054f78541fd9221a58ecef7ee04cd29f8b0751b7b23810e1bbd48715b773dc,6920,6920,1730,ceil(utf8_bytes/4)_cpu_estimate,1,0,semi_structured,markdown_table,insert_ignore,0,1,1,1
aug_seed_000301_single_row_subset_001,seed_000301,source_group_id,student_club,full_secondary,MP-FS+ vNext FULL,MP-FS+,deterministic_reprocess,secondary_ablation,mp_fs_plus_shared,mp_fs_plus_shared,e1054f78541fd9221a58ecef7ee04cd29f8b0751b7b23810e1bbd48715b773dc,6920,6920,1730,ceil(utf8_bytes/4)_cpu_estimate,1,0,semi_structured,markdown_table,insert_ignore,0,1,1,1
aug_seed_000301_single_row_subset_001,seed_000301,source_group_id,student_club,no_c_secondary,MP-FS+ vNext NO_C,MP-FS+,deterministic_reprocess,secondary_ablation,mp_fs_plus_shared,mp_fs_plus_shared,e1054f78541fd9221a58ecef7ee04cd29f8b0751b7b23810e1bbd48715b773dc,6920,6920,1730,ceil(utf8_bytes/4)_cpu_estimate,1,0,semi_structured,markdown_table,insert_ignore,0,1,1,1
aug_seed_000356_single_row_subset_001,seed_000356,source_group_id,financial,direct,Direct,D-FS-M,generation,baseline,direct,,f637f1b59184a8246998a71f4130a772223bc8c8ac83f8bbe85d06bd4c041248,11407,11407,2852,ceil(utf8_bytes/4)_cpu_estimate,1,0,semi_structured,json_array,insert_ignore,0,1,1,1
aug_seed_000356_single_row_subset_001,seed_000356,source_group_id,financial,j_fs,J-FS,J-FS-M,generation,baseline,j_fs,,5cb901c779e3debabcdd4a4e6675b47448a9034a30ef52e7861232ecd34e90d3,11338,11338,2835,ceil(utf8_bytes/4)_cpu_estimate,1,0,semi_structured,json_array,insert_ignore,0,1,1,1
aug_seed_000356_single_row_subset_001,seed_000356,source_group_id,financial,original_mp_fs_plus,Original MP-FS+,MP-FS+,deterministic_reprocess,primary_comparison_baseline,mp_fs_plus_shared,mp_fs_plus_shared,b828b6f4b716a79d0a8047dd865cae805989ae1094fab77607e0b0129fa76f74,11532,11532,2883,ceil(utf8_bytes/4)_cpu_estimate,1,0,semi_structured,json_array,insert_ignore,0,1,1,1
aug_seed_000356_single_row_subset_001,seed_000356,source_group_id,financial,d_g1_primary,MP-FS+ vNext D_G1,MP-FS+,deterministic_reprocess,primary,mp_fs_plus_shared,mp_fs_plus_shared,b828b6f4b716a79d0a8047dd865cae805989ae1094fab77607e0b0129fa76f74,11532,11532,2883,ceil(utf8_bytes/4)_cpu_estimate,1,0,semi_structured,json_array,insert_ignore,0,1,1,1
aug_seed_000356_single_row_subset_001,seed_000356,source_group_id,financial,d_only_secondary,MP-FS+ vNext D_ONLY,MP-FS+,deterministic_reprocess,secondary_ablation,mp_fs_plus_shared,mp_fs_plus_shared,b828b6f4b716a79d0a8047dd865cae805989ae1094fab77607e0b0129fa76f74,11532,11532,2883,ceil(utf8_bytes/4)_cpu_estimate,1,0,semi_structured,json_array,insert_ignore,0,1,1,1
aug_seed_000356_single_row_subset_001,seed_000356,source_group_id,financial,full_secondary,MP-FS+ vNext FULL,MP-FS+,deterministic_reprocess,secondary_ablation,mp_fs_plus_shared,mp_fs_plus_shared,b828b6f4b716a79d0a8047dd865cae805989ae1094fab77607e0b0129fa76f74,11532,11532,2883,ceil(utf8_bytes/4)_cpu_estimate,1,0,semi_structured,json_array,insert_ignore,0,1,1,1
aug_seed_000356_single_row_subset_001,seed_000356,source_group_id,financial,no_c_secondary,MP-FS+ vNext NO_C,MP-FS+,deterministic_reprocess,secondary_ablation,mp_fs_plus_shared,mp_fs_plus_shared,b828b6f4b716a79d0a8047dd865cae805989ae1094fab77607e0b0129fa76f74,11532,11532,2883,ceil(utf8_bytes/4)_cpu_estimate,1,0,semi_structured,json_array,insert_ignore,0,1,1,1
seed_000121,seed_000121,source_group_id,student_club,direct,Direct,D-FS-M,generation,baseline,direct,,01499c975db2e567c55c833bac0feafbbb80ad88035f3389f888e9a67ec2046c,13937,13937,3485,ceil(utf8_bytes/4)_cpu_estimate,1,0,semi_structured,json_array,plain_insert,0,1,1,1
seed_000121,seed_000121,source_group_id,student_club,j_fs,J-FS,J-FS-M,generation,baseline,j_fs,,70a3f470113905956c37b955ffa5de29cfa541a163f35d21e9d73e408a526adf,13868,13868,3467,ceil(utf8_bytes/4)_cpu_estimate,1,0,semi_structured,json_array,plain_insert,0,1,1,1
seed_000121,seed_000121,source_group_id,student_club,original_mp_fs_plus,Original MP-FS+,MP-FS+,deterministic_reprocess,primary_comparison_baseline,mp_fs_plus_shared,mp_fs_plus_shared,f854dcad42adf614d8dd788a7b2a39939a2d347f4cf23adca8042fafdaada761,15804,15804,3951,ceil(utf8_bytes/4)_cpu_estimate,1,0,semi_structured,json_array,plain_insert,0,1,1,1
seed_000121,seed_000121,source_group_id,student_club,d_g1_primary,MP-FS+ vNext D_G1,MP-FS+,deterministic_reprocess,primary,mp_fs_plus_shared,mp_fs_plus_shared,f854dcad42adf614d8dd788a7b2a39939a2d347f4cf23adca8042fafdaada761,15804,15804,3951,ceil(utf8_bytes/4)_cpu_estimate,1,0,semi_structured,json_array,plain_insert,0,1,1,1
seed_000121,seed_000121,source_group_id,student_club,d_only_secondary,MP-FS+ vNext D_ONLY,MP-FS+,deterministic_reprocess,secondary_ablation,mp_fs_plus_shared,mp_fs_plus_shared,f854dcad42adf614d8dd788a7b2a39939a2d347f4cf23adca8042fafdaada761,15804,15804,3951,ceil(utf8_bytes/4)_cpu_estimate,1,0,semi_structured,json_array,plain_insert,0,1,1,1
seed_000121,seed_000121,source_group_id,student_club,full_secondary,MP-FS+ vNext FULL,MP-FS+,deterministic_reprocess,secondary_ablation,mp_fs_plus_shared,mp_fs_plus_shared,f854dcad42adf614d8dd788a7b2a39939a2d347f4cf23adca8042fafdaada761,15804,15804,3951,ceil(utf8_bytes/4)_cpu_estimate,1,0,semi_structured,json_array,plain_insert,0,1,1,1
seed_000121,seed_000121,source_group_id,student_club,no_c_secondary,MP-FS+ vNext NO_C,MP-FS+,deterministic_reprocess,secondary_ablation,mp_fs_plus_shared,mp_fs_plus_shared,f854dcad42adf614d8dd788a7b2a39939a2d347f4cf23adca8042fafdaada761,15804,15804,3951,ceil(utf8_bytes/4)_cpu_estimate,1,0,semi_structured,json_array,plain_insert,0,1,1,1
seed_000217,seed_000217,source_group_id,codebase_community,direct,Direct,D-FS-M,generation,baseline,direct,,52e730a9783d4faff430fa6342fbfa45facccedcc004bb46e0a77db36bd2f22e,17949,17949,4488,ceil(utf8_bytes/4)_cpu_estimate,1,0,semi_structured,key_value,upsert_update,0,1,1,1
seed_000217,seed_000217,source_group_id,codebase_community,j_fs,J-FS,J-FS-M,generation,baseline,j_fs,,6af062287d5afa7b2c15d10a59321b91cc7555bf0c4c36467020ee7b4dbb45c9,17880,17880,4470,ceil(utf8_bytes/4)_cpu_estimate,1,0,semi_structured,key_value,upsert_update,0,1,1,1
seed_000217,seed_000217,source_group_id,codebase_community,original_mp_fs_plus,Original MP-FS+,MP-FS+,deterministic_reprocess,primary_comparison_baseline,mp_fs_plus_shared,mp_fs_plus_shared,0b27609029d03f2166e7d4ba2c727fdaf7b4a3a0d9a3cfd55e48801e176d131e,38582,38582,9646,ceil(utf8_bytes/4)_cpu_estimate,1,0,semi_structured,key_value,upsert_update,0,1,1,1
seed_000217,seed_000217,source_group_id,codebase_community,d_g1_primary,MP-FS+ vNext D_G1,MP-FS+,deterministic_reprocess,primary,mp_fs_plus_shared,mp_fs_plus_shared,0b27609029d03f2166e7d4ba2c727fdaf7b4a3a0d9a3cfd55e48801e176d131e,38582,38582,9646,ceil(utf8_bytes/4)_cpu_estimate,1,0,semi_structured,key_value,upsert_update,0,1,1,1
seed_000217,seed_000217,source_group_id,codebase_community,d_only_secondary,MP-FS+ vNext D_ONLY,MP-FS+,deterministic_reprocess,secondary_ablation,mp_fs_plus_shared,mp_fs_plus_shared,0b27609029d03f2166e7d4ba2c727fdaf7b4a3a0d9a3cfd55e48801e176d131e,38582,38582,9646,ceil(utf8_bytes/4)_cpu_estimate,1,0,semi_structured,key_value,upsert_update,0,1,1,1
seed_000217,seed_000217,source_group_id,codebase_community,full_secondary,MP-FS+ vNext FULL,MP-FS+,deterministic_reprocess,secondary_ablation,mp_fs_plus_shared,mp_fs_plus_shared,0b27609029d03f2166e7d4ba2c727fdaf7b4a3a0d9a3cfd55e48801e176d131e,38582,38582,9646,ceil(utf8_bytes/4)_cpu_estimate,1,0,semi_structured,key_value,upsert_update,0,1,1,1
seed_000217,seed_000217,source_group_id,codebase_community,no_c_secondary,MP-FS+ vNext NO_C,MP-FS+,deterministic_reprocess,secondary_ablation,mp_fs_plus_shared,mp_fs_plus_shared,0b27609029d03f2166e7d4ba2c727fdaf7b4a3a0d9a3cfd55e48801e176d131e,38582,38582,9646,ceil(utf8_bytes/4)_cpu_estimate,1,0,semi_structured,key_value,upsert_update,0,1,1,1
aug_seed_000061_single_row_subset_002,seed_000061,source_group_id,financial,direct,Direct,D-FS-M,generation,baseline,direct,,a62d1249abd2a03d162c13f174f19ef61841d108da6fa2c82ce48431280e33bf,11295,11295,2824,ceil(utf8_bytes/4)_cpu_estimate,1,0,semi_structured,json_array,insert_ignore,0,1,1,1
aug_seed_000061_single_row_subset_002,seed_000061,source_group_id,financial,j_fs,J-FS,J-FS-M,generation,baseline,j_fs,,1ff00a4c4c79e72cb5ba7315bd38ce0654f4afafab930ca33fe91403dab2a6df,11226,11226,2807,ceil(utf8_bytes/4)_cpu_estimate,1,0,semi_structured,json_array,insert_ignore,0,1,1,1
aug_seed_000061_single_row_subset_002,seed_000061,source_group_id,financial,original_mp_fs_plus,Original MP-FS+,MP-FS+,deterministic_reprocess,primary_comparison_baseline,mp_fs_plus_shared,mp_fs_plus_shared,e2ef3cd45413c8fd8b46097602008e5470d01a5d34553ced9cba32c250d3174d,9525,9525,2382,ceil(utf8_bytes/4)_cpu_estimate,1,0,semi_structured,json_array,insert_ignore,0,1,1,1
aug_seed_000061_single_row_subset_002,seed_000061,source_group_id,financial,d_g1_primary,MP-FS+ vNext D_G1,MP-FS+,deterministic_reprocess,primary,mp_fs_plus_shared,mp_fs_plus_shared,e2ef3cd45413c8fd8b46097602008e5470d01a5d34553ced9cba32c250d3174d,9525,9525,2382,ceil(utf8_bytes/4)_cpu_estimate,1,0,semi_structured,json_array,insert_ignore,0,1,1,1
aug_seed_000061_single_row_subset_002,seed_000061,source_group_id,financial,d_only_secondary,MP-FS+ vNext D_ONLY,MP-FS+,deterministic_reprocess,secondary_ablation,mp_fs_plus_shared,mp_fs_plus_shared,e2ef3cd45413c8fd8b46097602008e5470d01a5d34553ced9cba32c250d3174d,9525,9525,2382,ceil(utf8_bytes/4)_cpu_estimate,1,0,semi_structured,json_array,insert_ignore,0,1,1,1
aug_seed_000061_single_row_subset_002,seed_000061,source_group_id,financial,full_secondary,MP-FS+ vNext FULL,MP-FS+,deterministic_reprocess,secondary_ablation,mp_fs_plus_shared,mp_fs_plus_shared,e2ef3cd45413c8fd8b46097602008e5470d01a5d34553ced9cba32c250d3174d,9525,9525,2382,ceil(utf8_bytes/4)_cpu_estimate,1,0,semi_structured,json_array,insert_ignore,0,1,1,1
aug_seed_000061_single_row_subset_002,seed_000061,source_group_id,financial,no_c_secondary,MP-FS+ vNext NO_C,MP-FS+,deterministic_reprocess,secondary_ablation,mp_fs_plus_shared,mp_fs_plus_shared,e2ef3cd45413c8fd8b46097602008e5470d01a5d34553ced9cba32c250d3174d,9525,9525,2382,ceil(utf8_bytes/4)_cpu_estimate,1,0,semi_structured,json_array,insert_ignore,0,1,1,1
seed_000052,seed_000052,source_group_id,superhero,direct,Direct,D-FS-M,generation,baseline,direct,,af796a30bae5a8d9f02f95ce32744db300e3bc843cb3f58bd71eeae8af414660,10459,10459,2615,ceil(utf8_bytes/4)_cpu_estimate,1,0,semi_structured,json_array,plain_insert,0,1,1,1
seed_000052,seed_000052,source_group_id,superhero,j_fs,J-FS,J-FS-M,generation,baseline,j_fs,,bcb4bb7457de0a5017c2a29fe0ef35336e6048742b75eb5691643f238a2173e5,10390,10390,2598,ceil(utf8_bytes/4)_cpu_estimate,1,0,semi_structured,json_array,plain_insert,0,1,1,1
seed_000052,seed_000052,source_group_id,superhero,original_mp_fs_plus,Original MP-FS+,MP-FS+,deterministic_reprocess,primary_comparison_baseline,mp_fs_plus_shared,mp_fs_plus_shared,2b54dd61ca852f5d7fa8f460d1fc8468a655cd85fb6f434a46d0afc628ac5328,13778,13778,3445,ceil(utf8_bytes/4)_cpu_estimate,1,0,semi_structured,json_array,plain_insert,0,1,1,1
seed_000052,seed_000052,source_group_id,superhero,d_g1_primary,MP-FS+ vNext D_G1,MP-FS+,deterministic_reprocess,primary,mp_fs_plus_shared,mp_fs_plus_shared,2b54dd61ca852f5d7fa8f460d1fc8468a655cd85fb6f434a46d0afc628ac5328,13778,13778,3445,ceil(utf8_bytes/4)_cpu_estimate,1,0,semi_structured,json_array,plain_insert,0,1,1,1
seed_000052,seed_000052,source_group_id,superhero,d_only_secondary,MP-FS+ vNext D_ONLY,MP-FS+,deterministic_reprocess,secondary_ablation,mp_fs_plus_shared,mp_fs_plus_shared,2b54dd61ca852f5d7fa8f460d1fc8468a655cd85fb6f434a46d0afc628ac5328,13778,13778,3445,ceil(utf8_bytes/4)_cpu_estimate,1,0,semi_structured,json_array,plain_insert,0,1,1,1
seed_000052,seed_000052,source_group_id,superhero,full_secondary,MP-FS+ vNext FULL,MP-FS+,deterministic_reprocess,secondary_ablation,mp_fs_plus_shared,mp_fs_plus_shared,2b54dd61ca852f5d7fa8f460d1fc8468a655cd85fb6f434a46d0afc628ac5328,13778,13778,3445,ceil(utf8_bytes/4)_cpu_estimate,1,0,semi_structured,json_array,plain_insert,0,1,1,1
seed_000052,seed_000052,source_group_id,superhero,no_c_secondary,MP-FS+ vNext NO_C,MP-FS+,deterministic_reprocess,secondary_ablation,mp_fs_plus_shared,mp_fs_plus_shared,2b54dd61ca852f5d7fa8f460d1fc8468a655cd85fb6f434a46d0afc628ac5328,13778,13778,3445,ceil(utf8_bytes/4)_cpu_estimate,1,0,semi_structured,json_array,plain_insert,0,1,1,1
aug_seed_000179_single_row_subset_001,seed_000179,source_group_id,financial,direct,Direct,D-FS-M,generation,baseline,direct,,4558c2f5217d9f91cdc3444111a485ccb06d8be8640afde9ccb17f0959919020,9849,9849,2463,ceil(utf8_bytes/4)_cpu_estimate,1,0,free_text,free_text,insert_ignore,0,1,1,1
aug_seed_000179_single_row_subset_001,seed_000179,source_group_id,financial,j_fs,J-FS,J-FS-M,generation,baseline,j_fs,,8387a80818eb3bc42b11d55d6ffb6dcc206c67a63df4e7f1989d8960e4f99c0e,9759,9759,2440,ceil(utf8_bytes/4)_cpu_estimate,1,0,free_text,free_text,insert_ignore,0,1,1,1
aug_seed_000179_single_row_subset_001,seed_000179,source_group_id,financial,original_mp_fs_plus,Original MP-FS+,MP-FS+,deterministic_reprocess,primary_comparison_baseline,mp_fs_plus_shared,mp_fs_plus_shared,da1545f553cceb00a4a1c23db13cac41f832c88bf5ee84ea6c0360c99de5ecd3,14280,14280,3570,ceil(utf8_bytes/4)_cpu_estimate,1,0,free_text,free_text,insert_ignore,0,1,1,1
aug_seed_000179_single_row_subset_001,seed_000179,source_group_id,financial,d_g1_primary,MP-FS+ vNext D_G1,MP-FS+,deterministic_reprocess,primary,mp_fs_plus_shared,mp_fs_plus_shared,da1545f553cceb00a4a1c23db13cac41f832c88bf5ee84ea6c0360c99de5ecd3,14280,14280,3570,ceil(utf8_bytes/4)_cpu_estimate,1,0,free_text,free_text,insert_ignore,0,1,1,1
aug_seed_000179_single_row_subset_001,seed_000179,source_group_id,financial,d_only_secondary,MP-FS+ vNext D_ONLY,MP-FS+,deterministic_reprocess,secondary_ablation,mp_fs_plus_shared,mp_fs_plus_shared,da1545f553cceb00a4a1c23db13cac41f832c88bf5ee84ea6c0360c99de5ecd3,14280,14280,3570,ceil(utf8_bytes/4)_cpu_estimate,1,0,free_text,free_text,insert_ignore,0,1,1,1
aug_seed_000179_single_row_subset_001,seed_000179,source_group_id,financial,full_secondary,MP-FS+ vNext FULL,MP-FS+,deterministic_reprocess,secondary_ablation,mp_fs_plus_shared,mp_fs_plus_shared,da1545f553cceb00a4a1c23db13cac41f832c88bf5ee84ea6c0360c99de5ecd3,14280,14280,3570,ceil(utf8_bytes/4)_cpu_estimate,1,0,free_text,free_text,insert_ignore,0,1,1,1
aug_seed_000179_single_row_subset_001,seed_000179,source_group_id,financial,no_c_secondary,MP-FS+ vNext NO_C,MP-FS+,deterministic_reprocess,secondary_ablation,mp_fs_plus_shared,mp_fs_plus_shared,da1545f553cceb00a4a1c23db13cac41f832c88bf5ee84ea6c0360c99de5ecd3,14280,14280,3570,ceil(utf8_bytes/4)_cpu_estimate,1,0,free_text,free_text,insert_ignore,0,1,1,1
seed_000088,seed_000088,source_group_id,thrombosis_prediction,direct,Direct,D-FS-M,generation,baseline,direct,,a92eef7949c90d4a5a0edd8f49aa61c66799ded2b9cf86374e64cab18af70b75,13741,13741,3436,ceil(utf8_bytes/4)_cpu_estimate,1,0,semi_structured,json_array,insert_ignore,1,1,1,1
seed_000088,seed_000088,source_group_id,thrombosis_prediction,j_fs,J-FS,J-FS-M,generation,baseline,j_fs,,0296662d3da683b0799de76e9d62b822683c8f1ba2f023cfc2ff317c638d6efa,13672,13672,3418,ceil(utf8_bytes/4)_cpu_estimate,1,0,semi_structured,json_array,insert_ignore,1,1,1,1
seed_000088,seed_000088,source_group_id,thrombosis_prediction,original_mp_fs_plus,Original MP-FS+,MP-FS+,deterministic_reprocess,primary_comparison_baseline,mp_fs_plus_shared,mp_fs_plus_shared,64d26f5a8d4e32849251e9d91b9f035807ac940493a63b64a958e19267e67ca9,15004,15004,3751,ceil(utf8_bytes/4)_cpu_estimate,1,0,semi_structured,json_array,insert_ignore,1,1,1,1
seed_000088,seed_000088,source_group_id,thrombosis_prediction,d_g1_primary,MP-FS+ vNext D_G1,MP-FS+,deterministic_reprocess,primary,mp_fs_plus_shared,mp_fs_plus_shared,64d26f5a8d4e32849251e9d91b9f035807ac940493a63b64a958e19267e67ca9,15004,15004,3751,ceil(utf8_bytes/4)_cpu_estimate,1,0,semi_structured,json_array,insert_ignore,1,1,1,1
seed_000088,seed_000088,source_group_id,thrombosis_prediction,d_only_secondary,MP-FS+ vNext D_ONLY,MP-FS+,deterministic_reprocess,secondary_ablation,mp_fs_plus_shared,mp_fs_plus_shared,64d26f5a8d4e32849251e9d91b9f035807ac940493a63b64a958e19267e67ca9,15004,15004,3751,ceil(utf8_bytes/4)_cpu_estimate,1,0,semi_structured,json_array,insert_ignore,1,1,1,1
seed_000088,seed_000088,source_group_id,thrombosis_prediction,full_secondary,MP-FS+ vNext FULL,MP-FS+,deterministic_reprocess,secondary_ablation,mp_fs_plus_shared,mp_fs_plus_shared,64d26f5a8d4e32849251e9d91b9f035807ac940493a63b64a958e19267e67ca9,15004,15004,3751,ceil(utf8_bytes/4)_cpu_estimate,1,0,semi_structured,json_array,insert_ignore,1,1,1,1
seed_000088,seed_000088,source_group_id,thrombosis_prediction,no_c_secondary,MP-FS+ vNext NO_C,MP-FS+,deterministic_reprocess,secondary_ablation,mp_fs_plus_shared,mp_fs_plus_shared,64d26f5a8d4e32849251e9d91b9f035807ac940493a63b64a958e19267e67ca9,15004,15004,3751,ceil(utf8_bytes/4)_cpu_estimate,1,0,semi_structured,json_array,insert_ignore,1,1,1,1
aug_seed_000351_relational_format_variant_001,seed_000351,source_group_id,toxicology,direct,Direct,D-FS-M,generation,baseline,direct,,14d216d5919f71e40bd048816b1b710d1333895ce4f548544a2aea7ada69d199,5727,5727,1432,ceil(utf8_bytes/4)_cpu_estimate,1,0,free_text,free_text,insert_ignore,1,1,1,1
aug_seed_000351_relational_format_variant_001,seed_000351,source_group_id,toxicology,j_fs,J-FS,J-FS-M,generation,baseline,j_fs,,5648dcf2621e03b44396ed41144fe5048c5f2f76dec5e8cfba61069139a3c311,5637,5637,1410,ceil(utf8_bytes/4)_cpu_estimate,1,0,free_text,free_text,insert_ignore,1,1,1,1
aug_seed_000351_relational_format_variant_001,seed_000351,source_group_id,toxicology,original_mp_fs_plus,Original MP-FS+,MP-FS+,deterministic_reprocess,primary_comparison_baseline,mp_fs_plus_shared,mp_fs_plus_shared,3c834321b73ae9739f1a72a8066a70edf8a2954946a06ec77bbd3287311fc424,30348,30348,7587,ceil(utf8_bytes/4)_cpu_estimate,1,0,free_text,free_text,insert_ignore,1,1,1,1
aug_seed_000351_relational_format_variant_001,seed_000351,source_group_id,toxicology,d_g1_primary,MP-FS+ vNext D_G1,MP-FS+,deterministic_reprocess,primary,mp_fs_plus_shared,mp_fs_plus_shared,3c834321b73ae9739f1a72a8066a70edf8a2954946a06ec77bbd3287311fc424,30348,30348,7587,ceil(utf8_bytes/4)_cpu_estimate,1,0,free_text,free_text,insert_ignore,1,1,1,1
aug_seed_000351_relational_format_variant_001,seed_000351,source_group_id,toxicology,d_only_secondary,MP-FS+ vNext D_ONLY,MP-FS+,deterministic_reprocess,secondary_ablation,mp_fs_plus_shared,mp_fs_plus_shared,3c834321b73ae9739f1a72a8066a70edf8a2954946a06ec77bbd3287311fc424,30348,30348,7587,ceil(utf8_bytes/4)_cpu_estimate,1,0,free_text,free_text,insert_ignore,1,1,1,1
aug_seed_000351_relational_format_variant_001,seed_000351,source_group_id,toxicology,full_secondary,MP-FS+ vNext FULL,MP-FS+,deterministic_reprocess,secondary_ablation,mp_fs_plus_shared,mp_fs_plus_shared,3c834321b73ae9739f1a72a8066a70edf8a2954946a06ec77bbd3287311fc424,30348,30348,7587,ceil(utf8_bytes/4)_cpu_estimate,1,0,free_text,free_text,insert_ignore,1,1,1,1
aug_seed_000351_relational_format_variant_001,seed_000351,source_group_id,toxicology,no_c_secondary,MP-FS+ vNext NO_C,MP-FS+,deterministic_reprocess,secondary_ablation,mp_fs_plus_shared,mp_fs_plus_shared,3c834321b73ae9739f1a72a8066a70edf8a2954946a06ec77bbd3287311fc424,30348,30348,7587,ceil(utf8_bytes/4)_cpu_estimate,1,0,free_text,free_text,insert_ignore,1,1,1,1
aug_seed_000013_small_batch_subset_001,seed_000013,source_group_id,european_football_2,direct,Direct,D-FS-M,generation,baseline,direct,,a77f98900bc36cd22e6eeb321f681efe8457f6dd05de50b5dedad179ad0b4d33,30972,30972,7743,ceil(utf8_bytes/4)_cpu_estimate,1,0,free_text,free_text,insert_ignore,0,1,1,1
aug_seed_000013_small_batch_subset_001,seed_000013,source_group_id,european_football_2,j_fs,J-FS,J-FS-M,generation,baseline,j_fs,,c10be5e4eb86bd6e6498afc7ba741b36a8d6795f09d48bf2f1ba932081d054b7,30882,30882,7721,ceil(utf8_bytes/4)_cpu_estimate,1,0,free_text,free_text,insert_ignore,0,1,1,1
aug_seed_000013_small_batch_subset_001,seed_000013,source_group_id,european_football_2,original_mp_fs_plus,Original MP-FS+,MP-FS+,deterministic_reprocess,primary_comparison_baseline,mp_fs_plus_shared,mp_fs_plus_shared,479e5650008ed93ecf01c92f4097463448764045409b4fc4cac83af9d97f1811,37195,37195,9299,ceil(utf8_bytes/4)_cpu_estimate,1,0,free_text,free_text,insert_ignore,0,1,1,1
aug_seed_000013_small_batch_subset_001,seed_000013,source_group_id,european_football_2,d_g1_primary,MP-FS+ vNext D_G1,MP-FS+,deterministic_reprocess,primary,mp_fs_plus_shared,mp_fs_plus_shared,479e5650008ed93ecf01c92f4097463448764045409b4fc4cac83af9d97f1811,37195,37195,9299,ceil(utf8_bytes/4)_cpu_estimate,1,0,free_text,free_text,insert_ignore,0,1,1,1
aug_seed_000013_small_batch_subset_001,seed_000013,source_group_id,european_football_2,d_only_secondary,MP-FS+ vNext D_ONLY,MP-FS+,deterministic_reprocess,secondary_ablation,mp_fs_plus_shared,mp_fs_plus_shared,479e5650008ed93ecf01c92f4097463448764045409b4fc4cac83af9d97f1811,37195,37195,9299,ceil(utf8_bytes/4)_cpu_estimate,1,0,free_text,free_text,insert_ignore,0,1,1,1
aug_seed_000013_small_batch_subset_001,seed_000013,source_group_id,european_football_2,full_secondary,MP-FS+ vNext FULL,MP-FS+,deterministic_reprocess,secondary_ablation,mp_fs_plus_shared,mp_fs_plus_shared,479e5650008ed93ecf01c92f4097463448764045409b4fc4cac83af9d97f1811,37195,37195,9299,ceil(utf8_bytes/4)_cpu_estimate,1,0,free_text,free_text,insert_ignore,0,1,1,1
aug_seed_000013_small_batch_subset_001,seed_000013,source_group_id,european_football_2,no_c_secondary,MP-FS+ vNext NO_C,MP-FS+,deterministic_reprocess,secondary_ablation,mp_fs_plus_shared,mp_fs_plus_shared,479e5650008ed93ecf01c92f4097463448764045409b4fc4cac83af9d97f1811,37195,37195,9299,ceil(utf8_bytes/4)_cpu_estimate,1,0,free_text,free_text,insert_ignore,0,1,1,1
seed_000335,seed_000335,source_group_id,debit_card_specializing,direct,Direct,D-FS-M,generation,baseline,direct,,d29d43d4fd8ef9c02da4d27fd3978f2b1be40da36ce62c7c2636ed4f0a1ef04a,7181,7181,1796,ceil(utf8_bytes/4)_cpu_estimate,1,0,semi_structured,key_value,insert_ignore,0,1,1,1
seed_000335,seed_000335,source_group_id,debit_card_specializing,j_fs,J-FS,J-FS-M,generation,baseline,j_fs,,e562ae01ab9b3a3e9dc169d5e2efb3125ffd12b716d05bc17c622e97b75d3b18,7112,7112,1778,ceil(utf8_bytes/4)_cpu_estimate,1,0,semi_structured,key_value,insert_ignore,0,1,1,1
seed_000335,seed_000335,source_group_id,debit_card_specializing,original_mp_fs_plus,Original MP-FS+,MP-FS+,deterministic_reprocess,primary_comparison_baseline,mp_fs_plus_shared,mp_fs_plus_shared,fb8229420d4594191e6eb6feddcfc2cbc0f144e527cd9fc619d02796a45a7e7e,7787,7787,1947,ceil(utf8_bytes/4)_cpu_estimate,1,0,semi_structured,key_value,insert_ignore,0,1,1,1
seed_000335,seed_000335,source_group_id,debit_card_specializing,d_g1_primary,MP-FS+ vNext D_G1,MP-FS+,deterministic_reprocess,primary,mp_fs_plus_shared,mp_fs_plus_shared,fb8229420d4594191e6eb6feddcfc2cbc0f144e527cd9fc619d02796a45a7e7e,7787,7787,1947,ceil(utf8_bytes/4)_cpu_estimate,1,0,semi_structured,key_value,insert_ignore,0,1,1,1
seed_000335,seed_000335,source_group_id,debit_card_specializing,d_only_secondary,MP-FS+ vNext D_ONLY,MP-FS+,deterministic_reprocess,secondary_ablation,mp_fs_plus_shared,mp_fs_plus_shared,fb8229420d4594191e6eb6feddcfc2cbc0f144e527cd9fc619d02796a45a7e7e,7787,7787,1947,ceil(utf8_bytes/4)_cpu_estimate,1,0,semi_structured,key_value,insert_ignore,0,1,1,1
seed_000335,seed_000335,source_group_id,debit_card_specializing,full_secondary,MP-FS+ vNext FULL,MP-FS+,deterministic_reprocess,secondary_ablation,mp_fs_plus_shared,mp_fs_plus_shared,fb8229420d4594191e6eb6feddcfc2cbc0f144e527cd9fc619d02796a45a7e7e,7787,7787,1947,ceil(utf8_bytes/4)_cpu_estimate,1,0,semi_structured,key_value,insert_ignore,0,1,1,1
seed_000335,seed_000335,source_group_id,debit_card_specializing,no_c_secondary,MP-FS+ vNext NO_C,MP-FS+,deterministic_reprocess,secondary_ablation,mp_fs_plus_shared,mp_fs_plus_shared,fb8229420d4594191e6eb6feddcfc2cbc0f144e527cd9fc619d02796a45a7e7e,7787,7787,1947,ceil(utf8_bytes/4)_cpu_estimate,1,0,semi_structured,key_value,insert_ignore,0,1,1,1
aug_seed_000080_single_row_subset_002,seed_000080,source_group_id,student_club,direct,Direct,D-FS-M,generation,baseline,direct,,7dfe01ecebe4be8f6b1bad142d2e32247c305b6bc1a9aa86e43a62dfea98d057,9413,9413,2354,ceil(utf8_bytes/4)_cpu_estimate,1,0,free_text,free_text,insert_ignore,0,1,1,1
aug_seed_000080_single_row_subset_002,seed_000080,source_group_id,student_club,j_fs,J-FS,J-FS-M,generation,baseline,j_fs,,002f8d441cbcb42733e5f712a44b6b32e728deaaa5cc752889fac07cb016db4b,9323,9323,2331,ceil(utf8_bytes/4)_cpu_estimate,1,0,free_text,free_text,insert_ignore,0,1,1,1
aug_seed_000080_single_row_subset_002,seed_000080,source_group_id,student_club,original_mp_fs_plus,Original MP-FS+,MP-FS+,deterministic_reprocess,primary_comparison_baseline,mp_fs_plus_shared,mp_fs_plus_shared,540725cd10c9a532b37e97645f2b73b6fb62410fc2b5d409b8807192fd4ad9f4,15817,15817,3955,ceil(utf8_bytes/4)_cpu_estimate,1,0,free_text,free_text,insert_ignore,0,1,1,1
aug_seed_000080_single_row_subset_002,seed_000080,source_group_id,student_club,d_g1_primary,MP-FS+ vNext D_G1,MP-FS+,deterministic_reprocess,primary,mp_fs_plus_shared,mp_fs_plus_shared,540725cd10c9a532b37e97645f2b73b6fb62410fc2b5d409b8807192fd4ad9f4,15817,15817,3955,ceil(utf8_bytes/4)_cpu_estimate,1,0,free_text,free_text,insert_ignore,0,1,1,1
aug_seed_000080_single_row_subset_002,seed_000080,source_group_id,student_club,d_only_secondary,MP-FS+ vNext D_ONLY,MP-FS+,deterministic_reprocess,secondary_ablation,mp_fs_plus_shared,mp_fs_plus_shared,540725cd10c9a532b37e97645f2b73b6fb62410fc2b5d409b8807192fd4ad9f4,15817,15817,3955,ceil(utf8_bytes/4)_cpu_estimate,1,0,free_text,free_text,insert_ignore,0,1,1,1
aug_seed_000080_single_row_subset_002,seed_000080,source_group_id,student_club,full_secondary,MP-FS+ vNext FULL,MP-FS+,deterministic_reprocess,secondary_ablation,mp_fs_plus_shared,mp_fs_plus_shared,540725cd10c9a532b37e97645f2b73b6fb62410fc2b5d409b8807192fd4ad9f4,15817,15817,3955,ceil(utf8_bytes/4)_cpu_estimate,1,0,free_text,free_text,insert_ignore,0,1,1,1
aug_seed_000080_single_row_subset_002,seed_000080,source_group_id,student_club,no_c_secondary,MP-FS+ vNext NO_C,MP-FS+,deterministic_reprocess,secondary_ablation,mp_fs_plus_shared,mp_fs_plus_shared,540725cd10c9a532b37e97645f2b73b6fb62410fc2b5d409b8807192fd4ad9f4,15817,15817,3955,ceil(utf8_bytes/4)_cpu_estimate,1,0,free_text,free_text,insert_ignore,0,1,1,1
aug_seed_000235_single_row_subset_001,seed_000235,source_group_id,financial,direct,Direct,D-FS-M,generation,baseline,direct,,2c5298b406b0b1a0b5b3eb2c06023fe577ee1869696ad5f344fa4cb9d3197614,9914,9914,2479,ceil(utf8_bytes/4)_cpu_estimate,1,0,free_text,free_text,insert_ignore,0,1,1,1
aug_seed_000235_single_row_subset_001,seed_000235,source_group_id,financial,j_fs,J-FS,J-FS-M,generation,baseline,j_fs,,9a4c6233d25a6bef0259af8db8bf6958d6dae25361b90fee7265f1a1518cbaf3,9824,9824,2456,ceil(utf8_bytes/4)_cpu_estimate,1,0,free_text,free_text,insert_ignore,0,1,1,1
aug_seed_000235_single_row_subset_001,seed_000235,source_group_id,financial,original_mp_fs_plus,Original MP-FS+,MP-FS+,deterministic_reprocess,primary_comparison_baseline,mp_fs_plus_shared,mp_fs_plus_shared,dd7413ffc64ac34d1cf4ce2d63051e2c24e347cea2ea15f665a9ec122fa54607,16018,16018,4005,ceil(utf8_bytes/4)_cpu_estimate,1,0,free_text,free_text,insert_ignore,0,1,1,1
aug_seed_000235_single_row_subset_001,seed_000235,source_group_id,financial,d_g1_primary,MP-FS+ vNext D_G1,MP-FS+,deterministic_reprocess,primary,mp_fs_plus_shared,mp_fs_plus_shared,dd7413ffc64ac34d1cf4ce2d63051e2c24e347cea2ea15f665a9ec122fa54607,16018,16018,4005,ceil(utf8_bytes/4)_cpu_estimate,1,0,free_text,free_text,insert_ignore,0,1,1,1
aug_seed_000235_single_row_subset_001,seed_000235,source_group_id,financial,d_only_secondary,MP-FS+ vNext D_ONLY,MP-FS+,deterministic_reprocess,secondary_ablation,mp_fs_plus_shared,mp_fs_plus_shared,dd7413ffc64ac34d1cf4ce2d63051e2c24e347cea2ea15f665a9ec122fa54607,16018,16018,4005,ceil(utf8_bytes/4)_cpu_estimate,1,0,free_text,free_text,insert_ignore,0,1,1,1
aug_seed_000235_single_row_subset_001,seed_000235,source_group_id,financial,full_secondary,MP-FS+ vNext FULL,MP-FS+,deterministic_reprocess,secondary_ablation,mp_fs_plus_shared,mp_fs_plus_shared,dd7413ffc64ac34d1cf4ce2d63051e2c24e347cea2ea15f665a9ec122fa54607,16018,16018,4005,ceil(utf8_bytes/4)_cpu_estimate,1,0,free_text,free_text,insert_ignore,0,1,1,1
aug_seed_000235_single_row_subset_001,seed_000235,source_group_id,financial,no_c_secondary,MP-FS+ vNext NO_C,MP-FS+,deterministic_reprocess,secondary_ablation,mp_fs_plus_shared,mp_fs_plus_shared,dd7413ffc64ac34d1cf4ce2d63051e2c24e347cea2ea15f665a9ec122fa54607,16018,16018,4005,ceil(utf8_bytes/4)_cpu_estimate,1,0,free_text,free_text,insert_ignore,0,1,1,1
aug_seed_000019_single_row_subset_002,seed_000019,source_group_id,financial,direct,Direct,D-FS-M,generation,baseline,direct,,35926244c445bd373b01b4580671fb140e3e19a68e88c026ed2572da354f71c7,9939,9939,2485,ceil(utf8_bytes/4)_cpu_estimate,1,0,free_text,free_text,insert_ignore,0,1,1,1
aug_seed_000019_single_row_subset_002,seed_000019,source_group_id,financial,j_fs,J-FS,J-FS-M,generation,baseline,j_fs,,daebbc5a206d5075f01bd2a19d4402af629dc20caaf098f31cdff39cbabe37a8,9849,9849,2463,ceil(utf8_bytes/4)_cpu_estimate,1,0,free_text,free_text,insert_ignore,0,1,1,1
aug_seed_000019_single_row_subset_002,seed_000019,source_group_id,financial,original_mp_fs_plus,Original MP-FS+,MP-FS+,deterministic_reprocess,primary_comparison_baseline,mp_fs_plus_shared,mp_fs_plus_shared,769c705c868cc6db0b640d75d066610c8fb689b6a9022e6da75010ec0f1b3b60,19507,19507,4877,ceil(utf8_bytes/4)_cpu_estimate,1,0,free_text,free_text,insert_ignore,0,1,1,1
aug_seed_000019_single_row_subset_002,seed_000019,source_group_id,financial,d_g1_primary,MP-FS+ vNext D_G1,MP-FS+,deterministic_reprocess,primary,mp_fs_plus_shared,mp_fs_plus_shared,769c705c868cc6db0b640d75d066610c8fb689b6a9022e6da75010ec0f1b3b60,19507,19507,4877,ceil(utf8_bytes/4)_cpu_estimate,1,0,free_text,free_text,insert_ignore,0,1,1,1
aug_seed_000019_single_row_subset_002,seed_000019,source_group_id,financial,d_only_secondary,MP-FS+ vNext D_ONLY,MP-FS+,deterministic_reprocess,secondary_ablation,mp_fs_plus_shared,mp_fs_plus_shared,769c705c868cc6db0b640d75d066610c8fb689b6a9022e6da75010ec0f1b3b60,19507,19507,4877,ceil(utf8_bytes/4)_cpu_estimate,1,0,free_text,free_text,insert_ignore,0,1,1,1
aug_seed_000019_single_row_subset_002,seed_000019,source_group_id,financial,full_secondary,MP-FS+ vNext FULL,MP-FS+,deterministic_reprocess,secondary_ablation,mp_fs_plus_shared,mp_fs_plus_shared,769c705c868cc6db0b640d75d066610c8fb689b6a9022e6da75010ec0f1b3b60,19507,19507,4877,ceil(utf8_bytes/4)_cpu_estimate,1,0,free_text,free_text,insert_ignore,0,1,1,1
aug_seed_000019_single_row_subset_002,seed_000019,source_group_id,financial,no_c_secondary,MP-FS+ vNext NO_C,MP-FS+,deterministic_reprocess,secondary_ablation,mp_fs_plus_shared,mp_fs_plus_shared,769c705c868cc6db0b640d75d066610c8fb689b6a9022e6da75010ec0f1b3b60,19507,19507,4877,ceil(utf8_bytes/4)_cpu_estimate,1,0,free_text,free_text,insert_ignore,0,1,1,1
seed_000174,seed_000174,source_group_id,california_schools,direct,Direct,D-FS-M,generation,baseline,direct,,381182e1f079574164f2819ee0436f64a53e0acb200e5d65717c75733cb9b3ff,17636,17636,4409,ceil(utf8_bytes/4)_cpu_estimate,1,0,semi_structured,key_value,upsert_update,0,1,1,1
seed_000174,seed_000174,source_group_id,california_schools,j_fs,J-FS,J-FS-M,generation,baseline,j_fs,,d1fbc0bdd9d52ae1ddd9c099544134932f586a1c58ae3783b2bf115fb0c98e3e,17567,17567,4392,ceil(utf8_bytes/4)_cpu_estimate,1,0,semi_structured,key_value,upsert_update,0,1,1,1
seed_000174,seed_000174,source_group_id,california_schools,original_mp_fs_plus,Original MP-FS+,MP-FS+,deterministic_reprocess,primary_comparison_baseline,mp_fs_plus_shared,mp_fs_plus_shared,aab1cf926fd553f419bc062cc88e09a102d61d9bff8b93fede999f7474bc2134,14115,14115,3529,ceil(utf8_bytes/4)_cpu_estimate,1,0,semi_structured,key_value,upsert_update,0,1,1,1
seed_000174,seed_000174,source_group_id,california_schools,d_g1_primary,MP-FS+ vNext D_G1,MP-FS+,deterministic_reprocess,primary,mp_fs_plus_shared,mp_fs_plus_shared,aab1cf926fd553f419bc062cc88e09a102d61d9bff8b93fede999f7474bc2134,14115,14115,3529,ceil(utf8_bytes/4)_cpu_estimate,1,0,semi_structured,key_value,upsert_update,0,1,1,1
seed_000174,seed_000174,source_group_id,california_schools,d_only_secondary,MP-FS+ vNext D_ONLY,MP-FS+,deterministic_reprocess,secondary_ablation,mp_fs_plus_shared,mp_fs_plus_shared,aab1cf926fd553f419bc062cc88e09a102d61d9bff8b93fede999f7474bc2134,14115,14115,3529,ceil(utf8_bytes/4)_cpu_estimate,1,0,semi_structured,key_value,upsert_update,0,1,1,1
seed_000174,seed_000174,source_group_id,california_schools,full_secondary,MP-FS+ vNext FULL,MP-FS+,deterministic_reprocess,secondary_ablation,mp_fs_plus_shared,mp_fs_plus_shared,aab1cf926fd553f419bc062cc88e09a102d61d9bff8b93fede999f7474bc2134,14115,14115,3529,ceil(utf8_bytes/4)_cpu_estimate,1,0,semi_structured,key_value,upsert_update,0,1,1,1
seed_000174,seed_000174,source_group_id,california_schools,no_c_secondary,MP-FS+ vNext NO_C,MP-FS+,deterministic_reprocess,secondary_ablation,mp_fs_plus_shared,mp_fs_plus_shared,aab1cf926fd553f419bc062cc88e09a102d61d9bff8b93fede999f7474bc2134,14115,14115,3529,ceil(utf8_bytes/4)_cpu_estimate,1,0,semi_structured,key_value,upsert_update,0,1,1,1
aug_seed_000280_single_row_subset_001,seed_000280,source_group_id,european_football_2,direct,Direct,D-FS-M,generation,baseline,direct,,7180797df73a8b82ab050e194687f7714f9ac67b6170272097b4f49d842de214,32205,32205,8052,ceil(utf8_bytes/4)_cpu_estimate,1,0,semi_structured,json_array,insert_ignore,0,1,1,1
aug_seed_000280_single_row_subset_001,seed_000280,source_group_id,european_football_2,j_fs,J-FS,J-FS-M,generation,baseline,j_fs,,26e8d047b7b3381dc379dfb9bedcb7ffea649eb2c94b9ab6f088d3ff38a24dd5,32136,32136,8034,ceil(utf8_bytes/4)_cpu_estimate,1,0,semi_structured,json_array,insert_ignore,0,1,1,1
aug_seed_000280_single_row_subset_001,seed_000280,source_group_id,european_football_2,original_mp_fs_plus,Original MP-FS+,MP-FS+,deterministic_reprocess,primary_comparison_baseline,mp_fs_plus_shared,mp_fs_plus_shared,b2e72a1ab1fe7da626b9475a5d070ae9ba1d3e56bd668459f102df62d1a4fc5a,7562,7562,1891,ceil(utf8_bytes/4)_cpu_estimate,1,0,semi_structured,json_array,insert_ignore,0,1,1,1
aug_seed_000280_single_row_subset_001,seed_000280,source_group_id,european_football_2,d_g1_primary,MP-FS+ vNext D_G1,MP-FS+,deterministic_reprocess,primary,mp_fs_plus_shared,mp_fs_plus_shared,b2e72a1ab1fe7da626b9475a5d070ae9ba1d3e56bd668459f102df62d1a4fc5a,7562,7562,1891,ceil(utf8_bytes/4)_cpu_estimate,1,0,semi_structured,json_array,insert_ignore,0,1,1,1
aug_seed_000280_single_row_subset_001,seed_000280,source_group_id,european_football_2,d_only_secondary,MP-FS+ vNext D_ONLY,MP-FS+,deterministic_reprocess,secondary_ablation,mp_fs_plus_shared,mp_fs_plus_shared,b2e72a1ab1fe7da626b9475a5d070ae9ba1d3e56bd668459f102df62d1a4fc5a,7562,7562,1891,ceil(utf8_bytes/4)_cpu_estimate,1,0,semi_structured,json_array,insert_ignore,0,1,1,1
aug_seed_000280_single_row_subset_001,seed_000280,source_group_id,european_football_2,full_secondary,MP-FS+ vNext FULL,MP-FS+,deterministic_reprocess,secondary_ablation,mp_fs_plus_shared,mp_fs_plus_shared,b2e72a1ab1fe7da626b9475a5d070ae9ba1d3e56bd668459f102df62d1a4fc5a,7562,7562,1891,ceil(utf8_bytes/4)_cpu_estimate,1,0,semi_structured,json_array,insert_ignore,0,1,1,1
aug_seed_000280_single_row_subset_001,seed_000280,source_group_id,european_football_2,no_c_secondary,MP-FS+ vNext NO_C,MP-FS+,deterministic_reprocess,secondary_ablation,mp_fs_plus_shared,mp_fs_plus_shared,b2e72a1ab1fe7da626b9475a5d070ae9ba1d3e56bd668459f102df62d1a4fc5a,7562,7562,1891,ceil(utf8_bytes/4)_cpu_estimate,1,0,semi_structured,json_array,insert_ignore,0,1,1,1
seed_000067,seed_000067,source_group_id,formula_1,direct,Direct,D-FS-M,generation,baseline,direct,,d497d7227db406281db6bbeb4cdd442300ddf31d43f0ea16279bdcc236fcc70f,17748,17748,4437,ceil(utf8_bytes/4)_cpu_estimate,1,0,free_text,free_text,insert_ignore,0,1,1,1
seed_000067,seed_000067,source_group_id,formula_1,j_fs,J-FS,J-FS-M,generation,baseline,j_fs,,964921f7b7108c7331bf8b3bee5e139ea92bdc7bcb097b4d83fb8ec94cd1b181,17658,17658,4415,ceil(utf8_bytes/4)_cpu_estimate,1,0,free_text,free_text,insert_ignore,0,1,1,1
seed_000067,seed_000067,source_group_id,formula_1,original_mp_fs_plus,Original MP-FS+,MP-FS+,deterministic_reprocess,primary_comparison_baseline,mp_fs_plus_shared,mp_fs_plus_shared,10192e36c8deaf2b5378099e60620d3a1614047df4ffa86362a6866ee9a4aaee,28330,28330,7083,ceil(utf8_bytes/4)_cpu_estimate,1,0,free_text,free_text,insert_ignore,0,1,1,1
seed_000067,seed_000067,source_group_id,formula_1,d_g1_primary,MP-FS+ vNext D_G1,MP-FS+,deterministic_reprocess,primary,mp_fs_plus_shared,mp_fs_plus_shared,10192e36c8deaf2b5378099e60620d3a1614047df4ffa86362a6866ee9a4aaee,28330,28330,7083,ceil(utf8_bytes/4)_cpu_estimate,1,0,free_text,free_text,insert_ignore,0,1,1,1
seed_000067,seed_000067,source_group_id,formula_1,d_only_secondary,MP-FS+ vNext D_ONLY,MP-FS+,deterministic_reprocess,secondary_ablation,mp_fs_plus_shared,mp_fs_plus_shared,10192e36c8deaf2b5378099e60620d3a1614047df4ffa86362a6866ee9a4aaee,28330,28330,7083,ceil(utf8_bytes/4)_cpu_estimate,1,0,free_text,free_text,insert_ignore,0,1,1,1
seed_000067,seed_000067,source_group_id,formula_1,full_secondary,MP-FS+ vNext FULL,MP-FS+,deterministic_reprocess,secondary_ablation,mp_fs_plus_shared,mp_fs_plus_shared,10192e36c8deaf2b5378099e60620d3a1614047df4ffa86362a6866ee9a4aaee,28330,28330,7083,ceil(utf8_bytes/4)_cpu_estimate,1,0,free_text,free_text,insert_ignore,0,1,1,1
seed_000067,seed_000067,source_group_id,formula_1,no_c_secondary,MP-FS+ vNext NO_C,MP-FS+,deterministic_reprocess,secondary_ablation,mp_fs_plus_shared,mp_fs_plus_shared,10192e36c8deaf2b5378099e60620d3a1614047df4ffa86362a6866ee9a4aaee,28330,28330,7083,ceil(utf8_bytes/4)_cpu_estimate,1,0,free_text,free_text,insert_ignore,0,1,1,1
aug_seed_000171_small_batch_subset_001,seed_000171,source_group_id,financial,direct,Direct,D-FS-M,generation,baseline,direct,,0abad0537b2ba7388aadc69688dac803752885204e3863716d7f1ec09ff3bae0,9981,9981,2496,ceil(utf8_bytes/4)_cpu_estimate,1,0,free_text,free_text,insert_ignore,0,1,1,1
aug_seed_000171_small_batch_subset_001,seed_000171,source_group_id,financial,j_fs,J-FS,J-FS-M,generation,baseline,j_fs,,45a4310cf2c6e908e73fd9561a7715afe6675e85af393963ffd35b44808f59b6,9891,9891,2473,ceil(utf8_bytes/4)_cpu_estimate,1,0,free_text,free_text,insert_ignore,0,1,1,1
aug_seed_000171_small_batch_subset_001,seed_000171,source_group_id,financial,original_mp_fs_plus,Original MP-FS+,MP-FS+,deterministic_reprocess,primary_comparison_baseline,mp_fs_plus_shared,mp_fs_plus_shared,70afc91b206297d751d066ae9984c0148bd317fd52a33559210936e5442c6394,16837,16837,4210,ceil(utf8_bytes/4)_cpu_estimate,1,0,free_text,free_text,insert_ignore,0,1,1,1
aug_seed_000171_small_batch_subset_001,seed_000171,source_group_id,financial,d_g1_primary,MP-FS+ vNext D_G1,MP-FS+,deterministic_reprocess,primary,mp_fs_plus_shared,mp_fs_plus_shared,70afc91b206297d751d066ae9984c0148bd317fd52a33559210936e5442c6394,16837,16837,4210,ceil(utf8_bytes/4)_cpu_estimate,1,0,free_text,free_text,insert_ignore,0,1,1,1
aug_seed_000171_small_batch_subset_001,seed_000171,source_group_id,financial,d_only_secondary,MP-FS+ vNext D_ONLY,MP-FS+,deterministic_reprocess,secondary_ablation,mp_fs_plus_shared,mp_fs_plus_shared,70afc91b206297d751d066ae9984c0148bd317fd52a33559210936e5442c6394,16837,16837,4210,ceil(utf8_bytes/4)_cpu_estimate,1,0,free_text,free_text,insert_ignore,0,1,1,1
aug_seed_000171_small_batch_subset_001,seed_000171,source_group_id,financial,full_secondary,MP-FS+ vNext FULL,MP-FS+,deterministic_reprocess,secondary_ablation,mp_fs_plus_shared,mp_fs_plus_shared,70afc91b206297d751d066ae9984c0148bd317fd52a33559210936e5442c6394,16837,16837,4210,ceil(utf8_bytes/4)_cpu_estimate,1,0,free_text,free_text,insert_ignore,0,1,1,1
aug_seed_000171_small_batch_subset_001,seed_000171,source_group_id,financial,no_c_secondary,MP-FS+ vNext NO_C,MP-FS+,deterministic_reprocess,secondary_ablation,mp_fs_plus_shared,mp_fs_plus_shared,70afc91b206297d751d066ae9984c0148bd317fd52a33559210936e5442c6394,16837,16837,4210,ceil(utf8_bytes/4)_cpu_estimate,1,0,free_text,free_text,insert_ignore,0,1,1,1
seed_000051,seed_000051,source_group_id,financial,direct,Direct,D-FS-M,generation,baseline,direct,,b10759602a1aa81db263be726048cf1cc2cc10acaff750e312c9e537f8b2eea2,11596,11596,2899,ceil(utf8_bytes/4)_cpu_estimate,1,0,semi_structured,json_array,insert_ignore,0,1,1,1
seed_000051,seed_000051,source_group_id,financial,j_fs,J-FS,J-FS-M,generation,baseline,j_fs,,7a7c0f32bc8bf3ebb42fbf4fff89f9837825cc70d796ddb6f7c8dc3eba1560ae,11527,11527,2882,ceil(utf8_bytes/4)_cpu_estimate,1,0,semi_structured,json_array,insert_ignore,0,1,1,1
seed_000051,seed_000051,source_group_id,financial,original_mp_fs_plus,Original MP-FS+,MP-FS+,deterministic_reprocess,primary_comparison_baseline,mp_fs_plus_shared,mp_fs_plus_shared,6fe232e5757374239c273ed1ad81f73c5c70b578cb5b1e8b47022fa1130fdf85,8396,8396,2099,ceil(utf8_bytes/4)_cpu_estimate,1,0,semi_structured,json_array,insert_ignore,0,1,1,1
seed_000051,seed_000051,source_group_id,financial,d_g1_primary,MP-FS+ vNext D_G1,MP-FS+,deterministic_reprocess,primary,mp_fs_plus_shared,mp_fs_plus_shared,6fe232e5757374239c273ed1ad81f73c5c70b578cb5b1e8b47022fa1130fdf85,8396,8396,2099,ceil(utf8_bytes/4)_cpu_estimate,1,0,semi_structured,json_array,insert_ignore,0,1,1,1
seed_000051,seed_000051,source_group_id,financial,d_only_secondary,MP-FS+ vNext D_ONLY,MP-FS+,deterministic_reprocess,secondary_ablation,mp_fs_plus_shared,mp_fs_plus_shared,6fe232e5757374239c273ed1ad81f73c5c70b578cb5b1e8b47022fa1130fdf85,8396,8396,2099,ceil(utf8_bytes/4)_cpu_estimate,1,0,semi_structured,json_array,insert_ignore,0,1,1,1
seed_000051,seed_000051,source_group_id,financial,full_secondary,MP-FS+ vNext FULL,MP-FS+,deterministic_reprocess,secondary_ablation,mp_fs_plus_shared,mp_fs_plus_shared,6fe232e5757374239c273ed1ad81f73c5c70b578cb5b1e8b47022fa1130fdf85,8396,8396,2099,ceil(utf8_bytes/4)_cpu_estimate,1,0,semi_structured,json_array,insert_ignore,0,1,1,1
seed_000051,seed_000051,source_group_id,financial,no_c_secondary,MP-FS+ vNext NO_C,MP-FS+,deterministic_reprocess,secondary_ablation,mp_fs_plus_shared,mp_fs_plus_shared,6fe232e5757374239c273ed1ad81f73c5c70b578cb5b1e8b47022fa1130fdf85,8396,8396,2099,ceil(utf8_bytes/4)_cpu_estimate,1,0,semi_structured,json_array,insert_ignore,0,1,1,1
seed_000040,seed_000040,source_group_id,codebase_community,direct,Direct,D-FS-M,generation,baseline,direct,,d3952447537a0fc07a9e3fc00685fb051c564057553b2ef35a1071718f4d312e,12264,12264,3066,ceil(utf8_bytes/4)_cpu_estimate,1,0,free_text,free_text,plain_insert,0,1,1,1
seed_000040,seed_000040,source_group_id,codebase_community,j_fs,J-FS,J-FS-M,generation,baseline,j_fs,,525d80aee048ad268222b0ec7877f7f52fd7665cb151962d698beea37a2b31c8,12174,12174,3044,ceil(utf8_bytes/4)_cpu_estimate,1,0,free_text,free_text,plain_insert,0,1,1,1
seed_000040,seed_000040,source_group_id,codebase_community,original_mp_fs_plus,Original MP-FS+,MP-FS+,deterministic_reprocess,primary_comparison_baseline,mp_fs_plus_shared,mp_fs_plus_shared,18c8284b78782d0c29507ed68be3dc52101d2094b744da2d0c873b6dc7cfea3f,16228,16228,4057,ceil(utf8_bytes/4)_cpu_estimate,1,0,free_text,free_text,plain_insert,0,1,1,1
seed_000040,seed_000040,source_group_id,codebase_community,d_g1_primary,MP-FS+ vNext D_G1,MP-FS+,deterministic_reprocess,primary,mp_fs_plus_shared,mp_fs_plus_shared,18c8284b78782d0c29507ed68be3dc52101d2094b744da2d0c873b6dc7cfea3f,16228,16228,4057,ceil(utf8_bytes/4)_cpu_estimate,1,0,free_text,free_text,plain_insert,0,1,1,1
seed_000040,seed_000040,source_group_id,codebase_community,d_only_secondary,MP-FS+ vNext D_ONLY,MP-FS+,deterministic_reprocess,secondary_ablation,mp_fs_plus_shared,mp_fs_plus_shared,18c8284b78782d0c29507ed68be3dc52101d2094b744da2d0c873b6dc7cfea3f,16228,16228,4057,ceil(utf8_bytes/4)_cpu_estimate,1,0,free_text,free_text,plain_insert,0,1,1,1
seed_000040,seed_000040,source_group_id,codebase_community,full_secondary,MP-FS+ vNext FULL,MP-FS+,deterministic_reprocess,secondary_ablation,mp_fs_plus_shared,mp_fs_plus_shared,18c8284b78782d0c29507ed68be3dc52101d2094b744da2d0c873b6dc7cfea3f,16228,16228,4057,ceil(utf8_bytes/4)_cpu_estimate,1,0,free_text,free_text,plain_insert,0,1,1,1
seed_000040,seed_000040,source_group_id,codebase_community,no_c_secondary,MP-FS+ vNext NO_C,MP-FS+,deterministic_reprocess,secondary_ablation,mp_fs_plus_shared,mp_fs_plus_shared,18c8284b78782d0c29507ed68be3dc52101d2094b744da2d0c873b6dc7cfea3f,16228,16228,4057,ceil(utf8_bytes/4)_cpu_estimate,1,0,free_text,free_text,plain_insert,0,1,1,1
aug_seed_000035_relational_format_variant_002,seed_000035,source_group_id,california_schools,direct,Direct,D-FS-M,generation,baseline,direct,,026c40695515f0bd384379d2c205ce0e8272458b4055ec3211af9b0761772911,15882,15882,3971,ceil(utf8_bytes/4)_cpu_estimate,1,0,semi_structured,multi_table,plain_insert,1,1,1,1
aug_seed_000035_relational_format_variant_002,seed_000035,source_group_id,california_schools,j_fs,J-FS,J-FS-M,generation,baseline,j_fs,,94d7a7d518a0da147d83e636f950845d63c2073fa8089fdfe5e1e3f8567c8ca6,15813,15813,3954,ceil(utf8_bytes/4)_cpu_estimate,1,0,semi_structured,multi_table,plain_insert,1,1,1,1
aug_seed_000035_relational_format_variant_002,seed_000035,source_group_id,california_schools,original_mp_fs_plus,Original MP-FS+,MP-FS+,deterministic_reprocess,primary_comparison_baseline,mp_fs_plus_shared,mp_fs_plus_shared,94d0cb9165c3a97a6972ce060c0db55837221963a8e845ae467db9e2b6b0be43,25942,25942,6486,ceil(utf8_bytes/4)_cpu_estimate,1,0,semi_structured,multi_table,plain_insert,1,1,1,1
aug_seed_000035_relational_format_variant_002,seed_000035,source_group_id,california_schools,d_g1_primary,MP-FS+ vNext D_G1,MP-FS+,deterministic_reprocess,primary,mp_fs_plus_shared,mp_fs_plus_shared,94d0cb9165c3a97a6972ce060c0db55837221963a8e845ae467db9e2b6b0be43,25942,25942,6486,ceil(utf8_bytes/4)_cpu_estimate,1,0,semi_structured,multi_table,plain_insert,1,1,1,1
aug_seed_000035_relational_format_variant_002,seed_000035,source_group_id,california_schools,d_only_secondary,MP-FS+ vNext D_ONLY,MP-FS+,deterministic_reprocess,secondary_ablation,mp_fs_plus_shared,mp_fs_plus_shared,94d0cb9165c3a97a6972ce060c0db55837221963a8e845ae467db9e2b6b0be43,25942,25942,6486,ceil(utf8_bytes/4)_cpu_estimate,1,0,semi_structured,multi_table,plain_insert,1,1,1,1
aug_seed_000035_relational_format_variant_002,seed_000035,source_group_id,california_schools,full_secondary,MP-FS+ vNext FULL,MP-FS+,deterministic_reprocess,secondary_ablation,mp_fs_plus_shared,mp_fs_plus_shared,94d0cb9165c3a97a6972ce060c0db55837221963a8e845ae467db9e2b6b0be43,25942,25942,6486,ceil(utf8_bytes/4)_cpu_estimate,1,0,semi_structured,multi_table,plain_insert,1,1,1,1
aug_seed_000035_relational_format_variant_002,seed_000035,source_group_id,california_schools,no_c_secondary,MP-FS+ vNext NO_C,MP-FS+,deterministic_reprocess,secondary_ablation,mp_fs_plus_shared,mp_fs_plus_shared,94d0cb9165c3a97a6972ce060c0db55837221963a8e845ae467db9e2b6b0be43,25942,25942,6486,ceil(utf8_bytes/4)_cpu_estimate,1,0,semi_structured,multi_table,plain_insert,1,1,1,1
aug_seed_000148_small_batch_subset_001,seed_000148,source_group_id,codebase_community,direct,Direct,D-FS-M,generation,baseline,direct,,15ffb4e43e3f02647b4ea90c3be565bcae3c28e2051040de6640713bd6dce5c5,12337,12337,3085,ceil(utf8_bytes/4)_cpu_estimate,1,0,free_text,free_text,insert_ignore,0,1,1,1
aug_seed_000148_small_batch_subset_001,seed_000148,source_group_id,codebase_community,j_fs,J-FS,J-FS-M,generation,baseline,j_fs,,0f880a51191c392938b91602fede1b4075f90504dd5f0e36945c49ab8c35c68b,12247,12247,3062,ceil(utf8_bytes/4)_cpu_estimate,1,0,free_text,free_text,insert_ignore,0,1,1,1
aug_seed_000148_small_batch_subset_001,seed_000148,source_group_id,codebase_community,original_mp_fs_plus,Original MP-FS+,MP-FS+,deterministic_reprocess,primary_comparison_baseline,mp_fs_plus_shared,mp_fs_plus_shared,0cce9194c4203ac375a3f2f010b4dff5b8fddfe9e0919f89a91674a46e820cb2,17764,17764,4441,ceil(utf8_bytes/4)_cpu_estimate,1,0,free_text,free_text,insert_ignore,0,1,1,1
aug_seed_000148_small_batch_subset_001,seed_000148,source_group_id,codebase_community,d_g1_primary,MP-FS+ vNext D_G1,MP-FS+,deterministic_reprocess,primary,mp_fs_plus_shared,mp_fs_plus_shared,0cce9194c4203ac375a3f2f010b4dff5b8fddfe9e0919f89a91674a46e820cb2,17764,17764,4441,ceil(utf8_bytes/4)_cpu_estimate,1,0,free_text,free_text,insert_ignore,0,1,1,1
aug_seed_000148_small_batch_subset_001,seed_000148,source_group_id,codebase_community,d_only_secondary,MP-FS+ vNext D_ONLY,MP-FS+,deterministic_reprocess,secondary_ablation,mp_fs_plus_shared,mp_fs_plus_shared,0cce9194c4203ac375a3f2f010b4dff5b8fddfe9e0919f89a91674a46e820cb2,17764,17764,4441,ceil(utf8_bytes/4)_cpu_estimate,1,0,free_text,free_text,insert_ignore,0,1,1,1
aug_seed_000148_small_batch_subset_001,seed_000148,source_group_id,codebase_community,full_secondary,MP-FS+ vNext FULL,MP-FS+,deterministic_reprocess,secondary_ablation,mp_fs_plus_shared,mp_fs_plus_shared,0cce9194c4203ac375a3f2f010b4dff5b8fddfe9e0919f89a91674a46e820cb2,17764,17764,4441,ceil(utf8_bytes/4)_cpu_estimate,1,0,free_text,free_text,insert_ignore,0,1,1,1
aug_seed_000148_small_batch_subset_001,seed_000148,source_group_id,codebase_community,no_c_secondary,MP-FS+ vNext NO_C,MP-FS+,deterministic_reprocess,secondary_ablation,mp_fs_plus_shared,mp_fs_plus_shared,0cce9194c4203ac375a3f2f010b4dff5b8fddfe9e0919f89a91674a46e820cb2,17764,17764,4441,ceil(utf8_bytes/4)_cpu_estimate,1,0,free_text,free_text,insert_ignore,0,1,1,1
aug_seed_000303_small_batch_subset_001,seed_000303,source_group_id,thrombosis_prediction,direct,Direct,D-FS-M,generation,baseline,direct,,3234c03c5dc8249a0aac8274d27ebc3bcd83ed6feb1de503938d0766586465c4,10777,10777,2695,ceil(utf8_bytes/4)_cpu_estimate,1,0,semi_structured,markdown_table,insert_ignore,0,1,1,1
aug_seed_000303_small_batch_subset_001,seed_000303,source_group_id,thrombosis_prediction,j_fs,J-FS,J-FS-M,generation,baseline,j_fs,,0cca393f39d0b142c394b30fbbc220a4e5f07e058496e3b3cf9f5eb8d18dbf64,10708,10708,2677,ceil(utf8_bytes/4)_cpu_estimate,1,0,semi_structured,markdown_table,insert_ignore,0,1,1,1
aug_seed_000303_small_batch_subset_001,seed_000303,source_group_id,thrombosis_prediction,original_mp_fs_plus,Original MP-FS+,MP-FS+,deterministic_reprocess,primary_comparison_baseline,mp_fs_plus_shared,mp_fs_plus_shared,04a13cf1fd91ae8f287154f2ba83d26e2d8423d4380871a7fbd6433c50871ce0,7162,7162,1791,ceil(utf8_bytes/4)_cpu_estimate,1,0,semi_structured,markdown_table,insert_ignore,0,1,1,1
aug_seed_000303_small_batch_subset_001,seed_000303,source_group_id,thrombosis_prediction,d_g1_primary,MP-FS+ vNext D_G1,MP-FS+,deterministic_reprocess,primary,mp_fs_plus_shared,mp_fs_plus_shared,04a13cf1fd91ae8f287154f2ba83d26e2d8423d4380871a7fbd6433c50871ce0,7162,7162,1791,ceil(utf8_bytes/4)_cpu_estimate,1,0,semi_structured,markdown_table,insert_ignore,0,1,1,1
aug_seed_000303_small_batch_subset_001,seed_000303,source_group_id,thrombosis_prediction,d_only_secondary,MP-FS+ vNext D_ONLY,MP-FS+,deterministic_reprocess,secondary_ablation,mp_fs_plus_shared,mp_fs_plus_shared,04a13cf1fd91ae8f287154f2ba83d26e2d8423d4380871a7fbd6433c50871ce0,7162,7162,1791,ceil(utf8_bytes/4)_cpu_estimate,1,0,semi_structured,markdown_table,insert_ignore,0,1,1,1
aug_seed_000303_small_batch_subset_001,seed_000303,source_group_id,thrombosis_prediction,full_secondary,MP-FS+ vNext FULL,MP-FS+,deterministic_reprocess,secondary_ablation,mp_fs_plus_shared,mp_fs_plus_shared,04a13cf1fd91ae8f287154f2ba83d26e2d8423d4380871a7fbd6433c50871ce0,7162,7162,1791,ceil(utf8_bytes/4)_cpu_estimate,1,0,semi_structured,markdown_table,insert_ignore,0,1,1,1
aug_seed_000303_small_batch_subset_001,seed_000303,source_group_id,thrombosis_prediction,no_c_secondary,MP-FS+ vNext NO_C,MP-FS+,deterministic_reprocess,secondary_ablation,mp_fs_plus_shared,mp_fs_plus_shared,04a13cf1fd91ae8f287154f2ba83d26e2d8423d4380871a7fbd6433c50871ce0,7162,7162,1791,ceil(utf8_bytes/4)_cpu_estimate,1,0,semi_structured,markdown_table,insert_ignore,0,1,1,1
aug_seed_000119_single_row_subset_001,seed_000119,source_group_id,superhero,direct,Direct,D-FS-M,generation,baseline,direct,,a2b81b8d7e66148486a2c17572d8e1e163cc75ab36db3b529c2ed1c05436b41d,7668,7668,1917,ceil(utf8_bytes/4)_cpu_estimate,1,0,free_text,free_text,insert_ignore,0,1,1,1
aug_seed_000119_single_row_subset_001,seed_000119,source_group_id,superhero,j_fs,J-FS,J-FS-M,generation,baseline,j_fs,,cdb050e4473fe155edadaf8ef0440df622a623c58a620fd06c8386574646a837,7578,7578,1895,ceil(utf8_bytes/4)_cpu_estimate,1,0,free_text,free_text,insert_ignore,0,1,1,1
aug_seed_000119_single_row_subset_001,seed_000119,source_group_id,superhero,original_mp_fs_plus,Original MP-FS+,MP-FS+,deterministic_reprocess,primary_comparison_baseline,mp_fs_plus_shared,mp_fs_plus_shared,115b2b8342d6941f910e3d97632217839beb9552632abb03f8044b0eadf93480,13052,13052,3263,ceil(utf8_bytes/4)_cpu_estimate,1,0,free_text,free_text,insert_ignore,0,1,1,1
aug_seed_000119_single_row_subset_001,seed_000119,source_group_id,superhero,d_g1_primary,MP-FS+ vNext D_G1,MP-FS+,deterministic_reprocess,primary,mp_fs_plus_shared,mp_fs_plus_shared,115b2b8342d6941f910e3d97632217839beb9552632abb03f8044b0eadf93480,13052,13052,3263,ceil(utf8_bytes/4)_cpu_estimate,1,0,free_text,free_text,insert_ignore,0,1,1,1
aug_seed_000119_single_row_subset_001,seed_000119,source_group_id,superhero,d_only_secondary,MP-FS+ vNext D_ONLY,MP-FS+,deterministic_reprocess,secondary_ablation,mp_fs_plus_shared,mp_fs_plus_shared,115b2b8342d6941f910e3d97632217839beb9552632abb03f8044b0eadf93480,13052,13052,3263,ceil(utf8_bytes/4)_cpu_estimate,1,0,free_text,free_text,insert_ignore,0,1,1,1
aug_seed_000119_single_row_subset_001,seed_000119,source_group_id,superhero,full_secondary,MP-FS+ vNext FULL,MP-FS+,deterministic_reprocess,secondary_ablation,mp_fs_plus_shared,mp_fs_plus_shared,115b2b8342d6941f910e3d97632217839beb9552632abb03f8044b0eadf93480,13052,13052,3263,ceil(utf8_bytes/4)_cpu_estimate,1,0,free_text,free_text,insert_ignore,0,1,1,1
aug_seed_000119_single_row_subset_001,seed_000119,source_group_id,superhero,no_c_secondary,MP-FS+ vNext NO_C,MP-FS+,deterministic_reprocess,secondary_ablation,mp_fs_plus_shared,mp_fs_plus_shared,115b2b8342d6941f910e3d97632217839beb9552632abb03f8044b0eadf93480,13052,13052,3263,ceil(utf8_bytes/4)_cpu_estimate,1,0,free_text,free_text,insert_ignore,0,1,1,1
seed_000193,seed_000193,source_group_id,california_schools,direct,Direct,D-FS-M,generation,baseline,direct,,ac31866c14d30c65a9dddc1db59f1873ed6b8a0abe86f42c80d86d141e21af70,15803,15803,3951,ceil(utf8_bytes/4)_cpu_estimate,1,0,semi_structured,json_array,upsert_update,0,1,1,1
seed_000193,seed_000193,source_group_id,california_schools,j_fs,J-FS,J-FS-M,generation,baseline,j_fs,,69d7a97c9ccf207fc78c236625b5980bb0f7ad64a0bde6645f89014d33635746,15734,15734,3934,ceil(utf8_bytes/4)_cpu_estimate,1,0,semi_structured,json_array,upsert_update,0,1,1,1
seed_000193,seed_000193,source_group_id,california_schools,original_mp_fs_plus,Original MP-FS+,MP-FS+,deterministic_reprocess,primary_comparison_baseline,mp_fs_plus_shared,mp_fs_plus_shared,142ae386f94af19e7d62f3a91af9c096228920607fe1149b5a57933e1313127d,22736,22736,5684,ceil(utf8_bytes/4)_cpu_estimate,1,0,semi_structured,json_array,upsert_update,0,1,1,1
seed_000193,seed_000193,source_group_id,california_schools,d_g1_primary,MP-FS+ vNext D_G1,MP-FS+,deterministic_reprocess,primary,mp_fs_plus_shared,mp_fs_plus_shared,142ae386f94af19e7d62f3a91af9c096228920607fe1149b5a57933e1313127d,22736,22736,5684,ceil(utf8_bytes/4)_cpu_estimate,1,0,semi_structured,json_array,upsert_update,0,1,1,1
seed_000193,seed_000193,source_group_id,california_schools,d_only_secondary,MP-FS+ vNext D_ONLY,MP-FS+,deterministic_reprocess,secondary_ablation,mp_fs_plus_shared,mp_fs_plus_shared,142ae386f94af19e7d62f3a91af9c096228920607fe1149b5a57933e1313127d,22736,22736,5684,ceil(utf8_bytes/4)_cpu_estimate,1,0,semi_structured,json_array,upsert_update,0,1,1,1
seed_000193,seed_000193,source_group_id,california_schools,full_secondary,MP-FS+ vNext FULL,MP-FS+,deterministic_reprocess,secondary_ablation,mp_fs_plus_shared,mp_fs_plus_shared,142ae386f94af19e7d62f3a91af9c096228920607fe1149b5a57933e1313127d,22736,22736,5684,ceil(utf8_bytes/4)_cpu_estimate,1,0,semi_structured,json_array,upsert_update,0,1,1,1
seed_000193,seed_000193,source_group_id,california_schools,no_c_secondary,MP-FS+ vNext NO_C,MP-FS+,deterministic_reprocess,secondary_ablation,mp_fs_plus_shared,mp_fs_plus_shared,142ae386f94af19e7d62f3a91af9c096228920607fe1149b5a57933e1313127d,22736,22736,5684,ceil(utf8_bytes/4)_cpu_estimate,1,0,semi_structured,json_array,upsert_update,0,1,1,1
aug_seed_000161_single_row_subset_001,seed_000161,source_group_id,superhero,direct,Direct,D-FS-M,generation,baseline,direct,,cf0f08827fa9ee5ddf94afa1f5c26b51a56f8c817feece306176ff7686207f7f,7554,7554,1889,ceil(utf8_bytes/4)_cpu_estimate,1,0,free_text,free_text,insert_ignore,0,1,1,1
aug_seed_000161_single_row_subset_001,seed_000161,source_group_id,superhero,j_fs,J-FS,J-FS-M,generation,baseline,j_fs,,6e9e313a8b3f46dacb29207f5d5199fbfc3fa09d387f0730f83f8b825e31ee59,7464,7464,1866,ceil(utf8_bytes/4)_cpu_estimate,1,0,free_text,free_text,insert_ignore,0,1,1,1
aug_seed_000161_single_row_subset_001,seed_000161,source_group_id,superhero,original_mp_fs_plus,Original MP-FS+,MP-FS+,deterministic_reprocess,primary_comparison_baseline,mp_fs_plus_shared,mp_fs_plus_shared,f02c64d42cc430bec7c5e452125046aad88d5676a09cd7a644815d39a4ea643e,12395,12395,3099,ceil(utf8_bytes/4)_cpu_estimate,1,0,free_text,free_text,insert_ignore,0,1,1,1
aug_seed_000161_single_row_subset_001,seed_000161,source_group_id,superhero,d_g1_primary,MP-FS+ vNext D_G1,MP-FS+,deterministic_reprocess,primary,mp_fs_plus_shared,mp_fs_plus_shared,f02c64d42cc430bec7c5e452125046aad88d5676a09cd7a644815d39a4ea643e,12395,12395,3099,ceil(utf8_bytes/4)_cpu_estimate,1,0,free_text,free_text,insert_ignore,0,1,1,1
aug_seed_000161_single_row_subset_001,seed_000161,source_group_id,superhero,d_only_secondary,MP-FS+ vNext D_ONLY,MP-FS+,deterministic_reprocess,secondary_ablation,mp_fs_plus_shared,mp_fs_plus_shared,f02c64d42cc430bec7c5e452125046aad88d5676a09cd7a644815d39a4ea643e,12395,12395,3099,ceil(utf8_bytes/4)_cpu_estimate,1,0,free_text,free_text,insert_ignore,0,1,1,1
aug_seed_000161_single_row_subset_001,seed_000161,source_group_id,superhero,full_secondary,MP-FS+ vNext FULL,MP-FS+,deterministic_reprocess,secondary_ablation,mp_fs_plus_shared,mp_fs_plus_shared,f02c64d42cc430bec7c5e452125046aad88d5676a09cd7a644815d39a4ea643e,12395,12395,3099,ceil(utf8_bytes/4)_cpu_estimate,1,0,free_text,free_text,insert_ignore,0,1,1,1
aug_seed_000161_single_row_subset_001,seed_000161,source_group_id,superhero,no_c_secondary,MP-FS+ vNext NO_C,MP-FS+,deterministic_reprocess,secondary_ablation,mp_fs_plus_shared,mp_fs_plus_shared,f02c64d42cc430bec7c5e452125046aad88d5676a09cd7a644815d39a4ea643e,12395,12395,3099,ceil(utf8_bytes/4)_cpu_estimate,1,0,free_text,free_text,insert_ignore,0,1,1,1
seed_000165,seed_000165,source_group_id,superhero,direct,Direct,D-FS-M,generation,baseline,direct,,37820e8aa2dfe6f6b59335808bef0c5bdb8dd9d92065a842d7709dc38528ae4a,9781,9781,2446,ceil(utf8_bytes/4)_cpu_estimate,1,0,semi_structured,json_array,plain_insert,0,1,1,1
seed_000165,seed_000165,source_group_id,superhero,j_fs,J-FS,J-FS-M,generation,baseline,j_fs,,dc54809abaa0a2dab51c46eae7930884dd1a6f21a29fc8f62ddac9b7e8c0a212,9712,9712,2428,ceil(utf8_bytes/4)_cpu_estimate,1,0,semi_structured,json_array,plain_insert,0,1,1,1
seed_000165,seed_000165,source_group_id,superhero,original_mp_fs_plus,Original MP-FS+,MP-FS+,deterministic_reprocess,primary_comparison_baseline,mp_fs_plus_shared,mp_fs_plus_shared,4cf7a35e8ed472fe701eeba4a3856374293ee1c630ec4321a05e9bc84f5e9ed0,14290,14290,3573,ceil(utf8_bytes/4)_cpu_estimate,1,0,semi_structured,json_array,plain_insert,0,1,1,1
seed_000165,seed_000165,source_group_id,superhero,d_g1_primary,MP-FS+ vNext D_G1,MP-FS+,deterministic_reprocess,primary,mp_fs_plus_shared,mp_fs_plus_shared,4cf7a35e8ed472fe701eeba4a3856374293ee1c630ec4321a05e9bc84f5e9ed0,14290,14290,3573,ceil(utf8_bytes/4)_cpu_estimate,1,0,semi_structured,json_array,plain_insert,0,1,1,1
seed_000165,seed_000165,source_group_id,superhero,d_only_secondary,MP-FS+ vNext D_ONLY,MP-FS+,deterministic_reprocess,secondary_ablation,mp_fs_plus_shared,mp_fs_plus_shared,4cf7a35e8ed472fe701eeba4a3856374293ee1c630ec4321a05e9bc84f5e9ed0,14290,14290,3573,ceil(utf8_bytes/4)_cpu_estimate,1,0,semi_structured,json_array,plain_insert,0,1,1,1
seed_000165,seed_000165,source_group_id,superhero,full_secondary,MP-FS+ vNext FULL,MP-FS+,deterministic_reprocess,secondary_ablation,mp_fs_plus_shared,mp_fs_plus_shared,4cf7a35e8ed472fe701eeba4a3856374293ee1c630ec4321a05e9bc84f5e9ed0,14290,14290,3573,ceil(utf8_bytes/4)_cpu_estimate,1,0,semi_structured,json_array,plain_insert,0,1,1,1
seed_000165,seed_000165,source_group_id,superhero,no_c_secondary,MP-FS+ vNext NO_C,MP-FS+,deterministic_reprocess,secondary_ablation,mp_fs_plus_shared,mp_fs_plus_shared,4cf7a35e8ed472fe701eeba4a3856374293ee1c630ec4321a05e9bc84f5e9ed0,14290,14290,3573,ceil(utf8_bytes/4)_cpu_estimate,1,0,semi_structured,json_array,plain_insert,0,1,1,1
aug_seed_000110_single_row_subset_002,seed_000110,source_group_id,financial,direct,Direct,D-FS-M,generation,baseline,direct,,c7dd1c23b8cab142664fe359f55ae24b12094ff511ae3139151f04c0a0cf4db4,10074,10074,2519,ceil(utf8_bytes/4)_cpu_estimate,1,0,free_text,free_text,insert_ignore,0,1,1,1
aug_seed_000110_single_row_subset_002,seed_000110,source_group_id,financial,j_fs,J-FS,J-FS-M,generation,baseline,j_fs,,ec39876ec8e51326300e1292b1e37c365adf66a683dd9a03f477a65013d6225e,9984,9984,2496,ceil(utf8_bytes/4)_cpu_estimate,1,0,free_text,free_text,insert_ignore,0,1,1,1
aug_seed_000110_single_row_subset_002,seed_000110,source_group_id,financial,original_mp_fs_plus,Original MP-FS+,MP-FS+,deterministic_reprocess,primary_comparison_baseline,mp_fs_plus_shared,mp_fs_plus_shared,b10c1079d04241b20dcb234cca1d6a93102f788011f2bd8594e51d7076e91eb7,17034,17034,4259,ceil(utf8_bytes/4)_cpu_estimate,1,0,free_text,free_text,insert_ignore,0,1,1,1
aug_seed_000110_single_row_subset_002,seed_000110,source_group_id,financial,d_g1_primary,MP-FS+ vNext D_G1,MP-FS+,deterministic_reprocess,primary,mp_fs_plus_shared,mp_fs_plus_shared,b10c1079d04241b20dcb234cca1d6a93102f788011f2bd8594e51d7076e91eb7,17034,17034,4259,ceil(utf8_bytes/4)_cpu_estimate,1,0,free_text,free_text,insert_ignore,0,1,1,1
aug_seed_000110_single_row_subset_002,seed_000110,source_group_id,financial,d_only_secondary,MP-FS+ vNext D_ONLY,MP-FS+,deterministic_reprocess,secondary_ablation,mp_fs_plus_shared,mp_fs_plus_shared,b10c1079d04241b20dcb234cca1d6a93102f788011f2bd8594e51d7076e91eb7,17034,17034,4259,ceil(utf8_bytes/4)_cpu_estimate,1,0,free_text,free_text,insert_ignore,0,1,1,1
aug_seed_000110_single_row_subset_002,seed_000110,source_group_id,financial,full_secondary,MP-FS+ vNext FULL,MP-FS+,deterministic_reprocess,secondary_ablation,mp_fs_plus_shared,mp_fs_plus_shared,b10c1079d04241b20dcb234cca1d6a93102f788011f2bd8594e51d7076e91eb7,17034,17034,4259,ceil(utf8_bytes/4)_cpu_estimate,1,0,free_text,free_text,insert_ignore,0,1,1,1
aug_seed_000110_single_row_subset_002,seed_000110,source_group_id,financial,no_c_secondary,MP-FS+ vNext NO_C,MP-FS+,deterministic_reprocess,secondary_ablation,mp_fs_plus_shared,mp_fs_plus_shared,b10c1079d04241b20dcb234cca1d6a93102f788011f2bd8594e51d7076e91eb7,17034,17034,4259,ceil(utf8_bytes/4)_cpu_estimate,1,0,free_text,free_text,insert_ignore,0,1,1,1
aug_seed_000062_single_row_subset_001,seed_000062,source_group_id,superhero,direct,Direct,D-FS-M,generation,baseline,direct,,2de6311a6857502da44ce7b560db63ea3384b6fd0d79162d34e8369bb27e086f,7481,7481,1871,ceil(utf8_bytes/4)_cpu_estimate,1,0,free_text,free_text,insert_ignore,0,1,1,1
aug_seed_000062_single_row_subset_001,seed_000062,source_group_id,superhero,j_fs,J-FS,J-FS-M,generation,baseline,j_fs,,73bd5dec3a779ff30dff5629e5c500ee8630da9877edada70db63388c8c900af,7391,7391,1848,ceil(utf8_bytes/4)_cpu_estimate,1,0,free_text,free_text,insert_ignore,0,1,1,1
aug_seed_000062_single_row_subset_001,seed_000062,source_group_id,superhero,original_mp_fs_plus,Original MP-FS+,MP-FS+,deterministic_reprocess,primary_comparison_baseline,mp_fs_plus_shared,mp_fs_plus_shared,d068932560417c71e619ef3233a0a559596c956680795d9b7cc536d7e46f3874,11257,11257,2815,ceil(utf8_bytes/4)_cpu_estimate,1,0,free_text,free_text,insert_ignore,0,1,1,1
aug_seed_000062_single_row_subset_001,seed_000062,source_group_id,superhero,d_g1_primary,MP-FS+ vNext D_G1,MP-FS+,deterministic_reprocess,primary,mp_fs_plus_shared,mp_fs_plus_shared,d068932560417c71e619ef3233a0a559596c956680795d9b7cc536d7e46f3874,11257,11257,2815,ceil(utf8_bytes/4)_cpu_estimate,1,0,free_text,free_text,insert_ignore,0,1,1,1
aug_seed_000062_single_row_subset_001,seed_000062,source_group_id,superhero,d_only_secondary,MP-FS+ vNext D_ONLY,MP-FS+,deterministic_reprocess,secondary_ablation,mp_fs_plus_shared,mp_fs_plus_shared,d068932560417c71e619ef3233a0a559596c956680795d9b7cc536d7e46f3874,11257,11257,2815,ceil(utf8_bytes/4)_cpu_estimate,1,0,free_text,free_text,insert_ignore,0,1,1,1
aug_seed_000062_single_row_subset_001,seed_000062,source_group_id,superhero,full_secondary,MP-FS+ vNext FULL,MP-FS+,deterministic_reprocess,secondary_ablation,mp_fs_plus_shared,mp_fs_plus_shared,d068932560417c71e619ef3233a0a559596c956680795d9b7cc536d7e46f3874,11257,11257,2815,ceil(utf8_bytes/4)_cpu_estimate,1,0,free_text,free_text,insert_ignore,0,1,1,1
aug_seed_000062_single_row_subset_001,seed_000062,source_group_id,superhero,no_c_secondary,MP-FS+ vNext NO_C,MP-FS+,deterministic_reprocess,secondary_ablation,mp_fs_plus_shared,mp_fs_plus_shared,d068932560417c71e619ef3233a0a559596c956680795d9b7cc536d7e46f3874,11257,11257,2815,ceil(utf8_bytes/4)_cpu_estimate,1,0,free_text,free_text,insert_ignore,0,1,1,1
seed_000307,seed_000307,source_group_id,european_football_2,direct,Direct,D-FS-M,generation,baseline,direct,,673f18d32f89c58a36c3099f0e105c8165d1935e07651202b1d13b55cb3b7438,32801,32801,8201,ceil(utf8_bytes/4)_cpu_estimate,1,0,semi_structured,markdown_table,plain_insert,0,1,1,1
seed_000307,seed_000307,source_group_id,european_football_2,j_fs,J-FS,J-FS-M,generation,baseline,j_fs,,ad4656644e98b9827c219fa648d27137da012e7e7fce13d23ef8656d997da505,32732,32732,8183,ceil(utf8_bytes/4)_cpu_estimate,1,0,semi_structured,markdown_table,plain_insert,0,1,1,1
seed_000307,seed_000307,source_group_id,european_football_2,original_mp_fs_plus,Original MP-FS+,MP-FS+,deterministic_reprocess,primary_comparison_baseline,mp_fs_plus_shared,mp_fs_plus_shared,a7ce741cfa0f69d6183d790ec6a2f338bda16d16b2ae53e3646145a7abd77d93,35874,35874,8969,ceil(utf8_bytes/4)_cpu_estimate,1,0,semi_structured,markdown_table,plain_insert,0,1,1,1
seed_000307,seed_000307,source_group_id,european_football_2,d_g1_primary,MP-FS+ vNext D_G1,MP-FS+,deterministic_reprocess,primary,mp_fs_plus_shared,mp_fs_plus_shared,a7ce741cfa0f69d6183d790ec6a2f338bda16d16b2ae53e3646145a7abd77d93,35874,35874,8969,ceil(utf8_bytes/4)_cpu_estimate,1,0,semi_structured,markdown_table,plain_insert,0,1,1,1
seed_000307,seed_000307,source_group_id,european_football_2,d_only_secondary,MP-FS+ vNext D_ONLY,MP-FS+,deterministic_reprocess,secondary_ablation,mp_fs_plus_shared,mp_fs_plus_shared,a7ce741cfa0f69d6183d790ec6a2f338bda16d16b2ae53e3646145a7abd77d93,35874,35874,8969,ceil(utf8_bytes/4)_cpu_estimate,1,0,semi_structured,markdown_table,plain_insert,0,1,1,1
seed_000307,seed_000307,source_group_id,european_football_2,full_secondary,MP-FS+ vNext FULL,MP-FS+,deterministic_reprocess,secondary_ablation,mp_fs_plus_shared,mp_fs_plus_shared,a7ce741cfa0f69d6183d790ec6a2f338bda16d16b2ae53e3646145a7abd77d93,35874,35874,8969,ceil(utf8_bytes/4)_cpu_estimate,1,0,semi_structured,markdown_table,plain_insert,0,1,1,1
seed_000307,seed_000307,source_group_id,european_football_2,no_c_secondary,MP-FS+ vNext NO_C,MP-FS+,deterministic_reprocess,secondary_ablation,mp_fs_plus_shared,mp_fs_plus_shared,a7ce741cfa0f69d6183d790ec6a2f338bda16d16b2ae53e3646145a7abd77d93,35874,35874,8969,ceil(utf8_bytes/4)_cpu_estimate,1,0,semi_structured,markdown_table,plain_insert,0,1,1,1
aug_seed_000177_relational_format_variant_003,seed_000177,source_group_id,codebase_community,direct,Direct,D-FS-M,generation,baseline,direct,,67e4bbc84684f0923078de9ffc1edb093520f34574194ca727b84661c86162ba,15242,15242,3811,ceil(utf8_bytes/4)_cpu_estimate,1,0,semi_structured,multi_table,insert_ignore,1,1,1,1
aug_seed_000177_relational_format_variant_003,seed_000177,source_group_id,codebase_community,j_fs,J-FS,J-FS-M,generation,baseline,j_fs,,276d5c70293e57ffb342555ea086498a6bdcf7d35c5ea0229fd3c094a9c35260,15173,15173,3794,ceil(utf8_bytes/4)_cpu_estimate,1,0,semi_structured,multi_table,insert_ignore,1,1,1,1
aug_seed_000177_relational_format_variant_003,seed_000177,source_group_id,codebase_community,original_mp_fs_plus,Original MP-FS+,MP-FS+,deterministic_reprocess,primary_comparison_baseline,mp_fs_plus_shared,mp_fs_plus_shared,197003bbdbfffa40a3a23451be5cf3d1d812b48c88cbeec3c637f69920730eb3,13355,13355,3339,ceil(utf8_bytes/4)_cpu_estimate,1,0,semi_structured,multi_table,insert_ignore,1,1,1,1
aug_seed_000177_relational_format_variant_003,seed_000177,source_group_id,codebase_community,d_g1_primary,MP-FS+ vNext D_G1,MP-FS+,deterministic_reprocess,primary,mp_fs_plus_shared,mp_fs_plus_shared,197003bbdbfffa40a3a23451be5cf3d1d812b48c88cbeec3c637f69920730eb3,13355,13355,3339,ceil(utf8_bytes/4)_cpu_estimate,1,0,semi_structured,multi_table,insert_ignore,1,1,1,1
aug_seed_000177_relational_format_variant_003,seed_000177,source_group_id,codebase_community,d_only_secondary,MP-FS+ vNext D_ONLY,MP-FS+,deterministic_reprocess,secondary_ablation,mp_fs_plus_shared,mp_fs_plus_shared,197003bbdbfffa40a3a23451be5cf3d1d812b48c88cbeec3c637f69920730eb3,13355,13355,3339,ceil(utf8_bytes/4)_cpu_estimate,1,0,semi_structured,multi_table,insert_ignore,1,1,1,1
aug_seed_000177_relational_format_variant_003,seed_000177,source_group_id,codebase_community,full_secondary,MP-FS+ vNext FULL,MP-FS+,deterministic_reprocess,secondary_ablation,mp_fs_plus_shared,mp_fs_plus_shared,197003bbdbfffa40a3a23451be5cf3d1d812b48c88cbeec3c637f69920730eb3,13355,13355,3339,ceil(utf8_bytes/4)_cpu_estimate,1,0,semi_structured,multi_table,insert_ignore,1,1,1,1
aug_seed_000177_relational_format_variant_003,seed_000177,source_group_id,codebase_community,no_c_secondary,MP-FS+ vNext NO_C,MP-FS+,deterministic_reprocess,secondary_ablation,mp_fs_plus_shared,mp_fs_plus_shared,197003bbdbfffa40a3a23451be5cf3d1d812b48c88cbeec3c637f69920730eb3,13355,13355,3339,ceil(utf8_bytes/4)_cpu_estimate,1,0,semi_structured,multi_table,insert_ignore,1,1,1,1
aug_seed_000085_single_row_subset_002,seed_000085,source_group_id,debit_card_specializing,direct,Direct,D-FS-M,generation,baseline,direct,,b9f4b27f1916839b7f5c5a65846b9c5825aacd2b6854d2f897f9c7b29e5514bf,4900,4900,1225,ceil(utf8_bytes/4)_cpu_estimate,1,0,free_text,free_text,insert_ignore,0,1,1,1
aug_seed_000085_single_row_subset_002,seed_000085,source_group_id,debit_card_specializing,j_fs,J-FS,J-FS-M,generation,baseline,j_fs,,162d25bae4d6a40c408a8590d322a3e0700ada85cd70863aacc2e33b6a1d611e,4810,4810,1203,ceil(utf8_bytes/4)_cpu_estimate,1,0,free_text,free_text,insert_ignore,0,1,1,1
aug_seed_000085_single_row_subset_002,seed_000085,source_group_id,debit_card_specializing,original_mp_fs_plus,Original MP-FS+,MP-FS+,deterministic_reprocess,primary_comparison_baseline,mp_fs_plus_shared,mp_fs_plus_shared,cf489d7d257d3eb48178ab957c692079306c464a42ed903d5293a9f0a643d3bc,9624,9624,2406,ceil(utf8_bytes/4)_cpu_estimate,1,0,free_text,free_text,insert_ignore,0,1,1,1
aug_seed_000085_single_row_subset_002,seed_000085,source_group_id,debit_card_specializing,d_g1_primary,MP-FS+ vNext D_G1,MP-FS+,deterministic_reprocess,primary,mp_fs_plus_shared,mp_fs_plus_shared,cf489d7d257d3eb48178ab957c692079306c464a42ed903d5293a9f0a643d3bc,9624,9624,2406,ceil(utf8_bytes/4)_cpu_estimate,1,0,free_text,free_text,insert_ignore,0,1,1,1
aug_seed_000085_single_row_subset_002,seed_000085,source_group_id,debit_card_specializing,d_only_secondary,MP-FS+ vNext D_ONLY,MP-FS+,deterministic_reprocess,secondary_ablation,mp_fs_plus_shared,mp_fs_plus_shared,cf489d7d257d3eb48178ab957c692079306c464a42ed903d5293a9f0a643d3bc,9624,9624,2406,ceil(utf8_bytes/4)_cpu_estimate,1,0,free_text,free_text,insert_ignore,0,1,1,1
aug_seed_000085_single_row_subset_002,seed_000085,source_group_id,debit_card_specializing,full_secondary,MP-FS+ vNext FULL,MP-FS+,deterministic_reprocess,secondary_ablation,mp_fs_plus_shared,mp_fs_plus_shared,cf489d7d257d3eb48178ab957c692079306c464a42ed903d5293a9f0a643d3bc,9624,9624,2406,ceil(utf8_bytes/4)_cpu_estimate,1,0,free_text,free_text,insert_ignore,0,1,1,1
aug_seed_000085_single_row_subset_002,seed_000085,source_group_id,debit_card_specializing,no_c_secondary,MP-FS+ vNext NO_C,MP-FS+,deterministic_reprocess,secondary_ablation,mp_fs_plus_shared,mp_fs_plus_shared,cf489d7d257d3eb48178ab957c692079306c464a42ed903d5293a9f0a643d3bc,9624,9624,2406,ceil(utf8_bytes/4)_cpu_estimate,1,0,free_text,free_text,insert_ignore,0,1,1,1
aug_seed_000272_single_row_subset_001,seed_000272,source_group_id,card_games,direct,Direct,D-FS-M,generation,baseline,direct,,28de63695d16d96375296b1d2c3445219735705d9fa0855bd64ab70851fae4f0,18337,18337,4585,ceil(utf8_bytes/4)_cpu_estimate,1,0,semi_structured,markdown_table,insert_ignore,0,1,1,1
aug_seed_000272_single_row_subset_001,seed_000272,source_group_id,card_games,j_fs,J-FS,J-FS-M,generation,baseline,j_fs,,8feb1c3c9666e2199ae1833608eac44cd2a27c6deac351add632af11b89107c6,18268,18268,4567,ceil(utf8_bytes/4)_cpu_estimate,1,0,semi_structured,markdown_table,insert_ignore,0,1,1,1
aug_seed_000272_single_row_subset_001,seed_000272,source_group_id,card_games,original_mp_fs_plus,Original MP-FS+,MP-FS+,deterministic_reprocess,primary_comparison_baseline,mp_fs_plus_shared,mp_fs_plus_shared,eb7af0ac3655929ced46d6fe82131e678e90adb557556ee36ee48586f6fe0478,13366,13366,3342,ceil(utf8_bytes/4)_cpu_estimate,1,0,semi_structured,markdown_table,insert_ignore,0,1,1,1
aug_seed_000272_single_row_subset_001,seed_000272,source_group_id,card_games,d_g1_primary,MP-FS+ vNext D_G1,MP-FS+,deterministic_reprocess,primary,mp_fs_plus_shared,mp_fs_plus_shared,eb7af0ac3655929ced46d6fe82131e678e90adb557556ee36ee48586f6fe0478,13366,13366,3342,ceil(utf8_bytes/4)_cpu_estimate,1,0,semi_structured,markdown_table,insert_ignore,0,1,1,1
aug_seed_000272_single_row_subset_001,seed_000272,source_group_id,card_games,d_only_secondary,MP-FS+ vNext D_ONLY,MP-FS+,deterministic_reprocess,secondary_ablation,mp_fs_plus_shared,mp_fs_plus_shared,eb7af0ac3655929ced46d6fe82131e678e90adb557556ee36ee48586f6fe0478,13366,13366,3342,ceil(utf8_bytes/4)_cpu_estimate,1,0,semi_structured,markdown_table,insert_ignore,0,1,1,1
aug_seed_000272_single_row_subset_001,seed_000272,source_group_id,card_games,full_secondary,MP-FS+ vNext FULL,MP-FS+,deterministic_reprocess,secondary_ablation,mp_fs_plus_shared,mp_fs_plus_shared,eb7af0ac3655929ced46d6fe82131e678e90adb557556ee36ee48586f6fe0478,13366,13366,3342,ceil(utf8_bytes/4)_cpu_estimate,1,0,semi_structured,markdown_table,insert_ignore,0,1,1,1
aug_seed_000272_single_row_subset_001,seed_000272,source_group_id,card_games,no_c_secondary,MP-FS+ vNext NO_C,MP-FS+,deterministic_reprocess,secondary_ablation,mp_fs_plus_shared,mp_fs_plus_shared,eb7af0ac3655929ced46d6fe82131e678e90adb557556ee36ee48586f6fe0478,13366,13366,3342,ceil(utf8_bytes/4)_cpu_estimate,1,0,semi_structured,markdown_table,insert_ignore,0,1,1,1
aug_seed_000299_single_row_subset_001,seed_000299,source_group_id,formula_1,direct,Direct,D-FS-M,generation,baseline,direct,,73f793d41ed5f94aa2b2354930a3d266ec694d1e9e859ad3ba5475f819497c9b,17150,17150,4288,ceil(utf8_bytes/4)_cpu_estimate,1,0,free_text,free_text,insert_ignore,0,1,1,1
aug_seed_000299_single_row_subset_001,seed_000299,source_group_id,formula_1,j_fs,J-FS,J-FS-M,generation,baseline,j_fs,,b7d7d0ee610bf4d3e9f4f5744bc4cc4edd2a96fc367698037f9f18333a1ce0c0,17060,17060,4265,ceil(utf8_bytes/4)_cpu_estimate,1,0,free_text,free_text,insert_ignore,0,1,1,1
aug_seed_000299_single_row_subset_001,seed_000299,source_group_id,formula_1,original_mp_fs_plus,Original MP-FS+,MP-FS+,deterministic_reprocess,primary_comparison_baseline,mp_fs_plus_shared,mp_fs_plus_shared,8df22848752c41ef0d41454bba36414ee71991bbd3da0c5516568a0fc9f9b879,20974,20974,5244,ceil(utf8_bytes/4)_cpu_estimate,1,0,free_text,free_text,insert_ignore,0,1,1,1
aug_seed_000299_single_row_subset_001,seed_000299,source_group_id,formula_1,d_g1_primary,MP-FS+ vNext D_G1,MP-FS+,deterministic_reprocess,primary,mp_fs_plus_shared,mp_fs_plus_shared,8df22848752c41ef0d41454bba36414ee71991bbd3da0c5516568a0fc9f9b879,20974,20974,5244,ceil(utf8_bytes/4)_cpu_estimate,1,0,free_text,free_text,insert_ignore,0,1,1,1
aug_seed_000299_single_row_subset_001,seed_000299,source_group_id,formula_1,d_only_secondary,MP-FS+ vNext D_ONLY,MP-FS+,deterministic_reprocess,secondary_ablation,mp_fs_plus_shared,mp_fs_plus_shared,8df22848752c41ef0d41454bba36414ee71991bbd3da0c5516568a0fc9f9b879,20974,20974,5244,ceil(utf8_bytes/4)_cpu_estimate,1,0,free_text,free_text,insert_ignore,0,1,1,1
aug_seed_000299_single_row_subset_001,seed_000299,source_group_id,formula_1,full_secondary,MP-FS+ vNext FULL,MP-FS+,deterministic_reprocess,secondary_ablation,mp_fs_plus_shared,mp_fs_plus_shared,8df22848752c41ef0d41454bba36414ee71991bbd3da0c5516568a0fc9f9b879,20974,20974,5244,ceil(utf8_bytes/4)_cpu_estimate,1,0,free_text,free_text,insert_ignore,0,1,1,1
aug_seed_000299_single_row_subset_001,seed_000299,source_group_id,formula_1,no_c_secondary,MP-FS+ vNext NO_C,MP-FS+,deterministic_reprocess,secondary_ablation,mp_fs_plus_shared,mp_fs_plus_shared,8df22848752c41ef0d41454bba36414ee71991bbd3da0c5516568a0fc9f9b879,20974,20974,5244,ceil(utf8_bytes/4)_cpu_estimate,1,0,free_text,free_text,insert_ignore,0,1,1,1
seed_000196,seed_000196,source_group_id,codebase_community,direct,Direct,D-FS-M,generation,baseline,direct,,d9f88755be4ad0c5c50ef51db73cfb91f4876c3474b753bf92bc6867b149bfd3,13876,13876,3469,ceil(utf8_bytes/4)_cpu_estimate,1,0,semi_structured,json_array,plain_insert,0,1,1,1
seed_000196,seed_000196,source_group_id,codebase_community,j_fs,J-FS,J-FS-M,generation,baseline,j_fs,,1688bb00787cbaec47bab3f59b0cfe4d32c5c5a5d072c2e8c917eda74fa13956,13807,13807,3452,ceil(utf8_bytes/4)_cpu_estimate,1,0,semi_structured,json_array,plain_insert,0,1,1,1
seed_000196,seed_000196,source_group_id,codebase_community,original_mp_fs_plus,Original MP-FS+,MP-FS+,deterministic_reprocess,primary_comparison_baseline,mp_fs_plus_shared,mp_fs_plus_shared,0a6bfeece5475efe0792b511b123c78f4dd18b1e0f3702ded04a87e5937f63e4,17051,17051,4263,ceil(utf8_bytes/4)_cpu_estimate,1,0,semi_structured,json_array,plain_insert,0,1,1,1
seed_000196,seed_000196,source_group_id,codebase_community,d_g1_primary,MP-FS+ vNext D_G1,MP-FS+,deterministic_reprocess,primary,mp_fs_plus_shared,mp_fs_plus_shared,0a6bfeece5475efe0792b511b123c78f4dd18b1e0f3702ded04a87e5937f63e4,17051,17051,4263,ceil(utf8_bytes/4)_cpu_estimate,1,0,semi_structured,json_array,plain_insert,0,1,1,1
seed_000196,seed_000196,source_group_id,codebase_community,d_only_secondary,MP-FS+ vNext D_ONLY,MP-FS+,deterministic_reprocess,secondary_ablation,mp_fs_plus_shared,mp_fs_plus_shared,0a6bfeece5475efe0792b511b123c78f4dd18b1e0f3702ded04a87e5937f63e4,17051,17051,4263,ceil(utf8_bytes/4)_cpu_estimate,1,0,semi_structured,json_array,plain_insert,0,1,1,1
seed_000196,seed_000196,source_group_id,codebase_community,full_secondary,MP-FS+ vNext FULL,MP-FS+,deterministic_reprocess,secondary_ablation,mp_fs_plus_shared,mp_fs_plus_shared,0a6bfeece5475efe0792b511b123c78f4dd18b1e0f3702ded04a87e5937f63e4,17051,17051,4263,ceil(utf8_bytes/4)_cpu_estimate,1,0,semi_structured,json_array,plain_insert,0,1,1,1
seed_000196,seed_000196,source_group_id,codebase_community,no_c_secondary,MP-FS+ vNext NO_C,MP-FS+,deterministic_reprocess,secondary_ablation,mp_fs_plus_shared,mp_fs_plus_shared,0a6bfeece5475efe0792b511b123c78f4dd18b1e0f3702ded04a87e5937f63e4,17051,17051,4263,ceil(utf8_bytes/4)_cpu_estimate,1,0,semi_structured,json_array,plain_insert,0,1,1,1
aug_seed_000101_small_batch_subset_001,seed_000101,source_group_id,formula_1,direct,Direct,D-FS-M,generation,baseline,direct,,5a2e07316156de6a8853010e23e97a32fcf58327230f93eba71460b0eed89f58,17199,17199,4300,ceil(utf8_bytes/4)_cpu_estimate,1,0,free_text,free_text,insert_ignore,0,1,1,1
aug_seed_000101_small_batch_subset_001,seed_000101,source_group_id,formula_1,j_fs,J-FS,J-FS-M,generation,baseline,j_fs,,91ef9c13b0ed0c25eef09446e8b1c06982c8d6dca2ec34325d51ef043e36c39c,17109,17109,4278,ceil(utf8_bytes/4)_cpu_estimate,1,0,free_text,free_text,insert_ignore,0,1,1,1
aug_seed_000101_small_batch_subset_001,seed_000101,source_group_id,formula_1,original_mp_fs_plus,Original MP-FS+,MP-FS+,deterministic_reprocess,primary_comparison_baseline,mp_fs_plus_shared,mp_fs_plus_shared,05077f4e81e0d741d0af54f02f913c82efcd50c7cccc0d78794138f2021fb1b9,22460,22460,5615,ceil(utf8_bytes/4)_cpu_estimate,1,0,free_text,free_text,insert_ignore,0,1,1,1
aug_seed_000101_small_batch_subset_001,seed_000101,source_group_id,formula_1,d_g1_primary,MP-FS+ vNext D_G1,MP-FS+,deterministic_reprocess,primary,mp_fs_plus_shared,mp_fs_plus_shared,05077f4e81e0d741d0af54f02f913c82efcd50c7cccc0d78794138f2021fb1b9,22460,22460,5615,ceil(utf8_bytes/4)_cpu_estimate,1,0,free_text,free_text,insert_ignore,0,1,1,1
aug_seed_000101_small_batch_subset_001,seed_000101,source_group_id,formula_1,d_only_secondary,MP-FS+ vNext D_ONLY,MP-FS+,deterministic_reprocess,secondary_ablation,mp_fs_plus_shared,mp_fs_plus_shared,05077f4e81e0d741d0af54f02f913c82efcd50c7cccc0d78794138f2021fb1b9,22460,22460,5615,ceil(utf8_bytes/4)_cpu_estimate,1,0,free_text,free_text,insert_ignore,0,1,1,1
aug_seed_000101_small_batch_subset_001,seed_000101,source_group_id,formula_1,full_secondary,MP-FS+ vNext FULL,MP-FS+,deterministic_reprocess,secondary_ablation,mp_fs_plus_shared,mp_fs_plus_shared,05077f4e81e0d741d0af54f02f913c82efcd50c7cccc0d78794138f2021fb1b9,22460,22460,5615,ceil(utf8_bytes/4)_cpu_estimate,1,0,free_text,free_text,insert_ignore,0,1,1,1
aug_seed_000101_small_batch_subset_001,seed_000101,source_group_id,formula_1,no_c_secondary,MP-FS+ vNext NO_C,MP-FS+,deterministic_reprocess,secondary_ablation,mp_fs_plus_shared,mp_fs_plus_shared,05077f4e81e0d741d0af54f02f913c82efcd50c7cccc0d78794138f2021fb1b9,22460,22460,5615,ceil(utf8_bytes/4)_cpu_estimate,1,0,free_text,free_text,insert_ignore,0,1,1,1
seed_000300,seed_000300,source_group_id,superhero,direct,Direct,D-FS-M,generation,baseline,direct,,16a4693ed652d457bb78cb3b503ab82bf52d05818dff817eb3564388cca01f51,8998,8998,2250,ceil(utf8_bytes/4)_cpu_estimate,1,0,semi_structured,json_array,plain_insert,0,1,1,1
seed_000300,seed_000300,source_group_id,superhero,j_fs,J-FS,J-FS-M,generation,baseline,j_fs,,5a6b27bcfc912a16597fc7419c2399bdb4ac1cf11879d4421bf636c15d819c21,8929,8929,2233,ceil(utf8_bytes/4)_cpu_estimate,1,0,semi_structured,json_array,plain_insert,0,1,1,1
seed_000300,seed_000300,source_group_id,superhero,original_mp_fs_plus,Original MP-FS+,MP-FS+,deterministic_reprocess,primary_comparison_baseline,mp_fs_plus_shared,mp_fs_plus_shared,fbe7d4bb205b618a57db320adccbd43208f01dfa905aa0e253a89f30e017b636,11861,11861,2966,ceil(utf8_bytes/4)_cpu_estimate,1,0,semi_structured,json_array,plain_insert,0,1,1,1
seed_000300,seed_000300,source_group_id,superhero,d_g1_primary,MP-FS+ vNext D_G1,MP-FS+,deterministic_reprocess,primary,mp_fs_plus_shared,mp_fs_plus_shared,fbe7d4bb205b618a57db320adccbd43208f01dfa905aa0e253a89f30e017b636,11861,11861,2966,ceil(utf8_bytes/4)_cpu_estimate,1,0,semi_structured,json_array,plain_insert,0,1,1,1
seed_000300,seed_000300,source_group_id,superhero,d_only_secondary,MP-FS+ vNext D_ONLY,MP-FS+,deterministic_reprocess,secondary_ablation,mp_fs_plus_shared,mp_fs_plus_shared,fbe7d4bb205b618a57db320adccbd43208f01dfa905aa0e253a89f30e017b636,11861,11861,2966,ceil(utf8_bytes/4)_cpu_estimate,1,0,semi_structured,json_array,plain_insert,0,1,1,1
seed_000300,seed_000300,source_group_id,superhero,full_secondary,MP-FS+ vNext FULL,MP-FS+,deterministic_reprocess,secondary_ablation,mp_fs_plus_shared,mp_fs_plus_shared,fbe7d4bb205b618a57db320adccbd43208f01dfa905aa0e253a89f30e017b636,11861,11861,2966,ceil(utf8_bytes/4)_cpu_estimate,1,0,semi_structured,json_array,plain_insert,0,1,1,1
seed_000300,seed_000300,source_group_id,superhero,no_c_secondary,MP-FS+ vNext NO_C,MP-FS+,deterministic_reprocess,secondary_ablation,mp_fs_plus_shared,mp_fs_plus_shared,fbe7d4bb205b618a57db320adccbd43208f01dfa905aa0e253a89f30e017b636,11861,11861,2966,ceil(utf8_bytes/4)_cpu_estimate,1,0,semi_structured,json_array,plain_insert,0,1,1,1
aug_seed_000076_single_row_subset_002,seed_000076,source_group_id,european_football_2,direct,Direct,D-FS-M,generation,baseline,direct,,2557bd21f68fbbeb8c6e846d4d81d2603d948c581b459db896170630346baed5,32186,32186,8047,ceil(utf8_bytes/4)_cpu_estimate,1,0,semi_structured,markdown_table,insert_ignore,0,1,1,1
aug_seed_000076_single_row_subset_002,seed_000076,source_group_id,european_football_2,j_fs,J-FS,J-FS-M,generation,baseline,j_fs,,b69e9e016a4f8d831874b12d79fea8369858b110ef1e08f36f808e0764705413,32117,32117,8030,ceil(utf8_bytes/4)_cpu_estimate,1,0,semi_structured,markdown_table,insert_ignore,0,1,1,1
aug_seed_000076_single_row_subset_002,seed_000076,source_group_id,european_football_2,original_mp_fs_plus,Original MP-FS+,MP-FS+,deterministic_reprocess,primary_comparison_baseline,mp_fs_plus_shared,mp_fs_plus_shared,5811e42dfb445967a4af70a0edc0d5a59fbc2924b7ff296a1229601e282edacf,11949,11949,2988,ceil(utf8_bytes/4)_cpu_estimate,1,0,semi_structured,markdown_table,insert_ignore,0,1,1,1
aug_seed_000076_single_row_subset_002,seed_000076,source_group_id,european_football_2,d_g1_primary,MP-FS+ vNext D_G1,MP-FS+,deterministic_reprocess,primary,mp_fs_plus_shared,mp_fs_plus_shared,5811e42dfb445967a4af70a0edc0d5a59fbc2924b7ff296a1229601e282edacf,11949,11949,2988,ceil(utf8_bytes/4)_cpu_estimate,1,0,semi_structured,markdown_table,insert_ignore,0,1,1,1
aug_seed_000076_single_row_subset_002,seed_000076,source_group_id,european_football_2,d_only_secondary,MP-FS+ vNext D_ONLY,MP-FS+,deterministic_reprocess,secondary_ablation,mp_fs_plus_shared,mp_fs_plus_shared,5811e42dfb445967a4af70a0edc0d5a59fbc2924b7ff296a1229601e282edacf,11949,11949,2988,ceil(utf8_bytes/4)_cpu_estimate,1,0,semi_structured,markdown_table,insert_ignore,0,1,1,1
aug_seed_000076_single_row_subset_002,seed_000076,source_group_id,european_football_2,full_secondary,MP-FS+ vNext FULL,MP-FS+,deterministic_reprocess,secondary_ablation,mp_fs_plus_shared,mp_fs_plus_shared,5811e42dfb445967a4af70a0edc0d5a59fbc2924b7ff296a1229601e282edacf,11949,11949,2988,ceil(utf8_bytes/4)_cpu_estimate,1,0,semi_structured,markdown_table,insert_ignore,0,1,1,1
aug_seed_000076_single_row_subset_002,seed_000076,source_group_id,european_football_2,no_c_secondary,MP-FS+ vNext NO_C,MP-FS+,deterministic_reprocess,secondary_ablation,mp_fs_plus_shared,mp_fs_plus_shared,5811e42dfb445967a4af70a0edc0d5a59fbc2924b7ff296a1229601e282edacf,11949,11949,2988,ceil(utf8_bytes/4)_cpu_estimate,1,0,semi_structured,markdown_table,insert_ignore,0,1,1,1
seed_000175,seed_000175,source_group_id,superhero,direct,Direct,D-FS-M,generation,baseline,direct,,843995753be86abcb235e711e1d47b1af227d8b4b3b0a542ad2f2c78eae28178,9512,9512,2378,ceil(utf8_bytes/4)_cpu_estimate,1,0,semi_structured,json_array,plain_insert,0,1,1,1
seed_000175,seed_000175,source_group_id,superhero,j_fs,J-FS,J-FS-M,generation,baseline,j_fs,,497962b7f52c0a1b8408eb596f0ec561b0d95bc99eddd231b023afd941bed0d5,9443,9443,2361,ceil(utf8_bytes/4)_cpu_estimate,1,0,semi_structured,json_array,plain_insert,0,1,1,1
seed_000175,seed_000175,source_group_id,superhero,original_mp_fs_plus,Original MP-FS+,MP-FS+,deterministic_reprocess,primary_comparison_baseline,mp_fs_plus_shared,mp_fs_plus_shared,63cf71ba4151590d5511c821651784589d31b286960d8082ef7995268641cf45,12444,12444,3111,ceil(utf8_bytes/4)_cpu_estimate,1,0,semi_structured,json_array,plain_insert,0,1,1,1
seed_000175,seed_000175,source_group_id,superhero,d_g1_primary,MP-FS+ vNext D_G1,MP-FS+,deterministic_reprocess,primary,mp_fs_plus_shared,mp_fs_plus_shared,63cf71ba4151590d5511c821651784589d31b286960d8082ef7995268641cf45,12444,12444,3111,ceil(utf8_bytes/4)_cpu_estimate,1,0,semi_structured,json_array,plain_insert,0,1,1,1
seed_000175,seed_000175,source_group_id,superhero,d_only_secondary,MP-FS+ vNext D_ONLY,MP-FS+,deterministic_reprocess,secondary_ablation,mp_fs_plus_shared,mp_fs_plus_shared,63cf71ba4151590d5511c821651784589d31b286960d8082ef7995268641cf45,12444,12444,3111,ceil(utf8_bytes/4)_cpu_estimate,1,0,semi_structured,json_array,plain_insert,0,1,1,1
seed_000175,seed_000175,source_group_id,superhero,full_secondary,MP-FS+ vNext FULL,MP-FS+,deterministic_reprocess,secondary_ablation,mp_fs_plus_shared,mp_fs_plus_shared,63cf71ba4151590d5511c821651784589d31b286960d8082ef7995268641cf45,12444,12444,3111,ceil(utf8_bytes/4)_cpu_estimate,1,0,semi_structured,json_array,plain_insert,0,1,1,1
seed_000175,seed_000175,source_group_id,superhero,no_c_secondary,MP-FS+ vNext NO_C,MP-FS+,deterministic_reprocess,secondary_ablation,mp_fs_plus_shared,mp_fs_plus_shared,63cf71ba4151590d5511c821651784589d31b286960d8082ef7995268641cf45,12444,12444,3111,ceil(utf8_bytes/4)_cpu_estimate,1,0,semi_structured,json_array,plain_insert,0,1,1,1
aug_seed_000054_single_row_subset_001,seed_000054,source_group_id,card_games,direct,Direct,D-FS-M,generation,baseline,direct,,cd75177aac93da7e7b486ae6a12b777c10e2f22f90afcfac263271464da52ede,16916,16916,4229,ceil(utf8_bytes/4)_cpu_estimate,1,0,free_text,free_text,insert_ignore,0,1,1,1
aug_seed_000054_single_row_subset_001,seed_000054,source_group_id,card_games,j_fs,J-FS,J-FS-M,generation,baseline,j_fs,,42dc0b97db41cfa2f4f68f7577331130504e042be730b757025966067a2534ef,16826,16826,4207,ceil(utf8_bytes/4)_cpu_estimate,1,0,free_text,free_text,insert_ignore,0,1,1,1
aug_seed_000054_single_row_subset_001,seed_000054,source_group_id,card_games,original_mp_fs_plus,Original MP-FS+,MP-FS+,deterministic_reprocess,primary_comparison_baseline,mp_fs_plus_shared,mp_fs_plus_shared,ce73cc343cc7fd60e8f5f32688983806d090adbbed37d67182eee5d8c79f85c7,21830,21830,5458,ceil(utf8_bytes/4)_cpu_estimate,1,0,free_text,free_text,insert_ignore,0,1,1,1
aug_seed_000054_single_row_subset_001,seed_000054,source_group_id,card_games,d_g1_primary,MP-FS+ vNext D_G1,MP-FS+,deterministic_reprocess,primary,mp_fs_plus_shared,mp_fs_plus_shared,ce73cc343cc7fd60e8f5f32688983806d090adbbed37d67182eee5d8c79f85c7,21830,21830,5458,ceil(utf8_bytes/4)_cpu_estimate,1,0,free_text,free_text,insert_ignore,0,1,1,1
aug_seed_000054_single_row_subset_001,seed_000054,source_group_id,card_games,d_only_secondary,MP-FS+ vNext D_ONLY,MP-FS+,deterministic_reprocess,secondary_ablation,mp_fs_plus_shared,mp_fs_plus_shared,ce73cc343cc7fd60e8f5f32688983806d090adbbed37d67182eee5d8c79f85c7,21830,21830,5458,ceil(utf8_bytes/4)_cpu_estimate,1,0,free_text,free_text,insert_ignore,0,1,1,1
aug_seed_000054_single_row_subset_001,seed_000054,source_group_id,card_games,full_secondary,MP-FS+ vNext FULL,MP-FS+,deterministic_reprocess,secondary_ablation,mp_fs_plus_shared,mp_fs_plus_shared,ce73cc343cc7fd60e8f5f32688983806d090adbbed37d67182eee5d8c79f85c7,21830,21830,5458,ceil(utf8_bytes/4)_cpu_estimate,1,0,free_text,free_text,insert_ignore,0,1,1,1
aug_seed_000054_single_row_subset_001,seed_000054,source_group_id,card_games,no_c_secondary,MP-FS+ vNext NO_C,MP-FS+,deterministic_reprocess,secondary_ablation,mp_fs_plus_shared,mp_fs_plus_shared,ce73cc343cc7fd60e8f5f32688983806d090adbbed37d67182eee5d8c79f85c7,21830,21830,5458,ceil(utf8_bytes/4)_cpu_estimate,1,0,free_text,free_text,insert_ignore,0,1,1,1
aug_seed_000178_single_row_subset_001,seed_000178,source_group_id,formula_1,direct,Direct,D-FS-M,generation,baseline,direct,,d1d015975bce7cfc15783a3a1601a52f53d8547ace863ef6b62682398f114210,17174,17174,4294,ceil(utf8_bytes/4)_cpu_estimate,1,0,free_text,free_text,insert_ignore,0,1,1,1
aug_seed_000178_single_row_subset_001,seed_000178,source_group_id,formula_1,j_fs,J-FS,J-FS-M,generation,baseline,j_fs,,36d32fdffe4b9a44145a04efc0e8c6deec0387cbd2c15bac31558fa95c1e60f2,17084,17084,4271,ceil(utf8_bytes/4)_cpu_estimate,1,0,free_text,free_text,insert_ignore,0,1,1,1
aug_seed_000178_single_row_subset_001,seed_000178,source_group_id,formula_1,original_mp_fs_plus,Original MP-FS+,MP-FS+,deterministic_reprocess,primary_comparison_baseline,mp_fs_plus_shared,mp_fs_plus_shared,96242e38af6f6705729df7f26ab0b1c27ab2c3ad5a4b774b706aa0098c45bf77,21413,21413,5354,ceil(utf8_bytes/4)_cpu_estimate,1,0,free_text,free_text,insert_ignore,0,1,1,1
aug_seed_000178_single_row_subset_001,seed_000178,source_group_id,formula_1,d_g1_primary,MP-FS+ vNext D_G1,MP-FS+,deterministic_reprocess,primary,mp_fs_plus_shared,mp_fs_plus_shared,96242e38af6f6705729df7f26ab0b1c27ab2c3ad5a4b774b706aa0098c45bf77,21413,21413,5354,ceil(utf8_bytes/4)_cpu_estimate,1,0,free_text,free_text,insert_ignore,0,1,1,1
aug_seed_000178_single_row_subset_001,seed_000178,source_group_id,formula_1,d_only_secondary,MP-FS+ vNext D_ONLY,MP-FS+,deterministic_reprocess,secondary_ablation,mp_fs_plus_shared,mp_fs_plus_shared,96242e38af6f6705729df7f26ab0b1c27ab2c3ad5a4b774b706aa0098c45bf77,21413,21413,5354,ceil(utf8_bytes/4)_cpu_estimate,1,0,free_text,free_text,insert_ignore,0,1,1,1
aug_seed_000178_single_row_subset_001,seed_000178,source_group_id,formula_1,full_secondary,MP-FS+ vNext FULL,MP-FS+,deterministic_reprocess,secondary_ablation,mp_fs_plus_shared,mp_fs_plus_shared,96242e38af6f6705729df7f26ab0b1c27ab2c3ad5a4b774b706aa0098c45bf77,21413,21413,5354,ceil(utf8_bytes/4)_cpu_estimate,1,0,free_text,free_text,insert_ignore,0,1,1,1
aug_seed_000178_single_row_subset_001,seed_000178,source_group_id,formula_1,no_c_secondary,MP-FS+ vNext NO_C,MP-FS+,deterministic_reprocess,secondary_ablation,mp_fs_plus_shared,mp_fs_plus_shared,96242e38af6f6705729df7f26ab0b1c27ab2c3ad5a4b774b706aa0098c45bf77,21413,21413,5354,ceil(utf8_bytes/4)_cpu_estimate,1,0,free_text,free_text,insert_ignore,0,1,1,1
aug_seed_000251_single_row_subset_001,seed_000251,source_group_id,financial,direct,Direct,D-FS-M,generation,baseline,direct,,37e086ec7dfbda4c4e4bd3280e93f263deb3c10b54e8bcc292337e51b7004da6,9866,9866,2467,ceil(utf8_bytes/4)_cpu_estimate,1,0,free_text,free_text,insert_ignore,0,1,1,1
aug_seed_000251_single_row_subset_001,seed_000251,source_group_id,financial,j_fs,J-FS,J-FS-M,generation,baseline,j_fs,,0da1417bc4a6105d77646b382ecb973f6f467d8a90527c90aed58b246818f275,9776,9776,2444,ceil(utf8_bytes/4)_cpu_estimate,1,0,free_text,free_text,insert_ignore,0,1,1,1
aug_seed_000251_single_row_subset_001,seed_000251,source_group_id,financial,original_mp_fs_plus,Original MP-FS+,MP-FS+,deterministic_reprocess,primary_comparison_baseline,mp_fs_plus_shared,mp_fs_plus_shared,c61a00b50565ab44665717844877179b2f42579539e526ca2ec4590cc6892b05,14375,14375,3594,ceil(utf8_bytes/4)_cpu_estimate,1,0,free_text,free_text,insert_ignore,0,1,1,1
aug_seed_000251_single_row_subset_001,seed_000251,source_group_id,financial,d_g1_primary,MP-FS+ vNext D_G1,MP-FS+,deterministic_reprocess,primary,mp_fs_plus_shared,mp_fs_plus_shared,c61a00b50565ab44665717844877179b2f42579539e526ca2ec4590cc6892b05,14375,14375,3594,ceil(utf8_bytes/4)_cpu_estimate,1,0,free_text,free_text,insert_ignore,0,1,1,1
aug_seed_000251_single_row_subset_001,seed_000251,source_group_id,financial,d_only_secondary,MP-FS+ vNext D_ONLY,MP-FS+,deterministic_reprocess,secondary_ablation,mp_fs_plus_shared,mp_fs_plus_shared,c61a00b50565ab44665717844877179b2f42579539e526ca2ec4590cc6892b05,14375,14375,3594,ceil(utf8_bytes/4)_cpu_estimate,1,0,free_text,free_text,insert_ignore,0,1,1,1
aug_seed_000251_single_row_subset_001,seed_000251,source_group_id,financial,full_secondary,MP-FS+ vNext FULL,MP-FS+,deterministic_reprocess,secondary_ablation,mp_fs_plus_shared,mp_fs_plus_shared,c61a00b50565ab44665717844877179b2f42579539e526ca2ec4590cc6892b05,14375,14375,3594,ceil(utf8_bytes/4)_cpu_estimate,1,0,free_text,free_text,insert_ignore,0,1,1,1
aug_seed_000251_single_row_subset_001,seed_000251,source_group_id,financial,no_c_secondary,MP-FS+ vNext NO_C,MP-FS+,deterministic_reprocess,secondary_ablation,mp_fs_plus_shared,mp_fs_plus_shared,c61a00b50565ab44665717844877179b2f42579539e526ca2ec4590cc6892b05,14375,14375,3594,ceil(utf8_bytes/4)_cpu_estimate,1,0,free_text,free_text,insert_ignore,0,1,1,1
aug_seed_000221_single_row_subset_001,seed_000221,source_group_id,superhero,direct,Direct,D-FS-M,generation,baseline,direct,,8b78c0ab58a54c63d1ea85b6096054e4414c130cbeac9a3080fb1571602e5d29,8955,8955,2239,ceil(utf8_bytes/4)_cpu_estimate,1,0,semi_structured,markdown_table,insert_ignore,0,1,1,1
aug_seed_000221_single_row_subset_001,seed_000221,source_group_id,superhero,j_fs,J-FS,J-FS-M,generation,baseline,j_fs,,c7e01a71427e7d9b9389d860af486f55056fe557dae2941b1511a7119316ebcd,8886,8886,2222,ceil(utf8_bytes/4)_cpu_estimate,1,0,semi_structured,markdown_table,insert_ignore,0,1,1,1
aug_seed_000221_single_row_subset_001,seed_000221,source_group_id,superhero,original_mp_fs_plus,Original MP-FS+,MP-FS+,deterministic_reprocess,primary_comparison_baseline,mp_fs_plus_shared,mp_fs_plus_shared,6049bce9081fc96a0664f37235613b2766a5c0a7db74926f17d4c3f96234fd27,9927,9927,2482,ceil(utf8_bytes/4)_cpu_estimate,1,0,semi_structured,markdown_table,insert_ignore,0,1,1,1
aug_seed_000221_single_row_subset_001,seed_000221,source_group_id,superhero,d_g1_primary,MP-FS+ vNext D_G1,MP-FS+,deterministic_reprocess,primary,mp_fs_plus_shared,mp_fs_plus_shared,6049bce9081fc96a0664f37235613b2766a5c0a7db74926f17d4c3f96234fd27,9927,9927,2482,ceil(utf8_bytes/4)_cpu_estimate,1,0,semi_structured,markdown_table,insert_ignore,0,1,1,1
aug_seed_000221_single_row_subset_001,seed_000221,source_group_id,superhero,d_only_secondary,MP-FS+ vNext D_ONLY,MP-FS+,deterministic_reprocess,secondary_ablation,mp_fs_plus_shared,mp_fs_plus_shared,6049bce9081fc96a0664f37235613b2766a5c0a7db74926f17d4c3f96234fd27,9927,9927,2482,ceil(utf8_bytes/4)_cpu_estimate,1,0,semi_structured,markdown_table,insert_ignore,0,1,1,1
aug_seed_000221_single_row_subset_001,seed_000221,source_group_id,superhero,full_secondary,MP-FS+ vNext FULL,MP-FS+,deterministic_reprocess,secondary_ablation,mp_fs_plus_shared,mp_fs_plus_shared,6049bce9081fc96a0664f37235613b2766a5c0a7db74926f17d4c3f96234fd27,9927,9927,2482,ceil(utf8_bytes/4)_cpu_estimate,1,0,semi_structured,markdown_table,insert_ignore,0,1,1,1
aug_seed_000221_single_row_subset_001,seed_000221,source_group_id,superhero,no_c_secondary,MP-FS+ vNext NO_C,MP-FS+,deterministic_reprocess,secondary_ablation,mp_fs_plus_shared,mp_fs_plus_shared,6049bce9081fc96a0664f37235613b2766a5c0a7db74926f17d4c3f96234fd27,9927,9927,2482,ceil(utf8_bytes/4)_cpu_estimate,1,0,semi_structured,markdown_table,insert_ignore,0,1,1,1
seed_000030,seed_000030,source_group_id,student_club,direct,Direct,D-FS-M,generation,baseline,direct,,6832531b1cc5e75dc9787fdfe90b30abd9a112c5f5b349b97fe84f44d3432072,16828,16828,4207,ceil(utf8_bytes/4)_cpu_estimate,1,0,semi_structured,json_array,upsert_update,0,1,1,1
seed_000030,seed_000030,source_group_id,student_club,j_fs,J-FS,J-FS-M,generation,baseline,j_fs,,19ae6e5fff4b62b2257d1ddd319a89662adddda7c16b67709d4ad61efb8aaf16,16759,16759,4190,ceil(utf8_bytes/4)_cpu_estimate,1,0,semi_structured,json_array,upsert_update,0,1,1,1
seed_000030,seed_000030,source_group_id,student_club,original_mp_fs_plus,Original MP-FS+,MP-FS+,deterministic_reprocess,primary_comparison_baseline,mp_fs_plus_shared,mp_fs_plus_shared,ce15a9c82990dd62affa20a524472f9c408425f2943c5c563d2d607639f109eb,7542,7542,1886,ceil(utf8_bytes/4)_cpu_estimate,1,0,semi_structured,json_array,upsert_update,0,1,1,1
seed_000030,seed_000030,source_group_id,student_club,d_g1_primary,MP-FS+ vNext D_G1,MP-FS+,deterministic_reprocess,primary,mp_fs_plus_shared,mp_fs_plus_shared,ce15a9c82990dd62affa20a524472f9c408425f2943c5c563d2d607639f109eb,7542,7542,1886,ceil(utf8_bytes/4)_cpu_estimate,1,0,semi_structured,json_array,upsert_update,0,1,1,1
seed_000030,seed_000030,source_group_id,student_club,d_only_secondary,MP-FS+ vNext D_ONLY,MP-FS+,deterministic_reprocess,secondary_ablation,mp_fs_plus_shared,mp_fs_plus_shared,ce15a9c82990dd62affa20a524472f9c408425f2943c5c563d2d607639f109eb,7542,7542,1886,ceil(utf8_bytes/4)_cpu_estimate,1,0,semi_structured,json_array,upsert_update,0,1,1,1
seed_000030,seed_000030,source_group_id,student_club,full_secondary,MP-FS+ vNext FULL,MP-FS+,deterministic_reprocess,secondary_ablation,mp_fs_plus_shared,mp_fs_plus_shared,ce15a9c82990dd62affa20a524472f9c408425f2943c5c563d2d607639f109eb,7542,7542,1886,ceil(utf8_bytes/4)_cpu_estimate,1,0,semi_structured,json_array,upsert_update,0,1,1,1
seed_000030,seed_000030,source_group_id,student_club,no_c_secondary,MP-FS+ vNext NO_C,MP-FS+,deterministic_reprocess,secondary_ablation,mp_fs_plus_shared,mp_fs_plus_shared,ce15a9c82990dd62affa20a524472f9c408425f2943c5c563d2d607639f109eb,7542,7542,1886,ceil(utf8_bytes/4)_cpu_estimate,1,0,semi_structured,json_array,upsert_update,0,1,1,1
seed_000272,seed_000272,source_group_id,card_games,direct,Direct,D-FS-M,generation,baseline,direct,,c751e418ba7b68ffc8e7a443a65de831d94160c01db66056f33b9bb6b05f3855,18499,18499,4625,ceil(utf8_bytes/4)_cpu_estimate,1,0,semi_structured,json_array,plain_insert,0,1,1,1
seed_000272,seed_000272,source_group_id,card_games,j_fs,J-FS,J-FS-M,generation,baseline,j_fs,,7f6837b5a1a12d343adfcd15672117d3abee9d6c599f06a33e24049445547bf5,18430,18430,4608,ceil(utf8_bytes/4)_cpu_estimate,1,0,semi_structured,json_array,plain_insert,0,1,1,1
seed_000272,seed_000272,source_group_id,card_games,original_mp_fs_plus,Original MP-FS+,MP-FS+,deterministic_reprocess,primary_comparison_baseline,mp_fs_plus_shared,mp_fs_plus_shared,945541920e92ae553b56400d45b992df024e49e361098c90d3ce752f13c44652,22989,22989,5748,ceil(utf8_bytes/4)_cpu_estimate,1,0,semi_structured,json_array,plain_insert,0,1,1,1
seed_000272,seed_000272,source_group_id,card_games,d_g1_primary,MP-FS+ vNext D_G1,MP-FS+,deterministic_reprocess,primary,mp_fs_plus_shared,mp_fs_plus_shared,945541920e92ae553b56400d45b992df024e49e361098c90d3ce752f13c44652,22989,22989,5748,ceil(utf8_bytes/4)_cpu_estimate,1,0,semi_structured,json_array,plain_insert,0,1,1,1
seed_000272,seed_000272,source_group_id,card_games,d_only_secondary,MP-FS+ vNext D_ONLY,MP-FS+,deterministic_reprocess,secondary_ablation,mp_fs_plus_shared,mp_fs_plus_shared,945541920e92ae553b56400d45b992df024e49e361098c90d3ce752f13c44652,22989,22989,5748,ceil(utf8_bytes/4)_cpu_estimate,1,0,semi_structured,json_array,plain_insert,0,1,1,1
seed_000272,seed_000272,source_group_id,card_games,full_secondary,MP-FS+ vNext FULL,MP-FS+,deterministic_reprocess,secondary_ablation,mp_fs_plus_shared,mp_fs_plus_shared,945541920e92ae553b56400d45b992df024e49e361098c90d3ce752f13c44652,22989,22989,5748,ceil(utf8_bytes/4)_cpu_estimate,1,0,semi_structured,json_array,plain_insert,0,1,1,1
seed_000272,seed_000272,source_group_id,card_games,no_c_secondary,MP-FS+ vNext NO_C,MP-FS+,deterministic_reprocess,secondary_ablation,mp_fs_plus_shared,mp_fs_plus_shared,945541920e92ae553b56400d45b992df024e49e361098c90d3ce752f13c44652,22989,22989,5748,ceil(utf8_bytes/4)_cpu_estimate,1,0,semi_structured,json_array,plain_insert,0,1,1,1
aug_seed_000175_small_batch_subset_001,seed_000175,source_group_id,superhero,direct,Direct,D-FS-M,generation,baseline,direct,,20202c2f2a812ad97b820d27b48b050e632ae14e3e4914e55ce52dce6fdb331b,7586,7586,1897,ceil(utf8_bytes/4)_cpu_estimate,1,0,free_text,free_text,insert_ignore,0,1,1,1
aug_seed_000175_small_batch_subset_001,seed_000175,source_group_id,superhero,j_fs,J-FS,J-FS-M,generation,baseline,j_fs,,202cc5d70c706a8b041ed02b8363cf0368fbf352b1ae4eed13515d2f1d2462e6,7496,7496,1874,ceil(utf8_bytes/4)_cpu_estimate,1,0,free_text,free_text,insert_ignore,0,1,1,1
aug_seed_000175_small_batch_subset_001,seed_000175,source_group_id,superhero,original_mp_fs_plus,Original MP-FS+,MP-FS+,deterministic_reprocess,primary_comparison_baseline,mp_fs_plus_shared,mp_fs_plus_shared,396df1069e62f62d94618272f4b932df015e89a6169113e442362979d910bb62,13241,13241,3311,ceil(utf8_bytes/4)_cpu_estimate,1,0,free_text,free_text,insert_ignore,0,1,1,1
aug_seed_000175_small_batch_subset_001,seed_000175,source_group_id,superhero,d_g1_primary,MP-FS+ vNext D_G1,MP-FS+,deterministic_reprocess,primary,mp_fs_plus_shared,mp_fs_plus_shared,396df1069e62f62d94618272f4b932df015e89a6169113e442362979d910bb62,13241,13241,3311,ceil(utf8_bytes/4)_cpu_estimate,1,0,free_text,free_text,insert_ignore,0,1,1,1
aug_seed_000175_small_batch_subset_001,seed_000175,source_group_id,superhero,d_only_secondary,MP-FS+ vNext D_ONLY,MP-FS+,deterministic_reprocess,secondary_ablation,mp_fs_plus_shared,mp_fs_plus_shared,396df1069e62f62d94618272f4b932df015e89a6169113e442362979d910bb62,13241,13241,3311,ceil(utf8_bytes/4)_cpu_estimate,1,0,free_text,free_text,insert_ignore,0,1,1,1
aug_seed_000175_small_batch_subset_001,seed_000175,source_group_id,superhero,full_secondary,MP-FS+ vNext FULL,MP-FS+,deterministic_reprocess,secondary_ablation,mp_fs_plus_shared,mp_fs_plus_shared,396df1069e62f62d94618272f4b932df015e89a6169113e442362979d910bb62,13241,13241,3311,ceil(utf8_bytes/4)_cpu_estimate,1,0,free_text,free_text,insert_ignore,0,1,1,1
aug_seed_000175_small_batch_subset_001,seed_000175,source_group_id,superhero,no_c_secondary,MP-FS+ vNext NO_C,MP-FS+,deterministic_reprocess,secondary_ablation,mp_fs_plus_shared,mp_fs_plus_shared,396df1069e62f62d94618272f4b932df015e89a6169113e442362979d910bb62,13241,13241,3311,ceil(utf8_bytes/4)_cpu_estimate,1,0,free_text,free_text,insert_ignore,0,1,1,1
aug_seed_000004_relational_format_variant_002,seed_000004,source_group_id,debit_card_specializing,direct,Direct,D-FS-M,generation,baseline,direct,,43db4876a5984e0328b020a90b6adaf2936833c61cd9b02036832a173dfad82a,10779,10779,2695,ceil(utf8_bytes/4)_cpu_estimate,1,0,semi_structured,multi_table,insert_ignore,0,1,1,1
aug_seed_000004_relational_format_variant_002,seed_000004,source_group_id,debit_card_specializing,j_fs,J-FS,J-FS-M,generation,baseline,j_fs,,00d5b37a4de6138340f50ed24a42fc0910d9d864c19df0830e9fe11878818c2b,10710,10710,2678,ceil(utf8_bytes/4)_cpu_estimate,1,0,semi_structured,multi_table,insert_ignore,0,1,1,1
aug_seed_000004_relational_format_variant_002,seed_000004,source_group_id,debit_card_specializing,original_mp_fs_plus,Original MP-FS+,MP-FS+,deterministic_reprocess,primary_comparison_baseline,mp_fs_plus_shared,mp_fs_plus_shared,716903413f72d4ba2e1d1eafd7808aa04e6c44ccd0adbd1f6b42c4d2d6261f7b,8616,8616,2154,ceil(utf8_bytes/4)_cpu_estimate,1,0,semi_structured,multi_table,insert_ignore,0,1,1,1
aug_seed_000004_relational_format_variant_002,seed_000004,source_group_id,debit_card_specializing,d_g1_primary,MP-FS+ vNext D_G1,MP-FS+,deterministic_reprocess,primary,mp_fs_plus_shared,mp_fs_plus_shared,716903413f72d4ba2e1d1eafd7808aa04e6c44ccd0adbd1f6b42c4d2d6261f7b,8616,8616,2154,ceil(utf8_bytes/4)_cpu_estimate,1,0,semi_structured,multi_table,insert_ignore,0,1,1,1
aug_seed_000004_relational_format_variant_002,seed_000004,source_group_id,debit_card_specializing,d_only_secondary,MP-FS+ vNext D_ONLY,MP-FS+,deterministic_reprocess,secondary_ablation,mp_fs_plus_shared,mp_fs_plus_shared,716903413f72d4ba2e1d1eafd7808aa04e6c44ccd0adbd1f6b42c4d2d6261f7b,8616,8616,2154,ceil(utf8_bytes/4)_cpu_estimate,1,0,semi_structured,multi_table,insert_ignore,0,1,1,1
aug_seed_000004_relational_format_variant_002,seed_000004,source_group_id,debit_card_specializing,full_secondary,MP-FS+ vNext FULL,MP-FS+,deterministic_reprocess,secondary_ablation,mp_fs_plus_shared,mp_fs_plus_shared,716903413f72d4ba2e1d1eafd7808aa04e6c44ccd0adbd1f6b42c4d2d6261f7b,8616,8616,2154,ceil(utf8_bytes/4)_cpu_estimate,1,0,semi_structured,multi_table,insert_ignore,0,1,1,1
aug_seed_000004_relational_format_variant_002,seed_000004,source_group_id,debit_card_specializing,no_c_secondary,MP-FS+ vNext NO_C,MP-FS+,deterministic_reprocess,secondary_ablation,mp_fs_plus_shared,mp_fs_plus_shared,716903413f72d4ba2e1d1eafd7808aa04e6c44ccd0adbd1f6b42c4d2d6261f7b,8616,8616,2154,ceil(utf8_bytes/4)_cpu_estimate,1,0,semi_structured,multi_table,insert_ignore,0,1,1,1
seed_000328,seed_000328,source_group_id,debit_card_specializing,direct,Direct,D-FS-M,generation,baseline,direct,,fcb058ea9a030b9eb27adbc9157f2cfb2c199efc579733321ee725702785310b,6362,6362,1591,ceil(utf8_bytes/4)_cpu_estimate,1,0,semi_structured,key_value,insert_ignore,0,1,1,1
seed_000328,seed_000328,source_group_id,debit_card_specializing,j_fs,J-FS,J-FS-M,generation,baseline,j_fs,,aeb654d63b8ab18638a41c6413f40885ded47bfd32a43685e47084cdac7b141d,6293,6293,1574,ceil(utf8_bytes/4)_cpu_estimate,1,0,semi_structured,key_value,insert_ignore,0,1,1,1
seed_000328,seed_000328,source_group_id,debit_card_specializing,original_mp_fs_plus,Original MP-FS+,MP-FS+,deterministic_reprocess,primary_comparison_baseline,mp_fs_plus_shared,mp_fs_plus_shared,a81ff47ee717a15ef58b9944cc4a967d006190edea98a811314b5fe001d7587c,7149,7149,1788,ceil(utf8_bytes/4)_cpu_estimate,1,0,semi_structured,key_value,insert_ignore,0,1,1,1
seed_000328,seed_000328,source_group_id,debit_card_specializing,d_g1_primary,MP-FS+ vNext D_G1,MP-FS+,deterministic_reprocess,primary,mp_fs_plus_shared,mp_fs_plus_shared,a81ff47ee717a15ef58b9944cc4a967d006190edea98a811314b5fe001d7587c,7149,7149,1788,ceil(utf8_bytes/4)_cpu_estimate,1,0,semi_structured,key_value,insert_ignore,0,1,1,1
seed_000328,seed_000328,source_group_id,debit_card_specializing,d_only_secondary,MP-FS+ vNext D_ONLY,MP-FS+,deterministic_reprocess,secondary_ablation,mp_fs_plus_shared,mp_fs_plus_shared,a81ff47ee717a15ef58b9944cc4a967d006190edea98a811314b5fe001d7587c,7149,7149,1788,ceil(utf8_bytes/4)_cpu_estimate,1,0,semi_structured,key_value,insert_ignore,0,1,1,1
seed_000328,seed_000328,source_group_id,debit_card_specializing,full_secondary,MP-FS+ vNext FULL,MP-FS+,deterministic_reprocess,secondary_ablation,mp_fs_plus_shared,mp_fs_plus_shared,a81ff47ee717a15ef58b9944cc4a967d006190edea98a811314b5fe001d7587c,7149,7149,1788,ceil(utf8_bytes/4)_cpu_estimate,1,0,semi_structured,key_value,insert_ignore,0,1,1,1
seed_000328,seed_000328,source_group_id,debit_card_specializing,no_c_secondary,MP-FS+ vNext NO_C,MP-FS+,deterministic_reprocess,secondary_ablation,mp_fs_plus_shared,mp_fs_plus_shared,a81ff47ee717a15ef58b9944cc4a967d006190edea98a811314b5fe001d7587c,7149,7149,1788,ceil(utf8_bytes/4)_cpu_estimate,1,0,semi_structured,key_value,insert_ignore,0,1,1,1
seed_000148,seed_000148,source_group_id,codebase_community,direct,Direct,D-FS-M,generation,baseline,direct,,ece05e3ec5f188a9126be7995d9fe106d53c26e0d6e5cada99f0f2542b3f18f8,13377,13377,3345,ceil(utf8_bytes/4)_cpu_estimate,1,0,free_text,free_text,insert_ignore,0,1,1,1
seed_000148,seed_000148,source_group_id,codebase_community,j_fs,J-FS,J-FS-M,generation,baseline,j_fs,,47f147af808a58bbb95511647b1b2537a6a5f32b63a8a07eb2167e92b2a1a41e,13287,13287,3322,ceil(utf8_bytes/4)_cpu_estimate,1,0,free_text,free_text,insert_ignore,0,1,1,1
seed_000148,seed_000148,source_group_id,codebase_community,original_mp_fs_plus,Original MP-FS+,MP-FS+,deterministic_reprocess,primary_comparison_baseline,mp_fs_plus_shared,mp_fs_plus_shared,f09ce2f2fffd2ee3ff41f505d05df7761444cadb7d2748dedc15f5dc48bc8bf1,27290,27290,6823,ceil(utf8_bytes/4)_cpu_estimate,1,0,free_text,free_text,insert_ignore,0,1,1,1
seed_000148,seed_000148,source_group_id,codebase_community,d_g1_primary,MP-FS+ vNext D_G1,MP-FS+,deterministic_reprocess,primary,mp_fs_plus_shared,mp_fs_plus_shared,f09ce2f2fffd2ee3ff41f505d05df7761444cadb7d2748dedc15f5dc48bc8bf1,27290,27290,6823,ceil(utf8_bytes/4)_cpu_estimate,1,0,free_text,free_text,insert_ignore,0,1,1,1
seed_000148,seed_000148,source_group_id,codebase_community,d_only_secondary,MP-FS+ vNext D_ONLY,MP-FS+,deterministic_reprocess,secondary_ablation,mp_fs_plus_shared,mp_fs_plus_shared,f09ce2f2fffd2ee3ff41f505d05df7761444cadb7d2748dedc15f5dc48bc8bf1,27290,27290,6823,ceil(utf8_bytes/4)_cpu_estimate,1,0,free_text,free_text,insert_ignore,0,1,1,1
seed_000148,seed_000148,source_group_id,codebase_community,full_secondary,MP-FS+ vNext FULL,MP-FS+,deterministic_reprocess,secondary_ablation,mp_fs_plus_shared,mp_fs_plus_shared,f09ce2f2fffd2ee3ff41f505d05df7761444cadb7d2748dedc15f5dc48bc8bf1,27290,27290,6823,ceil(utf8_bytes/4)_cpu_estimate,1,0,free_text,free_text,insert_ignore,0,1,1,1
seed_000148,seed_000148,source_group_id,codebase_community,no_c_secondary,MP-FS+ vNext NO_C,MP-FS+,deterministic_reprocess,secondary_ablation,mp_fs_plus_shared,mp_fs_plus_shared,f09ce2f2fffd2ee3ff41f505d05df7761444cadb7d2748dedc15f5dc48bc8bf1,27290,27290,6823,ceil(utf8_bytes/4)_cpu_estimate,1,0,free_text,free_text,insert_ignore,0,1,1,1
seed_000313,seed_000313,source_group_id,debit_card_specializing,direct,Direct,D-FS-M,generation,baseline,direct,,9f8d4307bf73733025ddf5a668cd84923b9ba3921722bf9b9e5becca022ee42b,6646,6646,1662,ceil(utf8_bytes/4)_cpu_estimate,1,0,semi_structured,json_array,plain_insert,0,1,1,1
seed_000313,seed_000313,source_group_id,debit_card_specializing,j_fs,J-FS,J-FS-M,generation,baseline,j_fs,,a7e37293943be46e18996e69048ede8a941d10a6e691d45d0511fc01d801d544,6577,6577,1645,ceil(utf8_bytes/4)_cpu_estimate,1,0,semi_structured,json_array,plain_insert,0,1,1,1
seed_000313,seed_000313,source_group_id,debit_card_specializing,original_mp_fs_plus,Original MP-FS+,MP-FS+,deterministic_reprocess,primary_comparison_baseline,mp_fs_plus_shared,mp_fs_plus_shared,bbfea3bb7f51fd969c97dfd22afaa3f2c84298e2305b3f2e1bb438e4ead2cb8c,9331,9331,2333,ceil(utf8_bytes/4)_cpu_estimate,1,0,semi_structured,json_array,plain_insert,0,1,1,1
seed_000313,seed_000313,source_group_id,debit_card_specializing,d_g1_primary,MP-FS+ vNext D_G1,MP-FS+,deterministic_reprocess,primary,mp_fs_plus_shared,mp_fs_plus_shared,bbfea3bb7f51fd969c97dfd22afaa3f2c84298e2305b3f2e1bb438e4ead2cb8c,9331,9331,2333,ceil(utf8_bytes/4)_cpu_estimate,1,0,semi_structured,json_array,plain_insert,0,1,1,1
seed_000313,seed_000313,source_group_id,debit_card_specializing,d_only_secondary,MP-FS+ vNext D_ONLY,MP-FS+,deterministic_reprocess,secondary_ablation,mp_fs_plus_shared,mp_fs_plus_shared,bbfea3bb7f51fd969c97dfd22afaa3f2c84298e2305b3f2e1bb438e4ead2cb8c,9331,9331,2333,ceil(utf8_bytes/4)_cpu_estimate,1,0,semi_structured,json_array,plain_insert,0,1,1,1
seed_000313,seed_000313,source_group_id,debit_card_specializing,full_secondary,MP-FS+ vNext FULL,MP-FS+,deterministic_reprocess,secondary_ablation,mp_fs_plus_shared,mp_fs_plus_shared,bbfea3bb7f51fd969c97dfd22afaa3f2c84298e2305b3f2e1bb438e4ead2cb8c,9331,9331,2333,ceil(utf8_bytes/4)_cpu_estimate,1,0,semi_structured,json_array,plain_insert,0,1,1,1
seed_000313,seed_000313,source_group_id,debit_card_specializing,no_c_secondary,MP-FS+ vNext NO_C,MP-FS+,deterministic_reprocess,secondary_ablation,mp_fs_plus_shared,mp_fs_plus_shared,bbfea3bb7f51fd969c97dfd22afaa3f2c84298e2305b3f2e1bb438e4ead2cb8c,9331,9331,2333,ceil(utf8_bytes/4)_cpu_estimate,1,0,semi_structured,json_array,plain_insert,0,1,1,1
aug_seed_000172_relational_format_variant_001,seed_000172,source_group_id,european_football_2,direct,Direct,D-FS-M,generation,baseline,direct,,72c0dd87d34192d225a5a6db5cb50555e418ed895bfac4c87505c03d417b07b5,32733,32733,8184,ceil(utf8_bytes/4)_cpu_estimate,1,0,free_text,free_text,insert_ignore,1,1,1,1
aug_seed_000172_relational_format_variant_001,seed_000172,source_group_id,european_football_2,j_fs,J-FS,J-FS-M,generation,baseline,j_fs,,2becf5251978e08c418228e5506fd77bb987217fe5a057cc91e9837dad6f59a7,32643,32643,8161,ceil(utf8_bytes/4)_cpu_estimate,1,0,free_text,free_text,insert_ignore,1,1,1,1
aug_seed_000172_relational_format_variant_001,seed_000172,source_group_id,european_football_2,original_mp_fs_plus,Original MP-FS+,MP-FS+,deterministic_reprocess,primary_comparison_baseline,mp_fs_plus_shared,mp_fs_plus_shared,819138ce3b05774646cc0913f9bc0953bfdf54aa76e2a8f3650054d77b9e5b22,58239,58239,14560,ceil(utf8_bytes/4)_cpu_estimate,1,0,free_text,free_text,insert_ignore,1,1,1,1
aug_seed_000172_relational_format_variant_001,seed_000172,source_group_id,european_football_2,d_g1_primary,MP-FS+ vNext D_G1,MP-FS+,deterministic_reprocess,primary,mp_fs_plus_shared,mp_fs_plus_shared,819138ce3b05774646cc0913f9bc0953bfdf54aa76e2a8f3650054d77b9e5b22,58239,58239,14560,ceil(utf8_bytes/4)_cpu_estimate,1,0,free_text,free_text,insert_ignore,1,1,1,1
aug_seed_000172_relational_format_variant_001,seed_000172,source_group_id,european_football_2,d_only_secondary,MP-FS+ vNext D_ONLY,MP-FS+,deterministic_reprocess,secondary_ablation,mp_fs_plus_shared,mp_fs_plus_shared,819138ce3b05774646cc0913f9bc0953bfdf54aa76e2a8f3650054d77b9e5b22,58239,58239,14560,ceil(utf8_bytes/4)_cpu_estimate,1,0,free_text,free_text,insert_ignore,1,1,1,1
aug_seed_000172_relational_format_variant_001,seed_000172,source_group_id,european_football_2,full_secondary,MP-FS+ vNext FULL,MP-FS+,deterministic_reprocess,secondary_ablation,mp_fs_plus_shared,mp_fs_plus_shared,819138ce3b05774646cc0913f9bc0953bfdf54aa76e2a8f3650054d77b9e5b22,58239,58239,14560,ceil(utf8_bytes/4)_cpu_estimate,1,0,free_text,free_text,insert_ignore,1,1,1,1
aug_seed_000172_relational_format_variant_001,seed_000172,source_group_id,european_football_2,no_c_secondary,MP-FS+ vNext NO_C,MP-FS+,deterministic_reprocess,secondary_ablation,mp_fs_plus_shared,mp_fs_plus_shared,819138ce3b05774646cc0913f9bc0953bfdf54aa76e2a8f3650054d77b9e5b22,58239,58239,14560,ceil(utf8_bytes/4)_cpu_estimate,1,0,free_text,free_text,insert_ignore,1,1,1,1
aug_seed_000202_relational_format_variant_002,seed_000202,source_group_id,student_club,direct,Direct,D-FS-M,generation,baseline,direct,,05f207794852b962e445c37e208cc57adca2742d9f3c4732ed21daa2b639e779,15328,15328,3832,ceil(utf8_bytes/4)_cpu_estimate,1,0,semi_structured,multi_table,insert_ignore,1,1,1,1
aug_seed_000202_relational_format_variant_002,seed_000202,source_group_id,student_club,j_fs,J-FS,J-FS-M,generation,baseline,j_fs,,d51438a48189dd62525c6c58c3b46d7df19154d594530efad704babdd7e48c00,15259,15259,3815,ceil(utf8_bytes/4)_cpu_estimate,1,0,semi_structured,multi_table,insert_ignore,1,1,1,1
aug_seed_000202_relational_format_variant_002,seed_000202,source_group_id,student_club,original_mp_fs_plus,Original MP-FS+,MP-FS+,deterministic_reprocess,primary_comparison_baseline,mp_fs_plus_shared,mp_fs_plus_shared,d874d9ac2da3e9d2e542772e6c7cf793397f1b239aac8294d563e16f945fbf7d,8963,8963,2241,ceil(utf8_bytes/4)_cpu_estimate,1,0,semi_structured,multi_table,insert_ignore,1,1,1,1
aug_seed_000202_relational_format_variant_002,seed_000202,source_group_id,student_club,d_g1_primary,MP-FS+ vNext D_G1,MP-FS+,deterministic_reprocess,primary,mp_fs_plus_shared,mp_fs_plus_shared,d874d9ac2da3e9d2e542772e6c7cf793397f1b239aac8294d563e16f945fbf7d,8963,8963,2241,ceil(utf8_bytes/4)_cpu_estimate,1,0,semi_structured,multi_table,insert_ignore,1,1,1,1
aug_seed_000202_relational_format_variant_002,seed_000202,source_group_id,student_club,d_only_secondary,MP-FS+ vNext D_ONLY,MP-FS+,deterministic_reprocess,secondary_ablation,mp_fs_plus_shared,mp_fs_plus_shared,d874d9ac2da3e9d2e542772e6c7cf793397f1b239aac8294d563e16f945fbf7d,8963,8963,2241,ceil(utf8_bytes/4)_cpu_estimate,1,0,semi_structured,multi_table,insert_ignore,1,1,1,1
aug_seed_000202_relational_format_variant_002,seed_000202,source_group_id,student_club,full_secondary,MP-FS+ vNext FULL,MP-FS+,deterministic_reprocess,secondary_ablation,mp_fs_plus_shared,mp_fs_plus_shared,d874d9ac2da3e9d2e542772e6c7cf793397f1b239aac8294d563e16f945fbf7d,8963,8963,2241,ceil(utf8_bytes/4)_cpu_estimate,1,0,semi_structured,multi_table,insert_ignore,1,1,1,1
aug_seed_000202_relational_format_variant_002,seed_000202,source_group_id,student_club,no_c_secondary,MP-FS+ vNext NO_C,MP-FS+,deterministic_reprocess,secondary_ablation,mp_fs_plus_shared,mp_fs_plus_shared,d874d9ac2da3e9d2e542772e6c7cf793397f1b239aac8294d563e16f945fbf7d,8963,8963,2241,ceil(utf8_bytes/4)_cpu_estimate,1,0,semi_structured,multi_table,insert_ignore,1,1,1,1
aug_seed_000005_single_row_subset_001,seed_000005,source_group_id,financial,direct,Direct,D-FS-M,generation,baseline,direct,,84de9230150123eb14b1518117d01c91c4664f1f7232f8f55b936dc626b7f857,10053,10053,2514,ceil(utf8_bytes/4)_cpu_estimate,1,0,free_text,free_text,insert_ignore,0,1,1,1
aug_seed_000005_single_row_subset_001,seed_000005,source_group_id,financial,j_fs,J-FS,J-FS-M,generation,baseline,j_fs,,c8fd01fea6e44834ec7071d723aa0e285c82d2059cfbbe08255db3df488b5019,9963,9963,2491,ceil(utf8_bytes/4)_cpu_estimate,1,0,free_text,free_text,insert_ignore,0,1,1,1
aug_seed_000005_single_row_subset_001,seed_000005,source_group_id,financial,original_mp_fs_plus,Original MP-FS+,MP-FS+,deterministic_reprocess,primary_comparison_baseline,mp_fs_plus_shared,mp_fs_plus_shared,a82e4cbc6f897e648501dee924b5041fe3c7841bf758591e91c02e8d7e7f0f16,16781,16781,4196,ceil(utf8_bytes/4)_cpu_estimate,1,0,free_text,free_text,insert_ignore,0,1,1,1
aug_seed_000005_single_row_subset_001,seed_000005,source_group_id,financial,d_g1_primary,MP-FS+ vNext D_G1,MP-FS+,deterministic_reprocess,primary,mp_fs_plus_shared,mp_fs_plus_shared,a82e4cbc6f897e648501dee924b5041fe3c7841bf758591e91c02e8d7e7f0f16,16781,16781,4196,ceil(utf8_bytes/4)_cpu_estimate,1,0,free_text,free_text,insert_ignore,0,1,1,1
aug_seed_000005_single_row_subset_001,seed_000005,source_group_id,financial,d_only_secondary,MP-FS+ vNext D_ONLY,MP-FS+,deterministic_reprocess,secondary_ablation,mp_fs_plus_shared,mp_fs_plus_shared,a82e4cbc6f897e648501dee924b5041fe3c7841bf758591e91c02e8d7e7f0f16,16781,16781,4196,ceil(utf8_bytes/4)_cpu_estimate,1,0,free_text,free_text,insert_ignore,0,1,1,1
aug_seed_000005_single_row_subset_001,seed_000005,source_group_id,financial,full_secondary,MP-FS+ vNext FULL,MP-FS+,deterministic_reprocess,secondary_ablation,mp_fs_plus_shared,mp_fs_plus_shared,a82e4cbc6f897e648501dee924b5041fe3c7841bf758591e91c02e8d7e7f0f16,16781,16781,4196,ceil(utf8_bytes/4)_cpu_estimate,1,0,free_text,free_text,insert_ignore,0,1,1,1
aug_seed_000005_single_row_subset_001,seed_000005,source_group_id,financial,no_c_secondary,MP-FS+ vNext NO_C,MP-FS+,deterministic_reprocess,secondary_ablation,mp_fs_plus_shared,mp_fs_plus_shared,a82e4cbc6f897e648501dee924b5041fe3c7841bf758591e91c02e8d7e7f0f16,16781,16781,4196,ceil(utf8_bytes/4)_cpu_estimate,1,0,free_text,free_text,insert_ignore,0,1,1,1
aug_seed_000289_single_row_subset_001,seed_000289,source_group_id,debit_card_specializing,direct,Direct,D-FS-M,generation,baseline,direct,,549a18c978c93ef2fcf50f4ddf5081e445d3dc7a5981643a36af0b809648c10d,4893,4893,1224,ceil(utf8_bytes/4)_cpu_estimate,1,0,free_text,free_text,insert_ignore,0,1,1,1
aug_seed_000289_single_row_subset_001,seed_000289,source_group_id,debit_card_specializing,j_fs,J-FS,J-FS-M,generation,baseline,j_fs,,9d01591b57cc82d04b55a0e87fbe533a94d5d37a72417f7db55819ef23dfca65,4803,4803,1201,ceil(utf8_bytes/4)_cpu_estimate,1,0,free_text,free_text,insert_ignore,0,1,1,1
aug_seed_000289_single_row_subset_001,seed_000289,source_group_id,debit_card_specializing,original_mp_fs_plus,Original MP-FS+,MP-FS+,deterministic_reprocess,primary_comparison_baseline,mp_fs_plus_shared,mp_fs_plus_shared,03b80804e85465bf37d8827dfda077cd90d17b8fcff4cda8ef76ee09f4dfbcaa,10327,10327,2582,ceil(utf8_bytes/4)_cpu_estimate,1,0,free_text,free_text,insert_ignore,0,1,1,1
aug_seed_000289_single_row_subset_001,seed_000289,source_group_id,debit_card_specializing,d_g1_primary,MP-FS+ vNext D_G1,MP-FS+,deterministic_reprocess,primary,mp_fs_plus_shared,mp_fs_plus_shared,03b80804e85465bf37d8827dfda077cd90d17b8fcff4cda8ef76ee09f4dfbcaa,10327,10327,2582,ceil(utf8_bytes/4)_cpu_estimate,1,0,free_text,free_text,insert_ignore,0,1,1,1
aug_seed_000289_single_row_subset_001,seed_000289,source_group_id,debit_card_specializing,d_only_secondary,MP-FS+ vNext D_ONLY,MP-FS+,deterministic_reprocess,secondary_ablation,mp_fs_plus_shared,mp_fs_plus_shared,03b80804e85465bf37d8827dfda077cd90d17b8fcff4cda8ef76ee09f4dfbcaa,10327,10327,2582,ceil(utf8_bytes/4)_cpu_estimate,1,0,free_text,free_text,insert_ignore,0,1,1,1
aug_seed_000289_single_row_subset_001,seed_000289,source_group_id,debit_card_specializing,full_secondary,MP-FS+ vNext FULL,MP-FS+,deterministic_reprocess,secondary_ablation,mp_fs_plus_shared,mp_fs_plus_shared,03b80804e85465bf37d8827dfda077cd90d17b8fcff4cda8ef76ee09f4dfbcaa,10327,10327,2582,ceil(utf8_bytes/4)_cpu_estimate,1,0,free_text,free_text,insert_ignore,0,1,1,1
aug_seed_000289_single_row_subset_001,seed_000289,source_group_id,debit_card_specializing,no_c_secondary,MP-FS+ vNext NO_C,MP-FS+,deterministic_reprocess,secondary_ablation,mp_fs_plus_shared,mp_fs_plus_shared,03b80804e85465bf37d8827dfda077cd90d17b8fcff4cda8ef76ee09f4dfbcaa,10327,10327,2582,ceil(utf8_bytes/4)_cpu_estimate,1,0,free_text,free_text,insert_ignore,0,1,1,1
aug_seed_000051_single_row_subset_001,seed_000051,source_group_id,financial,direct,Direct,D-FS-M,generation,baseline,direct,,6e62676d6e6edd16cab42f92377b57b893732555b9fba81f2d8d6b1450358c14,11243,11243,2811,ceil(utf8_bytes/4)_cpu_estimate,1,0,semi_structured,markdown_table,insert_ignore,0,1,1,1
aug_seed_000051_single_row_subset_001,seed_000051,source_group_id,financial,j_fs,J-FS,J-FS-M,generation,baseline,j_fs,,e1da840489d88bee3483ea2b7fcd219d7f0ffb7ad28fa0fed7f163dba0853188,11174,11174,2794,ceil(utf8_bytes/4)_cpu_estimate,1,0,semi_structured,markdown_table,insert_ignore,0,1,1,1
aug_seed_000051_single_row_subset_001,seed_000051,source_group_id,financial,original_mp_fs_plus,Original MP-FS+,MP-FS+,deterministic_reprocess,primary_comparison_baseline,mp_fs_plus_shared,mp_fs_plus_shared,96d277cdf0e9a4175b21c5387c01e968c760ef239127254b7021d8d4e9dc3d9b,8414,8414,2104,ceil(utf8_bytes/4)_cpu_estimate,1,0,semi_structured,markdown_table,insert_ignore,0,1,1,1
aug_seed_000051_single_row_subset_001,seed_000051,source_group_id,financial,d_g1_primary,MP-FS+ vNext D_G1,MP-FS+,deterministic_reprocess,primary,mp_fs_plus_shared,mp_fs_plus_shared,96d277cdf0e9a4175b21c5387c01e968c760ef239127254b7021d8d4e9dc3d9b,8414,8414,2104,ceil(utf8_bytes/4)_cpu_estimate,1,0,semi_structured,markdown_table,insert_ignore,0,1,1,1
aug_seed_000051_single_row_subset_001,seed_000051,source_group_id,financial,d_only_secondary,MP-FS+ vNext D_ONLY,MP-FS+,deterministic_reprocess,secondary_ablation,mp_fs_plus_shared,mp_fs_plus_shared,96d277cdf0e9a4175b21c5387c01e968c760ef239127254b7021d8d4e9dc3d9b,8414,8414,2104,ceil(utf8_bytes/4)_cpu_estimate,1,0,semi_structured,markdown_table,insert_ignore,0,1,1,1
aug_seed_000051_single_row_subset_001,seed_000051,source_group_id,financial,full_secondary,MP-FS+ vNext FULL,MP-FS+,deterministic_reprocess,secondary_ablation,mp_fs_plus_shared,mp_fs_plus_shared,96d277cdf0e9a4175b21c5387c01e968c760ef239127254b7021d8d4e9dc3d9b,8414,8414,2104,ceil(utf8_bytes/4)_cpu_estimate,1,0,semi_structured,markdown_table,insert_ignore,0,1,1,1
aug_seed_000051_single_row_subset_001,seed_000051,source_group_id,financial,no_c_secondary,MP-FS+ vNext NO_C,MP-FS+,deterministic_reprocess,secondary_ablation,mp_fs_plus_shared,mp_fs_plus_shared,96d277cdf0e9a4175b21c5387c01e968c760ef239127254b7021d8d4e9dc3d9b,8414,8414,2104,ceil(utf8_bytes/4)_cpu_estimate,1,0,semi_structured,markdown_table,insert_ignore,0,1,1,1
seed_000131,seed_000131,source_group_id,california_schools,direct,Direct,D-FS-M,generation,baseline,direct,,650528b8da9f286cb54015eac7791a983266f2a2b0fbe5bbc6ee1abc544047e4,27563,27563,6891,ceil(utf8_bytes/4)_cpu_estimate,1,0,semi_structured,key_value,upsert_update,0,1,1,1
seed_000131,seed_000131,source_group_id,california_schools,j_fs,J-FS,J-FS-M,generation,baseline,j_fs,,f0251b67fd55e07f54e08daa06a784126056d8a72cbef387b212077319b904a1,27494,27494,6874,ceil(utf8_bytes/4)_cpu_estimate,1,0,semi_structured,key_value,upsert_update,0,1,1,1
seed_000131,seed_000131,source_group_id,california_schools,original_mp_fs_plus,Original MP-FS+,MP-FS+,deterministic_reprocess,primary_comparison_baseline,mp_fs_plus_shared,mp_fs_plus_shared,7039682daa6eaa121f5a0b9bcfd325674e61b25a9cf3f3d20bc77ebec89c30f9,14338,14338,3585,ceil(utf8_bytes/4)_cpu_estimate,1,0,semi_structured,key_value,upsert_update,0,1,1,1
seed_000131,seed_000131,source_group_id,california_schools,d_g1_primary,MP-FS+ vNext D_G1,MP-FS+,deterministic_reprocess,primary,mp_fs_plus_shared,mp_fs_plus_shared,7039682daa6eaa121f5a0b9bcfd325674e61b25a9cf3f3d20bc77ebec89c30f9,14338,14338,3585,ceil(utf8_bytes/4)_cpu_estimate,1,0,semi_structured,key_value,upsert_update,0,1,1,1
seed_000131,seed_000131,source_group_id,california_schools,d_only_secondary,MP-FS+ vNext D_ONLY,MP-FS+,deterministic_reprocess,secondary_ablation,mp_fs_plus_shared,mp_fs_plus_shared,7039682daa6eaa121f5a0b9bcfd325674e61b25a9cf3f3d20bc77ebec89c30f9,14338,14338,3585,ceil(utf8_bytes/4)_cpu_estimate,1,0,semi_structured,key_value,upsert_update,0,1,1,1
seed_000131,seed_000131,source_group_id,california_schools,full_secondary,MP-FS+ vNext FULL,MP-FS+,deterministic_reprocess,secondary_ablation,mp_fs_plus_shared,mp_fs_plus_shared,7039682daa6eaa121f5a0b9bcfd325674e61b25a9cf3f3d20bc77ebec89c30f9,14338,14338,3585,ceil(utf8_bytes/4)_cpu_estimate,1,0,semi_structured,key_value,upsert_update,0,1,1,1
seed_000131,seed_000131,source_group_id,california_schools,no_c_secondary,MP-FS+ vNext NO_C,MP-FS+,deterministic_reprocess,secondary_ablation,mp_fs_plus_shared,mp_fs_plus_shared,7039682daa6eaa121f5a0b9bcfd325674e61b25a9cf3f3d20bc77ebec89c30f9,14338,14338,3585,ceil(utf8_bytes/4)_cpu_estimate,1,0,semi_structured,key_value,upsert_update,0,1,1,1
aug_seed_000328_single_row_subset_001,seed_000328,source_group_id,debit_card_specializing,direct,Direct,D-FS-M,generation,baseline,direct,,af8f29bc3973403973fce8e11d92a95b0788682c0f4e3a45b16752e8da4785f4,6253,6253,1564,ceil(utf8_bytes/4)_cpu_estimate,1,0,semi_structured,json_array,insert_ignore,0,1,1,1
aug_seed_000328_single_row_subset_001,seed_000328,source_group_id,debit_card_specializing,j_fs,J-FS,J-FS-M,generation,baseline,j_fs,,7a8f53b25fc1c45d61668de660680c780843bce8a5404baf6566586604ebbd97,6184,6184,1546,ceil(utf8_bytes/4)_cpu_estimate,1,0,semi_structured,json_array,insert_ignore,0,1,1,1
aug_seed_000328_single_row_subset_001,seed_000328,source_group_id,debit_card_specializing,original_mp_fs_plus,Original MP-FS+,MP-FS+,deterministic_reprocess,primary_comparison_baseline,mp_fs_plus_shared,mp_fs_plus_shared,bf97b1880260b67e545c9077e7b352082701a4ce60dd3bea004b58701a1efd23,7165,7165,1792,ceil(utf8_bytes/4)_cpu_estimate,1,0,semi_structured,json_array,insert_ignore,0,1,1,1
aug_seed_000328_single_row_subset_001,seed_000328,source_group_id,debit_card_specializing,d_g1_primary,MP-FS+ vNext D_G1,MP-FS+,deterministic_reprocess,primary,mp_fs_plus_shared,mp_fs_plus_shared,bf97b1880260b67e545c9077e7b352082701a4ce60dd3bea004b58701a1efd23,7165,7165,1792,ceil(utf8_bytes/4)_cpu_estimate,1,0,semi_structured,json_array,insert_ignore,0,1,1,1
aug_seed_000328_single_row_subset_001,seed_000328,source_group_id,debit_card_specializing,d_only_secondary,MP-FS+ vNext D_ONLY,MP-FS+,deterministic_reprocess,secondary_ablation,mp_fs_plus_shared,mp_fs_plus_shared,bf97b1880260b67e545c9077e7b352082701a4ce60dd3bea004b58701a1efd23,7165,7165,1792,ceil(utf8_bytes/4)_cpu_estimate,1,0,semi_structured,json_array,insert_ignore,0,1,1,1
aug_seed_000328_single_row_subset_001,seed_000328,source_group_id,debit_card_specializing,full_secondary,MP-FS+ vNext FULL,MP-FS+,deterministic_reprocess,secondary_ablation,mp_fs_plus_shared,mp_fs_plus_shared,bf97b1880260b67e545c9077e7b352082701a4ce60dd3bea004b58701a1efd23,7165,7165,1792,ceil(utf8_bytes/4)_cpu_estimate,1,0,semi_structured,json_array,insert_ignore,0,1,1,1
aug_seed_000328_single_row_subset_001,seed_000328,source_group_id,debit_card_specializing,no_c_secondary,MP-FS+ vNext NO_C,MP-FS+,deterministic_reprocess,secondary_ablation,mp_fs_plus_shared,mp_fs_plus_shared,bf97b1880260b67e545c9077e7b352082701a4ce60dd3bea004b58701a1efd23,7165,7165,1792,ceil(utf8_bytes/4)_cpu_estimate,1,0,semi_structured,json_array,insert_ignore,0,1,1,1
seed_000084,seed_000084,source_group_id,california_schools,direct,Direct,D-FS-M,generation,baseline,direct,,bf134969731a7a4e9a8b4170e89e20699f70b8ff6f6a19722c6561d2de18e916,21575,21575,5394,ceil(utf8_bytes/4)_cpu_estimate,1,0,semi_structured,json_array,upsert_update,0,1,1,1
seed_000084,seed_000084,source_group_id,california_schools,j_fs,J-FS,J-FS-M,generation,baseline,j_fs,,f9bbb263f85711b2c15fd403ae6a16498b845ab6d0513803891e66d3ebad947d,21506,21506,5377,ceil(utf8_bytes/4)_cpu_estimate,1,0,semi_structured,json_array,upsert_update,0,1,1,1
seed_000084,seed_000084,source_group_id,california_schools,original_mp_fs_plus,Original MP-FS+,MP-FS+,deterministic_reprocess,primary_comparison_baseline,mp_fs_plus_shared,mp_fs_plus_shared,acfa1513c835cc595c7ac1f322fe9f2868caf633d4f0913a6b2bf1b2faf49471,19889,19889,4973,ceil(utf8_bytes/4)_cpu_estimate,1,0,semi_structured,json_array,upsert_update,0,1,1,1
seed_000084,seed_000084,source_group_id,california_schools,d_g1_primary,MP-FS+ vNext D_G1,MP-FS+,deterministic_reprocess,primary,mp_fs_plus_shared,mp_fs_plus_shared,acfa1513c835cc595c7ac1f322fe9f2868caf633d4f0913a6b2bf1b2faf49471,19889,19889,4973,ceil(utf8_bytes/4)_cpu_estimate,1,0,semi_structured,json_array,upsert_update,0,1,1,1
seed_000084,seed_000084,source_group_id,california_schools,d_only_secondary,MP-FS+ vNext D_ONLY,MP-FS+,deterministic_reprocess,secondary_ablation,mp_fs_plus_shared,mp_fs_plus_shared,acfa1513c835cc595c7ac1f322fe9f2868caf633d4f0913a6b2bf1b2faf49471,19889,19889,4973,ceil(utf8_bytes/4)_cpu_estimate,1,0,semi_structured,json_array,upsert_update,0,1,1,1
seed_000084,seed_000084,source_group_id,california_schools,full_secondary,MP-FS+ vNext FULL,MP-FS+,deterministic_reprocess,secondary_ablation,mp_fs_plus_shared,mp_fs_plus_shared,acfa1513c835cc595c7ac1f322fe9f2868caf633d4f0913a6b2bf1b2faf49471,19889,19889,4973,ceil(utf8_bytes/4)_cpu_estimate,1,0,semi_structured,json_array,upsert_update,0,1,1,1
seed_000084,seed_000084,source_group_id,california_schools,no_c_secondary,MP-FS+ vNext NO_C,MP-FS+,deterministic_reprocess,secondary_ablation,mp_fs_plus_shared,mp_fs_plus_shared,acfa1513c835cc595c7ac1f322fe9f2868caf633d4f0913a6b2bf1b2faf49471,19889,19889,4973,ceil(utf8_bytes/4)_cpu_estimate,1,0,semi_structured,json_array,upsert_update,0,1,1,1
seed_000276,seed_000276,source_group_id,student_club,direct,Direct,D-FS-M,generation,baseline,direct,,6bc0b3e419cb1601f6bc0d8e8b9630e6c0939502cdd639bebea26b5603c5663e,11592,11592,2898,ceil(utf8_bytes/4)_cpu_estimate,1,0,semi_structured,json_array,plain_insert,0,1,1,1
seed_000276,seed_000276,source_group_id,student_club,j_fs,J-FS,J-FS-M,generation,baseline,j_fs,,9ce55ac198e067cb94ef6427252a4484553861f96c9e02096f366e6ea2caae9d,11523,11523,2881,ceil(utf8_bytes/4)_cpu_estimate,1,0,semi_structured,json_array,plain_insert,0,1,1,1
seed_000276,seed_000276,source_group_id,student_club,original_mp_fs_plus,Original MP-FS+,MP-FS+,deterministic_reprocess,primary_comparison_baseline,mp_fs_plus_shared,mp_fs_plus_shared,932389cc713b72cdd7faaaf29990b976b210d38eff2cba01be52c6d9c12fde61,15657,15657,3915,ceil(utf8_bytes/4)_cpu_estimate,1,0,semi_structured,json_array,plain_insert,0,1,1,1
seed_000276,seed_000276,source_group_id,student_club,d_g1_primary,MP-FS+ vNext D_G1,MP-FS+,deterministic_reprocess,primary,mp_fs_plus_shared,mp_fs_plus_shared,932389cc713b72cdd7faaaf29990b976b210d38eff2cba01be52c6d9c12fde61,15657,15657,3915,ceil(utf8_bytes/4)_cpu_estimate,1,0,semi_structured,json_array,plain_insert,0,1,1,1
seed_000276,seed_000276,source_group_id,student_club,d_only_secondary,MP-FS+ vNext D_ONLY,MP-FS+,deterministic_reprocess,secondary_ablation,mp_fs_plus_shared,mp_fs_plus_shared,932389cc713b72cdd7faaaf29990b976b210d38eff2cba01be52c6d9c12fde61,15657,15657,3915,ceil(utf8_bytes/4)_cpu_estimate,1,0,semi_structured,json_array,plain_insert,0,1,1,1
seed_000276,seed_000276,source_group_id,student_club,full_secondary,MP-FS+ vNext FULL,MP-FS+,deterministic_reprocess,secondary_ablation,mp_fs_plus_shared,mp_fs_plus_shared,932389cc713b72cdd7faaaf29990b976b210d38eff2cba01be52c6d9c12fde61,15657,15657,3915,ceil(utf8_bytes/4)_cpu_estimate,1,0,semi_structured,json_array,plain_insert,0,1,1,1
seed_000276,seed_000276,source_group_id,student_club,no_c_secondary,MP-FS+ vNext NO_C,MP-FS+,deterministic_reprocess,secondary_ablation,mp_fs_plus_shared,mp_fs_plus_shared,932389cc713b72cdd7faaaf29990b976b210d38eff2cba01be52c6d9c12fde61,15657,15657,3915,ceil(utf8_bytes/4)_cpu_estimate,1,0,semi_structured,json_array,plain_insert,0,1,1,1
aug_seed_000321_single_row_subset_001,seed_000321,source_group_id,debit_card_specializing,direct,Direct,D-FS-M,generation,baseline,direct,,04935f828c4cb213165a8f35fe634bcfb47e00d92a30b4f01cfb79a0f05d04a1,5050,5050,1263,ceil(utf8_bytes/4)_cpu_estimate,1,0,free_text,free_text,insert_ignore,0,1,1,1
aug_seed_000321_single_row_subset_001,seed_000321,source_group_id,debit_card_specializing,j_fs,J-FS,J-FS-M,generation,baseline,j_fs,,5d895d463ec6644cf22287ca9682892ed138f012ed2300a50beb0365ad2749c1,4960,4960,1240,ceil(utf8_bytes/4)_cpu_estimate,1,0,free_text,free_text,insert_ignore,0,1,1,1
aug_seed_000321_single_row_subset_001,seed_000321,source_group_id,debit_card_specializing,original_mp_fs_plus,Original MP-FS+,MP-FS+,deterministic_reprocess,primary_comparison_baseline,mp_fs_plus_shared,mp_fs_plus_shared,64b8f579d8b8a6dcc4bd078c42425770137b668349db74d42ba8184ecd809845,10981,10981,2746,ceil(utf8_bytes/4)_cpu_estimate,1,0,free_text,free_text,insert_ignore,0,1,1,1
aug_seed_000321_single_row_subset_001,seed_000321,source_group_id,debit_card_specializing,d_g1_primary,MP-FS+ vNext D_G1,MP-FS+,deterministic_reprocess,primary,mp_fs_plus_shared,mp_fs_plus_shared,64b8f579d8b8a6dcc4bd078c42425770137b668349db74d42ba8184ecd809845,10981,10981,2746,ceil(utf8_bytes/4)_cpu_estimate,1,0,free_text,free_text,insert_ignore,0,1,1,1
aug_seed_000321_single_row_subset_001,seed_000321,source_group_id,debit_card_specializing,d_only_secondary,MP-FS+ vNext D_ONLY,MP-FS+,deterministic_reprocess,secondary_ablation,mp_fs_plus_shared,mp_fs_plus_shared,64b8f579d8b8a6dcc4bd078c42425770137b668349db74d42ba8184ecd809845,10981,10981,2746,ceil(utf8_bytes/4)_cpu_estimate,1,0,free_text,free_text,insert_ignore,0,1,1,1
aug_seed_000321_single_row_subset_001,seed_000321,source_group_id,debit_card_specializing,full_secondary,MP-FS+ vNext FULL,MP-FS+,deterministic_reprocess,secondary_ablation,mp_fs_plus_shared,mp_fs_plus_shared,64b8f579d8b8a6dcc4bd078c42425770137b668349db74d42ba8184ecd809845,10981,10981,2746,ceil(utf8_bytes/4)_cpu_estimate,1,0,free_text,free_text,insert_ignore,0,1,1,1
aug_seed_000321_single_row_subset_001,seed_000321,source_group_id,debit_card_specializing,no_c_secondary,MP-FS+ vNext NO_C,MP-FS+,deterministic_reprocess,secondary_ablation,mp_fs_plus_shared,mp_fs_plus_shared,64b8f579d8b8a6dcc4bd078c42425770137b668349db74d42ba8184ecd809845,10981,10981,2746,ceil(utf8_bytes/4)_cpu_estimate,1,0,free_text,free_text,insert_ignore,0,1,1,1
aug_seed_000112_relational_format_variant_003,seed_000112,source_group_id,toxicology,direct,Direct,D-FS-M,generation,baseline,direct,,4ef7da4de9f3d703e7daa7d795725c265d4d105871885ad34a79bbef8abfa175,7282,7282,1821,ceil(utf8_bytes/4)_cpu_estimate,1,0,semi_structured,multi_table,insert_ignore,1,1,1,1
aug_seed_000112_relational_format_variant_003,seed_000112,source_group_id,toxicology,j_fs,J-FS,J-FS-M,generation,baseline,j_fs,,9aa333fddcb774769b4638c1168a9ecced01653fdb557c98d271960c0d1b3ab6,7213,7213,1804,ceil(utf8_bytes/4)_cpu_estimate,1,0,semi_structured,multi_table,insert_ignore,1,1,1,1
aug_seed_000112_relational_format_variant_003,seed_000112,source_group_id,toxicology,original_mp_fs_plus,Original MP-FS+,MP-FS+,deterministic_reprocess,primary_comparison_baseline,mp_fs_plus_shared,mp_fs_plus_shared,5b6a88135c3e9e3a8e377eb95686ccbe54b13c5366217e2ceac1745dbe156d53,11446,11446,2862,ceil(utf8_bytes/4)_cpu_estimate,1,0,semi_structured,multi_table,insert_ignore,1,1,1,1
aug_seed_000112_relational_format_variant_003,seed_000112,source_group_id,toxicology,d_g1_primary,MP-FS+ vNext D_G1,MP-FS+,deterministic_reprocess,primary,mp_fs_plus_shared,mp_fs_plus_shared,5b6a88135c3e9e3a8e377eb95686ccbe54b13c5366217e2ceac1745dbe156d53,11446,11446,2862,ceil(utf8_bytes/4)_cpu_estimate,1,0,semi_structured,multi_table,insert_ignore,1,1,1,1
aug_seed_000112_relational_format_variant_003,seed_000112,source_group_id,toxicology,d_only_secondary,MP-FS+ vNext D_ONLY,MP-FS+,deterministic_reprocess,secondary_ablation,mp_fs_plus_shared,mp_fs_plus_shared,5b6a88135c3e9e3a8e377eb95686ccbe54b13c5366217e2ceac1745dbe156d53,11446,11446,2862,ceil(utf8_bytes/4)_cpu_estimate,1,0,semi_structured,multi_table,insert_ignore,1,1,1,1
aug_seed_000112_relational_format_variant_003,seed_000112,source_group_id,toxicology,full_secondary,MP-FS+ vNext FULL,MP-FS+,deterministic_reprocess,secondary_ablation,mp_fs_plus_shared,mp_fs_plus_shared,5b6a88135c3e9e3a8e377eb95686ccbe54b13c5366217e2ceac1745dbe156d53,11446,11446,2862,ceil(utf8_bytes/4)_cpu_estimate,1,0,semi_structured,multi_table,insert_ignore,1,1,1,1
aug_seed_000112_relational_format_variant_003,seed_000112,source_group_id,toxicology,no_c_secondary,MP-FS+ vNext NO_C,MP-FS+,deterministic_reprocess,secondary_ablation,mp_fs_plus_shared,mp_fs_plus_shared,5b6a88135c3e9e3a8e377eb95686ccbe54b13c5366217e2ceac1745dbe156d53,11446,11446,2862,ceil(utf8_bytes/4)_cpu_estimate,1,0,semi_structured,multi_table,insert_ignore,1,1,1,1
aug_seed_000128_single_row_subset_001,seed_000128,source_group_id,superhero,direct,Direct,D-FS-M,generation,baseline,direct,,cf6db98ed687f09948d482919a1af00b5898df11def97d8c936e22cc73d37bba,7658,7658,1915,ceil(utf8_bytes/4)_cpu_estimate,1,0,free_text,free_text,insert_ignore,0,1,1,1
aug_seed_000128_single_row_subset_001,seed_000128,source_group_id,superhero,j_fs,J-FS,J-FS-M,generation,baseline,j_fs,,ce073ab421e65150fb76453078b56ecf9a277de755b0310c6185e5dd06101e91,7568,7568,1892,ceil(utf8_bytes/4)_cpu_estimate,1,0,free_text,free_text,insert_ignore,0,1,1,1
aug_seed_000128_single_row_subset_001,seed_000128,source_group_id,superhero,original_mp_fs_plus,Original MP-FS+,MP-FS+,deterministic_reprocess,primary_comparison_baseline,mp_fs_plus_shared,mp_fs_plus_shared,5b42b5f5318421bd21721f6559ae97ee47b8d09be031d7a08ff806cb438bffce,14145,14145,3537,ceil(utf8_bytes/4)_cpu_estimate,1,0,free_text,free_text,insert_ignore,0,1,1,1
aug_seed_000128_single_row_subset_001,seed_000128,source_group_id,superhero,d_g1_primary,MP-FS+ vNext D_G1,MP-FS+,deterministic_reprocess,primary,mp_fs_plus_shared,mp_fs_plus_shared,5b42b5f5318421bd21721f6559ae97ee47b8d09be031d7a08ff806cb438bffce,14145,14145,3537,ceil(utf8_bytes/4)_cpu_estimate,1,0,free_text,free_text,insert_ignore,0,1,1,1
aug_seed_000128_single_row_subset_001,seed_000128,source_group_id,superhero,d_only_secondary,MP-FS+ vNext D_ONLY,MP-FS+,deterministic_reprocess,secondary_ablation,mp_fs_plus_shared,mp_fs_plus_shared,5b42b5f5318421bd21721f6559ae97ee47b8d09be031d7a08ff806cb438bffce,14145,14145,3537,ceil(utf8_bytes/4)_cpu_estimate,1,0,free_text,free_text,insert_ignore,0,1,1,1
aug_seed_000128_single_row_subset_001,seed_000128,source_group_id,superhero,full_secondary,MP-FS+ vNext FULL,MP-FS+,deterministic_reprocess,secondary_ablation,mp_fs_plus_shared,mp_fs_plus_shared,5b42b5f5318421bd21721f6559ae97ee47b8d09be031d7a08ff806cb438bffce,14145,14145,3537,ceil(utf8_bytes/4)_cpu_estimate,1,0,free_text,free_text,insert_ignore,0,1,1,1
aug_seed_000128_single_row_subset_001,seed_000128,source_group_id,superhero,no_c_secondary,MP-FS+ vNext NO_C,MP-FS+,deterministic_reprocess,secondary_ablation,mp_fs_plus_shared,mp_fs_plus_shared,5b42b5f5318421bd21721f6559ae97ee47b8d09be031d7a08ff806cb438bffce,14145,14145,3537,ceil(utf8_bytes/4)_cpu_estimate,1,0,free_text,free_text,insert_ignore,0,1,1,1
seed_000092,seed_000092,source_group_id,financial,direct,Direct,D-FS-M,generation,baseline,direct,,2c976cd3e8c47758e3e6baf93d57f37f06f158330830b103cfdfee23697249d7,11685,11685,2922,ceil(utf8_bytes/4)_cpu_estimate,1,0,semi_structured,json_array,plain_insert,0,1,1,1
seed_000092,seed_000092,source_group_id,financial,j_fs,J-FS,J-FS-M,generation,baseline,j_fs,,c7f2c75428faaf6a639ee0be18cf2c174141e9485f8e53542c198368885ebdc9,11616,11616,2904,ceil(utf8_bytes/4)_cpu_estimate,1,0,semi_structured,json_array,plain_insert,0,1,1,1
seed_000092,seed_000092,source_group_id,financial,original_mp_fs_plus,Original MP-FS+,MP-FS+,deterministic_reprocess,primary_comparison_baseline,mp_fs_plus_shared,mp_fs_plus_shared,ebb2197aed018b57bdd3ebeca8041fa722481a69c6ef1fb3539467719d114285,14783,14783,3696,ceil(utf8_bytes/4)_cpu_estimate,1,0,semi_structured,json_array,plain_insert,0,1,1,1
seed_000092,seed_000092,source_group_id,financial,d_g1_primary,MP-FS+ vNext D_G1,MP-FS+,deterministic_reprocess,primary,mp_fs_plus_shared,mp_fs_plus_shared,ebb2197aed018b57bdd3ebeca8041fa722481a69c6ef1fb3539467719d114285,14783,14783,3696,ceil(utf8_bytes/4)_cpu_estimate,1,0,semi_structured,json_array,plain_insert,0,1,1,1
seed_000092,seed_000092,source_group_id,financial,d_only_secondary,MP-FS+ vNext D_ONLY,MP-FS+,deterministic_reprocess,secondary_ablation,mp_fs_plus_shared,mp_fs_plus_shared,ebb2197aed018b57bdd3ebeca8041fa722481a69c6ef1fb3539467719d114285,14783,14783,3696,ceil(utf8_bytes/4)_cpu_estimate,1,0,semi_structured,json_array,plain_insert,0,1,1,1
seed_000092,seed_000092,source_group_id,financial,full_secondary,MP-FS+ vNext FULL,MP-FS+,deterministic_reprocess,secondary_ablation,mp_fs_plus_shared,mp_fs_plus_shared,ebb2197aed018b57bdd3ebeca8041fa722481a69c6ef1fb3539467719d114285,14783,14783,3696,ceil(utf8_bytes/4)_cpu_estimate,1,0,semi_structured,json_array,plain_insert,0,1,1,1
seed_000092,seed_000092,source_group_id,financial,no_c_secondary,MP-FS+ vNext NO_C,MP-FS+,deterministic_reprocess,secondary_ablation,mp_fs_plus_shared,mp_fs_plus_shared,ebb2197aed018b57bdd3ebeca8041fa722481a69c6ef1fb3539467719d114285,14783,14783,3696,ceil(utf8_bytes/4)_cpu_estimate,1,0,semi_structured,json_array,plain_insert,0,1,1,1
aug_seed_000334_single_row_subset_001,seed_000334,source_group_id,financial,direct,Direct,D-FS-M,generation,baseline,direct,,41c36c1f8d61940b855d1f1f271db06612073f70f36e8f02abd8d8e140d296bb,9834,9834,2459,ceil(utf8_bytes/4)_cpu_estimate,1,0,free_text,free_text,insert_ignore,0,1,1,1
aug_seed_000334_single_row_subset_001,seed_000334,source_group_id,financial,j_fs,J-FS,J-FS-M,generation,baseline,j_fs,,96d9d94aced155bed19c0ea2bfc6412f41d0a2fd7ac7964f7a4516b2c1322cdf,9744,9744,2436,ceil(utf8_bytes/4)_cpu_estimate,1,0,free_text,free_text,insert_ignore,0,1,1,1
aug_seed_000334_single_row_subset_001,seed_000334,source_group_id,financial,original_mp_fs_plus,Original MP-FS+,MP-FS+,deterministic_reprocess,primary_comparison_baseline,mp_fs_plus_shared,mp_fs_plus_shared,ddedfce919d76cdcf652f9172eb23baf04d207de14bb6c9bc97359d182d8456f,14327,14327,3582,ceil(utf8_bytes/4)_cpu_estimate,1,0,free_text,free_text,insert_ignore,0,1,1,1
aug_seed_000334_single_row_subset_001,seed_000334,source_group_id,financial,d_g1_primary,MP-FS+ vNext D_G1,MP-FS+,deterministic_reprocess,primary,mp_fs_plus_shared,mp_fs_plus_shared,ddedfce919d76cdcf652f9172eb23baf04d207de14bb6c9bc97359d182d8456f,14327,14327,3582,ceil(utf8_bytes/4)_cpu_estimate,1,0,free_text,free_text,insert_ignore,0,1,1,1
aug_seed_000334_single_row_subset_001,seed_000334,source_group_id,financial,d_only_secondary,MP-FS+ vNext D_ONLY,MP-FS+,deterministic_reprocess,secondary_ablation,mp_fs_plus_shared,mp_fs_plus_shared,ddedfce919d76cdcf652f9172eb23baf04d207de14bb6c9bc97359d182d8456f,14327,14327,3582,ceil(utf8_bytes/4)_cpu_estimate,1,0,free_text,free_text,insert_ignore,0,1,1,1
aug_seed_000334_single_row_subset_001,seed_000334,source_group_id,financial,full_secondary,MP-FS+ vNext FULL,MP-FS+,deterministic_reprocess,secondary_ablation,mp_fs_plus_shared,mp_fs_plus_shared,ddedfce919d76cdcf652f9172eb23baf04d207de14bb6c9bc97359d182d8456f,14327,14327,3582,ceil(utf8_bytes/4)_cpu_estimate,1,0,free_text,free_text,insert_ignore,0,1,1,1
aug_seed_000334_single_row_subset_001,seed_000334,source_group_id,financial,no_c_secondary,MP-FS+ vNext NO_C,MP-FS+,deterministic_reprocess,secondary_ablation,mp_fs_plus_shared,mp_fs_plus_shared,ddedfce919d76cdcf652f9172eb23baf04d207de14bb6c9bc97359d182d8456f,14327,14327,3582,ceil(utf8_bytes/4)_cpu_estimate,1,0,free_text,free_text,insert_ignore,0,1,1,1
seed_000353,seed_000353,source_group_id,student_club,direct,Direct,D-FS-M,generation,baseline,direct,,dd9b1646467c75b15308f0d2c1950e9a412ce710daca6982aa4d5b6e7dad6261,14017,14017,3505,ceil(utf8_bytes/4)_cpu_estimate,1,0,semi_structured,json_array,plain_insert,0,1,1,1
seed_000353,seed_000353,source_group_id,student_club,j_fs,J-FS,J-FS-M,generation,baseline,j_fs,,9ea7278643d3934893822efb73621eaf2c3f22952c3b2a913a0a08990e798ea7,13948,13948,3487,ceil(utf8_bytes/4)_cpu_estimate,1,0,semi_structured,json_array,plain_insert,0,1,1,1
seed_000353,seed_000353,source_group_id,student_club,original_mp_fs_plus,Original MP-FS+,MP-FS+,deterministic_reprocess,primary_comparison_baseline,mp_fs_plus_shared,mp_fs_plus_shared,6c13db29fd6bbdec9363565d1694d684ed1903479d93256d404dd999d9a3c77a,15732,15732,3933,ceil(utf8_bytes/4)_cpu_estimate,1,0,semi_structured,json_array,plain_insert,0,1,1,1
seed_000353,seed_000353,source_group_id,student_club,d_g1_primary,MP-FS+ vNext D_G1,MP-FS+,deterministic_reprocess,primary,mp_fs_plus_shared,mp_fs_plus_shared,6c13db29fd6bbdec9363565d1694d684ed1903479d93256d404dd999d9a3c77a,15732,15732,3933,ceil(utf8_bytes/4)_cpu_estimate,1,0,semi_structured,json_array,plain_insert,0,1,1,1
seed_000353,seed_000353,source_group_id,student_club,d_only_secondary,MP-FS+ vNext D_ONLY,MP-FS+,deterministic_reprocess,secondary_ablation,mp_fs_plus_shared,mp_fs_plus_shared,6c13db29fd6bbdec9363565d1694d684ed1903479d93256d404dd999d9a3c77a,15732,15732,3933,ceil(utf8_bytes/4)_cpu_estimate,1,0,semi_structured,json_array,plain_insert,0,1,1,1
seed_000353,seed_000353,source_group_id,student_club,full_secondary,MP-FS+ vNext FULL,MP-FS+,deterministic_reprocess,secondary_ablation,mp_fs_plus_shared,mp_fs_plus_shared,6c13db29fd6bbdec9363565d1694d684ed1903479d93256d404dd999d9a3c77a,15732,15732,3933,ceil(utf8_bytes/4)_cpu_estimate,1,0,semi_structured,json_array,plain_insert,0,1,1,1
seed_000353,seed_000353,source_group_id,student_club,no_c_secondary,MP-FS+ vNext NO_C,MP-FS+,deterministic_reprocess,secondary_ablation,mp_fs_plus_shared,mp_fs_plus_shared,6c13db29fd6bbdec9363565d1694d684ed1903479d93256d404dd999d9a3c77a,15732,15732,3933,ceil(utf8_bytes/4)_cpu_estimate,1,0,semi_structured,json_array,plain_insert,0,1,1,1
seed_000271,seed_000271,source_group_id,financial,direct,Direct,D-FS-M,generation,baseline,direct,,febd6e905b413189053748badfa6a54d863a4c220774f96c8fc284f9cc3198dc,12134,12140,3035,ceil(utf8_bytes/4)_cpu_estimate,1,0,semi_structured,json_array,plain_insert,0,1,1,1
seed_000271,seed_000271,source_group_id,financial,j_fs,J-FS,J-FS-M,generation,baseline,j_fs,,74bfa83d98d94f9f23f203e7a8b00c1aa1edb64a770bcab1fbc7d6ae1d13b94e,12065,12071,3018,ceil(utf8_bytes/4)_cpu_estimate,1,0,semi_structured,json_array,plain_insert,0,1,1,1
seed_000271,seed_000271,source_group_id,financial,original_mp_fs_plus,Original MP-FS+,MP-FS+,deterministic_reprocess,primary_comparison_baseline,mp_fs_plus_shared,mp_fs_plus_shared,97791d0e0731b4964f3d44a716266d034e67f14a16f6248d8cca5c5f5daaa4b5,15205,15205,3802,ceil(utf8_bytes/4)_cpu_estimate,1,0,semi_structured,json_array,plain_insert,0,1,1,1
seed_000271,seed_000271,source_group_id,financial,d_g1_primary,MP-FS+ vNext D_G1,MP-FS+,deterministic_reprocess,primary,mp_fs_plus_shared,mp_fs_plus_shared,97791d0e0731b4964f3d44a716266d034e67f14a16f6248d8cca5c5f5daaa4b5,15205,15205,3802,ceil(utf8_bytes/4)_cpu_estimate,1,0,semi_structured,json_array,plain_insert,0,1,1,1
seed_000271,seed_000271,source_group_id,financial,d_only_secondary,MP-FS+ vNext D_ONLY,MP-FS+,deterministic_reprocess,secondary_ablation,mp_fs_plus_shared,mp_fs_plus_shared,97791d0e0731b4964f3d44a716266d034e67f14a16f6248d8cca5c5f5daaa4b5,15205,15205,3802,ceil(utf8_bytes/4)_cpu_estimate,1,0,semi_structured,json_array,plain_insert,0,1,1,1
seed_000271,seed_000271,source_group_id,financial,full_secondary,MP-FS+ vNext FULL,MP-FS+,deterministic_reprocess,secondary_ablation,mp_fs_plus_shared,mp_fs_plus_shared,97791d0e0731b4964f3d44a716266d034e67f14a16f6248d8cca5c5f5daaa4b5,15205,15205,3802,ceil(utf8_bytes/4)_cpu_estimate,1,0,semi_structured,json_array,plain_insert,0,1,1,1
seed_000271,seed_000271,source_group_id,financial,no_c_secondary,MP-FS+ vNext NO_C,MP-FS+,deterministic_reprocess,secondary_ablation,mp_fs_plus_shared,mp_fs_plus_shared,97791d0e0731b4964f3d44a716266d034e67f14a16f6248d8cca5c5f5daaa4b5,15205,15205,3802,ceil(utf8_bytes/4)_cpu_estimate,1,0,semi_structured,json_array,plain_insert,0,1,1,1
aug_seed_000293_relational_format_variant_003,seed_000293,source_group_id,student_club,direct,Direct,D-FS-M,generation,baseline,direct,,577b545f14ddcff83eec1c8ad1f9364ff760cf79d698be83425af1b0f0496f29,11030,11030,2758,ceil(utf8_bytes/4)_cpu_estimate,1,0,semi_structured,multi_table,insert_ignore,1,1,1,1
aug_seed_000293_relational_format_variant_003,seed_000293,source_group_id,student_club,j_fs,J-FS,J-FS-M,generation,baseline,j_fs,,54c40717cd31a24d10bd88e6c1dee2444cccef7adf3ed54b48b0ec90ac25fa87,10961,10961,2741,ceil(utf8_bytes/4)_cpu_estimate,1,0,semi_structured,multi_table,insert_ignore,1,1,1,1
aug_seed_000293_relational_format_variant_003,seed_000293,source_group_id,student_club,original_mp_fs_plus,Original MP-FS+,MP-FS+,deterministic_reprocess,primary_comparison_baseline,mp_fs_plus_shared,mp_fs_plus_shared,d50d288171188b1c718af90e506607d7a9371337dec08057751cb93dbf116aa0,10593,10593,2649,ceil(utf8_bytes/4)_cpu_estimate,1,0,semi_structured,multi_table,insert_ignore,1,1,1,1
aug_seed_000293_relational_format_variant_003,seed_000293,source_group_id,student_club,d_g1_primary,MP-FS+ vNext D_G1,MP-FS+,deterministic_reprocess,primary,mp_fs_plus_shared,mp_fs_plus_shared,d50d288171188b1c718af90e506607d7a9371337dec08057751cb93dbf116aa0,10593,10593,2649,ceil(utf8_bytes/4)_cpu_estimate,1,0,semi_structured,multi_table,insert_ignore,1,1,1,1
aug_seed_000293_relational_format_variant_003,seed_000293,source_group_id,student_club,d_only_secondary,MP-FS+ vNext D_ONLY,MP-FS+,deterministic_reprocess,secondary_ablation,mp_fs_plus_shared,mp_fs_plus_shared,d50d288171188b1c718af90e506607d7a9371337dec08057751cb93dbf116aa0,10593,10593,2649,ceil(utf8_bytes/4)_cpu_estimate,1,0,semi_structured,multi_table,insert_ignore,1,1,1,1
aug_seed_000293_relational_format_variant_003,seed_000293,source_group_id,student_club,full_secondary,MP-FS+ vNext FULL,MP-FS+,deterministic_reprocess,secondary_ablation,mp_fs_plus_shared,mp_fs_plus_shared,d50d288171188b1c718af90e506607d7a9371337dec08057751cb93dbf116aa0,10593,10593,2649,ceil(utf8_bytes/4)_cpu_estimate,1,0,semi_structured,multi_table,insert_ignore,1,1,1,1
aug_seed_000293_relational_format_variant_003,seed_000293,source_group_id,student_club,no_c_secondary,MP-FS+ vNext NO_C,MP-FS+,deterministic_reprocess,secondary_ablation,mp_fs_plus_shared,mp_fs_plus_shared,d50d288171188b1c718af90e506607d7a9371337dec08057751cb93dbf116aa0,10593,10593,2649,ceil(utf8_bytes/4)_cpu_estimate,1,0,semi_structured,multi_table,insert_ignore,1,1,1,1
seed_000264,seed_000264,source_group_id,financial,direct,Direct,D-FS-M,generation,baseline,direct,,ed675f64e6f9769db1a759579c6c2c9c73f75c1e88c011409a3c9e9383318cc4,11260,11260,2815,ceil(utf8_bytes/4)_cpu_estimate,1,0,semi_structured,json_object,insert_ignore,0,1,1,1
seed_000264,seed_000264,source_group_id,financial,j_fs,J-FS,J-FS-M,generation,baseline,j_fs,,0ce80ebf9e07d3f478c5e396d841f363e65dcc412ca35ae216c38726c0c7c6b0,11191,11191,2798,ceil(utf8_bytes/4)_cpu_estimate,1,0,semi_structured,json_object,insert_ignore,0,1,1,1
seed_000264,seed_000264,source_group_id,financial,original_mp_fs_plus,Original MP-FS+,MP-FS+,deterministic_reprocess,primary_comparison_baseline,mp_fs_plus_shared,mp_fs_plus_shared,0a79a4ec6869ac078173061a06566fbeaccdeda11cdef0f2430f57f47ddad11c,9381,9381,2346,ceil(utf8_bytes/4)_cpu_estimate,1,0,semi_structured,json_object,insert_ignore,0,1,1,1
seed_000264,seed_000264,source_group_id,financial,d_g1_primary,MP-FS+ vNext D_G1,MP-FS+,deterministic_reprocess,primary,mp_fs_plus_shared,mp_fs_plus_shared,0a79a4ec6869ac078173061a06566fbeaccdeda11cdef0f2430f57f47ddad11c,9381,9381,2346,ceil(utf8_bytes/4)_cpu_estimate,1,0,semi_structured,json_object,insert_ignore,0,1,1,1
seed_000264,seed_000264,source_group_id,financial,d_only_secondary,MP-FS+ vNext D_ONLY,MP-FS+,deterministic_reprocess,secondary_ablation,mp_fs_plus_shared,mp_fs_plus_shared,0a79a4ec6869ac078173061a06566fbeaccdeda11cdef0f2430f57f47ddad11c,9381,9381,2346,ceil(utf8_bytes/4)_cpu_estimate,1,0,semi_structured,json_object,insert_ignore,0,1,1,1
seed_000264,seed_000264,source_group_id,financial,full_secondary,MP-FS+ vNext FULL,MP-FS+,deterministic_reprocess,secondary_ablation,mp_fs_plus_shared,mp_fs_plus_shared,0a79a4ec6869ac078173061a06566fbeaccdeda11cdef0f2430f57f47ddad11c,9381,9381,2346,ceil(utf8_bytes/4)_cpu_estimate,1,0,semi_structured,json_object,insert_ignore,0,1,1,1
seed_000264,seed_000264,source_group_id,financial,no_c_secondary,MP-FS+ vNext NO_C,MP-FS+,deterministic_reprocess,secondary_ablation,mp_fs_plus_shared,mp_fs_plus_shared,0a79a4ec6869ac078173061a06566fbeaccdeda11cdef0f2430f57f47ddad11c,9381,9381,2346,ceil(utf8_bytes/4)_cpu_estimate,1,0,semi_structured,json_object,insert_ignore,0,1,1,1
seed_000079,seed_000079,source_group_id,debit_card_specializing,direct,Direct,D-FS-M,generation,baseline,direct,,f77e44d982d8f53a25fe907c64451af5303aa245d2ad82c86ae1f2aa7de2905d,6476,6476,1619,ceil(utf8_bytes/4)_cpu_estimate,1,0,semi_structured,json_array,plain_insert,0,1,1,1
seed_000079,seed_000079,source_group_id,debit_card_specializing,j_fs,J-FS,J-FS-M,generation,baseline,j_fs,,9de5c2c83d9bbc6a82a0fe890bfcc195f08c1642ab9d5e245ca21aba3a4bee88,6407,6407,1602,ceil(utf8_bytes/4)_cpu_estimate,1,0,semi_structured,json_array,plain_insert,0,1,1,1
seed_000079,seed_000079,source_group_id,debit_card_specializing,original_mp_fs_plus,Original MP-FS+,MP-FS+,deterministic_reprocess,primary_comparison_baseline,mp_fs_plus_shared,mp_fs_plus_shared,045e2e3a124397137c8fb8fabb49adca0925cfb3b2180a847fc9e0febcf57107,9239,9239,2310,ceil(utf8_bytes/4)_cpu_estimate,1,0,semi_structured,json_array,plain_insert,0,1,1,1
seed_000079,seed_000079,source_group_id,debit_card_specializing,d_g1_primary,MP-FS+ vNext D_G1,MP-FS+,deterministic_reprocess,primary,mp_fs_plus_shared,mp_fs_plus_shared,045e2e3a124397137c8fb8fabb49adca0925cfb3b2180a847fc9e0febcf57107,9239,9239,2310,ceil(utf8_bytes/4)_cpu_estimate,1,0,semi_structured,json_array,plain_insert,0,1,1,1
seed_000079,seed_000079,source_group_id,debit_card_specializing,d_only_secondary,MP-FS+ vNext D_ONLY,MP-FS+,deterministic_reprocess,secondary_ablation,mp_fs_plus_shared,mp_fs_plus_shared,045e2e3a124397137c8fb8fabb49adca0925cfb3b2180a847fc9e0febcf57107,9239,9239,2310,ceil(utf8_bytes/4)_cpu_estimate,1,0,semi_structured,json_array,plain_insert,0,1,1,1
seed_000079,seed_000079,source_group_id,debit_card_specializing,full_secondary,MP-FS+ vNext FULL,MP-FS+,deterministic_reprocess,secondary_ablation,mp_fs_plus_shared,mp_fs_plus_shared,045e2e3a124397137c8fb8fabb49adca0925cfb3b2180a847fc9e0febcf57107,9239,9239,2310,ceil(utf8_bytes/4)_cpu_estimate,1,0,semi_structured,json_array,plain_insert,0,1,1,1
seed_000079,seed_000079,source_group_id,debit_card_specializing,no_c_secondary,MP-FS+ vNext NO_C,MP-FS+,deterministic_reprocess,secondary_ablation,mp_fs_plus_shared,mp_fs_plus_shared,045e2e3a124397137c8fb8fabb49adca0925cfb3b2180a847fc9e0febcf57107,9239,9239,2310,ceil(utf8_bytes/4)_cpu_estimate,1,0,semi_structured,json_array,plain_insert,0,1,1,1
aug_seed_000314_single_row_subset_001,seed_000314,source_group_id,financial,direct,Direct,D-FS-M,generation,baseline,direct,,f364ef059673fdce402a2fea6e46a26c839da7a19e235f971e0e8a323656aea2,9848,9848,2462,ceil(utf8_bytes/4)_cpu_estimate,1,0,free_text,free_text,insert_ignore,0,1,1,1
aug_seed_000314_single_row_subset_001,seed_000314,source_group_id,financial,j_fs,J-FS,J-FS-M,generation,baseline,j_fs,,c1371bcfa84b6266caad85b5d04acb360107e6282976bbdcb9dc775d51c5c642,9758,9758,2440,ceil(utf8_bytes/4)_cpu_estimate,1,0,free_text,free_text,insert_ignore,0,1,1,1
aug_seed_000314_single_row_subset_001,seed_000314,source_group_id,financial,original_mp_fs_plus,Original MP-FS+,MP-FS+,deterministic_reprocess,primary_comparison_baseline,mp_fs_plus_shared,mp_fs_plus_shared,81b03f94b5f623014a37cda227e3eaff769effb3ff422e482b82aa060b59c3b2,14832,14832,3708,ceil(utf8_bytes/4)_cpu_estimate,1,0,free_text,free_text,insert_ignore,0,1,1,1
aug_seed_000314_single_row_subset_001,seed_000314,source_group_id,financial,d_g1_primary,MP-FS+ vNext D_G1,MP-FS+,deterministic_reprocess,primary,mp_fs_plus_shared,mp_fs_plus_shared,81b03f94b5f623014a37cda227e3eaff769effb3ff422e482b82aa060b59c3b2,14832,14832,3708,ceil(utf8_bytes/4)_cpu_estimate,1,0,free_text,free_text,insert_ignore,0,1,1,1
aug_seed_000314_single_row_subset_001,seed_000314,source_group_id,financial,d_only_secondary,MP-FS+ vNext D_ONLY,MP-FS+,deterministic_reprocess,secondary_ablation,mp_fs_plus_shared,mp_fs_plus_shared,81b03f94b5f623014a37cda227e3eaff769effb3ff422e482b82aa060b59c3b2,14832,14832,3708,ceil(utf8_bytes/4)_cpu_estimate,1,0,free_text,free_text,insert_ignore,0,1,1,1
aug_seed_000314_single_row_subset_001,seed_000314,source_group_id,financial,full_secondary,MP-FS+ vNext FULL,MP-FS+,deterministic_reprocess,secondary_ablation,mp_fs_plus_shared,mp_fs_plus_shared,81b03f94b5f623014a37cda227e3eaff769effb3ff422e482b82aa060b59c3b2,14832,14832,3708,ceil(utf8_bytes/4)_cpu_estimate,1,0,free_text,free_text,insert_ignore,0,1,1,1
aug_seed_000314_single_row_subset_001,seed_000314,source_group_id,financial,no_c_secondary,MP-FS+ vNext NO_C,MP-FS+,deterministic_reprocess,secondary_ablation,mp_fs_plus_shared,mp_fs_plus_shared,81b03f94b5f623014a37cda227e3eaff769effb3ff422e482b82aa060b59c3b2,14832,14832,3708,ceil(utf8_bytes/4)_cpu_estimate,1,0,free_text,free_text,insert_ignore,0,1,1,1
seed_000253,seed_000253,source_group_id,formula_1,direct,Direct,D-FS-M,generation,baseline,direct,,1732892e7438418e119ea0ad3ec34e2c276594733fb248831bce95bc6c05f7fa,20041,20041,5011,ceil(utf8_bytes/4)_cpu_estimate,1,0,free_text,free_text,insert_ignore,0,1,1,1
seed_000253,seed_000253,source_group_id,formula_1,j_fs,J-FS,J-FS-M,generation,baseline,j_fs,,51937903839d3863b0780f3a6f0bafe20d3da1c1377e50d7fe99aa675e7d9ad4,19951,19951,4988,ceil(utf8_bytes/4)_cpu_estimate,1,0,free_text,free_text,insert_ignore,0,1,1,1
seed_000253,seed_000253,source_group_id,formula_1,original_mp_fs_plus,Original MP-FS+,MP-FS+,deterministic_reprocess,primary_comparison_baseline,mp_fs_plus_shared,mp_fs_plus_shared,e07dcb7041422d06ff5a6e9c840608884a29355d84ec1c99b03e65ed269553e1,44934,44934,11234,ceil(utf8_bytes/4)_cpu_estimate,1,0,free_text,free_text,insert_ignore,0,1,1,1
seed_000253,seed_000253,source_group_id,formula_1,d_g1_primary,MP-FS+ vNext D_G1,MP-FS+,deterministic_reprocess,primary,mp_fs_plus_shared,mp_fs_plus_shared,e07dcb7041422d06ff5a6e9c840608884a29355d84ec1c99b03e65ed269553e1,44934,44934,11234,ceil(utf8_bytes/4)_cpu_estimate,1,0,free_text,free_text,insert_ignore,0,1,1,1
seed_000253,seed_000253,source_group_id,formula_1,d_only_secondary,MP-FS+ vNext D_ONLY,MP-FS+,deterministic_reprocess,secondary_ablation,mp_fs_plus_shared,mp_fs_plus_shared,e07dcb7041422d06ff5a6e9c840608884a29355d84ec1c99b03e65ed269553e1,44934,44934,11234,ceil(utf8_bytes/4)_cpu_estimate,1,0,free_text,free_text,insert_ignore,0,1,1,1
seed_000253,seed_000253,source_group_id,formula_1,full_secondary,MP-FS+ vNext FULL,MP-FS+,deterministic_reprocess,secondary_ablation,mp_fs_plus_shared,mp_fs_plus_shared,e07dcb7041422d06ff5a6e9c840608884a29355d84ec1c99b03e65ed269553e1,44934,44934,11234,ceil(utf8_bytes/4)_cpu_estimate,1,0,free_text,free_text,insert_ignore,0,1,1,1
seed_000253,seed_000253,source_group_id,formula_1,no_c_secondary,MP-FS+ vNext NO_C,MP-FS+,deterministic_reprocess,secondary_ablation,mp_fs_plus_shared,mp_fs_plus_shared,e07dcb7041422d06ff5a6e9c840608884a29355d84ec1c99b03e65ed269553e1,44934,44934,11234,ceil(utf8_bytes/4)_cpu_estimate,1,0,free_text,free_text,insert_ignore,0,1,1,1
aug_seed_000343_single_row_subset_001,seed_000343,source_group_id,financial,direct,Direct,D-FS-M,generation,baseline,direct,,51d55eff7bfe01604e98eb0bff86566abc19de6d516b1290ee621421485cc4ef,9942,9942,2486,ceil(utf8_bytes/4)_cpu_estimate,1,0,free_text,free_text,insert_ignore,0,1,1,1
aug_seed_000343_single_row_subset_001,seed_000343,source_group_id,financial,j_fs,J-FS,J-FS-M,generation,baseline,j_fs,,12d3dec5df03f9a454221b4eb77a67f004755bcc62e0d61e8aa5606e8ec675ba,9852,9852,2463,ceil(utf8_bytes/4)_cpu_estimate,1,0,free_text,free_text,insert_ignore,0,1,1,1
aug_seed_000343_single_row_subset_001,seed_000343,source_group_id,financial,original_mp_fs_plus,Original MP-FS+,MP-FS+,deterministic_reprocess,primary_comparison_baseline,mp_fs_plus_shared,mp_fs_plus_shared,b93ebf39f361b6ab94e6c2d7cb814bd0515ed3b3e88cd797b6dd750845533ec2,19926,19926,4982,ceil(utf8_bytes/4)_cpu_estimate,1,0,free_text,free_text,insert_ignore,0,1,1,1
aug_seed_000343_single_row_subset_001,seed_000343,source_group_id,financial,d_g1_primary,MP-FS+ vNext D_G1,MP-FS+,deterministic_reprocess,primary,mp_fs_plus_shared,mp_fs_plus_shared,b93ebf39f361b6ab94e6c2d7cb814bd0515ed3b3e88cd797b6dd750845533ec2,19926,19926,4982,ceil(utf8_bytes/4)_cpu_estimate,1,0,free_text,free_text,insert_ignore,0,1,1,1
aug_seed_000343_single_row_subset_001,seed_000343,source_group_id,financial,d_only_secondary,MP-FS+ vNext D_ONLY,MP-FS+,deterministic_reprocess,secondary_ablation,mp_fs_plus_shared,mp_fs_plus_shared,b93ebf39f361b6ab94e6c2d7cb814bd0515ed3b3e88cd797b6dd750845533ec2,19926,19926,4982,ceil(utf8_bytes/4)_cpu_estimate,1,0,free_text,free_text,insert_ignore,0,1,1,1
aug_seed_000343_single_row_subset_001,seed_000343,source_group_id,financial,full_secondary,MP-FS+ vNext FULL,MP-FS+,deterministic_reprocess,secondary_ablation,mp_fs_plus_shared,mp_fs_plus_shared,b93ebf39f361b6ab94e6c2d7cb814bd0515ed3b3e88cd797b6dd750845533ec2,19926,19926,4982,ceil(utf8_bytes/4)_cpu_estimate,1,0,free_text,free_text,insert_ignore,0,1,1,1
aug_seed_000343_single_row_subset_001,seed_000343,source_group_id,financial,no_c_secondary,MP-FS+ vNext NO_C,MP-FS+,deterministic_reprocess,secondary_ablation,mp_fs_plus_shared,mp_fs_plus_shared,b93ebf39f361b6ab94e6c2d7cb814bd0515ed3b3e88cd797b6dd750845533ec2,19926,19926,4982,ceil(utf8_bytes/4)_cpu_estimate,1,0,free_text,free_text,insert_ignore,0,1,1,1
aug_seed_000309_relational_format_variant_002,seed_000309,source_group_id,toxicology,direct,Direct,D-FS-M,generation,baseline,direct,,18c381916adcf625f3545b38ba9c25ff0a67e6087b2339f0a415899fe78d7cb8,7436,7436,1859,ceil(utf8_bytes/4)_cpu_estimate,1,0,semi_structured,multi_table,insert_ignore,1,1,1,1
aug_seed_000309_relational_format_variant_002,seed_000309,source_group_id,toxicology,j_fs,J-FS,J-FS-M,generation,baseline,j_fs,,4845cb5c96d60a0986f1e04f7e1557df500f2337cbb97bc1f49732d1d6eb7403,7367,7367,1842,ceil(utf8_bytes/4)_cpu_estimate,1,0,semi_structured,multi_table,insert_ignore,1,1,1,1
aug_seed_000309_relational_format_variant_002,seed_000309,source_group_id,toxicology,original_mp_fs_plus,Original MP-FS+,MP-FS+,deterministic_reprocess,primary_comparison_baseline,mp_fs_plus_shared,mp_fs_plus_shared,3cd0cca86c75d09bfa18fdfe0cd646c35b84c66c4d0824b714c256a50457d03f,9276,9276,2319,ceil(utf8_bytes/4)_cpu_estimate,1,0,semi_structured,multi_table,insert_ignore,1,1,1,1
aug_seed_000309_relational_format_variant_002,seed_000309,source_group_id,toxicology,d_g1_primary,MP-FS+ vNext D_G1,MP-FS+,deterministic_reprocess,primary,mp_fs_plus_shared,mp_fs_plus_shared,3cd0cca86c75d09bfa18fdfe0cd646c35b84c66c4d0824b714c256a50457d03f,9276,9276,2319,ceil(utf8_bytes/4)_cpu_estimate,1,0,semi_structured,multi_table,insert_ignore,1,1,1,1
aug_seed_000309_relational_format_variant_002,seed_000309,source_group_id,toxicology,d_only_secondary,MP-FS+ vNext D_ONLY,MP-FS+,deterministic_reprocess,secondary_ablation,mp_fs_plus_shared,mp_fs_plus_shared,3cd0cca86c75d09bfa18fdfe0cd646c35b84c66c4d0824b714c256a50457d03f,9276,9276,2319,ceil(utf8_bytes/4)_cpu_estimate,1,0,semi_structured,multi_table,insert_ignore,1,1,1,1
aug_seed_000309_relational_format_variant_002,seed_000309,source_group_id,toxicology,full_secondary,MP-FS+ vNext FULL,MP-FS+,deterministic_reprocess,secondary_ablation,mp_fs_plus_shared,mp_fs_plus_shared,3cd0cca86c75d09bfa18fdfe0cd646c35b84c66c4d0824b714c256a50457d03f,9276,9276,2319,ceil(utf8_bytes/4)_cpu_estimate,1,0,semi_structured,multi_table,insert_ignore,1,1,1,1
aug_seed_000309_relational_format_variant_002,seed_000309,source_group_id,toxicology,no_c_secondary,MP-FS+ vNext NO_C,MP-FS+,deterministic_reprocess,secondary_ablation,mp_fs_plus_shared,mp_fs_plus_shared,3cd0cca86c75d09bfa18fdfe0cd646c35b84c66c4d0824b714c256a50457d03f,9276,9276,2319,ceil(utf8_bytes/4)_cpu_estimate,1,0,semi_structured,multi_table,insert_ignore,1,1,1,1
aug_seed_000072_relational_format_variant_001,seed_000072,source_group_id,toxicology,direct,Direct,D-FS-M,generation,baseline,direct,,38f2e69fa105b8b49e15c7f4ab66c49e328d759bf0a59bee1c90108690fd4032,8867,8867,2217,ceil(utf8_bytes/4)_cpu_estimate,1,0,free_text,free_text,insert_ignore,1,1,1,1
aug_seed_000072_relational_format_variant_001,seed_000072,source_group_id,toxicology,j_fs,J-FS,J-FS-M,generation,baseline,j_fs,,67e63b10e221d1908bf094fe4bd81e8f6706f85d688b132dc8305acf6a9982de,8777,8777,2195,ceil(utf8_bytes/4)_cpu_estimate,1,0,free_text,free_text,insert_ignore,1,1,1,1
aug_seed_000072_relational_format_variant_001,seed_000072,source_group_id,toxicology,original_mp_fs_plus,Original MP-FS+,MP-FS+,deterministic_reprocess,primary_comparison_baseline,mp_fs_plus_shared,mp_fs_plus_shared,db272a1539a1e7347ef38d5ef6eef46f453c1e0da13474cba2f61a86acdf4f37,33310,33310,8328,ceil(utf8_bytes/4)_cpu_estimate,1,0,free_text,free_text,insert_ignore,1,1,1,1
aug_seed_000072_relational_format_variant_001,seed_000072,source_group_id,toxicology,d_g1_primary,MP-FS+ vNext D_G1,MP-FS+,deterministic_reprocess,primary,mp_fs_plus_shared,mp_fs_plus_shared,db272a1539a1e7347ef38d5ef6eef46f453c1e0da13474cba2f61a86acdf4f37,33310,33310,8328,ceil(utf8_bytes/4)_cpu_estimate,1,0,free_text,free_text,insert_ignore,1,1,1,1
aug_seed_000072_relational_format_variant_001,seed_000072,source_group_id,toxicology,d_only_secondary,MP-FS+ vNext D_ONLY,MP-FS+,deterministic_reprocess,secondary_ablation,mp_fs_plus_shared,mp_fs_plus_shared,db272a1539a1e7347ef38d5ef6eef46f453c1e0da13474cba2f61a86acdf4f37,33310,33310,8328,ceil(utf8_bytes/4)_cpu_estimate,1,0,free_text,free_text,insert_ignore,1,1,1,1
aug_seed_000072_relational_format_variant_001,seed_000072,source_group_id,toxicology,full_secondary,MP-FS+ vNext FULL,MP-FS+,deterministic_reprocess,secondary_ablation,mp_fs_plus_shared,mp_fs_plus_shared,db272a1539a1e7347ef38d5ef6eef46f453c1e0da13474cba2f61a86acdf4f37,33310,33310,8328,ceil(utf8_bytes/4)_cpu_estimate,1,0,free_text,free_text,insert_ignore,1,1,1,1
aug_seed_000072_relational_format_variant_001,seed_000072,source_group_id,toxicology,no_c_secondary,MP-FS+ vNext NO_C,MP-FS+,deterministic_reprocess,secondary_ablation,mp_fs_plus_shared,mp_fs_plus_shared,db272a1539a1e7347ef38d5ef6eef46f453c1e0da13474cba2f61a86acdf4f37,33310,33310,8328,ceil(utf8_bytes/4)_cpu_estimate,1,0,free_text,free_text,insert_ignore,1,1,1,1
seed_000266,seed_000266,source_group_id,codebase_community,direct,Direct,D-FS-M,generation,baseline,direct,,f647e63d17accda0790aa78127c37aa7f42de5650dcf0ffffe22f2d8ea9c9c50,14166,14166,3542,ceil(utf8_bytes/4)_cpu_estimate,1,0,semi_structured,json_array,plain_insert,0,1,1,1
seed_000266,seed_000266,source_group_id,codebase_community,j_fs,J-FS,J-FS-M,generation,baseline,j_fs,,984358d65f5aedba72a6e0e28368093694d0ea5e527ba8cd0420ca10fe166170,14097,14097,3525,ceil(utf8_bytes/4)_cpu_estimate,1,0,semi_structured,json_array,plain_insert,0,1,1,1
seed_000266,seed_000266,source_group_id,codebase_community,original_mp_fs_plus,Original MP-FS+,MP-FS+,deterministic_reprocess,primary_comparison_baseline,mp_fs_plus_shared,mp_fs_plus_shared,419cead5736c5031969c57729a095ea5e47d6811fbed9542f1a102dd08c86b61,19760,19760,4940,ceil(utf8_bytes/4)_cpu_estimate,1,0,semi_structured,json_array,plain_insert,0,1,1,1
seed_000266,seed_000266,source_group_id,codebase_community,d_g1_primary,MP-FS+ vNext D_G1,MP-FS+,deterministic_reprocess,primary,mp_fs_plus_shared,mp_fs_plus_shared,419cead5736c5031969c57729a095ea5e47d6811fbed9542f1a102dd08c86b61,19760,19760,4940,ceil(utf8_bytes/4)_cpu_estimate,1,0,semi_structured,json_array,plain_insert,0,1,1,1
seed_000266,seed_000266,source_group_id,codebase_community,d_only_secondary,MP-FS+ vNext D_ONLY,MP-FS+,deterministic_reprocess,secondary_ablation,mp_fs_plus_shared,mp_fs_plus_shared,419cead5736c5031969c57729a095ea5e47d6811fbed9542f1a102dd08c86b61,19760,19760,4940,ceil(utf8_bytes/4)_cpu_estimate,1,0,semi_structured,json_array,plain_insert,0,1,1,1
seed_000266,seed_000266,source_group_id,codebase_community,full_secondary,MP-FS+ vNext FULL,MP-FS+,deterministic_reprocess,secondary_ablation,mp_fs_plus_shared,mp_fs_plus_shared,419cead5736c5031969c57729a095ea5e47d6811fbed9542f1a102dd08c86b61,19760,19760,4940,ceil(utf8_bytes/4)_cpu_estimate,1,0,semi_structured,json_array,plain_insert,0,1,1,1
seed_000266,seed_000266,source_group_id,codebase_community,no_c_secondary,MP-FS+ vNext NO_C,MP-FS+,deterministic_reprocess,secondary_ablation,mp_fs_plus_shared,mp_fs_plus_shared,419cead5736c5031969c57729a095ea5e47d6811fbed9542f1a102dd08c86b61,19760,19760,4940,ceil(utf8_bytes/4)_cpu_estimate,1,0,semi_structured,json_array,plain_insert,0,1,1,1
aug_seed_000154_single_row_subset_001,seed_000154,source_group_id,european_football_2,direct,Direct,D-FS-M,generation,baseline,direct,,8e6964df8d79f8f888b82dbec57050d82677c53a4d233174dbab9c01a5253cc2,30755,30755,7689,ceil(utf8_bytes/4)_cpu_estimate,1,0,free_text,free_text,insert_ignore,0,1,1,1
aug_seed_000154_single_row_subset_001,seed_000154,source_group_id,european_football_2,j_fs,J-FS,J-FS-M,generation,baseline,j_fs,,cde23511417cd81a9a69d933ac795ede32a86fcb3b2959c90f104152d664962c,30665,30665,7667,ceil(utf8_bytes/4)_cpu_estimate,1,0,free_text,free_text,insert_ignore,0,1,1,1
aug_seed_000154_single_row_subset_001,seed_000154,source_group_id,european_football_2,original_mp_fs_plus,Original MP-FS+,MP-FS+,deterministic_reprocess,primary_comparison_baseline,mp_fs_plus_shared,mp_fs_plus_shared,c56a4d9e54991005421aef33533e0845276317ce24aaa9c8ce2df5975ee0d109,34876,34876,8719,ceil(utf8_bytes/4)_cpu_estimate,1,0,free_text,free_text,insert_ignore,0,1,1,1
aug_seed_000154_single_row_subset_001,seed_000154,source_group_id,european_football_2,d_g1_primary,MP-FS+ vNext D_G1,MP-FS+,deterministic_reprocess,primary,mp_fs_plus_shared,mp_fs_plus_shared,c56a4d9e54991005421aef33533e0845276317ce24aaa9c8ce2df5975ee0d109,34876,34876,8719,ceil(utf8_bytes/4)_cpu_estimate,1,0,free_text,free_text,insert_ignore,0,1,1,1
aug_seed_000154_single_row_subset_001,seed_000154,source_group_id,european_football_2,d_only_secondary,MP-FS+ vNext D_ONLY,MP-FS+,deterministic_reprocess,secondary_ablation,mp_fs_plus_shared,mp_fs_plus_shared,c56a4d9e54991005421aef33533e0845276317ce24aaa9c8ce2df5975ee0d109,34876,34876,8719,ceil(utf8_bytes/4)_cpu_estimate,1,0,free_text,free_text,insert_ignore,0,1,1,1
aug_seed_000154_single_row_subset_001,seed_000154,source_group_id,european_football_2,full_secondary,MP-FS+ vNext FULL,MP-FS+,deterministic_reprocess,secondary_ablation,mp_fs_plus_shared,mp_fs_plus_shared,c56a4d9e54991005421aef33533e0845276317ce24aaa9c8ce2df5975ee0d109,34876,34876,8719,ceil(utf8_bytes/4)_cpu_estimate,1,0,free_text,free_text,insert_ignore,0,1,1,1
aug_seed_000154_single_row_subset_001,seed_000154,source_group_id,european_football_2,no_c_secondary,MP-FS+ vNext NO_C,MP-FS+,deterministic_reprocess,secondary_ablation,mp_fs_plus_shared,mp_fs_plus_shared,c56a4d9e54991005421aef33533e0845276317ce24aaa9c8ce2df5975ee0d109,34876,34876,8719,ceil(utf8_bytes/4)_cpu_estimate,1,0,free_text,free_text,insert_ignore,0,1,1,1
seed_000273,seed_000273,source_group_id,student_club,direct,Direct,D-FS-M,generation,baseline,direct,,28d0d6551cd54c5cbb921960f9472f24de19e55aaf7f4316bf134b177f21a677,11729,11729,2933,ceil(utf8_bytes/4)_cpu_estimate,1,0,semi_structured,markdown_table,plain_insert,0,1,1,1
seed_000273,seed_000273,source_group_id,student_club,j_fs,J-FS,J-FS-M,generation,baseline,j_fs,,9f2d2d4b35cb65014708c0dd1111a48464a92b56b8288bcf8f8e2ed59b13ddcc,11660,11660,2915,ceil(utf8_bytes/4)_cpu_estimate,1,0,semi_structured,markdown_table,plain_insert,0,1,1,1
seed_000273,seed_000273,source_group_id,student_club,original_mp_fs_plus,Original MP-FS+,MP-FS+,deterministic_reprocess,primary_comparison_baseline,mp_fs_plus_shared,mp_fs_plus_shared,9ff1d3508293049f9e6b6fa03e0765f1e2795434f778e3d717a52b5fde0bc172,6908,6908,1727,ceil(utf8_bytes/4)_cpu_estimate,1,0,semi_structured,markdown_table,plain_insert,0,1,1,1
seed_000273,seed_000273,source_group_id,student_club,d_g1_primary,MP-FS+ vNext D_G1,MP-FS+,deterministic_reprocess,primary,mp_fs_plus_shared,mp_fs_plus_shared,9ff1d3508293049f9e6b6fa03e0765f1e2795434f778e3d717a52b5fde0bc172,6908,6908,1727,ceil(utf8_bytes/4)_cpu_estimate,1,0,semi_structured,markdown_table,plain_insert,0,1,1,1
seed_000273,seed_000273,source_group_id,student_club,d_only_secondary,MP-FS+ vNext D_ONLY,MP-FS+,deterministic_reprocess,secondary_ablation,mp_fs_plus_shared,mp_fs_plus_shared,9ff1d3508293049f9e6b6fa03e0765f1e2795434f778e3d717a52b5fde0bc172,6908,6908,1727,ceil(utf8_bytes/4)_cpu_estimate,1,0,semi_structured,markdown_table,plain_insert,0,1,1,1
seed_000273,seed_000273,source_group_id,student_club,full_secondary,MP-FS+ vNext FULL,MP-FS+,deterministic_reprocess,secondary_ablation,mp_fs_plus_shared,mp_fs_plus_shared,9ff1d3508293049f9e6b6fa03e0765f1e2795434f778e3d717a52b5fde0bc172,6908,6908,1727,ceil(utf8_bytes/4)_cpu_estimate,1,0,semi_structured,markdown_table,plain_insert,0,1,1,1
seed_000273,seed_000273,source_group_id,student_club,no_c_secondary,MP-FS+ vNext NO_C,MP-FS+,deterministic_reprocess,secondary_ablation,mp_fs_plus_shared,mp_fs_plus_shared,9ff1d3508293049f9e6b6fa03e0765f1e2795434f778e3d717a52b5fde0bc172,6908,6908,1727,ceil(utf8_bytes/4)_cpu_estimate,1,0,semi_structured,markdown_table,plain_insert,0,1,1,1
aug_seed_000353_small_batch_subset_001,seed_000353,source_group_id,student_club,direct,Direct,D-FS-M,generation,baseline,direct,,a15caad99c6a8bcab7e8e3278a4ebe71330b6765e3e4fb04a78127e3e19ebea5,10809,10809,2703,ceil(utf8_bytes/4)_cpu_estimate,1,0,semi_structured,markdown_table,insert_ignore,0,1,1,1
aug_seed_000353_small_batch_subset_001,seed_000353,source_group_id,student_club,j_fs,J-FS,J-FS-M,generation,baseline,j_fs,,7fbd6ee2dff78ddd07e182cdc8a9d8b4d4b334fe8ee51e3c3232725710d37c60,10740,10740,2685,ceil(utf8_bytes/4)_cpu_estimate,1,0,semi_structured,markdown_table,insert_ignore,0,1,1,1
aug_seed_000353_small_batch_subset_001,seed_000353,source_group_id,student_club,original_mp_fs_plus,Original MP-FS+,MP-FS+,deterministic_reprocess,primary_comparison_baseline,mp_fs_plus_shared,mp_fs_plus_shared,c0712d1c02e24adc70fb514a3977ea27f3e2e3466b5a7515122f8663eea75f3c,9321,9321,2331,ceil(utf8_bytes/4)_cpu_estimate,1,0,semi_structured,markdown_table,insert_ignore,0,1,1,1
aug_seed_000353_small_batch_subset_001,seed_000353,source_group_id,student_club,d_g1_primary,MP-FS+ vNext D_G1,MP-FS+,deterministic_reprocess,primary,mp_fs_plus_shared,mp_fs_plus_shared,c0712d1c02e24adc70fb514a3977ea27f3e2e3466b5a7515122f8663eea75f3c,9321,9321,2331,ceil(utf8_bytes/4)_cpu_estimate,1,0,semi_structured,markdown_table,insert_ignore,0,1,1,1
aug_seed_000353_small_batch_subset_001,seed_000353,source_group_id,student_club,d_only_secondary,MP-FS+ vNext D_ONLY,MP-FS+,deterministic_reprocess,secondary_ablation,mp_fs_plus_shared,mp_fs_plus_shared,c0712d1c02e24adc70fb514a3977ea27f3e2e3466b5a7515122f8663eea75f3c,9321,9321,2331,ceil(utf8_bytes/4)_cpu_estimate,1,0,semi_structured,markdown_table,insert_ignore,0,1,1,1
aug_seed_000353_small_batch_subset_001,seed_000353,source_group_id,student_club,full_secondary,MP-FS+ vNext FULL,MP-FS+,deterministic_reprocess,secondary_ablation,mp_fs_plus_shared,mp_fs_plus_shared,c0712d1c02e24adc70fb514a3977ea27f3e2e3466b5a7515122f8663eea75f3c,9321,9321,2331,ceil(utf8_bytes/4)_cpu_estimate,1,0,semi_structured,markdown_table,insert_ignore,0,1,1,1
aug_seed_000353_small_batch_subset_001,seed_000353,source_group_id,student_club,no_c_secondary,MP-FS+ vNext NO_C,MP-FS+,deterministic_reprocess,secondary_ablation,mp_fs_plus_shared,mp_fs_plus_shared,c0712d1c02e24adc70fb514a3977ea27f3e2e3466b5a7515122f8663eea75f3c,9321,9321,2331,ceil(utf8_bytes/4)_cpu_estimate,1,0,semi_structured,markdown_table,insert_ignore,0,1,1,1
aug_seed_000307_small_batch_subset_001,seed_000307,source_group_id,european_football_2,direct,Direct,D-FS-M,generation,baseline,direct,,5757b471f333ed19caf4d9d1581ec6e2e3dc17bc3dc65f5331f7d5905309b887,32335,32335,8084,ceil(utf8_bytes/4)_cpu_estimate,1,0,semi_structured,key_value,insert_ignore,0,1,1,1
aug_seed_000307_small_batch_subset_001,seed_000307,source_group_id,european_football_2,j_fs,J-FS,J-FS-M,generation,baseline,j_fs,,2c33259b78f83d453aff2647284c2c08b2659b6afff37e53705394908b9a0ae9,32266,32266,8067,ceil(utf8_bytes/4)_cpu_estimate,1,0,semi_structured,key_value,insert_ignore,0,1,1,1
aug_seed_000307_small_batch_subset_001,seed_000307,source_group_id,european_football_2,original_mp_fs_plus,Original MP-FS+,MP-FS+,deterministic_reprocess,primary_comparison_baseline,mp_fs_plus_shared,mp_fs_plus_shared,01d6c09e18e575bc73dd5600b4e3987807858f3d099e43dafd6e957280e8fb21,23246,23246,5812,ceil(utf8_bytes/4)_cpu_estimate,1,0,semi_structured,key_value,insert_ignore,0,1,1,1
aug_seed_000307_small_batch_subset_001,seed_000307,source_group_id,european_football_2,d_g1_primary,MP-FS+ vNext D_G1,MP-FS+,deterministic_reprocess,primary,mp_fs_plus_shared,mp_fs_plus_shared,01d6c09e18e575bc73dd5600b4e3987807858f3d099e43dafd6e957280e8fb21,23246,23246,5812,ceil(utf8_bytes/4)_cpu_estimate,1,0,semi_structured,key_value,insert_ignore,0,1,1,1
aug_seed_000307_small_batch_subset_001,seed_000307,source_group_id,european_football_2,d_only_secondary,MP-FS+ vNext D_ONLY,MP-FS+,deterministic_reprocess,secondary_ablation,mp_fs_plus_shared,mp_fs_plus_shared,01d6c09e18e575bc73dd5600b4e3987807858f3d099e43dafd6e957280e8fb21,23246,23246,5812,ceil(utf8_bytes/4)_cpu_estimate,1,0,semi_structured,key_value,insert_ignore,0,1,1,1
aug_seed_000307_small_batch_subset_001,seed_000307,source_group_id,european_football_2,full_secondary,MP-FS+ vNext FULL,MP-FS+,deterministic_reprocess,secondary_ablation,mp_fs_plus_shared,mp_fs_plus_shared,01d6c09e18e575bc73dd5600b4e3987807858f3d099e43dafd6e957280e8fb21,23246,23246,5812,ceil(utf8_bytes/4)_cpu_estimate,1,0,semi_structured,key_value,insert_ignore,0,1,1,1
aug_seed_000307_small_batch_subset_001,seed_000307,source_group_id,european_football_2,no_c_secondary,MP-FS+ vNext NO_C,MP-FS+,deterministic_reprocess,secondary_ablation,mp_fs_plus_shared,mp_fs_plus_shared,01d6c09e18e575bc73dd5600b4e3987807858f3d099e43dafd6e957280e8fb21,23246,23246,5812,ceil(utf8_bytes/4)_cpu_estimate,1,0,semi_structured,key_value,insert_ignore,0,1,1,1
aug_seed_000257_single_row_subset_001,seed_000257,source_group_id,codebase_community,direct,Direct,D-FS-M,generation,baseline,direct,,a03f5ab8b6d760ecb9629f2e9bb8f4fa3294767e8d62551e7ce7cb5312b4badc,13854,13854,3464,ceil(utf8_bytes/4)_cpu_estimate,1,0,semi_structured,json_array,insert_ignore,0,1,1,1
aug_seed_000257_single_row_subset_001,seed_000257,source_group_id,codebase_community,j_fs,J-FS,J-FS-M,generation,baseline,j_fs,,5654d3723e97b8c687cb5baac0e7650111084de4fe021911ad510f572ca27654,13785,13785,3447,ceil(utf8_bytes/4)_cpu_estimate,1,0,semi_structured,json_array,insert_ignore,0,1,1,1
aug_seed_000257_single_row_subset_001,seed_000257,source_group_id,codebase_community,original_mp_fs_plus,Original MP-FS+,MP-FS+,deterministic_reprocess,primary_comparison_baseline,mp_fs_plus_shared,mp_fs_plus_shared,5cadc6166af0058c8c8d8c2942350e09c235f35b61bc5ea33d739d5e91b7b3ef,12314,12314,3079,ceil(utf8_bytes/4)_cpu_estimate,1,0,semi_structured,json_array,insert_ignore,0,1,1,1
aug_seed_000257_single_row_subset_001,seed_000257,source_group_id,codebase_community,d_g1_primary,MP-FS+ vNext D_G1,MP-FS+,deterministic_reprocess,primary,mp_fs_plus_shared,mp_fs_plus_shared,5cadc6166af0058c8c8d8c2942350e09c235f35b61bc5ea33d739d5e91b7b3ef,12314,12314,3079,ceil(utf8_bytes/4)_cpu_estimate,1,0,semi_structured,json_array,insert_ignore,0,1,1,1
aug_seed_000257_single_row_subset_001,seed_000257,source_group_id,codebase_community,d_only_secondary,MP-FS+ vNext D_ONLY,MP-FS+,deterministic_reprocess,secondary_ablation,mp_fs_plus_shared,mp_fs_plus_shared,5cadc6166af0058c8c8d8c2942350e09c235f35b61bc5ea33d739d5e91b7b3ef,12314,12314,3079,ceil(utf8_bytes/4)_cpu_estimate,1,0,semi_structured,json_array,insert_ignore,0,1,1,1
aug_seed_000257_single_row_subset_001,seed_000257,source_group_id,codebase_community,full_secondary,MP-FS+ vNext FULL,MP-FS+,deterministic_reprocess,secondary_ablation,mp_fs_plus_shared,mp_fs_plus_shared,5cadc6166af0058c8c8d8c2942350e09c235f35b61bc5ea33d739d5e91b7b3ef,12314,12314,3079,ceil(utf8_bytes/4)_cpu_estimate,1,0,semi_structured,json_array,insert_ignore,0,1,1,1
aug_seed_000257_single_row_subset_001,seed_000257,source_group_id,codebase_community,no_c_secondary,MP-FS+ vNext NO_C,MP-FS+,deterministic_reprocess,secondary_ablation,mp_fs_plus_shared,mp_fs_plus_shared,5cadc6166af0058c8c8d8c2942350e09c235f35b61bc5ea33d739d5e91b7b3ef,12314,12314,3079,ceil(utf8_bytes/4)_cpu_estimate,1,0,semi_structured,json_array,insert_ignore,0,1,1,1
seed_000206,seed_000206,source_group_id,california_schools,direct,Direct,D-FS-M,generation,baseline,direct,,055d228751fc9a6b69b7e1b9fbc2f47d38094e3e8222f7937c11dd0f8bb4524f,16557,16557,4140,ceil(utf8_bytes/4)_cpu_estimate,1,0,semi_structured,csv,upsert_update,0,1,1,1
seed_000206,seed_000206,source_group_id,california_schools,j_fs,J-FS,J-FS-M,generation,baseline,j_fs,,d496bc5ecbbc7fa7c67ed7538ac81c27f7299b3d7e1b4ea80dbbd6b8b1c67c88,16488,16488,4122,ceil(utf8_bytes/4)_cpu_estimate,1,0,semi_structured,csv,upsert_update,0,1,1,1
seed_000206,seed_000206,source_group_id,california_schools,original_mp_fs_plus,Original MP-FS+,MP-FS+,deterministic_reprocess,primary_comparison_baseline,mp_fs_plus_shared,mp_fs_plus_shared,df7621c81fc37cd89837b028de800b42cb5c909896be12663d8e6edcd2cfde22,21172,21172,5293,ceil(utf8_bytes/4)_cpu_estimate,1,0,semi_structured,csv,upsert_update,0,1,1,1
seed_000206,seed_000206,source_group_id,california_schools,d_g1_primary,MP-FS+ vNext D_G1,MP-FS+,deterministic_reprocess,primary,mp_fs_plus_shared,mp_fs_plus_shared,df7621c81fc37cd89837b028de800b42cb5c909896be12663d8e6edcd2cfde22,21172,21172,5293,ceil(utf8_bytes/4)_cpu_estimate,1,0,semi_structured,csv,upsert_update,0,1,1,1
seed_000206,seed_000206,source_group_id,california_schools,d_only_secondary,MP-FS+ vNext D_ONLY,MP-FS+,deterministic_reprocess,secondary_ablation,mp_fs_plus_shared,mp_fs_plus_shared,df7621c81fc37cd89837b028de800b42cb5c909896be12663d8e6edcd2cfde22,21172,21172,5293,ceil(utf8_bytes/4)_cpu_estimate,1,0,semi_structured,csv,upsert_update,0,1,1,1
seed_000206,seed_000206,source_group_id,california_schools,full_secondary,MP-FS+ vNext FULL,MP-FS+,deterministic_reprocess,secondary_ablation,mp_fs_plus_shared,mp_fs_plus_shared,df7621c81fc37cd89837b028de800b42cb5c909896be12663d8e6edcd2cfde22,21172,21172,5293,ceil(utf8_bytes/4)_cpu_estimate,1,0,semi_structured,csv,upsert_update,0,1,1,1
seed_000206,seed_000206,source_group_id,california_schools,no_c_secondary,MP-FS+ vNext NO_C,MP-FS+,deterministic_reprocess,secondary_ablation,mp_fs_plus_shared,mp_fs_plus_shared,df7621c81fc37cd89837b028de800b42cb5c909896be12663d8e6edcd2cfde22,21172,21172,5293,ceil(utf8_bytes/4)_cpu_estimate,1,0,semi_structured,csv,upsert_update,0,1,1,1
seed_000254,seed_000254,source_group_id,debit_card_specializing,direct,Direct,D-FS-M,generation,baseline,direct,,4eb13668af8be2d6f3834c97c530f79d1e2e8fe103139a125cd0cfefb52e830f,8772,8772,2193,ceil(utf8_bytes/4)_cpu_estimate,1,0,semi_structured,key_value,insert_ignore,0,1,1,1
seed_000254,seed_000254,source_group_id,debit_card_specializing,j_fs,J-FS,J-FS-M,generation,baseline,j_fs,,feec98bb0b5d62fcac49801f53261c398ca1702e03b0d25b4e5275ae7aca7265,8703,8703,2176,ceil(utf8_bytes/4)_cpu_estimate,1,0,semi_structured,key_value,insert_ignore,0,1,1,1
seed_000254,seed_000254,source_group_id,debit_card_specializing,original_mp_fs_plus,Original MP-FS+,MP-FS+,deterministic_reprocess,primary_comparison_baseline,mp_fs_plus_shared,mp_fs_plus_shared,fe21b0c14d585dd1db1e61ab472751d2f51fbc9683f2cb2f12fc2dee39be7336,7464,7464,1866,ceil(utf8_bytes/4)_cpu_estimate,1,0,semi_structured,key_value,insert_ignore,0,1,1,1
seed_000254,seed_000254,source_group_id,debit_card_specializing,d_g1_primary,MP-FS+ vNext D_G1,MP-FS+,deterministic_reprocess,primary,mp_fs_plus_shared,mp_fs_plus_shared,fe21b0c14d585dd1db1e61ab472751d2f51fbc9683f2cb2f12fc2dee39be7336,7464,7464,1866,ceil(utf8_bytes/4)_cpu_estimate,1,0,semi_structured,key_value,insert_ignore,0,1,1,1
seed_000254,seed_000254,source_group_id,debit_card_specializing,d_only_secondary,MP-FS+ vNext D_ONLY,MP-FS+,deterministic_reprocess,secondary_ablation,mp_fs_plus_shared,mp_fs_plus_shared,fe21b0c14d585dd1db1e61ab472751d2f51fbc9683f2cb2f12fc2dee39be7336,7464,7464,1866,ceil(utf8_bytes/4)_cpu_estimate,1,0,semi_structured,key_value,insert_ignore,0,1,1,1
seed_000254,seed_000254,source_group_id,debit_card_specializing,full_secondary,MP-FS+ vNext FULL,MP-FS+,deterministic_reprocess,secondary_ablation,mp_fs_plus_shared,mp_fs_plus_shared,fe21b0c14d585dd1db1e61ab472751d2f51fbc9683f2cb2f12fc2dee39be7336,7464,7464,1866,ceil(utf8_bytes/4)_cpu_estimate,1,0,semi_structured,key_value,insert_ignore,0,1,1,1
seed_000254,seed_000254,source_group_id,debit_card_specializing,no_c_secondary,MP-FS+ vNext NO_C,MP-FS+,deterministic_reprocess,secondary_ablation,mp_fs_plus_shared,mp_fs_plus_shared,fe21b0c14d585dd1db1e61ab472751d2f51fbc9683f2cb2f12fc2dee39be7336,7464,7464,1866,ceil(utf8_bytes/4)_cpu_estimate,1,0,semi_structured,key_value,insert_ignore,0,1,1,1
aug_seed_000171_single_row_subset_001,seed_000171,source_group_id,financial,direct,Direct,D-FS-M,generation,baseline,direct,,2a7e6a4ff8f8bfa7a56ae4c841964a1d802170ebbbd5bd9384a0b9e8e863958c,9833,9833,2459,ceil(utf8_bytes/4)_cpu_estimate,1,0,free_text,free_text,insert_ignore,0,1,1,1
aug_seed_000171_single_row_subset_001,seed_000171,source_group_id,financial,j_fs,J-FS,J-FS-M,generation,baseline,j_fs,,0d51b750052928536ceccf8ea0441dfcddef9f01cd2685fc45d9f551f282a05b,9743,9743,2436,ceil(utf8_bytes/4)_cpu_estimate,1,0,free_text,free_text,insert_ignore,0,1,1,1
aug_seed_000171_single_row_subset_001,seed_000171,source_group_id,financial,original_mp_fs_plus,Original MP-FS+,MP-FS+,deterministic_reprocess,primary_comparison_baseline,mp_fs_plus_shared,mp_fs_plus_shared,214e3bc0e5482cb0382f3540b1906582675bfbe0fdd70635103355bbf7079e47,14240,14240,3560,ceil(utf8_bytes/4)_cpu_estimate,1,0,free_text,free_text,insert_ignore,0,1,1,1
aug_seed_000171_single_row_subset_001,seed_000171,source_group_id,financial,d_g1_primary,MP-FS+ vNext D_G1,MP-FS+,deterministic_reprocess,primary,mp_fs_plus_shared,mp_fs_plus_shared,214e3bc0e5482cb0382f3540b1906582675bfbe0fdd70635103355bbf7079e47,14240,14240,3560,ceil(utf8_bytes/4)_cpu_estimate,1,0,free_text,free_text,insert_ignore,0,1,1,1
aug_seed_000171_single_row_subset_001,seed_000171,source_group_id,financial,d_only_secondary,MP-FS+ vNext D_ONLY,MP-FS+,deterministic_reprocess,secondary_ablation,mp_fs_plus_shared,mp_fs_plus_shared,214e3bc0e5482cb0382f3540b1906582675bfbe0fdd70635103355bbf7079e47,14240,14240,3560,ceil(utf8_bytes/4)_cpu_estimate,1,0,free_text,free_text,insert_ignore,0,1,1,1
aug_seed_000171_single_row_subset_001,seed_000171,source_group_id,financial,full_secondary,MP-FS+ vNext FULL,MP-FS+,deterministic_reprocess,secondary_ablation,mp_fs_plus_shared,mp_fs_plus_shared,214e3bc0e5482cb0382f3540b1906582675bfbe0fdd70635103355bbf7079e47,14240,14240,3560,ceil(utf8_bytes/4)_cpu_estimate,1,0,free_text,free_text,insert_ignore,0,1,1,1
aug_seed_000171_single_row_subset_001,seed_000171,source_group_id,financial,no_c_secondary,MP-FS+ vNext NO_C,MP-FS+,deterministic_reprocess,secondary_ablation,mp_fs_plus_shared,mp_fs_plus_shared,214e3bc0e5482cb0382f3540b1906582675bfbe0fdd70635103355bbf7079e47,14240,14240,3560,ceil(utf8_bytes/4)_cpu_estimate,1,0,free_text,free_text,insert_ignore,0,1,1,1
aug_seed_000042_single_row_subset_001,seed_000042,source_group_id,financial,direct,Direct,D-FS-M,generation,baseline,direct,,4f40e1ce5e2b8e3dec357103a58a28e8407c75a7f7b39bf7312758165a879911,9876,9876,2469,ceil(utf8_bytes/4)_cpu_estimate,1,0,free_text,free_text,insert_ignore,0,1,1,1
aug_seed_000042_single_row_subset_001,seed_000042,source_group_id,financial,j_fs,J-FS,J-FS-M,generation,baseline,j_fs,,e99a489a7e75314f248a46849ebac665747369e25edf229b1479ec52a3e39055,9786,9786,2447,ceil(utf8_bytes/4)_cpu_estimate,1,0,free_text,free_text,insert_ignore,0,1,1,1
aug_seed_000042_single_row_subset_001,seed_000042,source_group_id,financial,original_mp_fs_plus,Original MP-FS+,MP-FS+,deterministic_reprocess,primary_comparison_baseline,mp_fs_plus_shared,mp_fs_plus_shared,da14bccd21092d593f5fa00aef373f9fef998a877da857d40ff5dad2cabccf41,14318,14318,3580,ceil(utf8_bytes/4)_cpu_estimate,1,0,free_text,free_text,insert_ignore,0,1,1,1
aug_seed_000042_single_row_subset_001,seed_000042,source_group_id,financial,d_g1_primary,MP-FS+ vNext D_G1,MP-FS+,deterministic_reprocess,primary,mp_fs_plus_shared,mp_fs_plus_shared,da14bccd21092d593f5fa00aef373f9fef998a877da857d40ff5dad2cabccf41,14318,14318,3580,ceil(utf8_bytes/4)_cpu_estimate,1,0,free_text,free_text,insert_ignore,0,1,1,1
aug_seed_000042_single_row_subset_001,seed_000042,source_group_id,financial,d_only_secondary,MP-FS+ vNext D_ONLY,MP-FS+,deterministic_reprocess,secondary_ablation,mp_fs_plus_shared,mp_fs_plus_shared,da14bccd21092d593f5fa00aef373f9fef998a877da857d40ff5dad2cabccf41,14318,14318,3580,ceil(utf8_bytes/4)_cpu_estimate,1,0,free_text,free_text,insert_ignore,0,1,1,1
aug_seed_000042_single_row_subset_001,seed_000042,source_group_id,financial,full_secondary,MP-FS+ vNext FULL,MP-FS+,deterministic_reprocess,secondary_ablation,mp_fs_plus_shared,mp_fs_plus_shared,da14bccd21092d593f5fa00aef373f9fef998a877da857d40ff5dad2cabccf41,14318,14318,3580,ceil(utf8_bytes/4)_cpu_estimate,1,0,free_text,free_text,insert_ignore,0,1,1,1
aug_seed_000042_single_row_subset_001,seed_000042,source_group_id,financial,no_c_secondary,MP-FS+ vNext NO_C,MP-FS+,deterministic_reprocess,secondary_ablation,mp_fs_plus_shared,mp_fs_plus_shared,da14bccd21092d593f5fa00aef373f9fef998a877da857d40ff5dad2cabccf41,14318,14318,3580,ceil(utf8_bytes/4)_cpu_estimate,1,0,free_text,free_text,insert_ignore,0,1,1,1
aug_seed_000208_single_row_subset_001,seed_000208,source_group_id,financial,direct,Direct,D-FS-M,generation,baseline,direct,,a5361a64de1691fd44a4ab2ec6002f5d4e5d9ddded462599d88329bfbf21f04c,9944,9944,2486,ceil(utf8_bytes/4)_cpu_estimate,1,0,free_text,free_text,insert_ignore,0,1,1,1
aug_seed_000208_single_row_subset_001,seed_000208,source_group_id,financial,j_fs,J-FS,J-FS-M,generation,baseline,j_fs,,71da0b605129e3e6f04a4a510afa619d1d6cdddddbc8dc8c1dd72783e6649cef,9854,9854,2464,ceil(utf8_bytes/4)_cpu_estimate,1,0,free_text,free_text,insert_ignore,0,1,1,1
aug_seed_000208_single_row_subset_001,seed_000208,source_group_id,financial,original_mp_fs_plus,Original MP-FS+,MP-FS+,deterministic_reprocess,primary_comparison_baseline,mp_fs_plus_shared,mp_fs_plus_shared,a4c20ace5659f3a9eb88550706e3c6fd9d60f1797dde7f8edffc960fdc6eb17c,16291,16291,4073,ceil(utf8_bytes/4)_cpu_estimate,1,0,free_text,free_text,insert_ignore,0,1,1,1
aug_seed_000208_single_row_subset_001,seed_000208,source_group_id,financial,d_g1_primary,MP-FS+ vNext D_G1,MP-FS+,deterministic_reprocess,primary,mp_fs_plus_shared,mp_fs_plus_shared,a4c20ace5659f3a9eb88550706e3c6fd9d60f1797dde7f8edffc960fdc6eb17c,16291,16291,4073,ceil(utf8_bytes/4)_cpu_estimate,1,0,free_text,free_text,insert_ignore,0,1,1,1
aug_seed_000208_single_row_subset_001,seed_000208,source_group_id,financial,d_only_secondary,MP-FS+ vNext D_ONLY,MP-FS+,deterministic_reprocess,secondary_ablation,mp_fs_plus_shared,mp_fs_plus_shared,a4c20ace5659f3a9eb88550706e3c6fd9d60f1797dde7f8edffc960fdc6eb17c,16291,16291,4073,ceil(utf8_bytes/4)_cpu_estimate,1,0,free_text,free_text,insert_ignore,0,1,1,1
aug_seed_000208_single_row_subset_001,seed_000208,source_group_id,financial,full_secondary,MP-FS+ vNext FULL,MP-FS+,deterministic_reprocess,secondary_ablation,mp_fs_plus_shared,mp_fs_plus_shared,a4c20ace5659f3a9eb88550706e3c6fd9d60f1797dde7f8edffc960fdc6eb17c,16291,16291,4073,ceil(utf8_bytes/4)_cpu_estimate,1,0,free_text,free_text,insert_ignore,0,1,1,1
aug_seed_000208_single_row_subset_001,seed_000208,source_group_id,financial,no_c_secondary,MP-FS+ vNext NO_C,MP-FS+,deterministic_reprocess,secondary_ablation,mp_fs_plus_shared,mp_fs_plus_shared,a4c20ace5659f3a9eb88550706e3c6fd9d60f1797dde7f8edffc960fdc6eb17c,16291,16291,4073,ceil(utf8_bytes/4)_cpu_estimate,1,0,free_text,free_text,insert_ignore,0,1,1,1
seed_000154,seed_000154,source_group_id,european_football_2,direct,Direct,D-FS-M,generation,baseline,direct,,d1581ad06b2542144dcd137c90e36187ba187f431ed953708bbdc137ee72c2c8,36244,36244,9061,ceil(utf8_bytes/4)_cpu_estimate,1,0,semi_structured,key_value,plain_insert,0,1,1,1
seed_000154,seed_000154,source_group_id,european_football_2,j_fs,J-FS,J-FS-M,generation,baseline,j_fs,,a3f69939c4a3e0767c46c687977de1fff1077c7a8f25b22a1571a3f369465d70,36175,36175,9044,ceil(utf8_bytes/4)_cpu_estimate,1,0,semi_structured,key_value,plain_insert,0,1,1,1
seed_000154,seed_000154,source_group_id,european_football_2,original_mp_fs_plus,Original MP-FS+,MP-FS+,deterministic_reprocess,primary_comparison_baseline,mp_fs_plus_shared,mp_fs_plus_shared,aa4b149e6388b033f03987cc877d8b9a755c1175a175505e3172fbf5d0d6d4bb,11787,11787,2947,ceil(utf8_bytes/4)_cpu_estimate,1,0,semi_structured,key_value,plain_insert,0,1,1,1
seed_000154,seed_000154,source_group_id,european_football_2,d_g1_primary,MP-FS+ vNext D_G1,MP-FS+,deterministic_reprocess,primary,mp_fs_plus_shared,mp_fs_plus_shared,aa4b149e6388b033f03987cc877d8b9a755c1175a175505e3172fbf5d0d6d4bb,11787,11787,2947,ceil(utf8_bytes/4)_cpu_estimate,1,0,semi_structured,key_value,plain_insert,0,1,1,1
seed_000154,seed_000154,source_group_id,european_football_2,d_only_secondary,MP-FS+ vNext D_ONLY,MP-FS+,deterministic_reprocess,secondary_ablation,mp_fs_plus_shared,mp_fs_plus_shared,aa4b149e6388b033f03987cc877d8b9a755c1175a175505e3172fbf5d0d6d4bb,11787,11787,2947,ceil(utf8_bytes/4)_cpu_estimate,1,0,semi_structured,key_value,plain_insert,0,1,1,1
seed_000154,seed_000154,source_group_id,european_football_2,full_secondary,MP-FS+ vNext FULL,MP-FS+,deterministic_reprocess,secondary_ablation,mp_fs_plus_shared,mp_fs_plus_shared,aa4b149e6388b033f03987cc877d8b9a755c1175a175505e3172fbf5d0d6d4bb,11787,11787,2947,ceil(utf8_bytes/4)_cpu_estimate,1,0,semi_structured,key_value,plain_insert,0,1,1,1
seed_000154,seed_000154,source_group_id,european_football_2,no_c_secondary,MP-FS+ vNext NO_C,MP-FS+,deterministic_reprocess,secondary_ablation,mp_fs_plus_shared,mp_fs_plus_shared,aa4b149e6388b033f03987cc877d8b9a755c1175a175505e3172fbf5d0d6d4bb,11787,11787,2947,ceil(utf8_bytes/4)_cpu_estimate,1,0,semi_structured,key_value,plain_insert,0,1,1,1
aug_seed_000347_single_row_subset_001,seed_000347,source_group_id,financial,direct,Direct,D-FS-M,generation,baseline,direct,,cf8e7a93def2b2d9d66c7a8ddad2fa6a23baefee96216deea998af365dbbe43c,9862,9862,2466,ceil(utf8_bytes/4)_cpu_estimate,1,0,free_text,free_text,insert_ignore,0,1,1,1
aug_seed_000347_single_row_subset_001,seed_000347,source_group_id,financial,j_fs,J-FS,J-FS-M,generation,baseline,j_fs,,c6b9db40b7c3477ed4f778f0a8fd7af61557fda674a754853ab2a58dc56ee93d,9772,9772,2443,ceil(utf8_bytes/4)_cpu_estimate,1,0,free_text,free_text,insert_ignore,0,1,1,1
aug_seed_000347_single_row_subset_001,seed_000347,source_group_id,financial,original_mp_fs_plus,Original MP-FS+,MP-FS+,deterministic_reprocess,primary_comparison_baseline,mp_fs_plus_shared,mp_fs_plus_shared,3b1f51de01f06cf54a2e8d813c98e70937803a44b800c098bd9483336dcb2f33,14995,14995,3749,ceil(utf8_bytes/4)_cpu_estimate,1,0,free_text,free_text,insert_ignore,0,1,1,1
aug_seed_000347_single_row_subset_001,seed_000347,source_group_id,financial,d_g1_primary,MP-FS+ vNext D_G1,MP-FS+,deterministic_reprocess,primary,mp_fs_plus_shared,mp_fs_plus_shared,3b1f51de01f06cf54a2e8d813c98e70937803a44b800c098bd9483336dcb2f33,14995,14995,3749,ceil(utf8_bytes/4)_cpu_estimate,1,0,free_text,free_text,insert_ignore,0,1,1,1
aug_seed_000347_single_row_subset_001,seed_000347,source_group_id,financial,d_only_secondary,MP-FS+ vNext D_ONLY,MP-FS+,deterministic_reprocess,secondary_ablation,mp_fs_plus_shared,mp_fs_plus_shared,3b1f51de01f06cf54a2e8d813c98e70937803a44b800c098bd9483336dcb2f33,14995,14995,3749,ceil(utf8_bytes/4)_cpu_estimate,1,0,free_text,free_text,insert_ignore,0,1,1,1
aug_seed_000347_single_row_subset_001,seed_000347,source_group_id,financial,full_secondary,MP-FS+ vNext FULL,MP-FS+,deterministic_reprocess,secondary_ablation,mp_fs_plus_shared,mp_fs_plus_shared,3b1f51de01f06cf54a2e8d813c98e70937803a44b800c098bd9483336dcb2f33,14995,14995,3749,ceil(utf8_bytes/4)_cpu_estimate,1,0,free_text,free_text,insert_ignore,0,1,1,1
aug_seed_000347_single_row_subset_001,seed_000347,source_group_id,financial,no_c_secondary,MP-FS+ vNext NO_C,MP-FS+,deterministic_reprocess,secondary_ablation,mp_fs_plus_shared,mp_fs_plus_shared,3b1f51de01f06cf54a2e8d813c98e70937803a44b800c098bd9483336dcb2f33,14995,14995,3749,ceil(utf8_bytes/4)_cpu_estimate,1,0,free_text,free_text,insert_ignore,0,1,1,1
aug_seed_000066_single_row_subset_002,seed_000066,source_group_id,student_club,direct,Direct,D-FS-M,generation,baseline,direct,,d766bfdc5bdd8a3632b60c3226343f0f41312c100a0fc14cd4d926e101b25058,9316,9316,2329,ceil(utf8_bytes/4)_cpu_estimate,1,0,free_text,free_text,insert_ignore,0,1,1,1
aug_seed_000066_single_row_subset_002,seed_000066,source_group_id,student_club,j_fs,J-FS,J-FS-M,generation,baseline,j_fs,,12486dfef418d49a210f558f1543be20bee42cc1c167ed7e56ca4097ebda1fea,9226,9226,2307,ceil(utf8_bytes/4)_cpu_estimate,1,0,free_text,free_text,insert_ignore,0,1,1,1
aug_seed_000066_single_row_subset_002,seed_000066,source_group_id,student_club,original_mp_fs_plus,Original MP-FS+,MP-FS+,deterministic_reprocess,primary_comparison_baseline,mp_fs_plus_shared,mp_fs_plus_shared,77ac9535aa6c6449fbfaf42427871da771b54f3b7b7ad22f4972da7d62785518,16289,16289,4073,ceil(utf8_bytes/4)_cpu_estimate,1,0,free_text,free_text,insert_ignore,0,1,1,1
aug_seed_000066_single_row_subset_002,seed_000066,source_group_id,student_club,d_g1_primary,MP-FS+ vNext D_G1,MP-FS+,deterministic_reprocess,primary,mp_fs_plus_shared,mp_fs_plus_shared,77ac9535aa6c6449fbfaf42427871da771b54f3b7b7ad22f4972da7d62785518,16289,16289,4073,ceil(utf8_bytes/4)_cpu_estimate,1,0,free_text,free_text,insert_ignore,0,1,1,1
aug_seed_000066_single_row_subset_002,seed_000066,source_group_id,student_club,d_only_secondary,MP-FS+ vNext D_ONLY,MP-FS+,deterministic_reprocess,secondary_ablation,mp_fs_plus_shared,mp_fs_plus_shared,77ac9535aa6c6449fbfaf42427871da771b54f3b7b7ad22f4972da7d62785518,16289,16289,4073,ceil(utf8_bytes/4)_cpu_estimate,1,0,free_text,free_text,insert_ignore,0,1,1,1
aug_seed_000066_single_row_subset_002,seed_000066,source_group_id,student_club,full_secondary,MP-FS+ vNext FULL,MP-FS+,deterministic_reprocess,secondary_ablation,mp_fs_plus_shared,mp_fs_plus_shared,77ac9535aa6c6449fbfaf42427871da771b54f3b7b7ad22f4972da7d62785518,16289,16289,4073,ceil(utf8_bytes/4)_cpu_estimate,1,0,free_text,free_text,insert_ignore,0,1,1,1
aug_seed_000066_single_row_subset_002,seed_000066,source_group_id,student_club,no_c_secondary,MP-FS+ vNext NO_C,MP-FS+,deterministic_reprocess,secondary_ablation,mp_fs_plus_shared,mp_fs_plus_shared,77ac9535aa6c6449fbfaf42427871da771b54f3b7b7ad22f4972da7d62785518,16289,16289,4073,ceil(utf8_bytes/4)_cpu_estimate,1,0,free_text,free_text,insert_ignore,0,1,1,1
seed_000187,seed_000187,source_group_id,student_club,direct,Direct,D-FS-M,generation,baseline,direct,,8998c0e83aa3c374b8f0dc823300b3a372e2127313d5af78f59177b42787a5a2,14307,14307,3577,ceil(utf8_bytes/4)_cpu_estimate,1,0,semi_structured,json_array,plain_insert,0,1,1,1
seed_000187,seed_000187,source_group_id,student_club,j_fs,J-FS,J-FS-M,generation,baseline,j_fs,,9b0cd34cf65796bfcb9966b16549d43aa98e87478101d7c22af665388f171385,14238,14238,3560,ceil(utf8_bytes/4)_cpu_estimate,1,0,semi_structured,json_array,plain_insert,0,1,1,1
seed_000187,seed_000187,source_group_id,student_club,original_mp_fs_plus,Original MP-FS+,MP-FS+,deterministic_reprocess,primary_comparison_baseline,mp_fs_plus_shared,mp_fs_plus_shared,9ec8fee85010a165c97243a70f377aaee32d482ce8c0e1d374d9cdac2634ab0e,14554,14554,3639,ceil(utf8_bytes/4)_cpu_estimate,1,0,semi_structured,json_array,plain_insert,0,1,1,1
seed_000187,seed_000187,source_group_id,student_club,d_g1_primary,MP-FS+ vNext D_G1,MP-FS+,deterministic_reprocess,primary,mp_fs_plus_shared,mp_fs_plus_shared,9ec8fee85010a165c97243a70f377aaee32d482ce8c0e1d374d9cdac2634ab0e,14554,14554,3639,ceil(utf8_bytes/4)_cpu_estimate,1,0,semi_structured,json_array,plain_insert,0,1,1,1
seed_000187,seed_000187,source_group_id,student_club,d_only_secondary,MP-FS+ vNext D_ONLY,MP-FS+,deterministic_reprocess,secondary_ablation,mp_fs_plus_shared,mp_fs_plus_shared,9ec8fee85010a165c97243a70f377aaee32d482ce8c0e1d374d9cdac2634ab0e,14554,14554,3639,ceil(utf8_bytes/4)_cpu_estimate,1,0,semi_structured,json_array,plain_insert,0,1,1,1
seed_000187,seed_000187,source_group_id,student_club,full_secondary,MP-FS+ vNext FULL,MP-FS+,deterministic_reprocess,secondary_ablation,mp_fs_plus_shared,mp_fs_plus_shared,9ec8fee85010a165c97243a70f377aaee32d482ce8c0e1d374d9cdac2634ab0e,14554,14554,3639,ceil(utf8_bytes/4)_cpu_estimate,1,0,semi_structured,json_array,plain_insert,0,1,1,1
seed_000187,seed_000187,source_group_id,student_club,no_c_secondary,MP-FS+ vNext NO_C,MP-FS+,deterministic_reprocess,secondary_ablation,mp_fs_plus_shared,mp_fs_plus_shared,9ec8fee85010a165c97243a70f377aaee32d482ce8c0e1d374d9cdac2634ab0e,14554,14554,3639,ceil(utf8_bytes/4)_cpu_estimate,1,0,semi_structured,json_array,plain_insert,0,1,1,1
aug_seed_000252_small_batch_subset_001,seed_000252,source_group_id,superhero,direct,Direct,D-FS-M,generation,baseline,direct,,1d2dd0ab173fcbe16e1f4fe77942214753eb91617184f242d7f804cb4745d6ff,9066,9066,2267,ceil(utf8_bytes/4)_cpu_estimate,1,0,semi_structured,json_array,insert_ignore,0,1,1,1
aug_seed_000252_small_batch_subset_001,seed_000252,source_group_id,superhero,j_fs,J-FS,J-FS-M,generation,baseline,j_fs,,c6e69925bad217e12cd962d46f4f04e26e65290523a804627d8d7a80425053a4,8997,8997,2250,ceil(utf8_bytes/4)_cpu_estimate,1,0,semi_structured,json_array,insert_ignore,0,1,1,1
aug_seed_000252_small_batch_subset_001,seed_000252,source_group_id,superhero,original_mp_fs_plus,Original MP-FS+,MP-FS+,deterministic_reprocess,primary_comparison_baseline,mp_fs_plus_shared,mp_fs_plus_shared,b983d822b009c920cb2b0d2572c1b9410665d8a1a8b01fc521a58f17e4638f4c,7149,7149,1788,ceil(utf8_bytes/4)_cpu_estimate,1,0,semi_structured,json_array,insert_ignore,0,1,1,1
aug_seed_000252_small_batch_subset_001,seed_000252,source_group_id,superhero,d_g1_primary,MP-FS+ vNext D_G1,MP-FS+,deterministic_reprocess,primary,mp_fs_plus_shared,mp_fs_plus_shared,b983d822b009c920cb2b0d2572c1b9410665d8a1a8b01fc521a58f17e4638f4c,7149,7149,1788,ceil(utf8_bytes/4)_cpu_estimate,1,0,semi_structured,json_array,insert_ignore,0,1,1,1
aug_seed_000252_small_batch_subset_001,seed_000252,source_group_id,superhero,d_only_secondary,MP-FS+ vNext D_ONLY,MP-FS+,deterministic_reprocess,secondary_ablation,mp_fs_plus_shared,mp_fs_plus_shared,b983d822b009c920cb2b0d2572c1b9410665d8a1a8b01fc521a58f17e4638f4c,7149,7149,1788,ceil(utf8_bytes/4)_cpu_estimate,1,0,semi_structured,json_array,insert_ignore,0,1,1,1
aug_seed_000252_small_batch_subset_001,seed_000252,source_group_id,superhero,full_secondary,MP-FS+ vNext FULL,MP-FS+,deterministic_reprocess,secondary_ablation,mp_fs_plus_shared,mp_fs_plus_shared,b983d822b009c920cb2b0d2572c1b9410665d8a1a8b01fc521a58f17e4638f4c,7149,7149,1788,ceil(utf8_bytes/4)_cpu_estimate,1,0,semi_structured,json_array,insert_ignore,0,1,1,1
aug_seed_000252_small_batch_subset_001,seed_000252,source_group_id,superhero,no_c_secondary,MP-FS+ vNext NO_C,MP-FS+,deterministic_reprocess,secondary_ablation,mp_fs_plus_shared,mp_fs_plus_shared,b983d822b009c920cb2b0d2572c1b9410665d8a1a8b01fc521a58f17e4638f4c,7149,7149,1788,ceil(utf8_bytes/4)_cpu_estimate,1,0,semi_structured,json_array,insert_ignore,0,1,1,1
aug_seed_000022_single_row_subset_002,seed_000022,source_group_id,superhero,direct,Direct,D-FS-M,generation,baseline,direct,,86ad2aa5155a057010eb13bb64089f783d91f27386586c027051d863ddcd64f4,7494,7494,1874,ceil(utf8_bytes/4)_cpu_estimate,1,0,free_text,free_text,insert_ignore,0,1,1,1
aug_seed_000022_single_row_subset_002,seed_000022,source_group_id,superhero,j_fs,J-FS,J-FS-M,generation,baseline,j_fs,,d8f5478b4e4429adf4cd5c573cf209f71854a8f8e0043ea62e177761b095dd47,7404,7404,1851,ceil(utf8_bytes/4)_cpu_estimate,1,0,free_text,free_text,insert_ignore,0,1,1,1
aug_seed_000022_single_row_subset_002,seed_000022,source_group_id,superhero,original_mp_fs_plus,Original MP-FS+,MP-FS+,deterministic_reprocess,primary_comparison_baseline,mp_fs_plus_shared,mp_fs_plus_shared,7622e5a284a6c36c467e04c1445c9576186d98c5ae1a1f003e72df2ab10d9028,11101,11101,2776,ceil(utf8_bytes/4)_cpu_estimate,1,0,free_text,free_text,insert_ignore,0,1,1,1
aug_seed_000022_single_row_subset_002,seed_000022,source_group_id,superhero,d_g1_primary,MP-FS+ vNext D_G1,MP-FS+,deterministic_reprocess,primary,mp_fs_plus_shared,mp_fs_plus_shared,7622e5a284a6c36c467e04c1445c9576186d98c5ae1a1f003e72df2ab10d9028,11101,11101,2776,ceil(utf8_bytes/4)_cpu_estimate,1,0,free_text,free_text,insert_ignore,0,1,1,1
aug_seed_000022_single_row_subset_002,seed_000022,source_group_id,superhero,d_only_secondary,MP-FS+ vNext D_ONLY,MP-FS+,deterministic_reprocess,secondary_ablation,mp_fs_plus_shared,mp_fs_plus_shared,7622e5a284a6c36c467e04c1445c9576186d98c5ae1a1f003e72df2ab10d9028,11101,11101,2776,ceil(utf8_bytes/4)_cpu_estimate,1,0,free_text,free_text,insert_ignore,0,1,1,1
aug_seed_000022_single_row_subset_002,seed_000022,source_group_id,superhero,full_secondary,MP-FS+ vNext FULL,MP-FS+,deterministic_reprocess,secondary_ablation,mp_fs_plus_shared,mp_fs_plus_shared,7622e5a284a6c36c467e04c1445c9576186d98c5ae1a1f003e72df2ab10d9028,11101,11101,2776,ceil(utf8_bytes/4)_cpu_estimate,1,0,free_text,free_text,insert_ignore,0,1,1,1
aug_seed_000022_single_row_subset_002,seed_000022,source_group_id,superhero,no_c_secondary,MP-FS+ vNext NO_C,MP-FS+,deterministic_reprocess,secondary_ablation,mp_fs_plus_shared,mp_fs_plus_shared,7622e5a284a6c36c467e04c1445c9576186d98c5ae1a1f003e72df2ab10d9028,11101,11101,2776,ceil(utf8_bytes/4)_cpu_estimate,1,0,free_text,free_text,insert_ignore,0,1,1,1
seed_000150,seed_000150,source_group_id,superhero,direct,Direct,D-FS-M,generation,baseline,direct,,fd58867d55841c1301c53008ebc1995b725a8970143794fd5fd43e9cb0a5ddc7,14103,14103,3526,ceil(utf8_bytes/4)_cpu_estimate,1,0,semi_structured,key_value,plain_insert,1,1,1,1
seed_000150,seed_000150,source_group_id,superhero,j_fs,J-FS,J-FS-M,generation,baseline,j_fs,,4fb27a5eab93c6178fdfeca22412236e84b3bb564fdc4736594ff0933a26c2a8,14034,14034,3509,ceil(utf8_bytes/4)_cpu_estimate,1,0,semi_structured,key_value,plain_insert,1,1,1,1
seed_000150,seed_000150,source_group_id,superhero,original_mp_fs_plus,Original MP-FS+,MP-FS+,deterministic_reprocess,primary_comparison_baseline,mp_fs_plus_shared,mp_fs_plus_shared,6cc349f07151dfaeb59b0dae2ad94c88a09e9ed4faeee911c9b5b49e987ee645,13562,13562,3391,ceil(utf8_bytes/4)_cpu_estimate,1,0,semi_structured,key_value,plain_insert,1,1,1,1
seed_000150,seed_000150,source_group_id,superhero,d_g1_primary,MP-FS+ vNext D_G1,MP-FS+,deterministic_reprocess,primary,mp_fs_plus_shared,mp_fs_plus_shared,6cc349f07151dfaeb59b0dae2ad94c88a09e9ed4faeee911c9b5b49e987ee645,13562,13562,3391,ceil(utf8_bytes/4)_cpu_estimate,1,0,semi_structured,key_value,plain_insert,1,1,1,1
seed_000150,seed_000150,source_group_id,superhero,d_only_secondary,MP-FS+ vNext D_ONLY,MP-FS+,deterministic_reprocess,secondary_ablation,mp_fs_plus_shared,mp_fs_plus_shared,6cc349f07151dfaeb59b0dae2ad94c88a09e9ed4faeee911c9b5b49e987ee645,13562,13562,3391,ceil(utf8_bytes/4)_cpu_estimate,1,0,semi_structured,key_value,plain_insert,1,1,1,1
seed_000150,seed_000150,source_group_id,superhero,full_secondary,MP-FS+ vNext FULL,MP-FS+,deterministic_reprocess,secondary_ablation,mp_fs_plus_shared,mp_fs_plus_shared,6cc349f07151dfaeb59b0dae2ad94c88a09e9ed4faeee911c9b5b49e987ee645,13562,13562,3391,ceil(utf8_bytes/4)_cpu_estimate,1,0,semi_structured,key_value,plain_insert,1,1,1,1
seed_000150,seed_000150,source_group_id,superhero,no_c_secondary,MP-FS+ vNext NO_C,MP-FS+,deterministic_reprocess,secondary_ablation,mp_fs_plus_shared,mp_fs_plus_shared,6cc349f07151dfaeb59b0dae2ad94c88a09e9ed4faeee911c9b5b49e987ee645,13562,13562,3391,ceil(utf8_bytes/4)_cpu_estimate,1,0,semi_structured,key_value,plain_insert,1,1,1,1
aug_seed_000181_single_row_subset_001,seed_000181,source_group_id,financial,direct,Direct,D-FS-M,generation,baseline,direct,,4ceb11bec4f64b8497f34524652c85dc471229996ecd139bf13bc8333c871a8a,9942,9942,2486,ceil(utf8_bytes/4)_cpu_estimate,1,0,free_text,free_text,insert_ignore,0,1,1,1
aug_seed_000181_single_row_subset_001,seed_000181,source_group_id,financial,j_fs,J-FS,J-FS-M,generation,baseline,j_fs,,82dc51e86cae61239ed755dfef788acd3b9180945e21eedf1dad56407c5f85ad,9852,9852,2463,ceil(utf8_bytes/4)_cpu_estimate,1,0,free_text,free_text,insert_ignore,0,1,1,1
aug_seed_000181_single_row_subset_001,seed_000181,source_group_id,financial,original_mp_fs_plus,Original MP-FS+,MP-FS+,deterministic_reprocess,primary_comparison_baseline,mp_fs_plus_shared,mp_fs_plus_shared,d70527d8f446f13539d3a8ea6f61cc330069ce975ce906ed4957938fef34f3e3,20197,20197,5050,ceil(utf8_bytes/4)_cpu_estimate,1,0,free_text,free_text,insert_ignore,0,1,1,1
aug_seed_000181_single_row_subset_001,seed_000181,source_group_id,financial,d_g1_primary,MP-FS+ vNext D_G1,MP-FS+,deterministic_reprocess,primary,mp_fs_plus_shared,mp_fs_plus_shared,d70527d8f446f13539d3a8ea6f61cc330069ce975ce906ed4957938fef34f3e3,20197,20197,5050,ceil(utf8_bytes/4)_cpu_estimate,1,0,free_text,free_text,insert_ignore,0,1,1,1
aug_seed_000181_single_row_subset_001,seed_000181,source_group_id,financial,d_only_secondary,MP-FS+ vNext D_ONLY,MP-FS+,deterministic_reprocess,secondary_ablation,mp_fs_plus_shared,mp_fs_plus_shared,d70527d8f446f13539d3a8ea6f61cc330069ce975ce906ed4957938fef34f3e3,20197,20197,5050,ceil(utf8_bytes/4)_cpu_estimate,1,0,free_text,free_text,insert_ignore,0,1,1,1
aug_seed_000181_single_row_subset_001,seed_000181,source_group_id,financial,full_secondary,MP-FS+ vNext FULL,MP-FS+,deterministic_reprocess,secondary_ablation,mp_fs_plus_shared,mp_fs_plus_shared,d70527d8f446f13539d3a8ea6f61cc330069ce975ce906ed4957938fef34f3e3,20197,20197,5050,ceil(utf8_bytes/4)_cpu_estimate,1,0,free_text,free_text,insert_ignore,0,1,1,1
aug_seed_000181_single_row_subset_001,seed_000181,source_group_id,financial,no_c_secondary,MP-FS+ vNext NO_C,MP-FS+,deterministic_reprocess,secondary_ablation,mp_fs_plus_shared,mp_fs_plus_shared,d70527d8f446f13539d3a8ea6f61cc330069ce975ce906ed4957938fef34f3e3,20197,20197,5050,ceil(utf8_bytes/4)_cpu_estimate,1,0,free_text,free_text,insert_ignore,0,1,1,1
aug_seed_000004_relational_format_variant_001,seed_000004,source_group_id,debit_card_specializing,direct,Direct,D-FS-M,generation,baseline,direct,,9b4041e931f02a03ea8344941a3f2513f85613d05b650f6eee807f81a156c9c5,8714,8714,2179,ceil(utf8_bytes/4)_cpu_estimate,1,0,free_text,free_text,insert_ignore,0,1,1,1
aug_seed_000004_relational_format_variant_001,seed_000004,source_group_id,debit_card_specializing,j_fs,J-FS,J-FS-M,generation,baseline,j_fs,,fcd837126c36310c6baae2a1a9a0e66dfc6450b9b0270a75ceaded976655a6e7,8624,8624,2156,ceil(utf8_bytes/4)_cpu_estimate,1,0,free_text,free_text,insert_ignore,0,1,1,1
aug_seed_000004_relational_format_variant_001,seed_000004,source_group_id,debit_card_specializing,original_mp_fs_plus,Original MP-FS+,MP-FS+,deterministic_reprocess,primary_comparison_baseline,mp_fs_plus_shared,mp_fs_plus_shared,17ba97e602d3cbaac01514d6c0b50908991b06519fd81df80ee6597bf2147e01,32659,32659,8165,ceil(utf8_bytes/4)_cpu_estimate,1,0,free_text,free_text,insert_ignore,0,1,1,1
aug_seed_000004_relational_format_variant_001,seed_000004,source_group_id,debit_card_specializing,d_g1_primary,MP-FS+ vNext D_G1,MP-FS+,deterministic_reprocess,primary,mp_fs_plus_shared,mp_fs_plus_shared,17ba97e602d3cbaac01514d6c0b50908991b06519fd81df80ee6597bf2147e01,32659,32659,8165,ceil(utf8_bytes/4)_cpu_estimate,1,0,free_text,free_text,insert_ignore,0,1,1,1
aug_seed_000004_relational_format_variant_001,seed_000004,source_group_id,debit_card_specializing,d_only_secondary,MP-FS+ vNext D_ONLY,MP-FS+,deterministic_reprocess,secondary_ablation,mp_fs_plus_shared,mp_fs_plus_shared,17ba97e602d3cbaac01514d6c0b50908991b06519fd81df80ee6597bf2147e01,32659,32659,8165,ceil(utf8_bytes/4)_cpu_estimate,1,0,free_text,free_text,insert_ignore,0,1,1,1
aug_seed_000004_relational_format_variant_001,seed_000004,source_group_id,debit_card_specializing,full_secondary,MP-FS+ vNext FULL,MP-FS+,deterministic_reprocess,secondary_ablation,mp_fs_plus_shared,mp_fs_plus_shared,17ba97e602d3cbaac01514d6c0b50908991b06519fd81df80ee6597bf2147e01,32659,32659,8165,ceil(utf8_bytes/4)_cpu_estimate,1,0,free_text,free_text,insert_ignore,0,1,1,1
aug_seed_000004_relational_format_variant_001,seed_000004,source_group_id,debit_card_specializing,no_c_secondary,MP-FS+ vNext NO_C,MP-FS+,deterministic_reprocess,secondary_ablation,mp_fs_plus_shared,mp_fs_plus_shared,17ba97e602d3cbaac01514d6c0b50908991b06519fd81df80ee6597bf2147e01,32659,32659,8165,ceil(utf8_bytes/4)_cpu_estimate,1,0,free_text,free_text,insert_ignore,0,1,1,1
aug_seed_000169_single_row_subset_001,seed_000169,source_group_id,debit_card_specializing,direct,Direct,D-FS-M,generation,baseline,direct,,ce33ad91a0897ce910b757e1203d0b0ec4122c82d3b025ff99c4057bcf3784c8,5039,5040,1260,ceil(utf8_bytes/4)_cpu_estimate,1,0,free_text,free_text,insert_ignore,0,1,1,1
aug_seed_000169_single_row_subset_001,seed_000169,source_group_id,debit_card_specializing,j_fs,J-FS,J-FS-M,generation,baseline,j_fs,,2ab692926f6383277be5d1a8ba450a1f7432b4999b1b6d0231c455bcfc9d2ac9,4949,4950,1238,ceil(utf8_bytes/4)_cpu_estimate,1,0,free_text,free_text,insert_ignore,0,1,1,1
aug_seed_000169_single_row_subset_001,seed_000169,source_group_id,debit_card_specializing,original_mp_fs_plus,Original MP-FS+,MP-FS+,deterministic_reprocess,primary_comparison_baseline,mp_fs_plus_shared,mp_fs_plus_shared,7a8843ecb7ebcfc9c4fff8c87ae4e0699a2031a9a807cf145b47629e8e729ec1,10372,10374,2594,ceil(utf8_bytes/4)_cpu_estimate,1,0,free_text,free_text,insert_ignore,0,1,1,1
aug_seed_000169_single_row_subset_001,seed_000169,source_group_id,debit_card_specializing,d_g1_primary,MP-FS+ vNext D_G1,MP-FS+,deterministic_reprocess,primary,mp_fs_plus_shared,mp_fs_plus_shared,7a8843ecb7ebcfc9c4fff8c87ae4e0699a2031a9a807cf145b47629e8e729ec1,10372,10374,2594,ceil(utf8_bytes/4)_cpu_estimate,1,0,free_text,free_text,insert_ignore,0,1,1,1
aug_seed_000169_single_row_subset_001,seed_000169,source_group_id,debit_card_specializing,d_only_secondary,MP-FS+ vNext D_ONLY,MP-FS+,deterministic_reprocess,secondary_ablation,mp_fs_plus_shared,mp_fs_plus_shared,7a8843ecb7ebcfc9c4fff8c87ae4e0699a2031a9a807cf145b47629e8e729ec1,10372,10374,2594,ceil(utf8_bytes/4)_cpu_estimate,1,0,free_text,free_text,insert_ignore,0,1,1,1
aug_seed_000169_single_row_subset_001,seed_000169,source_group_id,debit_card_specializing,full_secondary,MP-FS+ vNext FULL,MP-FS+,deterministic_reprocess,secondary_ablation,mp_fs_plus_shared,mp_fs_plus_shared,7a8843ecb7ebcfc9c4fff8c87ae4e0699a2031a9a807cf145b47629e8e729ec1,10372,10374,2594,ceil(utf8_bytes/4)_cpu_estimate,1,0,free_text,free_text,insert_ignore,0,1,1,1
aug_seed_000169_single_row_subset_001,seed_000169,source_group_id,debit_card_specializing,no_c_secondary,MP-FS+ vNext NO_C,MP-FS+,deterministic_reprocess,secondary_ablation,mp_fs_plus_shared,mp_fs_plus_shared,7a8843ecb7ebcfc9c4fff8c87ae4e0699a2031a9a807cf145b47629e8e729ec1,10372,10374,2594,ceil(utf8_bytes/4)_cpu_estimate,1,0,free_text,free_text,insert_ignore,0,1,1,1
seed_000299,seed_000299,source_group_id,formula_1,direct,Direct,D-FS-M,generation,baseline,direct,,18bb9c4cd6ceb0d52b1b96ea42eef444a050e49ddfa2fa8c1d65ba5147f09630,21132,21132,5283,ceil(utf8_bytes/4)_cpu_estimate,1,0,semi_structured,json_array,plain_insert,0,1,1,1
seed_000299,seed_000299,source_group_id,formula_1,j_fs,J-FS,J-FS-M,generation,baseline,j_fs,,d46f9dd8628b759ae27e4f649a5209c5239229fead51717bee31da647248f669,21063,21063,5266,ceil(utf8_bytes/4)_cpu_estimate,1,0,semi_structured,json_array,plain_insert,0,1,1,1
seed_000299,seed_000299,source_group_id,formula_1,original_mp_fs_plus,Original MP-FS+,MP-FS+,deterministic_reprocess,primary_comparison_baseline,mp_fs_plus_shared,mp_fs_plus_shared,71e7fac4384df4b0180f3ffdc70e6f5bb2fe000b7b2cade675156c9d5b6c8169,21499,21499,5375,ceil(utf8_bytes/4)_cpu_estimate,1,0,semi_structured,json_array,plain_insert,0,1,1,1
seed_000299,seed_000299,source_group_id,formula_1,d_g1_primary,MP-FS+ vNext D_G1,MP-FS+,deterministic_reprocess,primary,mp_fs_plus_shared,mp_fs_plus_shared,71e7fac4384df4b0180f3ffdc70e6f5bb2fe000b7b2cade675156c9d5b6c8169,21499,21499,5375,ceil(utf8_bytes/4)_cpu_estimate,1,0,semi_structured,json_array,plain_insert,0,1,1,1
seed_000299,seed_000299,source_group_id,formula_1,d_only_secondary,MP-FS+ vNext D_ONLY,MP-FS+,deterministic_reprocess,secondary_ablation,mp_fs_plus_shared,mp_fs_plus_shared,71e7fac4384df4b0180f3ffdc70e6f5bb2fe000b7b2cade675156c9d5b6c8169,21499,21499,5375,ceil(utf8_bytes/4)_cpu_estimate,1,0,semi_structured,json_array,plain_insert,0,1,1,1
seed_000299,seed_000299,source_group_id,formula_1,full_secondary,MP-FS+ vNext FULL,MP-FS+,deterministic_reprocess,secondary_ablation,mp_fs_plus_shared,mp_fs_plus_shared,71e7fac4384df4b0180f3ffdc70e6f5bb2fe000b7b2cade675156c9d5b6c8169,21499,21499,5375,ceil(utf8_bytes/4)_cpu_estimate,1,0,semi_structured,json_array,plain_insert,0,1,1,1
seed_000299,seed_000299,source_group_id,formula_1,no_c_secondary,MP-FS+ vNext NO_C,MP-FS+,deterministic_reprocess,secondary_ablation,mp_fs_plus_shared,mp_fs_plus_shared,71e7fac4384df4b0180f3ffdc70e6f5bb2fe000b7b2cade675156c9d5b6c8169,21499,21499,5375,ceil(utf8_bytes/4)_cpu_estimate,1,0,semi_structured,json_array,plain_insert,0,1,1,1
aug_seed_000274_single_row_subset_001,seed_000274,source_group_id,formula_1,direct,Direct,D-FS-M,generation,baseline,direct,,69aaa3b15d2b4a7104ac8ec9c6c2db0802ac8124367e043eec11c29752e5cc6f,18547,18547,4637,ceil(utf8_bytes/4)_cpu_estimate,1,0,semi_structured,markdown_table,insert_ignore,0,1,1,1
aug_seed_000274_single_row_subset_001,seed_000274,source_group_id,formula_1,j_fs,J-FS,J-FS-M,generation,baseline,j_fs,,a061b34adba26e139cb6dd6796f22e81f9e1a998d43351b78f388ed467b59f2d,18478,18478,4620,ceil(utf8_bytes/4)_cpu_estimate,1,0,semi_structured,markdown_table,insert_ignore,0,1,1,1
aug_seed_000274_single_row_subset_001,seed_000274,source_group_id,formula_1,original_mp_fs_plus,Original MP-FS+,MP-FS+,deterministic_reprocess,primary_comparison_baseline,mp_fs_plus_shared,mp_fs_plus_shared,d65e10565181a880326f03e12e90b68548b2659d4d13d98fedb170b21b3bdae8,7379,7379,1845,ceil(utf8_bytes/4)_cpu_estimate,1,0,semi_structured,markdown_table,insert_ignore,0,1,1,1
aug_seed_000274_single_row_subset_001,seed_000274,source_group_id,formula_1,d_g1_primary,MP-FS+ vNext D_G1,MP-FS+,deterministic_reprocess,primary,mp_fs_plus_shared,mp_fs_plus_shared,d65e10565181a880326f03e12e90b68548b2659d4d13d98fedb170b21b3bdae8,7379,7379,1845,ceil(utf8_bytes/4)_cpu_estimate,1,0,semi_structured,markdown_table,insert_ignore,0,1,1,1
aug_seed_000274_single_row_subset_001,seed_000274,source_group_id,formula_1,d_only_secondary,MP-FS+ vNext D_ONLY,MP-FS+,deterministic_reprocess,secondary_ablation,mp_fs_plus_shared,mp_fs_plus_shared,d65e10565181a880326f03e12e90b68548b2659d4d13d98fedb170b21b3bdae8,7379,7379,1845,ceil(utf8_bytes/4)_cpu_estimate,1,0,semi_structured,markdown_table,insert_ignore,0,1,1,1
aug_seed_000274_single_row_subset_001,seed_000274,source_group_id,formula_1,full_secondary,MP-FS+ vNext FULL,MP-FS+,deterministic_reprocess,secondary_ablation,mp_fs_plus_shared,mp_fs_plus_shared,d65e10565181a880326f03e12e90b68548b2659d4d13d98fedb170b21b3bdae8,7379,7379,1845,ceil(utf8_bytes/4)_cpu_estimate,1,0,semi_structured,markdown_table,insert_ignore,0,1,1,1
aug_seed_000274_single_row_subset_001,seed_000274,source_group_id,formula_1,no_c_secondary,MP-FS+ vNext NO_C,MP-FS+,deterministic_reprocess,secondary_ablation,mp_fs_plus_shared,mp_fs_plus_shared,d65e10565181a880326f03e12e90b68548b2659d4d13d98fedb170b21b3bdae8,7379,7379,1845,ceil(utf8_bytes/4)_cpu_estimate,1,0,semi_structured,markdown_table,insert_ignore,0,1,1,1
aug_seed_000052_small_batch_subset_001,seed_000052,source_group_id,superhero,direct,Direct,D-FS-M,generation,baseline,direct,,485dd483ac4261332075712905a4d468aeeceb8f323b6415eb2d193c32208538,9186,9186,2297,ceil(utf8_bytes/4)_cpu_estimate,1,0,semi_structured,key_value,insert_ignore,0,1,1,1
aug_seed_000052_small_batch_subset_001,seed_000052,source_group_id,superhero,j_fs,J-FS,J-FS-M,generation,baseline,j_fs,,b4bdf8ad44f2f6c2f3e967910a82e546dd72ea6c3a7ac0d29290b8396e40c367,9117,9117,2280,ceil(utf8_bytes/4)_cpu_estimate,1,0,semi_structured,key_value,insert_ignore,0,1,1,1
aug_seed_000052_small_batch_subset_001,seed_000052,source_group_id,superhero,original_mp_fs_plus,Original MP-FS+,MP-FS+,deterministic_reprocess,primary_comparison_baseline,mp_fs_plus_shared,mp_fs_plus_shared,b21867ab36dbeb0a72c2ed947965d993a008d21cbb0e6a8ec7139572d1edfb2d,10287,10287,2572,ceil(utf8_bytes/4)_cpu_estimate,1,0,semi_structured,key_value,insert_ignore,0,1,1,1
aug_seed_000052_small_batch_subset_001,seed_000052,source_group_id,superhero,d_g1_primary,MP-FS+ vNext D_G1,MP-FS+,deterministic_reprocess,primary,mp_fs_plus_shared,mp_fs_plus_shared,b21867ab36dbeb0a72c2ed947965d993a008d21cbb0e6a8ec7139572d1edfb2d,10287,10287,2572,ceil(utf8_bytes/4)_cpu_estimate,1,0,semi_structured,key_value,insert_ignore,0,1,1,1
aug_seed_000052_small_batch_subset_001,seed_000052,source_group_id,superhero,d_only_secondary,MP-FS+ vNext D_ONLY,MP-FS+,deterministic_reprocess,secondary_ablation,mp_fs_plus_shared,mp_fs_plus_shared,b21867ab36dbeb0a72c2ed947965d993a008d21cbb0e6a8ec7139572d1edfb2d,10287,10287,2572,ceil(utf8_bytes/4)_cpu_estimate,1,0,semi_structured,key_value,insert_ignore,0,1,1,1
aug_seed_000052_small_batch_subset_001,seed_000052,source_group_id,superhero,full_secondary,MP-FS+ vNext FULL,MP-FS+,deterministic_reprocess,secondary_ablation,mp_fs_plus_shared,mp_fs_plus_shared,b21867ab36dbeb0a72c2ed947965d993a008d21cbb0e6a8ec7139572d1edfb2d,10287,10287,2572,ceil(utf8_bytes/4)_cpu_estimate,1,0,semi_structured,key_value,insert_ignore,0,1,1,1
aug_seed_000052_small_batch_subset_001,seed_000052,source_group_id,superhero,no_c_secondary,MP-FS+ vNext NO_C,MP-FS+,deterministic_reprocess,secondary_ablation,mp_fs_plus_shared,mp_fs_plus_shared,b21867ab36dbeb0a72c2ed947965d993a008d21cbb0e6a8ec7139572d1edfb2d,10287,10287,2572,ceil(utf8_bytes/4)_cpu_estimate,1,0,semi_structured,key_value,insert_ignore,0,1,1,1
seed_000274,seed_000274,source_group_id,formula_1,direct,Direct,D-FS-M,generation,baseline,direct,,0417edb8ea2e3c6707358fa9d351e290f4e3495c7032fc4a6486e84fd02c1b04,18790,18790,4698,ceil(utf8_bytes/4)_cpu_estimate,1,0,semi_structured,json_array,plain_insert,0,1,1,1
seed_000274,seed_000274,source_group_id,formula_1,j_fs,J-FS,J-FS-M,generation,baseline,j_fs,,1b09355b8d3868cc3eb1669908b6a444549a6e410d62bd36a2a62aec9695e4ba,18721,18721,4681,ceil(utf8_bytes/4)_cpu_estimate,1,0,semi_structured,json_array,plain_insert,0,1,1,1
seed_000274,seed_000274,source_group_id,formula_1,original_mp_fs_plus,Original MP-FS+,MP-FS+,deterministic_reprocess,primary_comparison_baseline,mp_fs_plus_shared,mp_fs_plus_shared,cd899c4df3fc52e72020730e84fa0dc1c3fc4c27b5580e9f80a117fbfb81eca3,21540,21540,5385,ceil(utf8_bytes/4)_cpu_estimate,1,0,semi_structured,json_array,plain_insert,0,1,1,1
seed_000274,seed_000274,source_group_id,formula_1,d_g1_primary,MP-FS+ vNext D_G1,MP-FS+,deterministic_reprocess,primary,mp_fs_plus_shared,mp_fs_plus_shared,cd899c4df3fc52e72020730e84fa0dc1c3fc4c27b5580e9f80a117fbfb81eca3,21540,21540,5385,ceil(utf8_bytes/4)_cpu_estimate,1,0,semi_structured,json_array,plain_insert,0,1,1,1
seed_000274,seed_000274,source_group_id,formula_1,d_only_secondary,MP-FS+ vNext D_ONLY,MP-FS+,deterministic_reprocess,secondary_ablation,mp_fs_plus_shared,mp_fs_plus_shared,cd899c4df3fc52e72020730e84fa0dc1c3fc4c27b5580e9f80a117fbfb81eca3,21540,21540,5385,ceil(utf8_bytes/4)_cpu_estimate,1,0,semi_structured,json_array,plain_insert,0,1,1,1
seed_000274,seed_000274,source_group_id,formula_1,full_secondary,MP-FS+ vNext FULL,MP-FS+,deterministic_reprocess,secondary_ablation,mp_fs_plus_shared,mp_fs_plus_shared,cd899c4df3fc52e72020730e84fa0dc1c3fc4c27b5580e9f80a117fbfb81eca3,21540,21540,5385,ceil(utf8_bytes/4)_cpu_estimate,1,0,semi_structured,json_array,plain_insert,0,1,1,1
seed_000274,seed_000274,source_group_id,formula_1,no_c_secondary,MP-FS+ vNext NO_C,MP-FS+,deterministic_reprocess,secondary_ablation,mp_fs_plus_shared,mp_fs_plus_shared,cd899c4df3fc52e72020730e84fa0dc1c3fc4c27b5580e9f80a117fbfb81eca3,21540,21540,5385,ceil(utf8_bytes/4)_cpu_estimate,1,0,semi_structured,json_array,plain_insert,0,1,1,1
aug_seed_000135_single_row_subset_001,seed_000135,source_group_id,debit_card_specializing,direct,Direct,D-FS-M,generation,baseline,direct,,9a95d0924153684a5585e4d59aba4c5e06cb0ed2b69b8b7a186dbf689ac84784,5034,5034,1259,ceil(utf8_bytes/4)_cpu_estimate,1,0,free_text,free_text,insert_ignore,0,1,1,1
aug_seed_000135_single_row_subset_001,seed_000135,source_group_id,debit_card_specializing,j_fs,J-FS,J-FS-M,generation,baseline,j_fs,,915615169f4874e5cc35e45a6de079f2fec04805d4591ac0f42746292f1287aa,4944,4944,1236,ceil(utf8_bytes/4)_cpu_estimate,1,0,free_text,free_text,insert_ignore,0,1,1,1
aug_seed_000135_single_row_subset_001,seed_000135,source_group_id,debit_card_specializing,original_mp_fs_plus,Original MP-FS+,MP-FS+,deterministic_reprocess,primary_comparison_baseline,mp_fs_plus_shared,mp_fs_plus_shared,4d2ee25bb367c5213ec2111dda99775a5bb7e31ecd5cbf49b688b4d8f53036aa,10366,10366,2592,ceil(utf8_bytes/4)_cpu_estimate,1,0,free_text,free_text,insert_ignore,0,1,1,1
aug_seed_000135_single_row_subset_001,seed_000135,source_group_id,debit_card_specializing,d_g1_primary,MP-FS+ vNext D_G1,MP-FS+,deterministic_reprocess,primary,mp_fs_plus_shared,mp_fs_plus_shared,4d2ee25bb367c5213ec2111dda99775a5bb7e31ecd5cbf49b688b4d8f53036aa,10366,10366,2592,ceil(utf8_bytes/4)_cpu_estimate,1,0,free_text,free_text,insert_ignore,0,1,1,1
aug_seed_000135_single_row_subset_001,seed_000135,source_group_id,debit_card_specializing,d_only_secondary,MP-FS+ vNext D_ONLY,MP-FS+,deterministic_reprocess,secondary_ablation,mp_fs_plus_shared,mp_fs_plus_shared,4d2ee25bb367c5213ec2111dda99775a5bb7e31ecd5cbf49b688b4d8f53036aa,10366,10366,2592,ceil(utf8_bytes/4)_cpu_estimate,1,0,free_text,free_text,insert_ignore,0,1,1,1
aug_seed_000135_single_row_subset_001,seed_000135,source_group_id,debit_card_specializing,full_secondary,MP-FS+ vNext FULL,MP-FS+,deterministic_reprocess,secondary_ablation,mp_fs_plus_shared,mp_fs_plus_shared,4d2ee25bb367c5213ec2111dda99775a5bb7e31ecd5cbf49b688b4d8f53036aa,10366,10366,2592,ceil(utf8_bytes/4)_cpu_estimate,1,0,free_text,free_text,insert_ignore,0,1,1,1
aug_seed_000135_single_row_subset_001,seed_000135,source_group_id,debit_card_specializing,no_c_secondary,MP-FS+ vNext NO_C,MP-FS+,deterministic_reprocess,secondary_ablation,mp_fs_plus_shared,mp_fs_plus_shared,4d2ee25bb367c5213ec2111dda99775a5bb7e31ecd5cbf49b688b4d8f53036aa,10366,10366,2592,ceil(utf8_bytes/4)_cpu_estimate,1,0,free_text,free_text,insert_ignore,0,1,1,1
aug_seed_000013_small_batch_subset_002,seed_000013,source_group_id,european_football_2,direct,Direct,D-FS-M,generation,baseline,direct,,9f5c6839d24ea0b92938f3f7d11c00a0f45cba9b5da58d06fa91216c861eaeb4,32683,32683,8171,ceil(utf8_bytes/4)_cpu_estimate,1,0,semi_structured,key_value,insert_ignore,0,1,1,1
aug_seed_000013_small_batch_subset_002,seed_000013,source_group_id,european_football_2,j_fs,J-FS,J-FS-M,generation,baseline,j_fs,,348bed1997e0bc3ff3bb4ccd8ff4868bb719013dca4eacaf03364880559caff3,32614,32614,8154,ceil(utf8_bytes/4)_cpu_estimate,1,0,semi_structured,key_value,insert_ignore,0,1,1,1
aug_seed_000013_small_batch_subset_002,seed_000013,source_group_id,european_football_2,original_mp_fs_plus,Original MP-FS+,MP-FS+,deterministic_reprocess,primary_comparison_baseline,mp_fs_plus_shared,mp_fs_plus_shared,21d0ed033839205ef18abc28e57d7caeca94235b7b1c4b61e0fc1aaa86f6a915,23412,23412,5853,ceil(utf8_bytes/4)_cpu_estimate,1,0,semi_structured,key_value,insert_ignore,0,1,1,1
aug_seed_000013_small_batch_subset_002,seed_000013,source_group_id,european_football_2,d_g1_primary,MP-FS+ vNext D_G1,MP-FS+,deterministic_reprocess,primary,mp_fs_plus_shared,mp_fs_plus_shared,21d0ed033839205ef18abc28e57d7caeca94235b7b1c4b61e0fc1aaa86f6a915,23412,23412,5853,ceil(utf8_bytes/4)_cpu_estimate,1,0,semi_structured,key_value,insert_ignore,0,1,1,1
aug_seed_000013_small_batch_subset_002,seed_000013,source_group_id,european_football_2,d_only_secondary,MP-FS+ vNext D_ONLY,MP-FS+,deterministic_reprocess,secondary_ablation,mp_fs_plus_shared,mp_fs_plus_shared,21d0ed033839205ef18abc28e57d7caeca94235b7b1c4b61e0fc1aaa86f6a915,23412,23412,5853,ceil(utf8_bytes/4)_cpu_estimate,1,0,semi_structured,key_value,insert_ignore,0,1,1,1
aug_seed_000013_small_batch_subset_002,seed_000013,source_group_id,european_football_2,full_secondary,MP-FS+ vNext FULL,MP-FS+,deterministic_reprocess,secondary_ablation,mp_fs_plus_shared,mp_fs_plus_shared,21d0ed033839205ef18abc28e57d7caeca94235b7b1c4b61e0fc1aaa86f6a915,23412,23412,5853,ceil(utf8_bytes/4)_cpu_estimate,1,0,semi_structured,key_value,insert_ignore,0,1,1,1
aug_seed_000013_small_batch_subset_002,seed_000013,source_group_id,european_football_2,no_c_secondary,MP-FS+ vNext NO_C,MP-FS+,deterministic_reprocess,secondary_ablation,mp_fs_plus_shared,mp_fs_plus_shared,21d0ed033839205ef18abc28e57d7caeca94235b7b1c4b61e0fc1aaa86f6a915,23412,23412,5853,ceil(utf8_bytes/4)_cpu_estimate,1,0,semi_structured,key_value,insert_ignore,0,1,1,1
aug_seed_000121_small_batch_subset_001,seed_000121,source_group_id,student_club,direct,Direct,D-FS-M,generation,baseline,direct,,909c1c905711dd2dbe16657442f97c433d6cd16241e189668ca26049bb18b4f0,11010,11010,2753,ceil(utf8_bytes/4)_cpu_estimate,1,0,semi_structured,markdown_table,insert_ignore,0,1,1,1
aug_seed_000121_small_batch_subset_001,seed_000121,source_group_id,student_club,j_fs,J-FS,J-FS-M,generation,baseline,j_fs,,f9e3205792ffa910e95e62753fac4ab590b45fa73a15f71d362f6533d46cceec,10941,10941,2736,ceil(utf8_bytes/4)_cpu_estimate,1,0,semi_structured,markdown_table,insert_ignore,0,1,1,1
aug_seed_000121_small_batch_subset_001,seed_000121,source_group_id,student_club,original_mp_fs_plus,Original MP-FS+,MP-FS+,deterministic_reprocess,primary_comparison_baseline,mp_fs_plus_shared,mp_fs_plus_shared,a297d90e8b821fcfb6bf4fb965ef59a4062c08cb03f2dd4777f8ad36e31b401b,8540,8540,2135,ceil(utf8_bytes/4)_cpu_estimate,1,0,semi_structured,markdown_table,insert_ignore,0,1,1,1
aug_seed_000121_small_batch_subset_001,seed_000121,source_group_id,student_club,d_g1_primary,MP-FS+ vNext D_G1,MP-FS+,deterministic_reprocess,primary,mp_fs_plus_shared,mp_fs_plus_shared,a297d90e8b821fcfb6bf4fb965ef59a4062c08cb03f2dd4777f8ad36e31b401b,8540,8540,2135,ceil(utf8_bytes/4)_cpu_estimate,1,0,semi_structured,markdown_table,insert_ignore,0,1,1,1
aug_seed_000121_small_batch_subset_001,seed_000121,source_group_id,student_club,d_only_secondary,MP-FS+ vNext D_ONLY,MP-FS+,deterministic_reprocess,secondary_ablation,mp_fs_plus_shared,mp_fs_plus_shared,a297d90e8b821fcfb6bf4fb965ef59a4062c08cb03f2dd4777f8ad36e31b401b,8540,8540,2135,ceil(utf8_bytes/4)_cpu_estimate,1,0,semi_structured,markdown_table,insert_ignore,0,1,1,1
aug_seed_000121_small_batch_subset_001,seed_000121,source_group_id,student_club,full_secondary,MP-FS+ vNext FULL,MP-FS+,deterministic_reprocess,secondary_ablation,mp_fs_plus_shared,mp_fs_plus_shared,a297d90e8b821fcfb6bf4fb965ef59a4062c08cb03f2dd4777f8ad36e31b401b,8540,8540,2135,ceil(utf8_bytes/4)_cpu_estimate,1,0,semi_structured,markdown_table,insert_ignore,0,1,1,1
aug_seed_000121_small_batch_subset_001,seed_000121,source_group_id,student_club,no_c_secondary,MP-FS+ vNext NO_C,MP-FS+,deterministic_reprocess,secondary_ablation,mp_fs_plus_shared,mp_fs_plus_shared,a297d90e8b821fcfb6bf4fb965ef59a4062c08cb03f2dd4777f8ad36e31b401b,8540,8540,2135,ceil(utf8_bytes/4)_cpu_estimate,1,0,semi_structured,markdown_table,insert_ignore,0,1,1,1
seed_000208,seed_000208,source_group_id,financial,direct,Direct,D-FS-M,generation,baseline,direct,,b4952b2831e764db7e2693ed37a96854362f83c08ea1980b5b05972ab85d66c3,12581,12581,3146,ceil(utf8_bytes/4)_cpu_estimate,1,0,semi_structured,json_array,plain_insert,0,1,1,1
seed_000208,seed_000208,source_group_id,financial,j_fs,J-FS,J-FS-M,generation,baseline,j_fs,,3416a318279a2fe1738f5ff38b3f0b90c0ee69d3c28a7c0bf137626577b04d80,12512,12512,3128,ceil(utf8_bytes/4)_cpu_estimate,1,0,semi_structured,json_array,plain_insert,0,1,1,1
seed_000208,seed_000208,source_group_id,financial,original_mp_fs_plus,Original MP-FS+,MP-FS+,deterministic_reprocess,primary_comparison_baseline,mp_fs_plus_shared,mp_fs_plus_shared,a9cc07d9ddae8744d501d77e3aee62463c81371209582113c0d8e95497b8b183,17415,17415,4354,ceil(utf8_bytes/4)_cpu_estimate,1,0,semi_structured,json_array,plain_insert,0,1,1,1
seed_000208,seed_000208,source_group_id,financial,d_g1_primary,MP-FS+ vNext D_G1,MP-FS+,deterministic_reprocess,primary,mp_fs_plus_shared,mp_fs_plus_shared,a9cc07d9ddae8744d501d77e3aee62463c81371209582113c0d8e95497b8b183,17415,17415,4354,ceil(utf8_bytes/4)_cpu_estimate,1,0,semi_structured,json_array,plain_insert,0,1,1,1
seed_000208,seed_000208,source_group_id,financial,d_only_secondary,MP-FS+ vNext D_ONLY,MP-FS+,deterministic_reprocess,secondary_ablation,mp_fs_plus_shared,mp_fs_plus_shared,a9cc07d9ddae8744d501d77e3aee62463c81371209582113c0d8e95497b8b183,17415,17415,4354,ceil(utf8_bytes/4)_cpu_estimate,1,0,semi_structured,json_array,plain_insert,0,1,1,1
seed_000208,seed_000208,source_group_id,financial,full_secondary,MP-FS+ vNext FULL,MP-FS+,deterministic_reprocess,secondary_ablation,mp_fs_plus_shared,mp_fs_plus_shared,a9cc07d9ddae8744d501d77e3aee62463c81371209582113c0d8e95497b8b183,17415,17415,4354,ceil(utf8_bytes/4)_cpu_estimate,1,0,semi_structured,json_array,plain_insert,0,1,1,1
seed_000208,seed_000208,source_group_id,financial,no_c_secondary,MP-FS+ vNext NO_C,MP-FS+,deterministic_reprocess,secondary_ablation,mp_fs_plus_shared,mp_fs_plus_shared,a9cc07d9ddae8744d501d77e3aee62463c81371209582113c0d8e95497b8b183,17415,17415,4354,ceil(utf8_bytes/4)_cpu_estimate,1,0,semi_structured,json_array,plain_insert,0,1,1,1
aug_seed_000190_single_row_subset_001,seed_000190,source_group_id,student_club,direct,Direct,D-FS-M,generation,baseline,direct,,00162191039ddf9e810d1ca503007da683ab00c0a5a242011ecda3a6d9abf66b,9542,9542,2386,ceil(utf8_bytes/4)_cpu_estimate,1,0,free_text,free_text,insert_ignore,0,1,1,1
aug_seed_000190_single_row_subset_001,seed_000190,source_group_id,student_club,j_fs,J-FS,J-FS-M,generation,baseline,j_fs,,686ad369fc332ae0f661b46a70240e7248d6f44c538a248d391428f2041d2ad2,9452,9452,2363,ceil(utf8_bytes/4)_cpu_estimate,1,0,free_text,free_text,insert_ignore,0,1,1,1
aug_seed_000190_single_row_subset_001,seed_000190,source_group_id,student_club,original_mp_fs_plus,Original MP-FS+,MP-FS+,deterministic_reprocess,primary_comparison_baseline,mp_fs_plus_shared,mp_fs_plus_shared,46a134217bddaa08dcfa78b71bace44d5d23053d22b7028b694dc4ff9f58f9ac,18428,18428,4607,ceil(utf8_bytes/4)_cpu_estimate,1,0,free_text,free_text,insert_ignore,0,1,1,1
aug_seed_000190_single_row_subset_001,seed_000190,source_group_id,student_club,d_g1_primary,MP-FS+ vNext D_G1,MP-FS+,deterministic_reprocess,primary,mp_fs_plus_shared,mp_fs_plus_shared,46a134217bddaa08dcfa78b71bace44d5d23053d22b7028b694dc4ff9f58f9ac,18428,18428,4607,ceil(utf8_bytes/4)_cpu_estimate,1,0,free_text,free_text,insert_ignore,0,1,1,1
aug_seed_000190_single_row_subset_001,seed_000190,source_group_id,student_club,d_only_secondary,MP-FS+ vNext D_ONLY,MP-FS+,deterministic_reprocess,secondary_ablation,mp_fs_plus_shared,mp_fs_plus_shared,46a134217bddaa08dcfa78b71bace44d5d23053d22b7028b694dc4ff9f58f9ac,18428,18428,4607,ceil(utf8_bytes/4)_cpu_estimate,1,0,free_text,free_text,insert_ignore,0,1,1,1
aug_seed_000190_single_row_subset_001,seed_000190,source_group_id,student_club,full_secondary,MP-FS+ vNext FULL,MP-FS+,deterministic_reprocess,secondary_ablation,mp_fs_plus_shared,mp_fs_plus_shared,46a134217bddaa08dcfa78b71bace44d5d23053d22b7028b694dc4ff9f58f9ac,18428,18428,4607,ceil(utf8_bytes/4)_cpu_estimate,1,0,free_text,free_text,insert_ignore,0,1,1,1
aug_seed_000190_single_row_subset_001,seed_000190,source_group_id,student_club,no_c_secondary,MP-FS+ vNext NO_C,MP-FS+,deterministic_reprocess,secondary_ablation,mp_fs_plus_shared,mp_fs_plus_shared,46a134217bddaa08dcfa78b71bace44d5d23053d22b7028b694dc4ff9f58f9ac,18428,18428,4607,ceil(utf8_bytes/4)_cpu_estimate,1,0,free_text,free_text,insert_ignore,0,1,1,1
seed_000185,seed_000185,source_group_id,student_club,direct,Direct,D-FS-M,generation,baseline,direct,,cfab067fc272fe4db9202e6764bb3f3c098b71c082845659e210e67269c088c8,11212,11212,2803,ceil(utf8_bytes/4)_cpu_estimate,1,0,semi_structured,json_array,plain_insert,0,1,1,1
seed_000185,seed_000185,source_group_id,student_club,j_fs,J-FS,J-FS-M,generation,baseline,j_fs,,6304930f175e6ebe91fd2e3945c387bb08430862d39e159c2130a9c5c32197a1,11143,11143,2786,ceil(utf8_bytes/4)_cpu_estimate,1,0,semi_structured,json_array,plain_insert,0,1,1,1
seed_000185,seed_000185,source_group_id,student_club,original_mp_fs_plus,Original MP-FS+,MP-FS+,deterministic_reprocess,primary_comparison_baseline,mp_fs_plus_shared,mp_fs_plus_shared,168ff57521956bf5edc284241c034ecb91363a845b84828ae25f528f867dd7e2,13663,13663,3416,ceil(utf8_bytes/4)_cpu_estimate,1,0,semi_structured,json_array,plain_insert,0,1,1,1
seed_000185,seed_000185,source_group_id,student_club,d_g1_primary,MP-FS+ vNext D_G1,MP-FS+,deterministic_reprocess,primary,mp_fs_plus_shared,mp_fs_plus_shared,168ff57521956bf5edc284241c034ecb91363a845b84828ae25f528f867dd7e2,13663,13663,3416,ceil(utf8_bytes/4)_cpu_estimate,1,0,semi_structured,json_array,plain_insert,0,1,1,1
seed_000185,seed_000185,source_group_id,student_club,d_only_secondary,MP-FS+ vNext D_ONLY,MP-FS+,deterministic_reprocess,secondary_ablation,mp_fs_plus_shared,mp_fs_plus_shared,168ff57521956bf5edc284241c034ecb91363a845b84828ae25f528f867dd7e2,13663,13663,3416,ceil(utf8_bytes/4)_cpu_estimate,1,0,semi_structured,json_array,plain_insert,0,1,1,1
seed_000185,seed_000185,source_group_id,student_club,full_secondary,MP-FS+ vNext FULL,MP-FS+,deterministic_reprocess,secondary_ablation,mp_fs_plus_shared,mp_fs_plus_shared,168ff57521956bf5edc284241c034ecb91363a845b84828ae25f528f867dd7e2,13663,13663,3416,ceil(utf8_bytes/4)_cpu_estimate,1,0,semi_structured,json_array,plain_insert,0,1,1,1
seed_000185,seed_000185,source_group_id,student_club,no_c_secondary,MP-FS+ vNext NO_C,MP-FS+,deterministic_reprocess,secondary_ablation,mp_fs_plus_shared,mp_fs_plus_shared,168ff57521956bf5edc284241c034ecb91363a845b84828ae25f528f867dd7e2,13663,13663,3416,ceil(utf8_bytes/4)_cpu_estimate,1,0,semi_structured,json_array,plain_insert,0,1,1,1
seed_000337,seed_000337,source_group_id,card_games,direct,Direct,D-FS-M,generation,baseline,direct,,1a04bbae55a2fe5281ba6a9512b4ff95c0a6ab7c9f5dd8ccfb79c70c5ac009df,28605,28740,7185,ceil(utf8_bytes/4)_cpu_estimate,1,0,semi_structured,json_array,upsert_update,0,1,1,1
seed_000337,seed_000337,source_group_id,card_games,j_fs,J-FS,J-FS-M,generation,baseline,j_fs,,4e970545ae1d54cac783f5dd8b09f8234e185cc190f552c6967fddeddacb9202,28536,28671,7168,ceil(utf8_bytes/4)_cpu_estimate,1,0,semi_structured,json_array,upsert_update,0,1,1,1
seed_000337,seed_000337,source_group_id,card_games,original_mp_fs_plus,Original MP-FS+,MP-FS+,deterministic_reprocess,primary_comparison_baseline,mp_fs_plus_shared,mp_fs_plus_shared,96e5591b5fc1363ff29c51e5e79c7dee0bf7bb54a85dcbbd09ee5ccde6729cfa,17459,17459,4365,ceil(utf8_bytes/4)_cpu_estimate,1,0,semi_structured,json_array,upsert_update,0,1,1,1
seed_000337,seed_000337,source_group_id,card_games,d_g1_primary,MP-FS+ vNext D_G1,MP-FS+,deterministic_reprocess,primary,mp_fs_plus_shared,mp_fs_plus_shared,96e5591b5fc1363ff29c51e5e79c7dee0bf7bb54a85dcbbd09ee5ccde6729cfa,17459,17459,4365,ceil(utf8_bytes/4)_cpu_estimate,1,0,semi_structured,json_array,upsert_update,0,1,1,1
seed_000337,seed_000337,source_group_id,card_games,d_only_secondary,MP-FS+ vNext D_ONLY,MP-FS+,deterministic_reprocess,secondary_ablation,mp_fs_plus_shared,mp_fs_plus_shared,96e5591b5fc1363ff29c51e5e79c7dee0bf7bb54a85dcbbd09ee5ccde6729cfa,17459,17459,4365,ceil(utf8_bytes/4)_cpu_estimate,1,0,semi_structured,json_array,upsert_update,0,1,1,1
seed_000337,seed_000337,source_group_id,card_games,full_secondary,MP-FS+ vNext FULL,MP-FS+,deterministic_reprocess,secondary_ablation,mp_fs_plus_shared,mp_fs_plus_shared,96e5591b5fc1363ff29c51e5e79c7dee0bf7bb54a85dcbbd09ee5ccde6729cfa,17459,17459,4365,ceil(utf8_bytes/4)_cpu_estimate,1,0,semi_structured,json_array,upsert_update,0,1,1,1
seed_000337,seed_000337,source_group_id,card_games,no_c_secondary,MP-FS+ vNext NO_C,MP-FS+,deterministic_reprocess,secondary_ablation,mp_fs_plus_shared,mp_fs_plus_shared,96e5591b5fc1363ff29c51e5e79c7dee0bf7bb54a85dcbbd09ee5ccde6729cfa,17459,17459,4365,ceil(utf8_bytes/4)_cpu_estimate,1,0,semi_structured,json_array,upsert_update,0,1,1,1
seed_000059,seed_000059,source_group_id,formula_1,direct,Direct,D-FS-M,generation,baseline,direct,,f9775394622816b54ab620f5a718b400eb2c5753d8705181eb90760a582ccc1d,18542,18542,4636,ceil(utf8_bytes/4)_cpu_estimate,1,0,semi_structured,json_array,insert_ignore,0,1,1,1
seed_000059,seed_000059,source_group_id,formula_1,j_fs,J-FS,J-FS-M,generation,baseline,j_fs,,0f3a37647121380eea99e719f6627980d04fd2710648c2f8814c9bb3b2314a98,18473,18473,4619,ceil(utf8_bytes/4)_cpu_estimate,1,0,semi_structured,json_array,insert_ignore,0,1,1,1
seed_000059,seed_000059,source_group_id,formula_1,original_mp_fs_plus,Original MP-FS+,MP-FS+,deterministic_reprocess,primary_comparison_baseline,mp_fs_plus_shared,mp_fs_plus_shared,08eeccdbaf50843d684b5dd31777dbc87e0b2e6bd7e6a3fc7ae20e141a44ffb0,8350,8350,2088,ceil(utf8_bytes/4)_cpu_estimate,1,0,semi_structured,json_array,insert_ignore,0,1,1,1
seed_000059,seed_000059,source_group_id,formula_1,d_g1_primary,MP-FS+ vNext D_G1,MP-FS+,deterministic_reprocess,primary,mp_fs_plus_shared,mp_fs_plus_shared,08eeccdbaf50843d684b5dd31777dbc87e0b2e6bd7e6a3fc7ae20e141a44ffb0,8350,8350,2088,ceil(utf8_bytes/4)_cpu_estimate,1,0,semi_structured,json_array,insert_ignore,0,1,1,1
seed_000059,seed_000059,source_group_id,formula_1,d_only_secondary,MP-FS+ vNext D_ONLY,MP-FS+,deterministic_reprocess,secondary_ablation,mp_fs_plus_shared,mp_fs_plus_shared,08eeccdbaf50843d684b5dd31777dbc87e0b2e6bd7e6a3fc7ae20e141a44ffb0,8350,8350,2088,ceil(utf8_bytes/4)_cpu_estimate,1,0,semi_structured,json_array,insert_ignore,0,1,1,1
seed_000059,seed_000059,source_group_id,formula_1,full_secondary,MP-FS+ vNext FULL,MP-FS+,deterministic_reprocess,secondary_ablation,mp_fs_plus_shared,mp_fs_plus_shared,08eeccdbaf50843d684b5dd31777dbc87e0b2e6bd7e6a3fc7ae20e141a44ffb0,8350,8350,2088,ceil(utf8_bytes/4)_cpu_estimate,1,0,semi_structured,json_array,insert_ignore,0,1,1,1
seed_000059,seed_000059,source_group_id,formula_1,no_c_secondary,MP-FS+ vNext NO_C,MP-FS+,deterministic_reprocess,secondary_ablation,mp_fs_plus_shared,mp_fs_plus_shared,08eeccdbaf50843d684b5dd31777dbc87e0b2e6bd7e6a3fc7ae20e141a44ffb0,8350,8350,2088,ceil(utf8_bytes/4)_cpu_estimate,1,0,semi_structured,json_array,insert_ignore,0,1,1,1
aug_seed_000203_single_row_subset_001,seed_000203,source_group_id,financial,direct,Direct,D-FS-M,generation,baseline,direct,,ae81619b77d8e12413f7821fbd74a01b39a3d6f535bb0f6f4c47f477e618a5e2,11243,11243,2811,ceil(utf8_bytes/4)_cpu_estimate,1,0,semi_structured,markdown_table,insert_ignore,0,1,1,1
aug_seed_000203_single_row_subset_001,seed_000203,source_group_id,financial,j_fs,J-FS,J-FS-M,generation,baseline,j_fs,,dd2af942c4280554740b75dc4d2af8cf229f7cd5341043c4c8bcb15b7b78e655,11174,11174,2794,ceil(utf8_bytes/4)_cpu_estimate,1,0,semi_structured,markdown_table,insert_ignore,0,1,1,1
aug_seed_000203_single_row_subset_001,seed_000203,source_group_id,financial,original_mp_fs_plus,Original MP-FS+,MP-FS+,deterministic_reprocess,primary_comparison_baseline,mp_fs_plus_shared,mp_fs_plus_shared,0c0a5aa8f97a6fdeb3e5f42e7cd3620f663c0811c66c06f648dc225c1f7eaa0e,8414,8414,2104,ceil(utf8_bytes/4)_cpu_estimate,1,0,semi_structured,markdown_table,insert_ignore,0,1,1,1
aug_seed_000203_single_row_subset_001,seed_000203,source_group_id,financial,d_g1_primary,MP-FS+ vNext D_G1,MP-FS+,deterministic_reprocess,primary,mp_fs_plus_shared,mp_fs_plus_shared,0c0a5aa8f97a6fdeb3e5f42e7cd3620f663c0811c66c06f648dc225c1f7eaa0e,8414,8414,2104,ceil(utf8_bytes/4)_cpu_estimate,1,0,semi_structured,markdown_table,insert_ignore,0,1,1,1
aug_seed_000203_single_row_subset_001,seed_000203,source_group_id,financial,d_only_secondary,MP-FS+ vNext D_ONLY,MP-FS+,deterministic_reprocess,secondary_ablation,mp_fs_plus_shared,mp_fs_plus_shared,0c0a5aa8f97a6fdeb3e5f42e7cd3620f663c0811c66c06f648dc225c1f7eaa0e,8414,8414,2104,ceil(utf8_bytes/4)_cpu_estimate,1,0,semi_structured,markdown_table,insert_ignore,0,1,1,1
aug_seed_000203_single_row_subset_001,seed_000203,source_group_id,financial,full_secondary,MP-FS+ vNext FULL,MP-FS+,deterministic_reprocess,secondary_ablation,mp_fs_plus_shared,mp_fs_plus_shared,0c0a5aa8f97a6fdeb3e5f42e7cd3620f663c0811c66c06f648dc225c1f7eaa0e,8414,8414,2104,ceil(utf8_bytes/4)_cpu_estimate,1,0,semi_structured,markdown_table,insert_ignore,0,1,1,1
aug_seed_000203_single_row_subset_001,seed_000203,source_group_id,financial,no_c_secondary,MP-FS+ vNext NO_C,MP-FS+,deterministic_reprocess,secondary_ablation,mp_fs_plus_shared,mp_fs_plus_shared,0c0a5aa8f97a6fdeb3e5f42e7cd3620f663c0811c66c06f648dc225c1f7eaa0e,8414,8414,2104,ceil(utf8_bytes/4)_cpu_estimate,1,0,semi_structured,markdown_table,insert_ignore,0,1,1,1
aug_seed_000121_single_row_subset_002,seed_000121,source_group_id,student_club,direct,Direct,D-FS-M,generation,baseline,direct,,883edb0e36e891238b732fb3bb4376df1cca2be1581e7fd3a1eb6afc74766d7e,9328,9328,2332,ceil(utf8_bytes/4)_cpu_estimate,1,0,free_text,free_text,insert_ignore,0,1,1,1
aug_seed_000121_single_row_subset_002,seed_000121,source_group_id,student_club,j_fs,J-FS,J-FS-M,generation,baseline,j_fs,,b62983a23847c375a799a37e1894d2822bf62e9069a6711534b920f752e64bc3,9238,9238,2310,ceil(utf8_bytes/4)_cpu_estimate,1,0,free_text,free_text,insert_ignore,0,1,1,1
aug_seed_000121_single_row_subset_002,seed_000121,source_group_id,student_club,original_mp_fs_plus,Original MP-FS+,MP-FS+,deterministic_reprocess,primary_comparison_baseline,mp_fs_plus_shared,mp_fs_plus_shared,a8e069df93f6b1c84b9797c0641a1ac6f789a692b40b6d76ed758260cc1129d3,15136,15136,3784,ceil(utf8_bytes/4)_cpu_estimate,1,0,free_text,free_text,insert_ignore,0,1,1,1
aug_seed_000121_single_row_subset_002,seed_000121,source_group_id,student_club,d_g1_primary,MP-FS+ vNext D_G1,MP-FS+,deterministic_reprocess,primary,mp_fs_plus_shared,mp_fs_plus_shared,a8e069df93f6b1c84b9797c0641a1ac6f789a692b40b6d76ed758260cc1129d3,15136,15136,3784,ceil(utf8_bytes/4)_cpu_estimate,1,0,free_text,free_text,insert_ignore,0,1,1,1
aug_seed_000121_single_row_subset_002,seed_000121,source_group_id,student_club,d_only_secondary,MP-FS+ vNext D_ONLY,MP-FS+,deterministic_reprocess,secondary_ablation,mp_fs_plus_shared,mp_fs_plus_shared,a8e069df93f6b1c84b9797c0641a1ac6f789a692b40b6d76ed758260cc1129d3,15136,15136,3784,ceil(utf8_bytes/4)_cpu_estimate,1,0,free_text,free_text,insert_ignore,0,1,1,1
aug_seed_000121_single_row_subset_002,seed_000121,source_group_id,student_club,full_secondary,MP-FS+ vNext FULL,MP-FS+,deterministic_reprocess,secondary_ablation,mp_fs_plus_shared,mp_fs_plus_shared,a8e069df93f6b1c84b9797c0641a1ac6f789a692b40b6d76ed758260cc1129d3,15136,15136,3784,ceil(utf8_bytes/4)_cpu_estimate,1,0,free_text,free_text,insert_ignore,0,1,1,1
aug_seed_000121_single_row_subset_002,seed_000121,source_group_id,student_club,no_c_secondary,MP-FS+ vNext NO_C,MP-FS+,deterministic_reprocess,secondary_ablation,mp_fs_plus_shared,mp_fs_plus_shared,a8e069df93f6b1c84b9797c0641a1ac6f789a692b40b6d76ed758260cc1129d3,15136,15136,3784,ceil(utf8_bytes/4)_cpu_estimate,1,0,free_text,free_text,insert_ignore,0,1,1,1
aug_seed_000005_single_row_subset_002,seed_000005,source_group_id,financial,direct,Direct,D-FS-M,generation,baseline,direct,,d2a27f741a2434d9a2a918ff5140bb1cd167c4464a317918efe3522156f8d071,9881,9881,2471,ceil(utf8_bytes/4)_cpu_estimate,1,0,free_text,free_text,insert_ignore,0,1,1,1
aug_seed_000005_single_row_subset_002,seed_000005,source_group_id,financial,j_fs,J-FS,J-FS-M,generation,baseline,j_fs,,10c5a0794714e9b0284ddb010d7220d06e99ec68eae3e94d0ee0e9df9758d2ce,9791,9791,2448,ceil(utf8_bytes/4)_cpu_estimate,1,0,free_text,free_text,insert_ignore,0,1,1,1
aug_seed_000005_single_row_subset_002,seed_000005,source_group_id,financial,original_mp_fs_plus,Original MP-FS+,MP-FS+,deterministic_reprocess,primary_comparison_baseline,mp_fs_plus_shared,mp_fs_plus_shared,0a83537247b388b47d6201b0b4aec75ce4ccb7f31755a0cc1da8dd95571f83ef,15074,15074,3769,ceil(utf8_bytes/4)_cpu_estimate,1,0,free_text,free_text,insert_ignore,0,1,1,1
aug_seed_000005_single_row_subset_002,seed_000005,source_group_id,financial,d_g1_primary,MP-FS+ vNext D_G1,MP-FS+,deterministic_reprocess,primary,mp_fs_plus_shared,mp_fs_plus_shared,0a83537247b388b47d6201b0b4aec75ce4ccb7f31755a0cc1da8dd95571f83ef,15074,15074,3769,ceil(utf8_bytes/4)_cpu_estimate,1,0,free_text,free_text,insert_ignore,0,1,1,1
aug_seed_000005_single_row_subset_002,seed_000005,source_group_id,financial,d_only_secondary,MP-FS+ vNext D_ONLY,MP-FS+,deterministic_reprocess,secondary_ablation,mp_fs_plus_shared,mp_fs_plus_shared,0a83537247b388b47d6201b0b4aec75ce4ccb7f31755a0cc1da8dd95571f83ef,15074,15074,3769,ceil(utf8_bytes/4)_cpu_estimate,1,0,free_text,free_text,insert_ignore,0,1,1,1
aug_seed_000005_single_row_subset_002,seed_000005,source_group_id,financial,full_secondary,MP-FS+ vNext FULL,MP-FS+,deterministic_reprocess,secondary_ablation,mp_fs_plus_shared,mp_fs_plus_shared,0a83537247b388b47d6201b0b4aec75ce4ccb7f31755a0cc1da8dd95571f83ef,15074,15074,3769,ceil(utf8_bytes/4)_cpu_estimate,1,0,free_text,free_text,insert_ignore,0,1,1,1
aug_seed_000005_single_row_subset_002,seed_000005,source_group_id,financial,no_c_secondary,MP-FS+ vNext NO_C,MP-FS+,deterministic_reprocess,secondary_ablation,mp_fs_plus_shared,mp_fs_plus_shared,0a83537247b388b47d6201b0b4aec75ce4ccb7f31755a0cc1da8dd95571f83ef,15074,15074,3769,ceil(utf8_bytes/4)_cpu_estimate,1,0,free_text,free_text,insert_ignore,0,1,1,1
seed_000066,seed_000066,source_group_id,student_club,direct,Direct,D-FS-M,generation,baseline,direct,,4af009f14bb01707f54f39e8c9efe7930bc1c4f472f900f6671a98fe42811ccc,11020,11020,2755,ceil(utf8_bytes/4)_cpu_estimate,1,0,semi_structured,json_array,plain_insert,0,1,1,1
seed_000066,seed_000066,source_group_id,student_club,j_fs,J-FS,J-FS-M,generation,baseline,j_fs,,bb68b962d4077b31e0def727efd10d21a17c20913b027d84ff5920fd6f63c21f,10951,10951,2738,ceil(utf8_bytes/4)_cpu_estimate,1,0,semi_structured,json_array,plain_insert,0,1,1,1
seed_000066,seed_000066,source_group_id,student_club,original_mp_fs_plus,Original MP-FS+,MP-FS+,deterministic_reprocess,primary_comparison_baseline,mp_fs_plus_shared,mp_fs_plus_shared,74b747954a3f30bab5f0f5915fc67171294bd535337d98926e70b53e67cd001b,15344,15344,3836,ceil(utf8_bytes/4)_cpu_estimate,1,0,semi_structured,json_array,plain_insert,0,1,1,1
seed_000066,seed_000066,source_group_id,student_club,d_g1_primary,MP-FS+ vNext D_G1,MP-FS+,deterministic_reprocess,primary,mp_fs_plus_shared,mp_fs_plus_shared,74b747954a3f30bab5f0f5915fc67171294bd535337d98926e70b53e67cd001b,15344,15344,3836,ceil(utf8_bytes/4)_cpu_estimate,1,0,semi_structured,json_array,plain_insert,0,1,1,1
seed_000066,seed_000066,source_group_id,student_club,d_only_secondary,MP-FS+ vNext D_ONLY,MP-FS+,deterministic_reprocess,secondary_ablation,mp_fs_plus_shared,mp_fs_plus_shared,74b747954a3f30bab5f0f5915fc67171294bd535337d98926e70b53e67cd001b,15344,15344,3836,ceil(utf8_bytes/4)_cpu_estimate,1,0,semi_structured,json_array,plain_insert,0,1,1,1
seed_000066,seed_000066,source_group_id,student_club,full_secondary,MP-FS+ vNext FULL,MP-FS+,deterministic_reprocess,secondary_ablation,mp_fs_plus_shared,mp_fs_plus_shared,74b747954a3f30bab5f0f5915fc67171294bd535337d98926e70b53e67cd001b,15344,15344,3836,ceil(utf8_bytes/4)_cpu_estimate,1,0,semi_structured,json_array,plain_insert,0,1,1,1
seed_000066,seed_000066,source_group_id,student_club,no_c_secondary,MP-FS+ vNext NO_C,MP-FS+,deterministic_reprocess,secondary_ablation,mp_fs_plus_shared,mp_fs_plus_shared,74b747954a3f30bab5f0f5915fc67171294bd535337d98926e70b53e67cd001b,15344,15344,3836,ceil(utf8_bytes/4)_cpu_estimate,1,0,semi_structured,json_array,plain_insert,0,1,1,1
aug_seed_000094_small_batch_subset_001,seed_000094,source_group_id,european_football_2,direct,Direct,D-FS-M,generation,baseline,direct,,a5b7f3748ccb44a66c0572b1d198517c23bb4506f04ba8a708602e5cd4c028e1,30941,30941,7736,ceil(utf8_bytes/4)_cpu_estimate,1,0,free_text,free_text,insert_ignore,0,1,1,1
aug_seed_000094_small_batch_subset_001,seed_000094,source_group_id,european_football_2,j_fs,J-FS,J-FS-M,generation,baseline,j_fs,,60a1ac6eee988947e63192a0331fef493a067daf6eec3d4315bc8a1ff6d6426a,30851,30851,7713,ceil(utf8_bytes/4)_cpu_estimate,1,0,free_text,free_text,insert_ignore,0,1,1,1
aug_seed_000094_small_batch_subset_001,seed_000094,source_group_id,european_football_2,original_mp_fs_plus,Original MP-FS+,MP-FS+,deterministic_reprocess,primary_comparison_baseline,mp_fs_plus_shared,mp_fs_plus_shared,cb77183bf01ca58e2a628b19e3da15cc0ca737d8c0e23ecb4a9288911f2b39ff,39365,39365,9842,ceil(utf8_bytes/4)_cpu_estimate,1,0,free_text,free_text,insert_ignore,0,1,1,1
aug_seed_000094_small_batch_subset_001,seed_000094,source_group_id,european_football_2,d_g1_primary,MP-FS+ vNext D_G1,MP-FS+,deterministic_reprocess,primary,mp_fs_plus_shared,mp_fs_plus_shared,cb77183bf01ca58e2a628b19e3da15cc0ca737d8c0e23ecb4a9288911f2b39ff,39365,39365,9842,ceil(utf8_bytes/4)_cpu_estimate,1,0,free_text,free_text,insert_ignore,0,1,1,1
aug_seed_000094_small_batch_subset_001,seed_000094,source_group_id,european_football_2,d_only_secondary,MP-FS+ vNext D_ONLY,MP-FS+,deterministic_reprocess,secondary_ablation,mp_fs_plus_shared,mp_fs_plus_shared,cb77183bf01ca58e2a628b19e3da15cc0ca737d8c0e23ecb4a9288911f2b39ff,39365,39365,9842,ceil(utf8_bytes/4)_cpu_estimate,1,0,free_text,free_text,insert_ignore,0,1,1,1
aug_seed_000094_small_batch_subset_001,seed_000094,source_group_id,european_football_2,full_secondary,MP-FS+ vNext FULL,MP-FS+,deterministic_reprocess,secondary_ablation,mp_fs_plus_shared,mp_fs_plus_shared,cb77183bf01ca58e2a628b19e3da15cc0ca737d8c0e23ecb4a9288911f2b39ff,39365,39365,9842,ceil(utf8_bytes/4)_cpu_estimate,1,0,free_text,free_text,insert_ignore,0,1,1,1
aug_seed_000094_small_batch_subset_001,seed_000094,source_group_id,european_football_2,no_c_secondary,MP-FS+ vNext NO_C,MP-FS+,deterministic_reprocess,secondary_ablation,mp_fs_plus_shared,mp_fs_plus_shared,cb77183bf01ca58e2a628b19e3da15cc0ca737d8c0e23ecb4a9288911f2b39ff,39365,39365,9842,ceil(utf8_bytes/4)_cpu_estimate,1,0,free_text,free_text,insert_ignore,0,1,1,1
aug_seed_000127_single_row_subset_001,seed_000127,source_group_id,european_football_2,direct,Direct,D-FS-M,generation,baseline,direct,,cea5ba4d2b542b5036366916d501ad8e155cd97ac7d8c6c06d9fef519626ec82,30724,30724,7681,ceil(utf8_bytes/4)_cpu_estimate,1,0,free_text,free_text,insert_ignore,0,1,1,1
aug_seed_000127_single_row_subset_001,seed_000127,source_group_id,european_football_2,j_fs,J-FS,J-FS-M,generation,baseline,j_fs,,911c2d3f7dffdf76ee799660cfe97caf2bfd28f675b7880645682804d6115809,30634,30634,7659,ceil(utf8_bytes/4)_cpu_estimate,1,0,free_text,free_text,insert_ignore,0,1,1,1
aug_seed_000127_single_row_subset_001,seed_000127,source_group_id,european_football_2,original_mp_fs_plus,Original MP-FS+,MP-FS+,deterministic_reprocess,primary_comparison_baseline,mp_fs_plus_shared,mp_fs_plus_shared,ca7b52c2e7f5aa5e397ccaec8537ce866797466b535bc35f89712f31cc5b5c9f,34229,34229,8558,ceil(utf8_bytes/4)_cpu_estimate,1,0,free_text,free_text,insert_ignore,0,1,1,1
aug_seed_000127_single_row_subset_001,seed_000127,source_group_id,european_football_2,d_g1_primary,MP-FS+ vNext D_G1,MP-FS+,deterministic_reprocess,primary,mp_fs_plus_shared,mp_fs_plus_shared,ca7b52c2e7f5aa5e397ccaec8537ce866797466b535bc35f89712f31cc5b5c9f,34229,34229,8558,ceil(utf8_bytes/4)_cpu_estimate,1,0,free_text,free_text,insert_ignore,0,1,1,1
aug_seed_000127_single_row_subset_001,seed_000127,source_group_id,european_football_2,d_only_secondary,MP-FS+ vNext D_ONLY,MP-FS+,deterministic_reprocess,secondary_ablation,mp_fs_plus_shared,mp_fs_plus_shared,ca7b52c2e7f5aa5e397ccaec8537ce866797466b535bc35f89712f31cc5b5c9f,34229,34229,8558,ceil(utf8_bytes/4)_cpu_estimate,1,0,free_text,free_text,insert_ignore,0,1,1,1
aug_seed_000127_single_row_subset_001,seed_000127,source_group_id,european_football_2,full_secondary,MP-FS+ vNext FULL,MP-FS+,deterministic_reprocess,secondary_ablation,mp_fs_plus_shared,mp_fs_plus_shared,ca7b52c2e7f5aa5e397ccaec8537ce866797466b535bc35f89712f31cc5b5c9f,34229,34229,8558,ceil(utf8_bytes/4)_cpu_estimate,1,0,free_text,free_text,insert_ignore,0,1,1,1
aug_seed_000127_single_row_subset_001,seed_000127,source_group_id,european_football_2,no_c_secondary,MP-FS+ vNext NO_C,MP-FS+,deterministic_reprocess,secondary_ablation,mp_fs_plus_shared,mp_fs_plus_shared,ca7b52c2e7f5aa5e397ccaec8537ce866797466b535bc35f89712f31cc5b5c9f,34229,34229,8558,ceil(utf8_bytes/4)_cpu_estimate,1,0,free_text,free_text,insert_ignore,0,1,1,1
seed_000145,seed_000145,source_group_id,toxicology,direct,Direct,D-FS-M,generation,baseline,direct,,8f4b8dd52b2f1068f1deb11fe1f9338e4bafe95752afc80398be01f69443f125,5227,5227,1307,ceil(utf8_bytes/4)_cpu_estimate,1,0,semi_structured,json_array,plain_insert,0,1,1,1
seed_000145,seed_000145,source_group_id,toxicology,j_fs,J-FS,J-FS-M,generation,baseline,j_fs,,5533b5a2153a0d5d4d8ce57eefc58495200c1b225a52189581091e51889cb915,5158,5158,1290,ceil(utf8_bytes/4)_cpu_estimate,1,0,semi_structured,json_array,plain_insert,0,1,1,1
seed_000145,seed_000145,source_group_id,toxicology,original_mp_fs_plus,Original MP-FS+,MP-FS+,deterministic_reprocess,primary_comparison_baseline,mp_fs_plus_shared,mp_fs_plus_shared,e7ebea9c03eea132bd241b6e3fa390b628023cba5b73538688ecff94b19a5da3,8066,8066,2017,ceil(utf8_bytes/4)_cpu_estimate,1,0,semi_structured,json_array,plain_insert,0,1,1,1
seed_000145,seed_000145,source_group_id,toxicology,d_g1_primary,MP-FS+ vNext D_G1,MP-FS+,deterministic_reprocess,primary,mp_fs_plus_shared,mp_fs_plus_shared,e7ebea9c03eea132bd241b6e3fa390b628023cba5b73538688ecff94b19a5da3,8066,8066,2017,ceil(utf8_bytes/4)_cpu_estimate,1,0,semi_structured,json_array,plain_insert,0,1,1,1
seed_000145,seed_000145,source_group_id,toxicology,d_only_secondary,MP-FS+ vNext D_ONLY,MP-FS+,deterministic_reprocess,secondary_ablation,mp_fs_plus_shared,mp_fs_plus_shared,e7ebea9c03eea132bd241b6e3fa390b628023cba5b73538688ecff94b19a5da3,8066,8066,2017,ceil(utf8_bytes/4)_cpu_estimate,1,0,semi_structured,json_array,plain_insert,0,1,1,1
seed_000145,seed_000145,source_group_id,toxicology,full_secondary,MP-FS+ vNext FULL,MP-FS+,deterministic_reprocess,secondary_ablation,mp_fs_plus_shared,mp_fs_plus_shared,e7ebea9c03eea132bd241b6e3fa390b628023cba5b73538688ecff94b19a5da3,8066,8066,2017,ceil(utf8_bytes/4)_cpu_estimate,1,0,semi_structured,json_array,plain_insert,0,1,1,1
seed_000145,seed_000145,source_group_id,toxicology,no_c_secondary,MP-FS+ vNext NO_C,MP-FS+,deterministic_reprocess,secondary_ablation,mp_fs_plus_shared,mp_fs_plus_shared,e7ebea9c03eea132bd241b6e3fa390b628023cba5b73538688ecff94b19a5da3,8066,8066,2017,ceil(utf8_bytes/4)_cpu_estimate,1,0,semi_structured,json_array,plain_insert,0,1,1,1
seed_000226,seed_000226,source_group_id,student_club,direct,Direct,D-FS-M,generation,baseline,direct,,8a330e0ea287c105496775e64681b2b3b301f28c6f8be9df17ec0d9954f14e3f,12410,12410,3103,ceil(utf8_bytes/4)_cpu_estimate,1,0,semi_structured,json_array,plain_insert,0,1,1,1
seed_000226,seed_000226,source_group_id,student_club,j_fs,J-FS,J-FS-M,generation,baseline,j_fs,,13df5135c0b4cb16ce715d5425e8c5c7e2c0e04c07d0e2784c9514d6f2e10ff9,12341,12341,3086,ceil(utf8_bytes/4)_cpu_estimate,1,0,semi_structured,json_array,plain_insert,0,1,1,1
seed_000226,seed_000226,source_group_id,student_club,original_mp_fs_plus,Original MP-FS+,MP-FS+,deterministic_reprocess,primary_comparison_baseline,mp_fs_plus_shared,mp_fs_plus_shared,bc92750d8571b983a7ab334871bb24370232fad8d3b2789f156f428ecfcb7504,7725,7725,1932,ceil(utf8_bytes/4)_cpu_estimate,1,0,semi_structured,json_array,plain_insert,0,1,1,1
seed_000226,seed_000226,source_group_id,student_club,d_g1_primary,MP-FS+ vNext D_G1,MP-FS+,deterministic_reprocess,primary,mp_fs_plus_shared,mp_fs_plus_shared,bc92750d8571b983a7ab334871bb24370232fad8d3b2789f156f428ecfcb7504,7725,7725,1932,ceil(utf8_bytes/4)_cpu_estimate,1,0,semi_structured,json_array,plain_insert,0,1,1,1
seed_000226,seed_000226,source_group_id,student_club,d_only_secondary,MP-FS+ vNext D_ONLY,MP-FS+,deterministic_reprocess,secondary_ablation,mp_fs_plus_shared,mp_fs_plus_shared,bc92750d8571b983a7ab334871bb24370232fad8d3b2789f156f428ecfcb7504,7725,7725,1932,ceil(utf8_bytes/4)_cpu_estimate,1,0,semi_structured,json_array,plain_insert,0,1,1,1
seed_000226,seed_000226,source_group_id,student_club,full_secondary,MP-FS+ vNext FULL,MP-FS+,deterministic_reprocess,secondary_ablation,mp_fs_plus_shared,mp_fs_plus_shared,bc92750d8571b983a7ab334871bb24370232fad8d3b2789f156f428ecfcb7504,7725,7725,1932,ceil(utf8_bytes/4)_cpu_estimate,1,0,semi_structured,json_array,plain_insert,0,1,1,1
seed_000226,seed_000226,source_group_id,student_club,no_c_secondary,MP-FS+ vNext NO_C,MP-FS+,deterministic_reprocess,secondary_ablation,mp_fs_plus_shared,mp_fs_plus_shared,bc92750d8571b983a7ab334871bb24370232fad8d3b2789f156f428ecfcb7504,7725,7725,1932,ceil(utf8_bytes/4)_cpu_estimate,1,0,semi_structured,json_array,plain_insert,0,1,1,1
aug_seed_000002_relational_format_variant_002,seed_000002,source_group_id,debit_card_specializing,direct,Direct,D-FS-M,generation,baseline,direct,,c0791d57e9ba7dd0d86325392c16c620bc67cae33aa38d625b66ecc6281f93a9,10805,10805,2702,ceil(utf8_bytes/4)_cpu_estimate,1,0,semi_structured,multi_table,insert_ignore,1,1,1,1
aug_seed_000002_relational_format_variant_002,seed_000002,source_group_id,debit_card_specializing,j_fs,J-FS,J-FS-M,generation,baseline,j_fs,,339409c9181a1be6c740be40a35082f62f0e6429f1e09de394e7ec96c772a9ab,10736,10736,2684,ceil(utf8_bytes/4)_cpu_estimate,1,0,semi_structured,multi_table,insert_ignore,1,1,1,1
aug_seed_000002_relational_format_variant_002,seed_000002,source_group_id,debit_card_specializing,original_mp_fs_plus,Original MP-FS+,MP-FS+,deterministic_reprocess,primary_comparison_baseline,mp_fs_plus_shared,mp_fs_plus_shared,4651c919e1268fe273c9f6bb3c9177e2adaac04b9ac75e614fbf1222bcb9de42,9000,9000,2250,ceil(utf8_bytes/4)_cpu_estimate,1,0,semi_structured,multi_table,insert_ignore,1,1,1,1
aug_seed_000002_relational_format_variant_002,seed_000002,source_group_id,debit_card_specializing,d_g1_primary,MP-FS+ vNext D_G1,MP-FS+,deterministic_reprocess,primary,mp_fs_plus_shared,mp_fs_plus_shared,4651c919e1268fe273c9f6bb3c9177e2adaac04b9ac75e614fbf1222bcb9de42,9000,9000,2250,ceil(utf8_bytes/4)_cpu_estimate,1,0,semi_structured,multi_table,insert_ignore,1,1,1,1
aug_seed_000002_relational_format_variant_002,seed_000002,source_group_id,debit_card_specializing,d_only_secondary,MP-FS+ vNext D_ONLY,MP-FS+,deterministic_reprocess,secondary_ablation,mp_fs_plus_shared,mp_fs_plus_shared,4651c919e1268fe273c9f6bb3c9177e2adaac04b9ac75e614fbf1222bcb9de42,9000,9000,2250,ceil(utf8_bytes/4)_cpu_estimate,1,0,semi_structured,multi_table,insert_ignore,1,1,1,1
aug_seed_000002_relational_format_variant_002,seed_000002,source_group_id,debit_card_specializing,full_secondary,MP-FS+ vNext FULL,MP-FS+,deterministic_reprocess,secondary_ablation,mp_fs_plus_shared,mp_fs_plus_shared,4651c919e1268fe273c9f6bb3c9177e2adaac04b9ac75e614fbf1222bcb9de42,9000,9000,2250,ceil(utf8_bytes/4)_cpu_estimate,1,0,semi_structured,multi_table,insert_ignore,1,1,1,1
aug_seed_000002_relational_format_variant_002,seed_000002,source_group_id,debit_card_specializing,no_c_secondary,MP-FS+ vNext NO_C,MP-FS+,deterministic_reprocess,secondary_ablation,mp_fs_plus_shared,mp_fs_plus_shared,4651c919e1268fe273c9f6bb3c9177e2adaac04b9ac75e614fbf1222bcb9de42,9000,9000,2250,ceil(utf8_bytes/4)_cpu_estimate,1,0,semi_structured,multi_table,insert_ignore,1,1,1,1
aug_seed_000287_single_row_subset_001,seed_000287,source_group_id,thrombosis_prediction,direct,Direct,D-FS-M,generation,baseline,direct,,0df8088d1b4953c1ba591bd147695798afea43b53318b81c254b111a733aac43,9474,9474,2369,ceil(utf8_bytes/4)_cpu_estimate,1,0,free_text,free_text,insert_ignore,0,1,1,1
aug_seed_000287_single_row_subset_001,seed_000287,source_group_id,thrombosis_prediction,j_fs,J-FS,J-FS-M,generation,baseline,j_fs,,3caf35053b3dd91183611bee798060a88eda7d6a9cf3347821854c980e5d10ca,9384,9384,2346,ceil(utf8_bytes/4)_cpu_estimate,1,0,free_text,free_text,insert_ignore,0,1,1,1
aug_seed_000287_single_row_subset_001,seed_000287,source_group_id,thrombosis_prediction,original_mp_fs_plus,Original MP-FS+,MP-FS+,deterministic_reprocess,primary_comparison_baseline,mp_fs_plus_shared,mp_fs_plus_shared,600fb4fec1fc2c87af569eecfe5a9a99256024453001ddf967d86c34b37fa3cf,15555,15555,3889,ceil(utf8_bytes/4)_cpu_estimate,1,0,free_text,free_text,insert_ignore,0,1,1,1
aug_seed_000287_single_row_subset_001,seed_000287,source_group_id,thrombosis_prediction,d_g1_primary,MP-FS+ vNext D_G1,MP-FS+,deterministic_reprocess,primary,mp_fs_plus_shared,mp_fs_plus_shared,600fb4fec1fc2c87af569eecfe5a9a99256024453001ddf967d86c34b37fa3cf,15555,15555,3889,ceil(utf8_bytes/4)_cpu_estimate,1,0,free_text,free_text,insert_ignore,0,1,1,1
aug_seed_000287_single_row_subset_001,seed_000287,source_group_id,thrombosis_prediction,d_only_secondary,MP-FS+ vNext D_ONLY,MP-FS+,deterministic_reprocess,secondary_ablation,mp_fs_plus_shared,mp_fs_plus_shared,600fb4fec1fc2c87af569eecfe5a9a99256024453001ddf967d86c34b37fa3cf,15555,15555,3889,ceil(utf8_bytes/4)_cpu_estimate,1,0,free_text,free_text,insert_ignore,0,1,1,1
aug_seed_000287_single_row_subset_001,seed_000287,source_group_id,thrombosis_prediction,full_secondary,MP-FS+ vNext FULL,MP-FS+,deterministic_reprocess,secondary_ablation,mp_fs_plus_shared,mp_fs_plus_shared,600fb4fec1fc2c87af569eecfe5a9a99256024453001ddf967d86c34b37fa3cf,15555,15555,3889,ceil(utf8_bytes/4)_cpu_estimate,1,0,free_text,free_text,insert_ignore,0,1,1,1
aug_seed_000287_single_row_subset_001,seed_000287,source_group_id,thrombosis_prediction,no_c_secondary,MP-FS+ vNext NO_C,MP-FS+,deterministic_reprocess,secondary_ablation,mp_fs_plus_shared,mp_fs_plus_shared,600fb4fec1fc2c87af569eecfe5a9a99256024453001ddf967d86c34b37fa3cf,15555,15555,3889,ceil(utf8_bytes/4)_cpu_estimate,1,0,free_text,free_text,insert_ignore,0,1,1,1
seed_000127,seed_000127,source_group_id,european_football_2,direct,Direct,D-FS-M,generation,baseline,direct,,035a5c8e671120656fd8f924f5c2d7434ba8819206bc2192cda34918e8058d03,33383,33383,8346,ceil(utf8_bytes/4)_cpu_estimate,1,0,semi_structured,json_array,plain_insert,0,1,1,1
seed_000127,seed_000127,source_group_id,european_football_2,j_fs,J-FS,J-FS-M,generation,baseline,j_fs,,a7f7d21a04d78eaba4e9469a276006f8263ada1c4df1345cb3a3f2f8d670f00e,33314,33314,8329,ceil(utf8_bytes/4)_cpu_estimate,1,0,semi_structured,json_array,plain_insert,0,1,1,1
seed_000127,seed_000127,source_group_id,european_football_2,original_mp_fs_plus,Original MP-FS+,MP-FS+,deterministic_reprocess,primary_comparison_baseline,mp_fs_plus_shared,mp_fs_plus_shared,10b53864acc2eefc40ebc5408affd75f879db96b510d3c8b273dfe8d092593b4,35813,35813,8954,ceil(utf8_bytes/4)_cpu_estimate,1,0,semi_structured,json_array,plain_insert,0,1,1,1
seed_000127,seed_000127,source_group_id,european_football_2,d_g1_primary,MP-FS+ vNext D_G1,MP-FS+,deterministic_reprocess,primary,mp_fs_plus_shared,mp_fs_plus_shared,10b53864acc2eefc40ebc5408affd75f879db96b510d3c8b273dfe8d092593b4,35813,35813,8954,ceil(utf8_bytes/4)_cpu_estimate,1,0,semi_structured,json_array,plain_insert,0,1,1,1
seed_000127,seed_000127,source_group_id,european_football_2,d_only_secondary,MP-FS+ vNext D_ONLY,MP-FS+,deterministic_reprocess,secondary_ablation,mp_fs_plus_shared,mp_fs_plus_shared,10b53864acc2eefc40ebc5408affd75f879db96b510d3c8b273dfe8d092593b4,35813,35813,8954,ceil(utf8_bytes/4)_cpu_estimate,1,0,semi_structured,json_array,plain_insert,0,1,1,1
seed_000127,seed_000127,source_group_id,european_football_2,full_secondary,MP-FS+ vNext FULL,MP-FS+,deterministic_reprocess,secondary_ablation,mp_fs_plus_shared,mp_fs_plus_shared,10b53864acc2eefc40ebc5408affd75f879db96b510d3c8b273dfe8d092593b4,35813,35813,8954,ceil(utf8_bytes/4)_cpu_estimate,1,0,semi_structured,json_array,plain_insert,0,1,1,1
seed_000127,seed_000127,source_group_id,european_football_2,no_c_secondary,MP-FS+ vNext NO_C,MP-FS+,deterministic_reprocess,secondary_ablation,mp_fs_plus_shared,mp_fs_plus_shared,10b53864acc2eefc40ebc5408affd75f879db96b510d3c8b273dfe8d092593b4,35813,35813,8954,ceil(utf8_bytes/4)_cpu_estimate,1,0,semi_structured,json_array,plain_insert,0,1,1,1
seed_000296,seed_000296,source_group_id,card_games,direct,Direct,D-FS-M,generation,baseline,direct,,a8fb6f8a14bc495512720288632871e2be8b86f0595e2bc1d16bef8384248265,17314,17316,4329,ceil(utf8_bytes/4)_cpu_estimate,1,0,free_text,free_text,upsert_update,0,1,1,1
seed_000296,seed_000296,source_group_id,card_games,j_fs,J-FS,J-FS-M,generation,baseline,j_fs,,25c6ab0a059b55e41979658a810c48f12d196d3e1980cbccd45b8ebc4f4cd376,17224,17226,4307,ceil(utf8_bytes/4)_cpu_estimate,1,0,free_text,free_text,upsert_update,0,1,1,1
seed_000296,seed_000296,source_group_id,card_games,original_mp_fs_plus,Original MP-FS+,MP-FS+,deterministic_reprocess,primary_comparison_baseline,mp_fs_plus_shared,mp_fs_plus_shared,dd1c2c95e0800e4be32c8f569e962ba6bbd19d250dcd7ed1a5ddc39b28f37ec1,29273,29275,7319,ceil(utf8_bytes/4)_cpu_estimate,1,0,free_text,free_text,upsert_update,0,1,1,1
seed_000296,seed_000296,source_group_id,card_games,d_g1_primary,MP-FS+ vNext D_G1,MP-FS+,deterministic_reprocess,primary,mp_fs_plus_shared,mp_fs_plus_shared,dd1c2c95e0800e4be32c8f569e962ba6bbd19d250dcd7ed1a5ddc39b28f37ec1,29273,29275,7319,ceil(utf8_bytes/4)_cpu_estimate,1,0,free_text,free_text,upsert_update,0,1,1,1
seed_000296,seed_000296,source_group_id,card_games,d_only_secondary,MP-FS+ vNext D_ONLY,MP-FS+,deterministic_reprocess,secondary_ablation,mp_fs_plus_shared,mp_fs_plus_shared,dd1c2c95e0800e4be32c8f569e962ba6bbd19d250dcd7ed1a5ddc39b28f37ec1,29273,29275,7319,ceil(utf8_bytes/4)_cpu_estimate,1,0,free_text,free_text,upsert_update,0,1,1,1
seed_000296,seed_000296,source_group_id,card_games,full_secondary,MP-FS+ vNext FULL,MP-FS+,deterministic_reprocess,secondary_ablation,mp_fs_plus_shared,mp_fs_plus_shared,dd1c2c95e0800e4be32c8f569e962ba6bbd19d250dcd7ed1a5ddc39b28f37ec1,29273,29275,7319,ceil(utf8_bytes/4)_cpu_estimate,1,0,free_text,free_text,upsert_update,0,1,1,1
seed_000296,seed_000296,source_group_id,card_games,no_c_secondary,MP-FS+ vNext NO_C,MP-FS+,deterministic_reprocess,secondary_ablation,mp_fs_plus_shared,mp_fs_plus_shared,dd1c2c95e0800e4be32c8f569e962ba6bbd19d250dcd7ed1a5ddc39b28f37ec1,29273,29275,7319,ceil(utf8_bytes/4)_cpu_estimate,1,0,free_text,free_text,upsert_update,0,1,1,1
seed_000042,seed_000042,source_group_id,financial,direct,Direct,D-FS-M,generation,baseline,direct,,344cfb7c37f6dd7d1a0c4a32821f6dd34c93a66838147467eef1e394d01ceb97,11976,11976,2994,ceil(utf8_bytes/4)_cpu_estimate,1,0,semi_structured,json_array,plain_insert,0,1,1,1
seed_000042,seed_000042,source_group_id,financial,j_fs,J-FS,J-FS-M,generation,baseline,j_fs,,cf2208a1cbcfafd88ed5831b58a7ab9bcc83362ead802717b366fa9288e092ff,11907,11907,2977,ceil(utf8_bytes/4)_cpu_estimate,1,0,semi_structured,json_array,plain_insert,0,1,1,1
seed_000042,seed_000042,source_group_id,financial,original_mp_fs_plus,Original MP-FS+,MP-FS+,deterministic_reprocess,primary_comparison_baseline,mp_fs_plus_shared,mp_fs_plus_shared,ccf4ef080a8eb7633d0d1752c7fee6e59d9b0449dd39c4fd717d3990b3b08d0f,14505,14505,3627,ceil(utf8_bytes/4)_cpu_estimate,1,0,semi_structured,json_array,plain_insert,0,1,1,1
seed_000042,seed_000042,source_group_id,financial,d_g1_primary,MP-FS+ vNext D_G1,MP-FS+,deterministic_reprocess,primary,mp_fs_plus_shared,mp_fs_plus_shared,ccf4ef080a8eb7633d0d1752c7fee6e59d9b0449dd39c4fd717d3990b3b08d0f,14505,14505,3627,ceil(utf8_bytes/4)_cpu_estimate,1,0,semi_structured,json_array,plain_insert,0,1,1,1
seed_000042,seed_000042,source_group_id,financial,d_only_secondary,MP-FS+ vNext D_ONLY,MP-FS+,deterministic_reprocess,secondary_ablation,mp_fs_plus_shared,mp_fs_plus_shared,ccf4ef080a8eb7633d0d1752c7fee6e59d9b0449dd39c4fd717d3990b3b08d0f,14505,14505,3627,ceil(utf8_bytes/4)_cpu_estimate,1,0,semi_structured,json_array,plain_insert,0,1,1,1
seed_000042,seed_000042,source_group_id,financial,full_secondary,MP-FS+ vNext FULL,MP-FS+,deterministic_reprocess,secondary_ablation,mp_fs_plus_shared,mp_fs_plus_shared,ccf4ef080a8eb7633d0d1752c7fee6e59d9b0449dd39c4fd717d3990b3b08d0f,14505,14505,3627,ceil(utf8_bytes/4)_cpu_estimate,1,0,semi_structured,json_array,plain_insert,0,1,1,1
seed_000042,seed_000042,source_group_id,financial,no_c_secondary,MP-FS+ vNext NO_C,MP-FS+,deterministic_reprocess,secondary_ablation,mp_fs_plus_shared,mp_fs_plus_shared,ccf4ef080a8eb7633d0d1752c7fee6e59d9b0449dd39c4fd717d3990b3b08d0f,14505,14505,3627,ceil(utf8_bytes/4)_cpu_estimate,1,0,semi_structured,json_array,plain_insert,0,1,1,1
aug_seed_000116_single_row_subset_001,seed_000116,source_group_id,financial,direct,Direct,D-FS-M,generation,baseline,direct,,9baa3607675228314427cedc2fa0992e898f09780b5591e1eb5b3002a92d2a49,9883,9883,2471,ceil(utf8_bytes/4)_cpu_estimate,1,0,free_text,free_text,insert_ignore,0,1,1,1
aug_seed_000116_single_row_subset_001,seed_000116,source_group_id,financial,j_fs,J-FS,J-FS-M,generation,baseline,j_fs,,9f85d4bac943300beb864223a7d5808ff024554c7c3e3f57f00a522d6665a947,9793,9793,2449,ceil(utf8_bytes/4)_cpu_estimate,1,0,free_text,free_text,insert_ignore,0,1,1,1
aug_seed_000116_single_row_subset_001,seed_000116,source_group_id,financial,original_mp_fs_plus,Original MP-FS+,MP-FS+,deterministic_reprocess,primary_comparison_baseline,mp_fs_plus_shared,mp_fs_plus_shared,7e98d9ee550152b7056c63b68e2dca599436ab146e53e50c04c645e8c73f9e0c,14935,14935,3734,ceil(utf8_bytes/4)_cpu_estimate,1,0,free_text,free_text,insert_ignore,0,1,1,1
aug_seed_000116_single_row_subset_001,seed_000116,source_group_id,financial,d_g1_primary,MP-FS+ vNext D_G1,MP-FS+,deterministic_reprocess,primary,mp_fs_plus_shared,mp_fs_plus_shared,7e98d9ee550152b7056c63b68e2dca599436ab146e53e50c04c645e8c73f9e0c,14935,14935,3734,ceil(utf8_bytes/4)_cpu_estimate,1,0,free_text,free_text,insert_ignore,0,1,1,1
aug_seed_000116_single_row_subset_001,seed_000116,source_group_id,financial,d_only_secondary,MP-FS+ vNext D_ONLY,MP-FS+,deterministic_reprocess,secondary_ablation,mp_fs_plus_shared,mp_fs_plus_shared,7e98d9ee550152b7056c63b68e2dca599436ab146e53e50c04c645e8c73f9e0c,14935,14935,3734,ceil(utf8_bytes/4)_cpu_estimate,1,0,free_text,free_text,insert_ignore,0,1,1,1
aug_seed_000116_single_row_subset_001,seed_000116,source_group_id,financial,full_secondary,MP-FS+ vNext FULL,MP-FS+,deterministic_reprocess,secondary_ablation,mp_fs_plus_shared,mp_fs_plus_shared,7e98d9ee550152b7056c63b68e2dca599436ab146e53e50c04c645e8c73f9e0c,14935,14935,3734,ceil(utf8_bytes/4)_cpu_estimate,1,0,free_text,free_text,insert_ignore,0,1,1,1
aug_seed_000116_single_row_subset_001,seed_000116,source_group_id,financial,no_c_secondary,MP-FS+ vNext NO_C,MP-FS+,deterministic_reprocess,secondary_ablation,mp_fs_plus_shared,mp_fs_plus_shared,7e98d9ee550152b7056c63b68e2dca599436ab146e53e50c04c645e8c73f9e0c,14935,14935,3734,ceil(utf8_bytes/4)_cpu_estimate,1,0,free_text,free_text,insert_ignore,0,1,1,1
aug_seed_000260_single_row_subset_001,seed_000260,source_group_id,superhero,direct,Direct,D-FS-M,generation,baseline,direct,,2de6311a6857502da44ce7b560db63ea3384b6fd0d79162d34e8369bb27e086f,7481,7481,1871,ceil(utf8_bytes/4)_cpu_estimate,1,0,free_text,free_text,insert_ignore,0,1,1,1
aug_seed_000260_single_row_subset_001,seed_000260,source_group_id,superhero,j_fs,J-FS,J-FS-M,generation,baseline,j_fs,,73bd5dec3a779ff30dff5629e5c500ee8630da9877edada70db63388c8c900af,7391,7391,1848,ceil(utf8_bytes/4)_cpu_estimate,1,0,free_text,free_text,insert_ignore,0,1,1,1
aug_seed_000260_single_row_subset_001,seed_000260,source_group_id,superhero,original_mp_fs_plus,Original MP-FS+,MP-FS+,deterministic_reprocess,primary_comparison_baseline,mp_fs_plus_shared,mp_fs_plus_shared,d068932560417c71e619ef3233a0a559596c956680795d9b7cc536d7e46f3874,11257,11257,2815,ceil(utf8_bytes/4)_cpu_estimate,1,0,free_text,free_text,insert_ignore,0,1,1,1
aug_seed_000260_single_row_subset_001,seed_000260,source_group_id,superhero,d_g1_primary,MP-FS+ vNext D_G1,MP-FS+,deterministic_reprocess,primary,mp_fs_plus_shared,mp_fs_plus_shared,d068932560417c71e619ef3233a0a559596c956680795d9b7cc536d7e46f3874,11257,11257,2815,ceil(utf8_bytes/4)_cpu_estimate,1,0,free_text,free_text,insert_ignore,0,1,1,1
aug_seed_000260_single_row_subset_001,seed_000260,source_group_id,superhero,d_only_secondary,MP-FS+ vNext D_ONLY,MP-FS+,deterministic_reprocess,secondary_ablation,mp_fs_plus_shared,mp_fs_plus_shared,d068932560417c71e619ef3233a0a559596c956680795d9b7cc536d7e46f3874,11257,11257,2815,ceil(utf8_bytes/4)_cpu_estimate,1,0,free_text,free_text,insert_ignore,0,1,1,1
aug_seed_000260_single_row_subset_001,seed_000260,source_group_id,superhero,full_secondary,MP-FS+ vNext FULL,MP-FS+,deterministic_reprocess,secondary_ablation,mp_fs_plus_shared,mp_fs_plus_shared,d068932560417c71e619ef3233a0a559596c956680795d9b7cc536d7e46f3874,11257,11257,2815,ceil(utf8_bytes/4)_cpu_estimate,1,0,free_text,free_text,insert_ignore,0,1,1,1
aug_seed_000260_single_row_subset_001,seed_000260,source_group_id,superhero,no_c_secondary,MP-FS+ vNext NO_C,MP-FS+,deterministic_reprocess,secondary_ablation,mp_fs_plus_shared,mp_fs_plus_shared,d068932560417c71e619ef3233a0a559596c956680795d9b7cc536d7e46f3874,11257,11257,2815,ceil(utf8_bytes/4)_cpu_estimate,1,0,free_text,free_text,insert_ignore,0,1,1,1
seed_000229,seed_000229,source_group_id,superhero,direct,Direct,D-FS-M,generation,baseline,direct,,c0d61070aac5b85c482edc3422d9d49a3338aedb64f1e674343bdd59c8bb7018,10562,10562,2641,ceil(utf8_bytes/4)_cpu_estimate,1,0,semi_structured,json_array,plain_insert,0,1,1,1
seed_000229,seed_000229,source_group_id,superhero,j_fs,J-FS,J-FS-M,generation,baseline,j_fs,,22080940a1ca6e2ce0fa56db9960b710714f97b55b58f15cf83cb74dc94d259c,10493,10493,2624,ceil(utf8_bytes/4)_cpu_estimate,1,0,semi_structured,json_array,plain_insert,0,1,1,1
seed_000229,seed_000229,source_group_id,superhero,original_mp_fs_plus,Original MP-FS+,MP-FS+,deterministic_reprocess,primary_comparison_baseline,mp_fs_plus_shared,mp_fs_plus_shared,55191b804e5aa1933274d11d005888d807722c00caa6b85ecc140b41f4042c7e,14330,14330,3583,ceil(utf8_bytes/4)_cpu_estimate,1,0,semi_structured,json_array,plain_insert,0,1,1,1
seed_000229,seed_000229,source_group_id,superhero,d_g1_primary,MP-FS+ vNext D_G1,MP-FS+,deterministic_reprocess,primary,mp_fs_plus_shared,mp_fs_plus_shared,55191b804e5aa1933274d11d005888d807722c00caa6b85ecc140b41f4042c7e,14330,14330,3583,ceil(utf8_bytes/4)_cpu_estimate,1,0,semi_structured,json_array,plain_insert,0,1,1,1
seed_000229,seed_000229,source_group_id,superhero,d_only_secondary,MP-FS+ vNext D_ONLY,MP-FS+,deterministic_reprocess,secondary_ablation,mp_fs_plus_shared,mp_fs_plus_shared,55191b804e5aa1933274d11d005888d807722c00caa6b85ecc140b41f4042c7e,14330,14330,3583,ceil(utf8_bytes/4)_cpu_estimate,1,0,semi_structured,json_array,plain_insert,0,1,1,1
seed_000229,seed_000229,source_group_id,superhero,full_secondary,MP-FS+ vNext FULL,MP-FS+,deterministic_reprocess,secondary_ablation,mp_fs_plus_shared,mp_fs_plus_shared,55191b804e5aa1933274d11d005888d807722c00caa6b85ecc140b41f4042c7e,14330,14330,3583,ceil(utf8_bytes/4)_cpu_estimate,1,0,semi_structured,json_array,plain_insert,0,1,1,1
seed_000229,seed_000229,source_group_id,superhero,no_c_secondary,MP-FS+ vNext NO_C,MP-FS+,deterministic_reprocess,secondary_ablation,mp_fs_plus_shared,mp_fs_plus_shared,55191b804e5aa1933274d11d005888d807722c00caa6b85ecc140b41f4042c7e,14330,14330,3583,ceil(utf8_bytes/4)_cpu_estimate,1,0,semi_structured,json_array,plain_insert,0,1,1,1
aug_seed_000189_small_batch_subset_001,seed_000189,source_group_id,student_club,direct,Direct,D-FS-M,generation,baseline,direct,,fabd4b2c39467a70d4b77b731f37f885da06332d80dd4fcf86ae01c6ec87e57f,11027,11027,2757,ceil(utf8_bytes/4)_cpu_estimate,1,0,semi_structured,json_array,insert_ignore,0,1,1,1
aug_seed_000189_small_batch_subset_001,seed_000189,source_group_id,student_club,j_fs,J-FS,J-FS-M,generation,baseline,j_fs,,02c79e866c9b947c4bf5c000e19969ac75750826e7188613df17cc1a53195ec9,10958,10958,2740,ceil(utf8_bytes/4)_cpu_estimate,1,0,semi_structured,json_array,insert_ignore,0,1,1,1
aug_seed_000189_small_batch_subset_001,seed_000189,source_group_id,student_club,original_mp_fs_plus,Original MP-FS+,MP-FS+,deterministic_reprocess,primary_comparison_baseline,mp_fs_plus_shared,mp_fs_plus_shared,ed3d48009576f60fa676566affd9cf7e205c9e5f1b7fa458a63417342f1f1595,8339,8339,2085,ceil(utf8_bytes/4)_cpu_estimate,1,0,semi_structured,json_array,insert_ignore,0,1,1,1
aug_seed_000189_small_batch_subset_001,seed_000189,source_group_id,student_club,d_g1_primary,MP-FS+ vNext D_G1,MP-FS+,deterministic_reprocess,primary,mp_fs_plus_shared,mp_fs_plus_shared,ed3d48009576f60fa676566affd9cf7e205c9e5f1b7fa458a63417342f1f1595,8339,8339,2085,ceil(utf8_bytes/4)_cpu_estimate,1,0,semi_structured,json_array,insert_ignore,0,1,1,1
aug_seed_000189_small_batch_subset_001,seed_000189,source_group_id,student_club,d_only_secondary,MP-FS+ vNext D_ONLY,MP-FS+,deterministic_reprocess,secondary_ablation,mp_fs_plus_shared,mp_fs_plus_shared,ed3d48009576f60fa676566affd9cf7e205c9e5f1b7fa458a63417342f1f1595,8339,8339,2085,ceil(utf8_bytes/4)_cpu_estimate,1,0,semi_structured,json_array,insert_ignore,0,1,1,1
aug_seed_000189_small_batch_subset_001,seed_000189,source_group_id,student_club,full_secondary,MP-FS+ vNext FULL,MP-FS+,deterministic_reprocess,secondary_ablation,mp_fs_plus_shared,mp_fs_plus_shared,ed3d48009576f60fa676566affd9cf7e205c9e5f1b7fa458a63417342f1f1595,8339,8339,2085,ceil(utf8_bytes/4)_cpu_estimate,1,0,semi_structured,json_array,insert_ignore,0,1,1,1
aug_seed_000189_small_batch_subset_001,seed_000189,source_group_id,student_club,no_c_secondary,MP-FS+ vNext NO_C,MP-FS+,deterministic_reprocess,secondary_ablation,mp_fs_plus_shared,mp_fs_plus_shared,ed3d48009576f60fa676566affd9cf7e205c9e5f1b7fa458a63417342f1f1595,8339,8339,2085,ceil(utf8_bytes/4)_cpu_estimate,1,0,semi_structured,json_array,insert_ignore,0,1,1,1
aug_seed_000139_single_row_subset_001,seed_000139,source_group_id,european_football_2,direct,Direct,D-FS-M,generation,baseline,direct,,e124820cba1c4ff273361884d00b022db07f0655bb95a9730e9ed6870744ee70,32199,32199,8050,ceil(utf8_bytes/4)_cpu_estimate,1,0,semi_structured,json_array,insert_ignore,0,1,1,1
aug_seed_000139_single_row_subset_001,seed_000139,source_group_id,european_football_2,j_fs,J-FS,J-FS-M,generation,baseline,j_fs,,54883a3a54e14eacd955c50c290a6277d7570216eb7c98ada69cb670159671d8,32130,32130,8033,ceil(utf8_bytes/4)_cpu_estimate,1,0,semi_structured,json_array,insert_ignore,0,1,1,1
aug_seed_000139_single_row_subset_001,seed_000139,source_group_id,european_football_2,original_mp_fs_plus,Original MP-FS+,MP-FS+,deterministic_reprocess,primary_comparison_baseline,mp_fs_plus_shared,mp_fs_plus_shared,c1578b01313de6721606340928cc7b68aa690043b2493c6922e6fd3ccde7d85f,23264,23264,5816,ceil(utf8_bytes/4)_cpu_estimate,1,0,semi_structured,json_array,insert_ignore,0,1,1,1
aug_seed_000139_single_row_subset_001,seed_000139,source_group_id,european_football_2,d_g1_primary,MP-FS+ vNext D_G1,MP-FS+,deterministic_reprocess,primary,mp_fs_plus_shared,mp_fs_plus_shared,c1578b01313de6721606340928cc7b68aa690043b2493c6922e6fd3ccde7d85f,23264,23264,5816,ceil(utf8_bytes/4)_cpu_estimate,1,0,semi_structured,json_array,insert_ignore,0,1,1,1
aug_seed_000139_single_row_subset_001,seed_000139,source_group_id,european_football_2,d_only_secondary,MP-FS+ vNext D_ONLY,MP-FS+,deterministic_reprocess,secondary_ablation,mp_fs_plus_shared,mp_fs_plus_shared,c1578b01313de6721606340928cc7b68aa690043b2493c6922e6fd3ccde7d85f,23264,23264,5816,ceil(utf8_bytes/4)_cpu_estimate,1,0,semi_structured,json_array,insert_ignore,0,1,1,1
aug_seed_000139_single_row_subset_001,seed_000139,source_group_id,european_football_2,full_secondary,MP-FS+ vNext FULL,MP-FS+,deterministic_reprocess,secondary_ablation,mp_fs_plus_shared,mp_fs_plus_shared,c1578b01313de6721606340928cc7b68aa690043b2493c6922e6fd3ccde7d85f,23264,23264,5816,ceil(utf8_bytes/4)_cpu_estimate,1,0,semi_structured,json_array,insert_ignore,0,1,1,1
aug_seed_000139_single_row_subset_001,seed_000139,source_group_id,european_football_2,no_c_secondary,MP-FS+ vNext NO_C,MP-FS+,deterministic_reprocess,secondary_ablation,mp_fs_plus_shared,mp_fs_plus_shared,c1578b01313de6721606340928cc7b68aa690043b2493c6922e6fd3ccde7d85f,23264,23264,5816,ceil(utf8_bytes/4)_cpu_estimate,1,0,semi_structured,json_array,insert_ignore,0,1,1,1
seed_000094,seed_000094,source_group_id,european_football_2,direct,Direct,D-FS-M,generation,baseline,direct,,b2ea48e68e35a8679617e114f57e37b5c3135e618d3bdf020e2c3005b011c73a,32443,32443,8111,ceil(utf8_bytes/4)_cpu_estimate,1,0,semi_structured,key_value,plain_insert,0,1,1,1
seed_000094,seed_000094,source_group_id,european_football_2,j_fs,J-FS,J-FS-M,generation,baseline,j_fs,,0b15baa0307137178eec0092bc71dbd981162682fb1454698d18e468621faefc,32374,32374,8094,ceil(utf8_bytes/4)_cpu_estimate,1,0,semi_structured,key_value,plain_insert,0,1,1,1
seed_000094,seed_000094,source_group_id,european_football_2,original_mp_fs_plus,Original MP-FS+,MP-FS+,deterministic_reprocess,primary_comparison_baseline,mp_fs_plus_shared,mp_fs_plus_shared,d5e10488eb7e25ad08482f67ff2ab3283062255ab08bd4db02a352179952b080,35200,35200,8800,ceil(utf8_bytes/4)_cpu_estimate,1,0,semi_structured,key_value,plain_insert,0,1,1,1
seed_000094,seed_000094,source_group_id,european_football_2,d_g1_primary,MP-FS+ vNext D_G1,MP-FS+,deterministic_reprocess,primary,mp_fs_plus_shared,mp_fs_plus_shared,d5e10488eb7e25ad08482f67ff2ab3283062255ab08bd4db02a352179952b080,35200,35200,8800,ceil(utf8_bytes/4)_cpu_estimate,1,0,semi_structured,key_value,plain_insert,0,1,1,1
seed_000094,seed_000094,source_group_id,european_football_2,d_only_secondary,MP-FS+ vNext D_ONLY,MP-FS+,deterministic_reprocess,secondary_ablation,mp_fs_plus_shared,mp_fs_plus_shared,d5e10488eb7e25ad08482f67ff2ab3283062255ab08bd4db02a352179952b080,35200,35200,8800,ceil(utf8_bytes/4)_cpu_estimate,1,0,semi_structured,key_value,plain_insert,0,1,1,1
seed_000094,seed_000094,source_group_id,european_football_2,full_secondary,MP-FS+ vNext FULL,MP-FS+,deterministic_reprocess,secondary_ablation,mp_fs_plus_shared,mp_fs_plus_shared,d5e10488eb7e25ad08482f67ff2ab3283062255ab08bd4db02a352179952b080,35200,35200,8800,ceil(utf8_bytes/4)_cpu_estimate,1,0,semi_structured,key_value,plain_insert,0,1,1,1
seed_000094,seed_000094,source_group_id,european_football_2,no_c_secondary,MP-FS+ vNext NO_C,MP-FS+,deterministic_reprocess,secondary_ablation,mp_fs_plus_shared,mp_fs_plus_shared,d5e10488eb7e25ad08482f67ff2ab3283062255ab08bd4db02a352179952b080,35200,35200,8800,ceil(utf8_bytes/4)_cpu_estimate,1,0,semi_structured,key_value,plain_insert,0,1,1,1
seed_000101,seed_000101,source_group_id,formula_1,direct,Direct,D-FS-M,generation,baseline,direct,,85ca24ec6b6b3f5800eda2354f3ffbf4321681c91d762c71d6dfe5d94d71ea9e,22049,22049,5513,ceil(utf8_bytes/4)_cpu_estimate,1,0,semi_structured,key_value,insert_ignore,0,1,1,1
seed_000101,seed_000101,source_group_id,formula_1,j_fs,J-FS,J-FS-M,generation,baseline,j_fs,,835716bf9167abd3f3b903c14b3fcfad2a20618fd7bc94fb073dfcaec1e49f0e,21980,21980,5495,ceil(utf8_bytes/4)_cpu_estimate,1,0,semi_structured,key_value,insert_ignore,0,1,1,1
seed_000101,seed_000101,source_group_id,formula_1,original_mp_fs_plus,Original MP-FS+,MP-FS+,deterministic_reprocess,primary_comparison_baseline,mp_fs_plus_shared,mp_fs_plus_shared,6f85256d4c44939c99f026794e29ce86301941f2f0830c91b861f2039fe6ebcd,7144,7144,1786,ceil(utf8_bytes/4)_cpu_estimate,1,0,semi_structured,key_value,insert_ignore,0,1,1,1
seed_000101,seed_000101,source_group_id,formula_1,d_g1_primary,MP-FS+ vNext D_G1,MP-FS+,deterministic_reprocess,primary,mp_fs_plus_shared,mp_fs_plus_shared,6f85256d4c44939c99f026794e29ce86301941f2f0830c91b861f2039fe6ebcd,7144,7144,1786,ceil(utf8_bytes/4)_cpu_estimate,1,0,semi_structured,key_value,insert_ignore,0,1,1,1
seed_000101,seed_000101,source_group_id,formula_1,d_only_secondary,MP-FS+ vNext D_ONLY,MP-FS+,deterministic_reprocess,secondary_ablation,mp_fs_plus_shared,mp_fs_plus_shared,6f85256d4c44939c99f026794e29ce86301941f2f0830c91b861f2039fe6ebcd,7144,7144,1786,ceil(utf8_bytes/4)_cpu_estimate,1,0,semi_structured,key_value,insert_ignore,0,1,1,1
seed_000101,seed_000101,source_group_id,formula_1,full_secondary,MP-FS+ vNext FULL,MP-FS+,deterministic_reprocess,secondary_ablation,mp_fs_plus_shared,mp_fs_plus_shared,6f85256d4c44939c99f026794e29ce86301941f2f0830c91b861f2039fe6ebcd,7144,7144,1786,ceil(utf8_bytes/4)_cpu_estimate,1,0,semi_structured,key_value,insert_ignore,0,1,1,1
seed_000101,seed_000101,source_group_id,formula_1,no_c_secondary,MP-FS+ vNext NO_C,MP-FS+,deterministic_reprocess,secondary_ablation,mp_fs_plus_shared,mp_fs_plus_shared,6f85256d4c44939c99f026794e29ce86301941f2f0830c91b861f2039fe6ebcd,7144,7144,1786,ceil(utf8_bytes/4)_cpu_estimate,1,0,semi_structured,key_value,insert_ignore,0,1,1,1
seed_000106,seed_000106,source_group_id,california_schools,direct,Direct,D-FS-M,generation,baseline,direct,,fa799ebf5a5b65095040ff46c10b61c05e4ff110eb47187aec7e2f91cb211ed6,17824,17824,4456,ceil(utf8_bytes/4)_cpu_estimate,1,0,semi_structured,json_array,upsert_update,0,1,1,1
seed_000106,seed_000106,source_group_id,california_schools,j_fs,J-FS,J-FS-M,generation,baseline,j_fs,,a5055b9e0b2995dd3c1c59311e10d205a081bea0cfa65b49912f4ce7d0fc7950,17755,17755,4439,ceil(utf8_bytes/4)_cpu_estimate,1,0,semi_structured,json_array,upsert_update,0,1,1,1
seed_000106,seed_000106,source_group_id,california_schools,original_mp_fs_plus,Original MP-FS+,MP-FS+,deterministic_reprocess,primary_comparison_baseline,mp_fs_plus_shared,mp_fs_plus_shared,12758793e0ad53a1e9846b33bc4d3840222bdea60408a126a523d5f46ad5f238,19872,19872,4968,ceil(utf8_bytes/4)_cpu_estimate,1,0,semi_structured,json_array,upsert_update,0,1,1,1
seed_000106,seed_000106,source_group_id,california_schools,d_g1_primary,MP-FS+ vNext D_G1,MP-FS+,deterministic_reprocess,primary,mp_fs_plus_shared,mp_fs_plus_shared,12758793e0ad53a1e9846b33bc4d3840222bdea60408a126a523d5f46ad5f238,19872,19872,4968,ceil(utf8_bytes/4)_cpu_estimate,1,0,semi_structured,json_array,upsert_update,0,1,1,1
seed_000106,seed_000106,source_group_id,california_schools,d_only_secondary,MP-FS+ vNext D_ONLY,MP-FS+,deterministic_reprocess,secondary_ablation,mp_fs_plus_shared,mp_fs_plus_shared,12758793e0ad53a1e9846b33bc4d3840222bdea60408a126a523d5f46ad5f238,19872,19872,4968,ceil(utf8_bytes/4)_cpu_estimate,1,0,semi_structured,json_array,upsert_update,0,1,1,1
seed_000106,seed_000106,source_group_id,california_schools,full_secondary,MP-FS+ vNext FULL,MP-FS+,deterministic_reprocess,secondary_ablation,mp_fs_plus_shared,mp_fs_plus_shared,12758793e0ad53a1e9846b33bc4d3840222bdea60408a126a523d5f46ad5f238,19872,19872,4968,ceil(utf8_bytes/4)_cpu_estimate,1,0,semi_structured,json_array,upsert_update,0,1,1,1
seed_000106,seed_000106,source_group_id,california_schools,no_c_secondary,MP-FS+ vNext NO_C,MP-FS+,deterministic_reprocess,secondary_ablation,mp_fs_plus_shared,mp_fs_plus_shared,12758793e0ad53a1e9846b33bc4d3840222bdea60408a126a523d5f46ad5f238,19872,19872,4968,ceil(utf8_bytes/4)_cpu_estimate,1,0,semi_structured,json_array,upsert_update,0,1,1,1
seed_000212,seed_000212,source_group_id,superhero,direct,Direct,D-FS-M,generation,baseline,direct,,13bb1044d4e167cc4fcc8c990887b44c042119187b3e727a93ad0ad2a36f04aa,9346,9346,2337,ceil(utf8_bytes/4)_cpu_estimate,1,0,semi_structured,json_array,plain_insert,0,1,1,1
seed_000212,seed_000212,source_group_id,superhero,j_fs,J-FS,J-FS-M,generation,baseline,j_fs,,8e807914e876db18ddf7d2094907c7a1ef42db0e65895646998faa39b18270f4,9277,9277,2320,ceil(utf8_bytes/4)_cpu_estimate,1,0,semi_structured,json_array,plain_insert,0,1,1,1
seed_000212,seed_000212,source_group_id,superhero,original_mp_fs_plus,Original MP-FS+,MP-FS+,deterministic_reprocess,primary_comparison_baseline,mp_fs_plus_shared,mp_fs_plus_shared,0e02c25a7dab55df5d37b6f84fe4dd916b16292814633cdc99ffe6a40237d575,12865,12865,3217,ceil(utf8_bytes/4)_cpu_estimate,1,0,semi_structured,json_array,plain_insert,0,1,1,1
seed_000212,seed_000212,source_group_id,superhero,d_g1_primary,MP-FS+ vNext D_G1,MP-FS+,deterministic_reprocess,primary,mp_fs_plus_shared,mp_fs_plus_shared,0e02c25a7dab55df5d37b6f84fe4dd916b16292814633cdc99ffe6a40237d575,12865,12865,3217,ceil(utf8_bytes/4)_cpu_estimate,1,0,semi_structured,json_array,plain_insert,0,1,1,1
seed_000212,seed_000212,source_group_id,superhero,d_only_secondary,MP-FS+ vNext D_ONLY,MP-FS+,deterministic_reprocess,secondary_ablation,mp_fs_plus_shared,mp_fs_plus_shared,0e02c25a7dab55df5d37b6f84fe4dd916b16292814633cdc99ffe6a40237d575,12865,12865,3217,ceil(utf8_bytes/4)_cpu_estimate,1,0,semi_structured,json_array,plain_insert,0,1,1,1
seed_000212,seed_000212,source_group_id,superhero,full_secondary,MP-FS+ vNext FULL,MP-FS+,deterministic_reprocess,secondary_ablation,mp_fs_plus_shared,mp_fs_plus_shared,0e02c25a7dab55df5d37b6f84fe4dd916b16292814633cdc99ffe6a40237d575,12865,12865,3217,ceil(utf8_bytes/4)_cpu_estimate,1,0,semi_structured,json_array,plain_insert,0,1,1,1
seed_000212,seed_000212,source_group_id,superhero,no_c_secondary,MP-FS+ vNext NO_C,MP-FS+,deterministic_reprocess,secondary_ablation,mp_fs_plus_shared,mp_fs_plus_shared,0e02c25a7dab55df5d37b6f84fe4dd916b16292814633cdc99ffe6a40237d575,12865,12865,3217,ceil(utf8_bytes/4)_cpu_estimate,1,0,semi_structured,json_array,plain_insert,0,1,1,1
aug_seed_000092_single_row_subset_002,seed_000092,source_group_id,financial,direct,Direct,D-FS-M,generation,baseline,direct,,abf9df06d31847d3fc0d1cb39506ac253647ee78242b8430775d221737375a47,11240,11240,2810,ceil(utf8_bytes/4)_cpu_estimate,1,0,semi_structured,json_array,insert_ignore,0,1,1,1
aug_seed_000092_single_row_subset_002,seed_000092,source_group_id,financial,j_fs,J-FS,J-FS-M,generation,baseline,j_fs,,1878c865d50ed77405e691ecae1713c7852d34dd62c61d0a3f76eca7a827e257,11171,11171,2793,ceil(utf8_bytes/4)_cpu_estimate,1,0,semi_structured,json_array,insert_ignore,0,1,1,1
aug_seed_000092_single_row_subset_002,seed_000092,source_group_id,financial,original_mp_fs_plus,Original MP-FS+,MP-FS+,deterministic_reprocess,primary_comparison_baseline,mp_fs_plus_shared,mp_fs_plus_shared,70d5dd6ac2c39ee9fb64c9658c30f697b4870fa3a9d59782ecd7f563968df7d7,8478,8478,2120,ceil(utf8_bytes/4)_cpu_estimate,1,0,semi_structured,json_array,insert_ignore,0,1,1,1
aug_seed_000092_single_row_subset_002,seed_000092,source_group_id,financial,d_g1_primary,MP-FS+ vNext D_G1,MP-FS+,deterministic_reprocess,primary,mp_fs_plus_shared,mp_fs_plus_shared,70d5dd6ac2c39ee9fb64c9658c30f697b4870fa3a9d59782ecd7f563968df7d7,8478,8478,2120,ceil(utf8_bytes/4)_cpu_estimate,1,0,semi_structured,json_array,insert_ignore,0,1,1,1
aug_seed_000092_single_row_subset_002,seed_000092,source_group_id,financial,d_only_secondary,MP-FS+ vNext D_ONLY,MP-FS+,deterministic_reprocess,secondary_ablation,mp_fs_plus_shared,mp_fs_plus_shared,70d5dd6ac2c39ee9fb64c9658c30f697b4870fa3a9d59782ecd7f563968df7d7,8478,8478,2120,ceil(utf8_bytes/4)_cpu_estimate,1,0,semi_structured,json_array,insert_ignore,0,1,1,1
aug_seed_000092_single_row_subset_002,seed_000092,source_group_id,financial,full_secondary,MP-FS+ vNext FULL,MP-FS+,deterministic_reprocess,secondary_ablation,mp_fs_plus_shared,mp_fs_plus_shared,70d5dd6ac2c39ee9fb64c9658c30f697b4870fa3a9d59782ecd7f563968df7d7,8478,8478,2120,ceil(utf8_bytes/4)_cpu_estimate,1,0,semi_structured,json_array,insert_ignore,0,1,1,1
aug_seed_000092_single_row_subset_002,seed_000092,source_group_id,financial,no_c_secondary,MP-FS+ vNext NO_C,MP-FS+,deterministic_reprocess,secondary_ablation,mp_fs_plus_shared,mp_fs_plus_shared,70d5dd6ac2c39ee9fb64c9658c30f697b4870fa3a9d59782ecd7f563968df7d7,8478,8478,2120,ceil(utf8_bytes/4)_cpu_estimate,1,0,semi_structured,json_array,insert_ignore,0,1,1,1
aug_seed_000346_relational_format_variant_001,seed_000346,source_group_id,codebase_community,direct,Direct,D-FS-M,generation,baseline,direct,,eb807a2ea76f895054f3215271e409590aeb014a102d735120f7261d193f8c3e,18169,18169,4543,ceil(utf8_bytes/4)_cpu_estimate,1,0,free_text,free_text,insert_ignore,1,1,1,1
aug_seed_000346_relational_format_variant_001,seed_000346,source_group_id,codebase_community,j_fs,J-FS,J-FS-M,generation,baseline,j_fs,,f9b8107d18a509a100e0ffc1e3005ce4aeb9ef7be5eb9235571b85a8ab893d2e,18079,18079,4520,ceil(utf8_bytes/4)_cpu_estimate,1,0,free_text,free_text,insert_ignore,1,1,1,1
aug_seed_000346_relational_format_variant_001,seed_000346,source_group_id,codebase_community,original_mp_fs_plus,Original MP-FS+,MP-FS+,deterministic_reprocess,primary_comparison_baseline,mp_fs_plus_shared,mp_fs_plus_shared,a894563eb06f68141ec4ea9636974f68d1d9625d0525b951eb2c9adcaccd57bd,41651,41651,10413,ceil(utf8_bytes/4)_cpu_estimate,1,0,free_text,free_text,insert_ignore,1,1,1,1
aug_seed_000346_relational_format_variant_001,seed_000346,source_group_id,codebase_community,d_g1_primary,MP-FS+ vNext D_G1,MP-FS+,deterministic_reprocess,primary,mp_fs_plus_shared,mp_fs_plus_shared,a894563eb06f68141ec4ea9636974f68d1d9625d0525b951eb2c9adcaccd57bd,41651,41651,10413,ceil(utf8_bytes/4)_cpu_estimate,1,0,free_text,free_text,insert_ignore,1,1,1,1
aug_seed_000346_relational_format_variant_001,seed_000346,source_group_id,codebase_community,d_only_secondary,MP-FS+ vNext D_ONLY,MP-FS+,deterministic_reprocess,secondary_ablation,mp_fs_plus_shared,mp_fs_plus_shared,a894563eb06f68141ec4ea9636974f68d1d9625d0525b951eb2c9adcaccd57bd,41651,41651,10413,ceil(utf8_bytes/4)_cpu_estimate,1,0,free_text,free_text,insert_ignore,1,1,1,1
aug_seed_000346_relational_format_variant_001,seed_000346,source_group_id,codebase_community,full_secondary,MP-FS+ vNext FULL,MP-FS+,deterministic_reprocess,secondary_ablation,mp_fs_plus_shared,mp_fs_plus_shared,a894563eb06f68141ec4ea9636974f68d1d9625d0525b951eb2c9adcaccd57bd,41651,41651,10413,ceil(utf8_bytes/4)_cpu_estimate,1,0,free_text,free_text,insert_ignore,1,1,1,1
aug_seed_000346_relational_format_variant_001,seed_000346,source_group_id,codebase_community,no_c_secondary,MP-FS+ vNext NO_C,MP-FS+,deterministic_reprocess,secondary_ablation,mp_fs_plus_shared,mp_fs_plus_shared,a894563eb06f68141ec4ea9636974f68d1d9625d0525b951eb2c9adcaccd57bd,41651,41651,10413,ceil(utf8_bytes/4)_cpu_estimate,1,0,free_text,free_text,insert_ignore,1,1,1,1
aug_seed_000248_single_row_subset_001,seed_000248,source_group_id,financial,direct,Direct,D-FS-M,generation,baseline,direct,,12e62f7e1f1d4357dd7d7dcf6896252a6750766adad2194a3a083c03f78e82d6,10002,10002,2501,ceil(utf8_bytes/4)_cpu_estimate,1,0,free_text,free_text,insert_ignore,0,1,1,1
aug_seed_000248_single_row_subset_001,seed_000248,source_group_id,financial,j_fs,J-FS,J-FS-M,generation,baseline,j_fs,,8723b064c30b93e7282a56294067722489bac2eedd0e7c9ea48b202b265e1be5,9912,9912,2478,ceil(utf8_bytes/4)_cpu_estimate,1,0,free_text,free_text,insert_ignore,0,1,1,1
aug_seed_000248_single_row_subset_001,seed_000248,source_group_id,financial,original_mp_fs_plus,Original MP-FS+,MP-FS+,deterministic_reprocess,primary_comparison_baseline,mp_fs_plus_shared,mp_fs_plus_shared,f39b9ecd796b4a72eae9b9cc8e675a5315c3c328ed0cb859d401b9d66c073bf0,15405,15405,3852,ceil(utf8_bytes/4)_cpu_estimate,1,0,free_text,free_text,insert_ignore,0,1,1,1
aug_seed_000248_single_row_subset_001,seed_000248,source_group_id,financial,d_g1_primary,MP-FS+ vNext D_G1,MP-FS+,deterministic_reprocess,primary,mp_fs_plus_shared,mp_fs_plus_shared,f39b9ecd796b4a72eae9b9cc8e675a5315c3c328ed0cb859d401b9d66c073bf0,15405,15405,3852,ceil(utf8_bytes/4)_cpu_estimate,1,0,free_text,free_text,insert_ignore,0,1,1,1
aug_seed_000248_single_row_subset_001,seed_000248,source_group_id,financial,d_only_secondary,MP-FS+ vNext D_ONLY,MP-FS+,deterministic_reprocess,secondary_ablation,mp_fs_plus_shared,mp_fs_plus_shared,f39b9ecd796b4a72eae9b9cc8e675a5315c3c328ed0cb859d401b9d66c073bf0,15405,15405,3852,ceil(utf8_bytes/4)_cpu_estimate,1,0,free_text,free_text,insert_ignore,0,1,1,1
aug_seed_000248_single_row_subset_001,seed_000248,source_group_id,financial,full_secondary,MP-FS+ vNext FULL,MP-FS+,deterministic_reprocess,secondary_ablation,mp_fs_plus_shared,mp_fs_plus_shared,f39b9ecd796b4a72eae9b9cc8e675a5315c3c328ed0cb859d401b9d66c073bf0,15405,15405,3852,ceil(utf8_bytes/4)_cpu_estimate,1,0,free_text,free_text,insert_ignore,0,1,1,1
aug_seed_000248_single_row_subset_001,seed_000248,source_group_id,financial,no_c_secondary,MP-FS+ vNext NO_C,MP-FS+,deterministic_reprocess,secondary_ablation,mp_fs_plus_shared,mp_fs_plus_shared,f39b9ecd796b4a72eae9b9cc8e675a5315c3c328ed0cb859d401b9d66c073bf0,15405,15405,3852,ceil(utf8_bytes/4)_cpu_estimate,1,0,free_text,free_text,insert_ignore,0,1,1,1
seed_000288,seed_000288,source_group_id,financial,direct,Direct,D-FS-M,generation,baseline,direct,,b5455c5f72480036029ee71d4d2e6dc8499788e308ead4dd3a6f3231c8a2a285,11695,11695,2924,ceil(utf8_bytes/4)_cpu_estimate,1,0,semi_structured,json_array,plain_insert,0,1,1,1
seed_000288,seed_000288,source_group_id,financial,j_fs,J-FS,J-FS-M,generation,baseline,j_fs,,f08f1449af11a06d2ef02bf5fe2f5b4148a2fbed4bba2034d5d21440ed11c490,11626,11626,2907,ceil(utf8_bytes/4)_cpu_estimate,1,0,semi_structured,json_array,plain_insert,0,1,1,1
seed_000288,seed_000288,source_group_id,financial,original_mp_fs_plus,Original MP-FS+,MP-FS+,deterministic_reprocess,primary_comparison_baseline,mp_fs_plus_shared,mp_fs_plus_shared,c443343ffaec638e1dbd1b886d9701b863e47a7fb0809e7082f9d4f353fc7197,14297,14297,3575,ceil(utf8_bytes/4)_cpu_estimate,1,0,semi_structured,json_array,plain_insert,0,1,1,1
seed_000288,seed_000288,source_group_id,financial,d_g1_primary,MP-FS+ vNext D_G1,MP-FS+,deterministic_reprocess,primary,mp_fs_plus_shared,mp_fs_plus_shared,c443343ffaec638e1dbd1b886d9701b863e47a7fb0809e7082f9d4f353fc7197,14297,14297,3575,ceil(utf8_bytes/4)_cpu_estimate,1,0,semi_structured,json_array,plain_insert,0,1,1,1
seed_000288,seed_000288,source_group_id,financial,d_only_secondary,MP-FS+ vNext D_ONLY,MP-FS+,deterministic_reprocess,secondary_ablation,mp_fs_plus_shared,mp_fs_plus_shared,c443343ffaec638e1dbd1b886d9701b863e47a7fb0809e7082f9d4f353fc7197,14297,14297,3575,ceil(utf8_bytes/4)_cpu_estimate,1,0,semi_structured,json_array,plain_insert,0,1,1,1
seed_000288,seed_000288,source_group_id,financial,full_secondary,MP-FS+ vNext FULL,MP-FS+,deterministic_reprocess,secondary_ablation,mp_fs_plus_shared,mp_fs_plus_shared,c443343ffaec638e1dbd1b886d9701b863e47a7fb0809e7082f9d4f353fc7197,14297,14297,3575,ceil(utf8_bytes/4)_cpu_estimate,1,0,semi_structured,json_array,plain_insert,0,1,1,1
seed_000288,seed_000288,source_group_id,financial,no_c_secondary,MP-FS+ vNext NO_C,MP-FS+,deterministic_reprocess,secondary_ablation,mp_fs_plus_shared,mp_fs_plus_shared,c443343ffaec638e1dbd1b886d9701b863e47a7fb0809e7082f9d4f353fc7197,14297,14297,3575,ceil(utf8_bytes/4)_cpu_estimate,1,0,semi_structured,json_array,plain_insert,0,1,1,1
seed_000301,seed_000301,source_group_id,student_club,direct,Direct,D-FS-M,generation,baseline,direct,,e26c5f6cd676f56fdcfdb86bd3a1df2eb90ea57908e755363cef4a76a4946f5e,13269,13269,3318,ceil(utf8_bytes/4)_cpu_estimate,1,0,semi_structured,json_array,plain_insert,0,1,1,1
seed_000301,seed_000301,source_group_id,student_club,j_fs,J-FS,J-FS-M,generation,baseline,j_fs,,aaca16360d10d01d4b06b7431990381818df01271a96242c9a00e17bc601994a,13200,13200,3300,ceil(utf8_bytes/4)_cpu_estimate,1,0,semi_structured,json_array,plain_insert,0,1,1,1
seed_000301,seed_000301,source_group_id,student_club,original_mp_fs_plus,Original MP-FS+,MP-FS+,deterministic_reprocess,primary_comparison_baseline,mp_fs_plus_shared,mp_fs_plus_shared,8e6452aee25b0c9ff6a3f9d102cb9779807ce8fef7fcaf6897447eea3de553d8,6906,6906,1727,ceil(utf8_bytes/4)_cpu_estimate,1,0,semi_structured,json_array,plain_insert,0,1,1,1
seed_000301,seed_000301,source_group_id,student_club,d_g1_primary,MP-FS+ vNext D_G1,MP-FS+,deterministic_reprocess,primary,mp_fs_plus_shared,mp_fs_plus_shared,8e6452aee25b0c9ff6a3f9d102cb9779807ce8fef7fcaf6897447eea3de553d8,6906,6906,1727,ceil(utf8_bytes/4)_cpu_estimate,1,0,semi_structured,json_array,plain_insert,0,1,1,1
seed_000301,seed_000301,source_group_id,student_club,d_only_secondary,MP-FS+ vNext D_ONLY,MP-FS+,deterministic_reprocess,secondary_ablation,mp_fs_plus_shared,mp_fs_plus_shared,8e6452aee25b0c9ff6a3f9d102cb9779807ce8fef7fcaf6897447eea3de553d8,6906,6906,1727,ceil(utf8_bytes/4)_cpu_estimate,1,0,semi_structured,json_array,plain_insert,0,1,1,1
seed_000301,seed_000301,source_group_id,student_club,full_secondary,MP-FS+ vNext FULL,MP-FS+,deterministic_reprocess,secondary_ablation,mp_fs_plus_shared,mp_fs_plus_shared,8e6452aee25b0c9ff6a3f9d102cb9779807ce8fef7fcaf6897447eea3de553d8,6906,6906,1727,ceil(utf8_bytes/4)_cpu_estimate,1,0,semi_structured,json_array,plain_insert,0,1,1,1
seed_000301,seed_000301,source_group_id,student_club,no_c_secondary,MP-FS+ vNext NO_C,MP-FS+,deterministic_reprocess,secondary_ablation,mp_fs_plus_shared,mp_fs_plus_shared,8e6452aee25b0c9ff6a3f9d102cb9779807ce8fef7fcaf6897447eea3de553d8,6906,6906,1727,ceil(utf8_bytes/4)_cpu_estimate,1,0,semi_structured,json_array,plain_insert,0,1,1,1
aug_seed_000222_small_batch_subset_001,seed_000222,source_group_id,financial,direct,Direct,D-FS-M,generation,baseline,direct,,316ce384380c51553c311a167709b2758216f8ec0493cbf0eb283bde38d21ee0,9951,9951,2488,ceil(utf8_bytes/4)_cpu_estimate,1,0,free_text,free_text,insert_ignore,0,1,1,1
aug_seed_000222_small_batch_subset_001,seed_000222,source_group_id,financial,j_fs,J-FS,J-FS-M,generation,baseline,j_fs,,5a232a75578f9037f1ad4641611beca463bfc30f60759117d95b46e67e05cee6,9861,9861,2466,ceil(utf8_bytes/4)_cpu_estimate,1,0,free_text,free_text,insert_ignore,0,1,1,1
aug_seed_000222_small_batch_subset_001,seed_000222,source_group_id,financial,original_mp_fs_plus,Original MP-FS+,MP-FS+,deterministic_reprocess,primary_comparison_baseline,mp_fs_plus_shared,mp_fs_plus_shared,d4d5954396a9f3b4c7ce3aa7536fe06737e5a4c392aba075ceafb3fb00ff594d,17025,17025,4257,ceil(utf8_bytes/4)_cpu_estimate,1,0,free_text,free_text,insert_ignore,0,1,1,1
aug_seed_000222_small_batch_subset_001,seed_000222,source_group_id,financial,d_g1_primary,MP-FS+ vNext D_G1,MP-FS+,deterministic_reprocess,primary,mp_fs_plus_shared,mp_fs_plus_shared,d4d5954396a9f3b4c7ce3aa7536fe06737e5a4c392aba075ceafb3fb00ff594d,17025,17025,4257,ceil(utf8_bytes/4)_cpu_estimate,1,0,free_text,free_text,insert_ignore,0,1,1,1
aug_seed_000222_small_batch_subset_001,seed_000222,source_group_id,financial,d_only_secondary,MP-FS+ vNext D_ONLY,MP-FS+,deterministic_reprocess,secondary_ablation,mp_fs_plus_shared,mp_fs_plus_shared,d4d5954396a9f3b4c7ce3aa7536fe06737e5a4c392aba075ceafb3fb00ff594d,17025,17025,4257,ceil(utf8_bytes/4)_cpu_estimate,1,0,free_text,free_text,insert_ignore,0,1,1,1
aug_seed_000222_small_batch_subset_001,seed_000222,source_group_id,financial,full_secondary,MP-FS+ vNext FULL,MP-FS+,deterministic_reprocess,secondary_ablation,mp_fs_plus_shared,mp_fs_plus_shared,d4d5954396a9f3b4c7ce3aa7536fe06737e5a4c392aba075ceafb3fb00ff594d,17025,17025,4257,ceil(utf8_bytes/4)_cpu_estimate,1,0,free_text,free_text,insert_ignore,0,1,1,1
aug_seed_000222_small_batch_subset_001,seed_000222,source_group_id,financial,no_c_secondary,MP-FS+ vNext NO_C,MP-FS+,deterministic_reprocess,secondary_ablation,mp_fs_plus_shared,mp_fs_plus_shared,d4d5954396a9f3b4c7ce3aa7536fe06737e5a4c392aba075ceafb3fb00ff594d,17025,17025,4257,ceil(utf8_bytes/4)_cpu_estimate,1,0,free_text,free_text,insert_ignore,0,1,1,1
seed_000182,seed_000182,source_group_id,student_club,direct,Direct,D-FS-M,generation,baseline,direct,,730e48c2069ecd0a1bdd36b8439cfa8af3839fab4533782ee03d0af84ecf5366,17420,17420,4355,ceil(utf8_bytes/4)_cpu_estimate,1,0,semi_structured,json_array,upsert_update,0,1,1,1
seed_000182,seed_000182,source_group_id,student_club,j_fs,J-FS,J-FS-M,generation,baseline,j_fs,,dd706ae793caa35f3496612209aba256b9a9e3fc6ac1348af0b8a0762df25acc,17351,17351,4338,ceil(utf8_bytes/4)_cpu_estimate,1,0,semi_structured,json_array,upsert_update,0,1,1,1
seed_000182,seed_000182,source_group_id,student_club,original_mp_fs_plus,Original MP-FS+,MP-FS+,deterministic_reprocess,primary_comparison_baseline,mp_fs_plus_shared,mp_fs_plus_shared,6325927b6bddeac342186d8f1d58e6fd38f18b45e0ee86b7d689b4cf577daa5d,7639,7639,1910,ceil(utf8_bytes/4)_cpu_estimate,1,0,semi_structured,json_array,upsert_update,0,1,1,1
seed_000182,seed_000182,source_group_id,student_club,d_g1_primary,MP-FS+ vNext D_G1,MP-FS+,deterministic_reprocess,primary,mp_fs_plus_shared,mp_fs_plus_shared,6325927b6bddeac342186d8f1d58e6fd38f18b45e0ee86b7d689b4cf577daa5d,7639,7639,1910,ceil(utf8_bytes/4)_cpu_estimate,1,0,semi_structured,json_array,upsert_update,0,1,1,1
seed_000182,seed_000182,source_group_id,student_club,d_only_secondary,MP-FS+ vNext D_ONLY,MP-FS+,deterministic_reprocess,secondary_ablation,mp_fs_plus_shared,mp_fs_plus_shared,6325927b6bddeac342186d8f1d58e6fd38f18b45e0ee86b7d689b4cf577daa5d,7639,7639,1910,ceil(utf8_bytes/4)_cpu_estimate,1,0,semi_structured,json_array,upsert_update,0,1,1,1
seed_000182,seed_000182,source_group_id,student_club,full_secondary,MP-FS+ vNext FULL,MP-FS+,deterministic_reprocess,secondary_ablation,mp_fs_plus_shared,mp_fs_plus_shared,6325927b6bddeac342186d8f1d58e6fd38f18b45e0ee86b7d689b4cf577daa5d,7639,7639,1910,ceil(utf8_bytes/4)_cpu_estimate,1,0,semi_structured,json_array,upsert_update,0,1,1,1
seed_000182,seed_000182,source_group_id,student_club,no_c_secondary,MP-FS+ vNext NO_C,MP-FS+,deterministic_reprocess,secondary_ablation,mp_fs_plus_shared,mp_fs_plus_shared,6325927b6bddeac342186d8f1d58e6fd38f18b45e0ee86b7d689b4cf577daa5d,7639,7639,1910,ceil(utf8_bytes/4)_cpu_estimate,1,0,semi_structured,json_array,upsert_update,0,1,1,1
seed_000085,seed_000085,source_group_id,debit_card_specializing,direct,Direct,D-FS-M,generation,baseline,direct,,4b30b9bed6bfb09e9a894fb20f6de5856b8afaf55c05953cde449d5a7880bc1b,6642,6642,1661,ceil(utf8_bytes/4)_cpu_estimate,1,0,semi_structured,json_array,plain_insert,0,1,1,1
seed_000085,seed_000085,source_group_id,debit_card_specializing,j_fs,J-FS,J-FS-M,generation,baseline,j_fs,,8d4d3a7f3bd5eab4c88f726b4db33163637deb5776e0009574ce25e25493ebeb,6573,6573,1644,ceil(utf8_bytes/4)_cpu_estimate,1,0,semi_structured,json_array,plain_insert,0,1,1,1
seed_000085,seed_000085,source_group_id,debit_card_specializing,original_mp_fs_plus,Original MP-FS+,MP-FS+,deterministic_reprocess,primary_comparison_baseline,mp_fs_plus_shared,mp_fs_plus_shared,cdddb98f7430baac59fdb7c41ecfd4c729431cf8c09331615d2e3663cd12108f,10427,10427,2607,ceil(utf8_bytes/4)_cpu_estimate,1,0,semi_structured,json_array,plain_insert,0,1,1,1
seed_000085,seed_000085,source_group_id,debit_card_specializing,d_g1_primary,MP-FS+ vNext D_G1,MP-FS+,deterministic_reprocess,primary,mp_fs_plus_shared,mp_fs_plus_shared,cdddb98f7430baac59fdb7c41ecfd4c729431cf8c09331615d2e3663cd12108f,10427,10427,2607,ceil(utf8_bytes/4)_cpu_estimate,1,0,semi_structured,json_array,plain_insert,0,1,1,1
seed_000085,seed_000085,source_group_id,debit_card_specializing,d_only_secondary,MP-FS+ vNext D_ONLY,MP-FS+,deterministic_reprocess,secondary_ablation,mp_fs_plus_shared,mp_fs_plus_shared,cdddb98f7430baac59fdb7c41ecfd4c729431cf8c09331615d2e3663cd12108f,10427,10427,2607,ceil(utf8_bytes/4)_cpu_estimate,1,0,semi_structured,json_array,plain_insert,0,1,1,1
seed_000085,seed_000085,source_group_id,debit_card_specializing,full_secondary,MP-FS+ vNext FULL,MP-FS+,deterministic_reprocess,secondary_ablation,mp_fs_plus_shared,mp_fs_plus_shared,cdddb98f7430baac59fdb7c41ecfd4c729431cf8c09331615d2e3663cd12108f,10427,10427,2607,ceil(utf8_bytes/4)_cpu_estimate,1,0,semi_structured,json_array,plain_insert,0,1,1,1
seed_000085,seed_000085,source_group_id,debit_card_specializing,no_c_secondary,MP-FS+ vNext NO_C,MP-FS+,deterministic_reprocess,secondary_ablation,mp_fs_plus_shared,mp_fs_plus_shared,cdddb98f7430baac59fdb7c41ecfd4c729431cf8c09331615d2e3663cd12108f,10427,10427,2607,ceil(utf8_bytes/4)_cpu_estimate,1,0,semi_structured,json_array,plain_insert,0,1,1,1
seed_000343,seed_000343,source_group_id,financial,direct,Direct,D-FS-M,generation,baseline,direct,,2fb35b2b31fca4cd6231bd3176145ac0e6d3dc0cb191bd20caac7a660e49dbe6,20304,20304,5076,ceil(utf8_bytes/4)_cpu_estimate,1,0,semi_structured,json_array,insert_ignore,0,1,1,1
seed_000343,seed_000343,source_group_id,financial,j_fs,J-FS,J-FS-M,generation,baseline,j_fs,,2b45defb9e779ef3cf3f637e23b574a65c980cc9c827b82a4e67cf2c77998398,20235,20235,5059,ceil(utf8_bytes/4)_cpu_estimate,1,0,semi_structured,json_array,insert_ignore,0,1,1,1
seed_000343,seed_000343,source_group_id,financial,original_mp_fs_plus,Original MP-FS+,MP-FS+,deterministic_reprocess,primary_comparison_baseline,mp_fs_plus_shared,mp_fs_plus_shared,ebe1492ac9553c47dae18eafbe7b5aed6f67a0a3608c182c1f91afb4cf0f67f8,11503,11503,2876,ceil(utf8_bytes/4)_cpu_estimate,1,0,semi_structured,json_array,insert_ignore,0,1,1,1
seed_000343,seed_000343,source_group_id,financial,d_g1_primary,MP-FS+ vNext D_G1,MP-FS+,deterministic_reprocess,primary,mp_fs_plus_shared,mp_fs_plus_shared,ebe1492ac9553c47dae18eafbe7b5aed6f67a0a3608c182c1f91afb4cf0f67f8,11503,11503,2876,ceil(utf8_bytes/4)_cpu_estimate,1,0,semi_structured,json_array,insert_ignore,0,1,1,1
seed_000343,seed_000343,source_group_id,financial,d_only_secondary,MP-FS+ vNext D_ONLY,MP-FS+,deterministic_reprocess,secondary_ablation,mp_fs_plus_shared,mp_fs_plus_shared,ebe1492ac9553c47dae18eafbe7b5aed6f67a0a3608c182c1f91afb4cf0f67f8,11503,11503,2876,ceil(utf8_bytes/4)_cpu_estimate,1,0,semi_structured,json_array,insert_ignore,0,1,1,1
seed_000343,seed_000343,source_group_id,financial,full_secondary,MP-FS+ vNext FULL,MP-FS+,deterministic_reprocess,secondary_ablation,mp_fs_plus_shared,mp_fs_plus_shared,ebe1492ac9553c47dae18eafbe7b5aed6f67a0a3608c182c1f91afb4cf0f67f8,11503,11503,2876,ceil(utf8_bytes/4)_cpu_estimate,1,0,semi_structured,json_array,insert_ignore,0,1,1,1
seed_000343,seed_000343,source_group_id,financial,no_c_secondary,MP-FS+ vNext NO_C,MP-FS+,deterministic_reprocess,secondary_ablation,mp_fs_plus_shared,mp_fs_plus_shared,ebe1492ac9553c47dae18eafbe7b5aed6f67a0a3608c182c1f91afb4cf0f67f8,11503,11503,2876,ceil(utf8_bytes/4)_cpu_estimate,1,0,semi_structured,json_array,insert_ignore,0,1,1,1
aug_seed_000245_single_row_subset_001,seed_000245,source_group_id,financial,direct,Direct,D-FS-M,generation,baseline,direct,,fd2f2a41d1b97cccc7b9a94f56d3c2fe9eb24826cf863ab8c7704d4dd8c204c1,9867,9867,2467,ceil(utf8_bytes/4)_cpu_estimate,1,0,free_text,free_text,insert_ignore,0,1,1,1
aug_seed_000245_single_row_subset_001,seed_000245,source_group_id,financial,j_fs,J-FS,J-FS-M,generation,baseline,j_fs,,ff6033311ee290056714fa20b504a2c6e4addb9d343cc8462ffe766c82e41416,9777,9777,2445,ceil(utf8_bytes/4)_cpu_estimate,1,0,free_text,free_text,insert_ignore,0,1,1,1
aug_seed_000245_single_row_subset_001,seed_000245,source_group_id,financial,original_mp_fs_plus,Original MP-FS+,MP-FS+,deterministic_reprocess,primary_comparison_baseline,mp_fs_plus_shared,mp_fs_plus_shared,cd8bf5328251bd905a4a60b92730bb6d415bc7cbac58db16b11e8dd60d4731ff,14378,14378,3595,ceil(utf8_bytes/4)_cpu_estimate,1,0,free_text,free_text,insert_ignore,0,1,1,1
aug_seed_000245_single_row_subset_001,seed_000245,source_group_id,financial,d_g1_primary,MP-FS+ vNext D_G1,MP-FS+,deterministic_reprocess,primary,mp_fs_plus_shared,mp_fs_plus_shared,cd8bf5328251bd905a4a60b92730bb6d415bc7cbac58db16b11e8dd60d4731ff,14378,14378,3595,ceil(utf8_bytes/4)_cpu_estimate,1,0,free_text,free_text,insert_ignore,0,1,1,1
aug_seed_000245_single_row_subset_001,seed_000245,source_group_id,financial,d_only_secondary,MP-FS+ vNext D_ONLY,MP-FS+,deterministic_reprocess,secondary_ablation,mp_fs_plus_shared,mp_fs_plus_shared,cd8bf5328251bd905a4a60b92730bb6d415bc7cbac58db16b11e8dd60d4731ff,14378,14378,3595,ceil(utf8_bytes/4)_cpu_estimate,1,0,free_text,free_text,insert_ignore,0,1,1,1
aug_seed_000245_single_row_subset_001,seed_000245,source_group_id,financial,full_secondary,MP-FS+ vNext FULL,MP-FS+,deterministic_reprocess,secondary_ablation,mp_fs_plus_shared,mp_fs_plus_shared,cd8bf5328251bd905a4a60b92730bb6d415bc7cbac58db16b11e8dd60d4731ff,14378,14378,3595,ceil(utf8_bytes/4)_cpu_estimate,1,0,free_text,free_text,insert_ignore,0,1,1,1
aug_seed_000245_single_row_subset_001,seed_000245,source_group_id,financial,no_c_secondary,MP-FS+ vNext NO_C,MP-FS+,deterministic_reprocess,secondary_ablation,mp_fs_plus_shared,mp_fs_plus_shared,cd8bf5328251bd905a4a60b92730bb6d415bc7cbac58db16b11e8dd60d4731ff,14378,14378,3595,ceil(utf8_bytes/4)_cpu_estimate,1,0,free_text,free_text,insert_ignore,0,1,1,1
seed_000020,seed_000020,source_group_id,european_football_2,direct,Direct,D-FS-M,generation,baseline,direct,,aa593fa08b1c9d6a9f95103461e127ebd0cdb6bb8ede7e9dff12538b5e5b202a,35599,35599,8900,ceil(utf8_bytes/4)_cpu_estimate,1,0,semi_structured,key_value,insert_ignore,1,1,1,1
seed_000020,seed_000020,source_group_id,european_football_2,j_fs,J-FS,J-FS-M,generation,baseline,j_fs,,14528e216987501768c3547fae57913954eef4bf0c6e5446bb7a711c7df2c9e7,35530,35530,8883,ceil(utf8_bytes/4)_cpu_estimate,1,0,semi_structured,key_value,insert_ignore,1,1,1,1
seed_000020,seed_000020,source_group_id,european_football_2,original_mp_fs_plus,Original MP-FS+,MP-FS+,deterministic_reprocess,primary_comparison_baseline,mp_fs_plus_shared,mp_fs_plus_shared,78d346d40e50efcf6379f54536e087ed96cfd345de3037ffebcd7a4850c507b5,12283,12283,3071,ceil(utf8_bytes/4)_cpu_estimate,1,0,semi_structured,key_value,insert_ignore,1,1,1,1
seed_000020,seed_000020,source_group_id,european_football_2,d_g1_primary,MP-FS+ vNext D_G1,MP-FS+,deterministic_reprocess,primary,mp_fs_plus_shared,mp_fs_plus_shared,78d346d40e50efcf6379f54536e087ed96cfd345de3037ffebcd7a4850c507b5,12283,12283,3071,ceil(utf8_bytes/4)_cpu_estimate,1,0,semi_structured,key_value,insert_ignore,1,1,1,1
seed_000020,seed_000020,source_group_id,european_football_2,d_only_secondary,MP-FS+ vNext D_ONLY,MP-FS+,deterministic_reprocess,secondary_ablation,mp_fs_plus_shared,mp_fs_plus_shared,78d346d40e50efcf6379f54536e087ed96cfd345de3037ffebcd7a4850c507b5,12283,12283,3071,ceil(utf8_bytes/4)_cpu_estimate,1,0,semi_structured,key_value,insert_ignore,1,1,1,1
seed_000020,seed_000020,source_group_id,european_football_2,full_secondary,MP-FS+ vNext FULL,MP-FS+,deterministic_reprocess,secondary_ablation,mp_fs_plus_shared,mp_fs_plus_shared,78d346d40e50efcf6379f54536e087ed96cfd345de3037ffebcd7a4850c507b5,12283,12283,3071,ceil(utf8_bytes/4)_cpu_estimate,1,0,semi_structured,key_value,insert_ignore,1,1,1,1
seed_000020,seed_000020,source_group_id,european_football_2,no_c_secondary,MP-FS+ vNext NO_C,MP-FS+,deterministic_reprocess,secondary_ablation,mp_fs_plus_shared,mp_fs_plus_shared,78d346d40e50efcf6379f54536e087ed96cfd345de3037ffebcd7a4850c507b5,12283,12283,3071,ceil(utf8_bytes/4)_cpu_estimate,1,0,semi_structured,key_value,insert_ignore,1,1,1,1
aug_seed_000216_single_row_subset_001,seed_000216,source_group_id,debit_card_specializing,direct,Direct,D-FS-M,generation,baseline,direct,,404a6c91066451217a7b37b54ef8ab8c51670511bf8f8b48edc59907ce793a2f,6313,6313,1579,ceil(utf8_bytes/4)_cpu_estimate,1,0,semi_structured,json_array,insert_ignore,0,1,1,1
aug_seed_000216_single_row_subset_001,seed_000216,source_group_id,debit_card_specializing,j_fs,J-FS,J-FS-M,generation,baseline,j_fs,,c8fdc41c33a9ec620e823e8c24b37d5a03b284e725978fcab7c88179586b711b,6244,6244,1561,ceil(utf8_bytes/4)_cpu_estimate,1,0,semi_structured,json_array,insert_ignore,0,1,1,1
aug_seed_000216_single_row_subset_001,seed_000216,source_group_id,debit_card_specializing,original_mp_fs_plus,Original MP-FS+,MP-FS+,deterministic_reprocess,primary_comparison_baseline,mp_fs_plus_shared,mp_fs_plus_shared,87b5ed9e158ecda34155d0b75e4f6fc3b068540de785d88031a4f9fe30e1d34d,8451,8451,2113,ceil(utf8_bytes/4)_cpu_estimate,1,0,semi_structured,json_array,insert_ignore,0,1,1,1
aug_seed_000216_single_row_subset_001,seed_000216,source_group_id,debit_card_specializing,d_g1_primary,MP-FS+ vNext D_G1,MP-FS+,deterministic_reprocess,primary,mp_fs_plus_shared,mp_fs_plus_shared,87b5ed9e158ecda34155d0b75e4f6fc3b068540de785d88031a4f9fe30e1d34d,8451,8451,2113,ceil(utf8_bytes/4)_cpu_estimate,1,0,semi_structured,json_array,insert_ignore,0,1,1,1
aug_seed_000216_single_row_subset_001,seed_000216,source_group_id,debit_card_specializing,d_only_secondary,MP-FS+ vNext D_ONLY,MP-FS+,deterministic_reprocess,secondary_ablation,mp_fs_plus_shared,mp_fs_plus_shared,87b5ed9e158ecda34155d0b75e4f6fc3b068540de785d88031a4f9fe30e1d34d,8451,8451,2113,ceil(utf8_bytes/4)_cpu_estimate,1,0,semi_structured,json_array,insert_ignore,0,1,1,1
aug_seed_000216_single_row_subset_001,seed_000216,source_group_id,debit_card_specializing,full_secondary,MP-FS+ vNext FULL,MP-FS+,deterministic_reprocess,secondary_ablation,mp_fs_plus_shared,mp_fs_plus_shared,87b5ed9e158ecda34155d0b75e4f6fc3b068540de785d88031a4f9fe30e1d34d,8451,8451,2113,ceil(utf8_bytes/4)_cpu_estimate,1,0,semi_structured,json_array,insert_ignore,0,1,1,1
aug_seed_000216_single_row_subset_001,seed_000216,source_group_id,debit_card_specializing,no_c_secondary,MP-FS+ vNext NO_C,MP-FS+,deterministic_reprocess,secondary_ablation,mp_fs_plus_shared,mp_fs_plus_shared,87b5ed9e158ecda34155d0b75e4f6fc3b068540de785d88031a4f9fe30e1d34d,8451,8451,2113,ceil(utf8_bytes/4)_cpu_estimate,1,0,semi_structured,json_array,insert_ignore,0,1,1,1
aug_seed_000275_relational_format_variant_002,seed_000275,source_group_id,student_club,direct,Direct,D-FS-M,generation,baseline,direct,,8542992458b34ba590e2b806b19c761248ff36e2050f684f8017cba131f73d16,16785,16785,4197,ceil(utf8_bytes/4)_cpu_estimate,1,0,semi_structured,multi_table,insert_ignore,1,1,1,1
aug_seed_000275_relational_format_variant_002,seed_000275,source_group_id,student_club,j_fs,J-FS,J-FS-M,generation,baseline,j_fs,,97bfc197a5ae8b76aac3ad95e17f3c78da191cb4bb108eb7425fc5a140e35350,16716,16716,4179,ceil(utf8_bytes/4)_cpu_estimate,1,0,semi_structured,multi_table,insert_ignore,1,1,1,1
aug_seed_000275_relational_format_variant_002,seed_000275,source_group_id,student_club,original_mp_fs_plus,Original MP-FS+,MP-FS+,deterministic_reprocess,primary_comparison_baseline,mp_fs_plus_shared,mp_fs_plus_shared,21a2b22180efabca1e1421e78a493d4ed9e3975e8a06983826f11f66da543e34,8963,8963,2241,ceil(utf8_bytes/4)_cpu_estimate,1,0,semi_structured,multi_table,insert_ignore,1,1,1,1
aug_seed_000275_relational_format_variant_002,seed_000275,source_group_id,student_club,d_g1_primary,MP-FS+ vNext D_G1,MP-FS+,deterministic_reprocess,primary,mp_fs_plus_shared,mp_fs_plus_shared,21a2b22180efabca1e1421e78a493d4ed9e3975e8a06983826f11f66da543e34,8963,8963,2241,ceil(utf8_bytes/4)_cpu_estimate,1,0,semi_structured,multi_table,insert_ignore,1,1,1,1
aug_seed_000275_relational_format_variant_002,seed_000275,source_group_id,student_club,d_only_secondary,MP-FS+ vNext D_ONLY,MP-FS+,deterministic_reprocess,secondary_ablation,mp_fs_plus_shared,mp_fs_plus_shared,21a2b22180efabca1e1421e78a493d4ed9e3975e8a06983826f11f66da543e34,8963,8963,2241,ceil(utf8_bytes/4)_cpu_estimate,1,0,semi_structured,multi_table,insert_ignore,1,1,1,1
aug_seed_000275_relational_format_variant_002,seed_000275,source_group_id,student_club,full_secondary,MP-FS+ vNext FULL,MP-FS+,deterministic_reprocess,secondary_ablation,mp_fs_plus_shared,mp_fs_plus_shared,21a2b22180efabca1e1421e78a493d4ed9e3975e8a06983826f11f66da543e34,8963,8963,2241,ceil(utf8_bytes/4)_cpu_estimate,1,0,semi_structured,multi_table,insert_ignore,1,1,1,1
aug_seed_000275_relational_format_variant_002,seed_000275,source_group_id,student_club,no_c_secondary,MP-FS+ vNext NO_C,MP-FS+,deterministic_reprocess,secondary_ablation,mp_fs_plus_shared,mp_fs_plus_shared,21a2b22180efabca1e1421e78a493d4ed9e3975e8a06983826f11f66da543e34,8963,8963,2241,ceil(utf8_bytes/4)_cpu_estimate,1,0,semi_structured,multi_table,insert_ignore,1,1,1,1
seed_000151,seed_000151,source_group_id,student_club,direct,Direct,D-FS-M,generation,baseline,direct,,1955e0d8937e28d29e92a615a89fcd18e4c73adade59b84597c7e07a0643af8d,16059,16059,4015,ceil(utf8_bytes/4)_cpu_estimate,1,0,semi_structured,json_array,upsert_update,0,1,1,1
seed_000151,seed_000151,source_group_id,student_club,j_fs,J-FS,J-FS-M,generation,baseline,j_fs,,2e950a961feef5c618ef1329c94f5f4628db7144e468e011a0ec046082999389,15990,15990,3998,ceil(utf8_bytes/4)_cpu_estimate,1,0,semi_structured,json_array,upsert_update,0,1,1,1
seed_000151,seed_000151,source_group_id,student_club,original_mp_fs_plus,Original MP-FS+,MP-FS+,deterministic_reprocess,primary_comparison_baseline,mp_fs_plus_shared,mp_fs_plus_shared,92253b05d4b7b438959f1c44f691e3906ee35f6f804af58342c7ee20877687b1,7848,7848,1962,ceil(utf8_bytes/4)_cpu_estimate,1,0,semi_structured,json_array,upsert_update,0,1,1,1
seed_000151,seed_000151,source_group_id,student_club,d_g1_primary,MP-FS+ vNext D_G1,MP-FS+,deterministic_reprocess,primary,mp_fs_plus_shared,mp_fs_plus_shared,92253b05d4b7b438959f1c44f691e3906ee35f6f804af58342c7ee20877687b1,7848,7848,1962,ceil(utf8_bytes/4)_cpu_estimate,1,0,semi_structured,json_array,upsert_update,0,1,1,1
seed_000151,seed_000151,source_group_id,student_club,d_only_secondary,MP-FS+ vNext D_ONLY,MP-FS+,deterministic_reprocess,secondary_ablation,mp_fs_plus_shared,mp_fs_plus_shared,92253b05d4b7b438959f1c44f691e3906ee35f6f804af58342c7ee20877687b1,7848,7848,1962,ceil(utf8_bytes/4)_cpu_estimate,1,0,semi_structured,json_array,upsert_update,0,1,1,1
seed_000151,seed_000151,source_group_id,student_club,full_secondary,MP-FS+ vNext FULL,MP-FS+,deterministic_reprocess,secondary_ablation,mp_fs_plus_shared,mp_fs_plus_shared,92253b05d4b7b438959f1c44f691e3906ee35f6f804af58342c7ee20877687b1,7848,7848,1962,ceil(utf8_bytes/4)_cpu_estimate,1,0,semi_structured,json_array,upsert_update,0,1,1,1
seed_000151,seed_000151,source_group_id,student_club,no_c_secondary,MP-FS+ vNext NO_C,MP-FS+,deterministic_reprocess,secondary_ablation,mp_fs_plus_shared,mp_fs_plus_shared,92253b05d4b7b438959f1c44f691e3906ee35f6f804af58342c7ee20877687b1,7848,7848,1962,ceil(utf8_bytes/4)_cpu_estimate,1,0,semi_structured,json_array,upsert_update,0,1,1,1
seed_000267,seed_000267,source_group_id,california_schools,direct,Direct,D-FS-M,generation,baseline,direct,,5bcc4245d03fc71ca70f2ce95159b097f896a76b85ec621a8938f1198c44def1,16954,16954,4239,ceil(utf8_bytes/4)_cpu_estimate,1,0,semi_structured,json_array,upsert_update,0,1,1,1
seed_000267,seed_000267,source_group_id,california_schools,j_fs,J-FS,J-FS-M,generation,baseline,j_fs,,577f564f267f97d06577927d7ff61af6c8ba477ba598888eeca5db5ef9eb899e,16885,16885,4222,ceil(utf8_bytes/4)_cpu_estimate,1,0,semi_structured,json_array,upsert_update,0,1,1,1
seed_000267,seed_000267,source_group_id,california_schools,original_mp_fs_plus,Original MP-FS+,MP-FS+,deterministic_reprocess,primary_comparison_baseline,mp_fs_plus_shared,mp_fs_plus_shared,dc561e5117997cd9a4cff64491bf0a369283a09683f33bd8d95a39c49036f9c0,22445,22445,5612,ceil(utf8_bytes/4)_cpu_estimate,1,0,semi_structured,json_array,upsert_update,0,1,1,1
seed_000267,seed_000267,source_group_id,california_schools,d_g1_primary,MP-FS+ vNext D_G1,MP-FS+,deterministic_reprocess,primary,mp_fs_plus_shared,mp_fs_plus_shared,dc561e5117997cd9a4cff64491bf0a369283a09683f33bd8d95a39c49036f9c0,22445,22445,5612,ceil(utf8_bytes/4)_cpu_estimate,1,0,semi_structured,json_array,upsert_update,0,1,1,1
seed_000267,seed_000267,source_group_id,california_schools,d_only_secondary,MP-FS+ vNext D_ONLY,MP-FS+,deterministic_reprocess,secondary_ablation,mp_fs_plus_shared,mp_fs_plus_shared,dc561e5117997cd9a4cff64491bf0a369283a09683f33bd8d95a39c49036f9c0,22445,22445,5612,ceil(utf8_bytes/4)_cpu_estimate,1,0,semi_structured,json_array,upsert_update,0,1,1,1
seed_000267,seed_000267,source_group_id,california_schools,full_secondary,MP-FS+ vNext FULL,MP-FS+,deterministic_reprocess,secondary_ablation,mp_fs_plus_shared,mp_fs_plus_shared,dc561e5117997cd9a4cff64491bf0a369283a09683f33bd8d95a39c49036f9c0,22445,22445,5612,ceil(utf8_bytes/4)_cpu_estimate,1,0,semi_structured,json_array,upsert_update,0,1,1,1
seed_000267,seed_000267,source_group_id,california_schools,no_c_secondary,MP-FS+ vNext NO_C,MP-FS+,deterministic_reprocess,secondary_ablation,mp_fs_plus_shared,mp_fs_plus_shared,dc561e5117997cd9a4cff64491bf0a369283a09683f33bd8d95a39c49036f9c0,22445,22445,5612,ceil(utf8_bytes/4)_cpu_estimate,1,0,semi_structured,json_array,upsert_update,0,1,1,1
aug_seed_000241_small_batch_subset_001,seed_000241,source_group_id,european_football_2,direct,Direct,D-FS-M,generation,baseline,direct,,5210886f58de649e5434b55087bc58d2dec74b816d2d2dd787b8e22e7ad2bf30,30885,30885,7722,ceil(utf8_bytes/4)_cpu_estimate,1,0,free_text,free_text,insert_ignore,0,1,1,1
aug_seed_000241_small_batch_subset_001,seed_000241,source_group_id,european_football_2,j_fs,J-FS,J-FS-M,generation,baseline,j_fs,,690003cb956467c9b8999148d0c6109de756118a6591424731aa257179c808d0,30795,30795,7699,ceil(utf8_bytes/4)_cpu_estimate,1,0,free_text,free_text,insert_ignore,0,1,1,1
aug_seed_000241_small_batch_subset_001,seed_000241,source_group_id,european_football_2,original_mp_fs_plus,Original MP-FS+,MP-FS+,deterministic_reprocess,primary_comparison_baseline,mp_fs_plus_shared,mp_fs_plus_shared,b8412dd4a45250f2c04dece8e53947b6ce2869ff5d2d588b23c78a9ff3297b7c,40396,40396,10099,ceil(utf8_bytes/4)_cpu_estimate,1,0,free_text,free_text,insert_ignore,0,1,1,1
aug_seed_000241_small_batch_subset_001,seed_000241,source_group_id,european_football_2,d_g1_primary,MP-FS+ vNext D_G1,MP-FS+,deterministic_reprocess,primary,mp_fs_plus_shared,mp_fs_plus_shared,b8412dd4a45250f2c04dece8e53947b6ce2869ff5d2d588b23c78a9ff3297b7c,40396,40396,10099,ceil(utf8_bytes/4)_cpu_estimate,1,0,free_text,free_text,insert_ignore,0,1,1,1
aug_seed_000241_small_batch_subset_001,seed_000241,source_group_id,european_football_2,d_only_secondary,MP-FS+ vNext D_ONLY,MP-FS+,deterministic_reprocess,secondary_ablation,mp_fs_plus_shared,mp_fs_plus_shared,b8412dd4a45250f2c04dece8e53947b6ce2869ff5d2d588b23c78a9ff3297b7c,40396,40396,10099,ceil(utf8_bytes/4)_cpu_estimate,1,0,free_text,free_text,insert_ignore,0,1,1,1
aug_seed_000241_small_batch_subset_001,seed_000241,source_group_id,european_football_2,full_secondary,MP-FS+ vNext FULL,MP-FS+,deterministic_reprocess,secondary_ablation,mp_fs_plus_shared,mp_fs_plus_shared,b8412dd4a45250f2c04dece8e53947b6ce2869ff5d2d588b23c78a9ff3297b7c,40396,40396,10099,ceil(utf8_bytes/4)_cpu_estimate,1,0,free_text,free_text,insert_ignore,0,1,1,1
aug_seed_000241_small_batch_subset_001,seed_000241,source_group_id,european_football_2,no_c_secondary,MP-FS+ vNext NO_C,MP-FS+,deterministic_reprocess,secondary_ablation,mp_fs_plus_shared,mp_fs_plus_shared,b8412dd4a45250f2c04dece8e53947b6ce2869ff5d2d588b23c78a9ff3297b7c,40396,40396,10099,ceil(utf8_bytes/4)_cpu_estimate,1,0,free_text,free_text,insert_ignore,0,1,1,1
aug_seed_000078_relational_format_variant_001,seed_000078,source_group_id,california_schools,direct,Direct,D-FS-M,generation,baseline,direct,,f86d7dd39b5a5dfa1049932dac981c30a44422808b562aaae3162095055644e7,14396,14396,3599,ceil(utf8_bytes/4)_cpu_estimate,1,0,free_text,free_text,plain_insert,1,1,1,1
aug_seed_000078_relational_format_variant_001,seed_000078,source_group_id,california_schools,j_fs,J-FS,J-FS-M,generation,baseline,j_fs,,657d52e77666a6f314b3a3c490701389a2d281b0b372a5e007beaee53b246b45,14306,14306,3577,ceil(utf8_bytes/4)_cpu_estimate,1,0,free_text,free_text,plain_insert,1,1,1,1
aug_seed_000078_relational_format_variant_001,seed_000078,source_group_id,california_schools,original_mp_fs_plus,Original MP-FS+,MP-FS+,deterministic_reprocess,primary_comparison_baseline,mp_fs_plus_shared,mp_fs_plus_shared,58b5ba13a91a1d1a6810af7af438b0b5018d7da694df402ca9269356526b175e,42473,42473,10619,ceil(utf8_bytes/4)_cpu_estimate,1,0,free_text,free_text,plain_insert,1,1,1,1
aug_seed_000078_relational_format_variant_001,seed_000078,source_group_id,california_schools,d_g1_primary,MP-FS+ vNext D_G1,MP-FS+,deterministic_reprocess,primary,mp_fs_plus_shared,mp_fs_plus_shared,58b5ba13a91a1d1a6810af7af438b0b5018d7da694df402ca9269356526b175e,42473,42473,10619,ceil(utf8_bytes/4)_cpu_estimate,1,0,free_text,free_text,plain_insert,1,1,1,1
aug_seed_000078_relational_format_variant_001,seed_000078,source_group_id,california_schools,d_only_secondary,MP-FS+ vNext D_ONLY,MP-FS+,deterministic_reprocess,secondary_ablation,mp_fs_plus_shared,mp_fs_plus_shared,58b5ba13a91a1d1a6810af7af438b0b5018d7da694df402ca9269356526b175e,42473,42473,10619,ceil(utf8_bytes/4)_cpu_estimate,1,0,free_text,free_text,plain_insert,1,1,1,1
aug_seed_000078_relational_format_variant_001,seed_000078,source_group_id,california_schools,full_secondary,MP-FS+ vNext FULL,MP-FS+,deterministic_reprocess,secondary_ablation,mp_fs_plus_shared,mp_fs_plus_shared,58b5ba13a91a1d1a6810af7af438b0b5018d7da694df402ca9269356526b175e,42473,42473,10619,ceil(utf8_bytes/4)_cpu_estimate,1,0,free_text,free_text,plain_insert,1,1,1,1
aug_seed_000078_relational_format_variant_001,seed_000078,source_group_id,california_schools,no_c_secondary,MP-FS+ vNext NO_C,MP-FS+,deterministic_reprocess,secondary_ablation,mp_fs_plus_shared,mp_fs_plus_shared,58b5ba13a91a1d1a6810af7af438b0b5018d7da694df402ca9269356526b175e,42473,42473,10619,ceil(utf8_bytes/4)_cpu_estimate,1,0,free_text,free_text,plain_insert,1,1,1,1
seed_000252,seed_000252,source_group_id,superhero,direct,Direct,D-FS-M,generation,baseline,direct,,fda1bf4827c83abde4ce13009692b0be2b9fd5e13919579cd4243916c13967bf,9081,9081,2271,ceil(utf8_bytes/4)_cpu_estimate,1,0,semi_structured,markdown_table,plain_insert,0,1,1,1
seed_000252,seed_000252,source_group_id,superhero,j_fs,J-FS,J-FS-M,generation,baseline,j_fs,,07443f8859bdfc07754b4292693e33ec650505c9a4bb508fc4ed5e56bd89579f,9012,9012,2253,ceil(utf8_bytes/4)_cpu_estimate,1,0,semi_structured,markdown_table,plain_insert,0,1,1,1
seed_000252,seed_000252,source_group_id,superhero,original_mp_fs_plus,Original MP-FS+,MP-FS+,deterministic_reprocess,primary_comparison_baseline,mp_fs_plus_shared,mp_fs_plus_shared,57ccf8fa074cc5c2afd56581fd645ee76fcc66a3b04b703c1b0edc12d676bc72,12881,12881,3221,ceil(utf8_bytes/4)_cpu_estimate,1,0,semi_structured,markdown_table,plain_insert,0,1,1,1
seed_000252,seed_000252,source_group_id,superhero,d_g1_primary,MP-FS+ vNext D_G1,MP-FS+,deterministic_reprocess,primary,mp_fs_plus_shared,mp_fs_plus_shared,57ccf8fa074cc5c2afd56581fd645ee76fcc66a3b04b703c1b0edc12d676bc72,12881,12881,3221,ceil(utf8_bytes/4)_cpu_estimate,1,0,semi_structured,markdown_table,plain_insert,0,1,1,1
seed_000252,seed_000252,source_group_id,superhero,d_only_secondary,MP-FS+ vNext D_ONLY,MP-FS+,deterministic_reprocess,secondary_ablation,mp_fs_plus_shared,mp_fs_plus_shared,57ccf8fa074cc5c2afd56581fd645ee76fcc66a3b04b703c1b0edc12d676bc72,12881,12881,3221,ceil(utf8_bytes/4)_cpu_estimate,1,0,semi_structured,markdown_table,plain_insert,0,1,1,1
seed_000252,seed_000252,source_group_id,superhero,full_secondary,MP-FS+ vNext FULL,MP-FS+,deterministic_reprocess,secondary_ablation,mp_fs_plus_shared,mp_fs_plus_shared,57ccf8fa074cc5c2afd56581fd645ee76fcc66a3b04b703c1b0edc12d676bc72,12881,12881,3221,ceil(utf8_bytes/4)_cpu_estimate,1,0,semi_structured,markdown_table,plain_insert,0,1,1,1
seed_000252,seed_000252,source_group_id,superhero,no_c_secondary,MP-FS+ vNext NO_C,MP-FS+,deterministic_reprocess,secondary_ablation,mp_fs_plus_shared,mp_fs_plus_shared,57ccf8fa074cc5c2afd56581fd645ee76fcc66a3b04b703c1b0edc12d676bc72,12881,12881,3221,ceil(utf8_bytes/4)_cpu_estimate,1,0,semi_structured,markdown_table,plain_insert,0,1,1,1
aug_seed_000234_relational_format_variant_001,seed_000234,source_group_id,toxicology,direct,Direct,D-FS-M,generation,baseline,direct,,4f5efd484297bd96fbde8b480eb0637373651944976cfe81b277c52fef9c1e91,4875,4875,1219,ceil(utf8_bytes/4)_cpu_estimate,1,0,free_text,free_text,insert_ignore,1,1,1,1
aug_seed_000234_relational_format_variant_001,seed_000234,source_group_id,toxicology,j_fs,J-FS,J-FS-M,generation,baseline,j_fs,,819680a22d4e896dbed2f07e8b7add0a4452f99ed6d7a374ae72bcca5f86b514,4785,4785,1197,ceil(utf8_bytes/4)_cpu_estimate,1,0,free_text,free_text,insert_ignore,1,1,1,1
aug_seed_000234_relational_format_variant_001,seed_000234,source_group_id,toxicology,original_mp_fs_plus,Original MP-FS+,MP-FS+,deterministic_reprocess,primary_comparison_baseline,mp_fs_plus_shared,mp_fs_plus_shared,720372ed2deed9f6dd92f4d6bfa213755c5620de0a5d657c0abf5e3006c0edb1,20185,20185,5047,ceil(utf8_bytes/4)_cpu_estimate,1,0,free_text,free_text,insert_ignore,1,1,1,1
aug_seed_000234_relational_format_variant_001,seed_000234,source_group_id,toxicology,d_g1_primary,MP-FS+ vNext D_G1,MP-FS+,deterministic_reprocess,primary,mp_fs_plus_shared,mp_fs_plus_shared,720372ed2deed9f6dd92f4d6bfa213755c5620de0a5d657c0abf5e3006c0edb1,20185,20185,5047,ceil(utf8_bytes/4)_cpu_estimate,1,0,free_text,free_text,insert_ignore,1,1,1,1
aug_seed_000234_relational_format_variant_001,seed_000234,source_group_id,toxicology,d_only_secondary,MP-FS+ vNext D_ONLY,MP-FS+,deterministic_reprocess,secondary_ablation,mp_fs_plus_shared,mp_fs_plus_shared,720372ed2deed9f6dd92f4d6bfa213755c5620de0a5d657c0abf5e3006c0edb1,20185,20185,5047,ceil(utf8_bytes/4)_cpu_estimate,1,0,free_text,free_text,insert_ignore,1,1,1,1
aug_seed_000234_relational_format_variant_001,seed_000234,source_group_id,toxicology,full_secondary,MP-FS+ vNext FULL,MP-FS+,deterministic_reprocess,secondary_ablation,mp_fs_plus_shared,mp_fs_plus_shared,720372ed2deed9f6dd92f4d6bfa213755c5620de0a5d657c0abf5e3006c0edb1,20185,20185,5047,ceil(utf8_bytes/4)_cpu_estimate,1,0,free_text,free_text,insert_ignore,1,1,1,1
aug_seed_000234_relational_format_variant_001,seed_000234,source_group_id,toxicology,no_c_secondary,MP-FS+ vNext NO_C,MP-FS+,deterministic_reprocess,secondary_ablation,mp_fs_plus_shared,mp_fs_plus_shared,720372ed2deed9f6dd92f4d6bfa213755c5620de0a5d657c0abf5e3006c0edb1,20185,20185,5047,ceil(utf8_bytes/4)_cpu_estimate,1,0,free_text,free_text,insert_ignore,1,1,1,1
seed_000218,seed_000218,source_group_id,superhero,direct,Direct,D-FS-M,generation,baseline,direct,,d504cc4d400b62f6b6e5853395b39857d42fc74cc20593a51dc8c90e777a5a0a,9538,9538,2385,ceil(utf8_bytes/4)_cpu_estimate,1,0,semi_structured,json_array,plain_insert,0,1,1,1
seed_000218,seed_000218,source_group_id,superhero,j_fs,J-FS,J-FS-M,generation,baseline,j_fs,,4a24231a72e20c873e4af1dd99117b3e35c00e15f85cc5c45c05f27f4d1ffdbf,9469,9469,2368,ceil(utf8_bytes/4)_cpu_estimate,1,0,semi_structured,json_array,plain_insert,0,1,1,1
seed_000218,seed_000218,source_group_id,superhero,original_mp_fs_plus,Original MP-FS+,MP-FS+,deterministic_reprocess,primary_comparison_baseline,mp_fs_plus_shared,mp_fs_plus_shared,d7b71c5dffa44a8a38dc3ab908a858a9a2ae7aa62470af2050f99922a99f5443,12198,12198,3050,ceil(utf8_bytes/4)_cpu_estimate,1,0,semi_structured,json_array,plain_insert,0,1,1,1
seed_000218,seed_000218,source_group_id,superhero,d_g1_primary,MP-FS+ vNext D_G1,MP-FS+,deterministic_reprocess,primary,mp_fs_plus_shared,mp_fs_plus_shared,d7b71c5dffa44a8a38dc3ab908a858a9a2ae7aa62470af2050f99922a99f5443,12198,12198,3050,ceil(utf8_bytes/4)_cpu_estimate,1,0,semi_structured,json_array,plain_insert,0,1,1,1
seed_000218,seed_000218,source_group_id,superhero,d_only_secondary,MP-FS+ vNext D_ONLY,MP-FS+,deterministic_reprocess,secondary_ablation,mp_fs_plus_shared,mp_fs_plus_shared,d7b71c5dffa44a8a38dc3ab908a858a9a2ae7aa62470af2050f99922a99f5443,12198,12198,3050,ceil(utf8_bytes/4)_cpu_estimate,1,0,semi_structured,json_array,plain_insert,0,1,1,1
seed_000218,seed_000218,source_group_id,superhero,full_secondary,MP-FS+ vNext FULL,MP-FS+,deterministic_reprocess,secondary_ablation,mp_fs_plus_shared,mp_fs_plus_shared,d7b71c5dffa44a8a38dc3ab908a858a9a2ae7aa62470af2050f99922a99f5443,12198,12198,3050,ceil(utf8_bytes/4)_cpu_estimate,1,0,semi_structured,json_array,plain_insert,0,1,1,1
seed_000218,seed_000218,source_group_id,superhero,no_c_secondary,MP-FS+ vNext NO_C,MP-FS+,deterministic_reprocess,secondary_ablation,mp_fs_plus_shared,mp_fs_plus_shared,d7b71c5dffa44a8a38dc3ab908a858a9a2ae7aa62470af2050f99922a99f5443,12198,12198,3050,ceil(utf8_bytes/4)_cpu_estimate,1,0,semi_structured,json_array,plain_insert,0,1,1,1
aug_seed_000127_small_batch_subset_001,seed_000127,source_group_id,european_football_2,direct,Direct,D-FS-M,generation,baseline,direct,,79a9e0bc4943c921b88b409045b35fda6637779a3b20c02d8770d27e6d1f182f,30797,30797,7700,ceil(utf8_bytes/4)_cpu_estimate,1,0,free_text,free_text,insert_ignore,0,1,1,1
aug_seed_000127_small_batch_subset_001,seed_000127,source_group_id,european_football_2,j_fs,J-FS,J-FS-M,generation,baseline,j_fs,,3b8187d573377738478925cd2f72085f7fe2be7587d0b5156f621f0b66efe8c8,30707,30707,7677,ceil(utf8_bytes/4)_cpu_estimate,1,0,free_text,free_text,insert_ignore,0,1,1,1
aug_seed_000127_small_batch_subset_001,seed_000127,source_group_id,european_football_2,original_mp_fs_plus,Original MP-FS+,MP-FS+,deterministic_reprocess,primary_comparison_baseline,mp_fs_plus_shared,mp_fs_plus_shared,92b8ed1ce68a6c6f9806d593788169e826638cb80d2a98eb47673fe44e421164,35517,35517,8880,ceil(utf8_bytes/4)_cpu_estimate,1,0,free_text,free_text,insert_ignore,0,1,1,1
aug_seed_000127_small_batch_subset_001,seed_000127,source_group_id,european_football_2,d_g1_primary,MP-FS+ vNext D_G1,MP-FS+,deterministic_reprocess,primary,mp_fs_plus_shared,mp_fs_plus_shared,92b8ed1ce68a6c6f9806d593788169e826638cb80d2a98eb47673fe44e421164,35517,35517,8880,ceil(utf8_bytes/4)_cpu_estimate,1,0,free_text,free_text,insert_ignore,0,1,1,1
aug_seed_000127_small_batch_subset_001,seed_000127,source_group_id,european_football_2,d_only_secondary,MP-FS+ vNext D_ONLY,MP-FS+,deterministic_reprocess,secondary_ablation,mp_fs_plus_shared,mp_fs_plus_shared,92b8ed1ce68a6c6f9806d593788169e826638cb80d2a98eb47673fe44e421164,35517,35517,8880,ceil(utf8_bytes/4)_cpu_estimate,1,0,free_text,free_text,insert_ignore,0,1,1,1
aug_seed_000127_small_batch_subset_001,seed_000127,source_group_id,european_football_2,full_secondary,MP-FS+ vNext FULL,MP-FS+,deterministic_reprocess,secondary_ablation,mp_fs_plus_shared,mp_fs_plus_shared,92b8ed1ce68a6c6f9806d593788169e826638cb80d2a98eb47673fe44e421164,35517,35517,8880,ceil(utf8_bytes/4)_cpu_estimate,1,0,free_text,free_text,insert_ignore,0,1,1,1
aug_seed_000127_small_batch_subset_001,seed_000127,source_group_id,european_football_2,no_c_secondary,MP-FS+ vNext NO_C,MP-FS+,deterministic_reprocess,secondary_ablation,mp_fs_plus_shared,mp_fs_plus_shared,92b8ed1ce68a6c6f9806d593788169e826638cb80d2a98eb47673fe44e421164,35517,35517,8880,ceil(utf8_bytes/4)_cpu_estimate,1,0,free_text,free_text,insert_ignore,0,1,1,1
seed_000346,seed_000346,source_group_id,codebase_community,direct,Direct,D-FS-M,generation,baseline,direct,,197cc8c766d0fdede35d89a0277fa25cb0608d0eef29be1e693b11a25b7fbb1f,17908,17908,4477,ceil(utf8_bytes/4)_cpu_estimate,1,0,semi_structured,key_value,insert_ignore,1,1,1,1
seed_000346,seed_000346,source_group_id,codebase_community,j_fs,J-FS,J-FS-M,generation,baseline,j_fs,,18a55562ee369878c8765859cca4f732427cea984e2df5b42bcc8f19496bab60,17839,17839,4460,ceil(utf8_bytes/4)_cpu_estimate,1,0,semi_structured,key_value,insert_ignore,1,1,1,1
seed_000346,seed_000346,source_group_id,codebase_community,original_mp_fs_plus,Original MP-FS+,MP-FS+,deterministic_reprocess,primary_comparison_baseline,mp_fs_plus_shared,mp_fs_plus_shared,53b62f4374bb6a542cd260b0d1b8e0912fd5d906f3ccf2c555158a30b0f9833d,18734,18734,4684,ceil(utf8_bytes/4)_cpu_estimate,1,0,semi_structured,key_value,insert_ignore,1,1,1,1
seed_000346,seed_000346,source_group_id,codebase_community,d_g1_primary,MP-FS+ vNext D_G1,MP-FS+,deterministic_reprocess,primary,mp_fs_plus_shared,mp_fs_plus_shared,53b62f4374bb6a542cd260b0d1b8e0912fd5d906f3ccf2c555158a30b0f9833d,18734,18734,4684,ceil(utf8_bytes/4)_cpu_estimate,1,0,semi_structured,key_value,insert_ignore,1,1,1,1
seed_000346,seed_000346,source_group_id,codebase_community,d_only_secondary,MP-FS+ vNext D_ONLY,MP-FS+,deterministic_reprocess,secondary_ablation,mp_fs_plus_shared,mp_fs_plus_shared,53b62f4374bb6a542cd260b0d1b8e0912fd5d906f3ccf2c555158a30b0f9833d,18734,18734,4684,ceil(utf8_bytes/4)_cpu_estimate,1,0,semi_structured,key_value,insert_ignore,1,1,1,1
seed_000346,seed_000346,source_group_id,codebase_community,full_secondary,MP-FS+ vNext FULL,MP-FS+,deterministic_reprocess,secondary_ablation,mp_fs_plus_shared,mp_fs_plus_shared,53b62f4374bb6a542cd260b0d1b8e0912fd5d906f3ccf2c555158a30b0f9833d,18734,18734,4684,ceil(utf8_bytes/4)_cpu_estimate,1,0,semi_structured,key_value,insert_ignore,1,1,1,1
seed_000346,seed_000346,source_group_id,codebase_community,no_c_secondary,MP-FS+ vNext NO_C,MP-FS+,deterministic_reprocess,secondary_ablation,mp_fs_plus_shared,mp_fs_plus_shared,53b62f4374bb6a542cd260b0d1b8e0912fd5d906f3ccf2c555158a30b0f9833d,18734,18734,4684,ceil(utf8_bytes/4)_cpu_estimate,1,0,semi_structured,key_value,insert_ignore,1,1,1,1
aug_seed_000222_single_row_subset_001,seed_000222,source_group_id,financial,direct,Direct,D-FS-M,generation,baseline,direct,,fab17ebaed16efa76e8263b26fedf9c044c5000bae7a21d038033ee0dad1e473,11236,11236,2809,ceil(utf8_bytes/4)_cpu_estimate,1,0,semi_structured,json_array,insert_ignore,0,1,1,1
aug_seed_000222_single_row_subset_001,seed_000222,source_group_id,financial,j_fs,J-FS,J-FS-M,generation,baseline,j_fs,,ec18d16b2ad7c39012525b450df4bd83ec89b9a258a08e7d4d1c5fed59783693,11167,11167,2792,ceil(utf8_bytes/4)_cpu_estimate,1,0,semi_structured,json_array,insert_ignore,0,1,1,1
aug_seed_000222_single_row_subset_001,seed_000222,source_group_id,financial,original_mp_fs_plus,Original MP-FS+,MP-FS+,deterministic_reprocess,primary_comparison_baseline,mp_fs_plus_shared,mp_fs_plus_shared,3b24fc0219742a516b839e33dac578434fa26e827ac15c5682b5c8b4d7c3a47e,7838,7838,1960,ceil(utf8_bytes/4)_cpu_estimate,1,0,semi_structured,json_array,insert_ignore,0,1,1,1
aug_seed_000222_single_row_subset_001,seed_000222,source_group_id,financial,d_g1_primary,MP-FS+ vNext D_G1,MP-FS+,deterministic_reprocess,primary,mp_fs_plus_shared,mp_fs_plus_shared,3b24fc0219742a516b839e33dac578434fa26e827ac15c5682b5c8b4d7c3a47e,7838,7838,1960,ceil(utf8_bytes/4)_cpu_estimate,1,0,semi_structured,json_array,insert_ignore,0,1,1,1
aug_seed_000222_single_row_subset_001,seed_000222,source_group_id,financial,d_only_secondary,MP-FS+ vNext D_ONLY,MP-FS+,deterministic_reprocess,secondary_ablation,mp_fs_plus_shared,mp_fs_plus_shared,3b24fc0219742a516b839e33dac578434fa26e827ac15c5682b5c8b4d7c3a47e,7838,7838,1960,ceil(utf8_bytes/4)_cpu_estimate,1,0,semi_structured,json_array,insert_ignore,0,1,1,1
aug_seed_000222_single_row_subset_001,seed_000222,source_group_id,financial,full_secondary,MP-FS+ vNext FULL,MP-FS+,deterministic_reprocess,secondary_ablation,mp_fs_plus_shared,mp_fs_plus_shared,3b24fc0219742a516b839e33dac578434fa26e827ac15c5682b5c8b4d7c3a47e,7838,7838,1960,ceil(utf8_bytes/4)_cpu_estimate,1,0,semi_structured,json_array,insert_ignore,0,1,1,1
aug_seed_000222_single_row_subset_001,seed_000222,source_group_id,financial,no_c_secondary,MP-FS+ vNext NO_C,MP-FS+,deterministic_reprocess,secondary_ablation,mp_fs_plus_shared,mp_fs_plus_shared,3b24fc0219742a516b839e33dac578434fa26e827ac15c5682b5c8b4d7c3a47e,7838,7838,1960,ceil(utf8_bytes/4)_cpu_estimate,1,0,semi_structured,json_array,insert_ignore,0,1,1,1
aug_seed_000191_single_row_subset_001,seed_000191,source_group_id,debit_card_specializing,direct,Direct,D-FS-M,generation,baseline,direct,,1ea88c950a96d9289165295979527e890419b7cd6e0c4dec4171eae79a5e611a,6284,6284,1571,ceil(utf8_bytes/4)_cpu_estimate,1,0,semi_structured,json_array,insert_ignore,0,1,1,1
aug_seed_000191_single_row_subset_001,seed_000191,source_group_id,debit_card_specializing,j_fs,J-FS,J-FS-M,generation,baseline,j_fs,,2059b6f1ef6ba7a822ef5be5de91e5977e720e113572dd3bbb8daa8a76434dcf,6215,6215,1554,ceil(utf8_bytes/4)_cpu_estimate,1,0,semi_structured,json_array,insert_ignore,0,1,1,1
aug_seed_000191_single_row_subset_001,seed_000191,source_group_id,debit_card_specializing,original_mp_fs_plus,Original MP-FS+,MP-FS+,deterministic_reprocess,primary_comparison_baseline,mp_fs_plus_shared,mp_fs_plus_shared,b57d1a71162941981f9d04fe58a13c0f4d849f47f654aa1fe071ba9626f5f57a,7586,7586,1897,ceil(utf8_bytes/4)_cpu_estimate,1,0,semi_structured,json_array,insert_ignore,0,1,1,1
aug_seed_000191_single_row_subset_001,seed_000191,source_group_id,debit_card_specializing,d_g1_primary,MP-FS+ vNext D_G1,MP-FS+,deterministic_reprocess,primary,mp_fs_plus_shared,mp_fs_plus_shared,b57d1a71162941981f9d04fe58a13c0f4d849f47f654aa1fe071ba9626f5f57a,7586,7586,1897,ceil(utf8_bytes/4)_cpu_estimate,1,0,semi_structured,json_array,insert_ignore,0,1,1,1
aug_seed_000191_single_row_subset_001,seed_000191,source_group_id,debit_card_specializing,d_only_secondary,MP-FS+ vNext D_ONLY,MP-FS+,deterministic_reprocess,secondary_ablation,mp_fs_plus_shared,mp_fs_plus_shared,b57d1a71162941981f9d04fe58a13c0f4d849f47f654aa1fe071ba9626f5f57a,7586,7586,1897,ceil(utf8_bytes/4)_cpu_estimate,1,0,semi_structured,json_array,insert_ignore,0,1,1,1
aug_seed_000191_single_row_subset_001,seed_000191,source_group_id,debit_card_specializing,full_secondary,MP-FS+ vNext FULL,MP-FS+,deterministic_reprocess,secondary_ablation,mp_fs_plus_shared,mp_fs_plus_shared,b57d1a71162941981f9d04fe58a13c0f4d849f47f654aa1fe071ba9626f5f57a,7586,7586,1897,ceil(utf8_bytes/4)_cpu_estimate,1,0,semi_structured,json_array,insert_ignore,0,1,1,1
aug_seed_000191_single_row_subset_001,seed_000191,source_group_id,debit_card_specializing,no_c_secondary,MP-FS+ vNext NO_C,MP-FS+,deterministic_reprocess,secondary_ablation,mp_fs_plus_shared,mp_fs_plus_shared,b57d1a71162941981f9d04fe58a13c0f4d849f47f654aa1fe071ba9626f5f57a,7586,7586,1897,ceil(utf8_bytes/4)_cpu_estimate,1,0,semi_structured,json_array,insert_ignore,0,1,1,1
aug_seed_000051_small_batch_subset_002,seed_000051,source_group_id,financial,direct,Direct,D-FS-M,generation,baseline,direct,,602d941d9e96f30929c1fc1e73ce4a3f2d36544ce858225cf2f70b4a220302b9,11762,11762,2941,ceil(utf8_bytes/4)_cpu_estimate,1,0,semi_structured,json_array,insert_ignore,0,1,1,1
aug_seed_000051_small_batch_subset_002,seed_000051,source_group_id,financial,j_fs,J-FS,J-FS-M,generation,baseline,j_fs,,88b488a1ec2f1d87c7b6bdf944918283f17b216fec699fb7c74f7ae208849ae2,11693,11693,2924,ceil(utf8_bytes/4)_cpu_estimate,1,0,semi_structured,json_array,insert_ignore,0,1,1,1
aug_seed_000051_small_batch_subset_002,seed_000051,source_group_id,financial,original_mp_fs_plus,Original MP-FS+,MP-FS+,deterministic_reprocess,primary_comparison_baseline,mp_fs_plus_shared,mp_fs_plus_shared,1678f3f21f0be412f11b03cbf1c0b3de78824230b6d5ab355d3c1cdad7e10606,8423,8423,2106,ceil(utf8_bytes/4)_cpu_estimate,1,0,semi_structured,json_array,insert_ignore,0,1,1,1
aug_seed_000051_small_batch_subset_002,seed_000051,source_group_id,financial,d_g1_primary,MP-FS+ vNext D_G1,MP-FS+,deterministic_reprocess,primary,mp_fs_plus_shared,mp_fs_plus_shared,1678f3f21f0be412f11b03cbf1c0b3de78824230b6d5ab355d3c1cdad7e10606,8423,8423,2106,ceil(utf8_bytes/4)_cpu_estimate,1,0,semi_structured,json_array,insert_ignore,0,1,1,1
aug_seed_000051_small_batch_subset_002,seed_000051,source_group_id,financial,d_only_secondary,MP-FS+ vNext D_ONLY,MP-FS+,deterministic_reprocess,secondary_ablation,mp_fs_plus_shared,mp_fs_plus_shared,1678f3f21f0be412f11b03cbf1c0b3de78824230b6d5ab355d3c1cdad7e10606,8423,8423,2106,ceil(utf8_bytes/4)_cpu_estimate,1,0,semi_structured,json_array,insert_ignore,0,1,1,1
aug_seed_000051_small_batch_subset_002,seed_000051,source_group_id,financial,full_secondary,MP-FS+ vNext FULL,MP-FS+,deterministic_reprocess,secondary_ablation,mp_fs_plus_shared,mp_fs_plus_shared,1678f3f21f0be412f11b03cbf1c0b3de78824230b6d5ab355d3c1cdad7e10606,8423,8423,2106,ceil(utf8_bytes/4)_cpu_estimate,1,0,semi_structured,json_array,insert_ignore,0,1,1,1
aug_seed_000051_small_batch_subset_002,seed_000051,source_group_id,financial,no_c_secondary,MP-FS+ vNext NO_C,MP-FS+,deterministic_reprocess,secondary_ablation,mp_fs_plus_shared,mp_fs_plus_shared,1678f3f21f0be412f11b03cbf1c0b3de78824230b6d5ab355d3c1cdad7e10606,8423,8423,2106,ceil(utf8_bytes/4)_cpu_estimate,1,0,semi_structured,json_array,insert_ignore,0,1,1,1
aug_seed_000165_single_row_subset_001,seed_000165,source_group_id,superhero,direct,Direct,D-FS-M,generation,baseline,direct,,0f70ed260e46e81b556b33e0c546e124f387f0e9449e0389d208e7059bb26087,7661,7661,1916,ceil(utf8_bytes/4)_cpu_estimate,1,0,free_text,free_text,insert_ignore,0,1,1,1
aug_seed_000165_single_row_subset_001,seed_000165,source_group_id,superhero,j_fs,J-FS,J-FS-M,generation,baseline,j_fs,,f23e83eb68cdb9c1067e7b9cc14314017259e88e69f9e4bcd1b002e28b6a21ca,7571,7571,1893,ceil(utf8_bytes/4)_cpu_estimate,1,0,free_text,free_text,insert_ignore,0,1,1,1
aug_seed_000165_single_row_subset_001,seed_000165,source_group_id,superhero,original_mp_fs_plus,Original MP-FS+,MP-FS+,deterministic_reprocess,primary_comparison_baseline,mp_fs_plus_shared,mp_fs_plus_shared,6acc43c2966a844811babf7e78fc6b52e48f37441c5a073f62e1a103a67d5c49,13969,13969,3493,ceil(utf8_bytes/4)_cpu_estimate,1,0,free_text,free_text,insert_ignore,0,1,1,1
aug_seed_000165_single_row_subset_001,seed_000165,source_group_id,superhero,d_g1_primary,MP-FS+ vNext D_G1,MP-FS+,deterministic_reprocess,primary,mp_fs_plus_shared,mp_fs_plus_shared,6acc43c2966a844811babf7e78fc6b52e48f37441c5a073f62e1a103a67d5c49,13969,13969,3493,ceil(utf8_bytes/4)_cpu_estimate,1,0,free_text,free_text,insert_ignore,0,1,1,1
aug_seed_000165_single_row_subset_001,seed_000165,source_group_id,superhero,d_only_secondary,MP-FS+ vNext D_ONLY,MP-FS+,deterministic_reprocess,secondary_ablation,mp_fs_plus_shared,mp_fs_plus_shared,6acc43c2966a844811babf7e78fc6b52e48f37441c5a073f62e1a103a67d5c49,13969,13969,3493,ceil(utf8_bytes/4)_cpu_estimate,1,0,free_text,free_text,insert_ignore,0,1,1,1
aug_seed_000165_single_row_subset_001,seed_000165,source_group_id,superhero,full_secondary,MP-FS+ vNext FULL,MP-FS+,deterministic_reprocess,secondary_ablation,mp_fs_plus_shared,mp_fs_plus_shared,6acc43c2966a844811babf7e78fc6b52e48f37441c5a073f62e1a103a67d5c49,13969,13969,3493,ceil(utf8_bytes/4)_cpu_estimate,1,0,free_text,free_text,insert_ignore,0,1,1,1
aug_seed_000165_single_row_subset_001,seed_000165,source_group_id,superhero,no_c_secondary,MP-FS+ vNext NO_C,MP-FS+,deterministic_reprocess,secondary_ablation,mp_fs_plus_shared,mp_fs_plus_shared,6acc43c2966a844811babf7e78fc6b52e48f37441c5a073f62e1a103a67d5c49,13969,13969,3493,ceil(utf8_bytes/4)_cpu_estimate,1,0,free_text,free_text,insert_ignore,0,1,1,1
aug_seed_000091_single_row_subset_002,seed_000091,source_group_id,financial,direct,Direct,D-FS-M,generation,baseline,direct,,28a5e49752934cc5ae7aaf5492474133f58250b9a847862a95b1bafd327a0b54,11256,11256,2814,ceil(utf8_bytes/4)_cpu_estimate,1,0,semi_structured,markdown_table,insert_ignore,0,1,1,1
aug_seed_000091_single_row_subset_002,seed_000091,source_group_id,financial,j_fs,J-FS,J-FS-M,generation,baseline,j_fs,,0203dc157c7ec23c06a2c1ed9a9c77b0e9df96f264d0648b9ccd98effbf1047d,11187,11187,2797,ceil(utf8_bytes/4)_cpu_estimate,1,0,semi_structured,markdown_table,insert_ignore,0,1,1,1
aug_seed_000091_single_row_subset_002,seed_000091,source_group_id,financial,original_mp_fs_plus,Original MP-FS+,MP-FS+,deterministic_reprocess,primary_comparison_baseline,mp_fs_plus_shared,mp_fs_plus_shared,6b734980c11167afcfd1bc2d2801cfaa82bc7f735100a1faab498cd8f2db92f7,8491,8491,2123,ceil(utf8_bytes/4)_cpu_estimate,1,0,semi_structured,markdown_table,insert_ignore,0,1,1,1
aug_seed_000091_single_row_subset_002,seed_000091,source_group_id,financial,d_g1_primary,MP-FS+ vNext D_G1,MP-FS+,deterministic_reprocess,primary,mp_fs_plus_shared,mp_fs_plus_shared,6b734980c11167afcfd1bc2d2801cfaa82bc7f735100a1faab498cd8f2db92f7,8491,8491,2123,ceil(utf8_bytes/4)_cpu_estimate,1,0,semi_structured,markdown_table,insert_ignore,0,1,1,1
aug_seed_000091_single_row_subset_002,seed_000091,source_group_id,financial,d_only_secondary,MP-FS+ vNext D_ONLY,MP-FS+,deterministic_reprocess,secondary_ablation,mp_fs_plus_shared,mp_fs_plus_shared,6b734980c11167afcfd1bc2d2801cfaa82bc7f735100a1faab498cd8f2db92f7,8491,8491,2123,ceil(utf8_bytes/4)_cpu_estimate,1,0,semi_structured,markdown_table,insert_ignore,0,1,1,1
aug_seed_000091_single_row_subset_002,seed_000091,source_group_id,financial,full_secondary,MP-FS+ vNext FULL,MP-FS+,deterministic_reprocess,secondary_ablation,mp_fs_plus_shared,mp_fs_plus_shared,6b734980c11167afcfd1bc2d2801cfaa82bc7f735100a1faab498cd8f2db92f7,8491,8491,2123,ceil(utf8_bytes/4)_cpu_estimate,1,0,semi_structured,markdown_table,insert_ignore,0,1,1,1
aug_seed_000091_single_row_subset_002,seed_000091,source_group_id,financial,no_c_secondary,MP-FS+ vNext NO_C,MP-FS+,deterministic_reprocess,secondary_ablation,mp_fs_plus_shared,mp_fs_plus_shared,6b734980c11167afcfd1bc2d2801cfaa82bc7f735100a1faab498cd8f2db92f7,8491,8491,2123,ceil(utf8_bytes/4)_cpu_estimate,1,0,semi_structured,markdown_table,insert_ignore,0,1,1,1
seed_000334,seed_000334,source_group_id,financial,direct,Direct,D-FS-M,generation,baseline,direct,,36b45178cbe25ed60162649f7c7bf143d95f09bf5b0e6802715297a1c5eeb090,11692,11692,2923,ceil(utf8_bytes/4)_cpu_estimate,1,0,semi_structured,json_array,plain_insert,0,1,1,1
seed_000334,seed_000334,source_group_id,financial,j_fs,J-FS,J-FS-M,generation,baseline,j_fs,,f7a8b6f7b8b0171edfb3a27c7b08382e787e0d5c56626f9bae85933f7ea451c6,11623,11623,2906,ceil(utf8_bytes/4)_cpu_estimate,1,0,semi_structured,json_array,plain_insert,0,1,1,1
seed_000334,seed_000334,source_group_id,financial,original_mp_fs_plus,Original MP-FS+,MP-FS+,deterministic_reprocess,primary_comparison_baseline,mp_fs_plus_shared,mp_fs_plus_shared,a4f6ed9c59e1b60bcd82dfddb1574e76f4dd16206938faa283e9b733012c5389,14294,14294,3574,ceil(utf8_bytes/4)_cpu_estimate,1,0,semi_structured,json_array,plain_insert,0,1,1,1
seed_000334,seed_000334,source_group_id,financial,d_g1_primary,MP-FS+ vNext D_G1,MP-FS+,deterministic_reprocess,primary,mp_fs_plus_shared,mp_fs_plus_shared,a4f6ed9c59e1b60bcd82dfddb1574e76f4dd16206938faa283e9b733012c5389,14294,14294,3574,ceil(utf8_bytes/4)_cpu_estimate,1,0,semi_structured,json_array,plain_insert,0,1,1,1
seed_000334,seed_000334,source_group_id,financial,d_only_secondary,MP-FS+ vNext D_ONLY,MP-FS+,deterministic_reprocess,secondary_ablation,mp_fs_plus_shared,mp_fs_plus_shared,a4f6ed9c59e1b60bcd82dfddb1574e76f4dd16206938faa283e9b733012c5389,14294,14294,3574,ceil(utf8_bytes/4)_cpu_estimate,1,0,semi_structured,json_array,plain_insert,0,1,1,1
seed_000334,seed_000334,source_group_id,financial,full_secondary,MP-FS+ vNext FULL,MP-FS+,deterministic_reprocess,secondary_ablation,mp_fs_plus_shared,mp_fs_plus_shared,a4f6ed9c59e1b60bcd82dfddb1574e76f4dd16206938faa283e9b733012c5389,14294,14294,3574,ceil(utf8_bytes/4)_cpu_estimate,1,0,semi_structured,json_array,plain_insert,0,1,1,1
seed_000334,seed_000334,source_group_id,financial,no_c_secondary,MP-FS+ vNext NO_C,MP-FS+,deterministic_reprocess,secondary_ablation,mp_fs_plus_shared,mp_fs_plus_shared,a4f6ed9c59e1b60bcd82dfddb1574e76f4dd16206938faa283e9b733012c5389,14294,14294,3574,ceil(utf8_bytes/4)_cpu_estimate,1,0,semi_structured,json_array,plain_insert,0,1,1,1
seed_000003,seed_000003,source_group_id,california_schools,direct,Direct,D-FS-M,generation,baseline,direct,,67743148df2ca6e84d6438a27b688094dec3929026c736663afea22d4f8d0ad4,16407,16407,4102,ceil(utf8_bytes/4)_cpu_estimate,1,0,semi_structured,markdown_table,upsert_update,0,1,1,1
seed_000003,seed_000003,source_group_id,california_schools,j_fs,J-FS,J-FS-M,generation,baseline,j_fs,,9a8f05778561731fd6c9722d6cac84a5192f41f841d04075ac2b297b831cceb4,16338,16338,4085,ceil(utf8_bytes/4)_cpu_estimate,1,0,semi_structured,markdown_table,upsert_update,0,1,1,1
seed_000003,seed_000003,source_group_id,california_schools,original_mp_fs_plus,Original MP-FS+,MP-FS+,deterministic_reprocess,primary_comparison_baseline,mp_fs_plus_shared,mp_fs_plus_shared,52e19cea499088ae295c104bab169b4314fe9385892f431cfcc03c3b9ee323c5,20757,20757,5190,ceil(utf8_bytes/4)_cpu_estimate,1,0,semi_structured,markdown_table,upsert_update,0,1,1,1
seed_000003,seed_000003,source_group_id,california_schools,d_g1_primary,MP-FS+ vNext D_G1,MP-FS+,deterministic_reprocess,primary,mp_fs_plus_shared,mp_fs_plus_shared,52e19cea499088ae295c104bab169b4314fe9385892f431cfcc03c3b9ee323c5,20757,20757,5190,ceil(utf8_bytes/4)_cpu_estimate,1,0,semi_structured,markdown_table,upsert_update,0,1,1,1
seed_000003,seed_000003,source_group_id,california_schools,d_only_secondary,MP-FS+ vNext D_ONLY,MP-FS+,deterministic_reprocess,secondary_ablation,mp_fs_plus_shared,mp_fs_plus_shared,52e19cea499088ae295c104bab169b4314fe9385892f431cfcc03c3b9ee323c5,20757,20757,5190,ceil(utf8_bytes/4)_cpu_estimate,1,0,semi_structured,markdown_table,upsert_update,0,1,1,1
seed_000003,seed_000003,source_group_id,california_schools,full_secondary,MP-FS+ vNext FULL,MP-FS+,deterministic_reprocess,secondary_ablation,mp_fs_plus_shared,mp_fs_plus_shared,52e19cea499088ae295c104bab169b4314fe9385892f431cfcc03c3b9ee323c5,20757,20757,5190,ceil(utf8_bytes/4)_cpu_estimate,1,0,semi_structured,markdown_table,upsert_update,0,1,1,1
seed_000003,seed_000003,source_group_id,california_schools,no_c_secondary,MP-FS+ vNext NO_C,MP-FS+,deterministic_reprocess,secondary_ablation,mp_fs_plus_shared,mp_fs_plus_shared,52e19cea499088ae295c104bab169b4314fe9385892f431cfcc03c3b9ee323c5,20757,20757,5190,ceil(utf8_bytes/4)_cpu_estimate,1,0,semi_structured,markdown_table,upsert_update,0,1,1,1
seed_000211,seed_000211,source_group_id,european_football_2,direct,Direct,D-FS-M,generation,baseline,direct,,17efcfcd0ef1944d2ec843d650e6c083b31809d00863576beba0cee8e114a726,32269,32269,8068,ceil(utf8_bytes/4)_cpu_estimate,1,0,semi_structured,json_array,plain_insert,0,1,1,1
seed_000211,seed_000211,source_group_id,european_football_2,j_fs,J-FS,J-FS-M,generation,baseline,j_fs,,7ef51eee9ff36ca09b3956e56e87e0d8ed76d466b9547ed90e7c0c093e276949,32200,32200,8050,ceil(utf8_bytes/4)_cpu_estimate,1,0,semi_structured,json_array,plain_insert,0,1,1,1
seed_000211,seed_000211,source_group_id,european_football_2,original_mp_fs_plus,Original MP-FS+,MP-FS+,deterministic_reprocess,primary_comparison_baseline,mp_fs_plus_shared,mp_fs_plus_shared,d1aa9c6acf758ccec406cd3d099c39ea07584eb43f5ced95bab029cb3c67d0cf,35803,35803,8951,ceil(utf8_bytes/4)_cpu_estimate,1,0,semi_structured,json_array,plain_insert,0,1,1,1
seed_000211,seed_000211,source_group_id,european_football_2,d_g1_primary,MP-FS+ vNext D_G1,MP-FS+,deterministic_reprocess,primary,mp_fs_plus_shared,mp_fs_plus_shared,d1aa9c6acf758ccec406cd3d099c39ea07584eb43f5ced95bab029cb3c67d0cf,35803,35803,8951,ceil(utf8_bytes/4)_cpu_estimate,1,0,semi_structured,json_array,plain_insert,0,1,1,1
seed_000211,seed_000211,source_group_id,european_football_2,d_only_secondary,MP-FS+ vNext D_ONLY,MP-FS+,deterministic_reprocess,secondary_ablation,mp_fs_plus_shared,mp_fs_plus_shared,d1aa9c6acf758ccec406cd3d099c39ea07584eb43f5ced95bab029cb3c67d0cf,35803,35803,8951,ceil(utf8_bytes/4)_cpu_estimate,1,0,semi_structured,json_array,plain_insert,0,1,1,1
seed_000211,seed_000211,source_group_id,european_football_2,full_secondary,MP-FS+ vNext FULL,MP-FS+,deterministic_reprocess,secondary_ablation,mp_fs_plus_shared,mp_fs_plus_shared,d1aa9c6acf758ccec406cd3d099c39ea07584eb43f5ced95bab029cb3c67d0cf,35803,35803,8951,ceil(utf8_bytes/4)_cpu_estimate,1,0,semi_structured,json_array,plain_insert,0,1,1,1
seed_000211,seed_000211,source_group_id,european_football_2,no_c_secondary,MP-FS+ vNext NO_C,MP-FS+,deterministic_reprocess,secondary_ablation,mp_fs_plus_shared,mp_fs_plus_shared,d1aa9c6acf758ccec406cd3d099c39ea07584eb43f5ced95bab029cb3c67d0cf,35803,35803,8951,ceil(utf8_bytes/4)_cpu_estimate,1,0,semi_structured,json_array,plain_insert,0,1,1,1
aug_seed_000009_small_batch_subset_002,seed_000009,source_group_id,debit_card_specializing,direct,Direct,D-FS-M,generation,baseline,direct,,ef43c33271996571b1d4e1f03c09aecaf389c3cbb29a051ed36879cf35bbf239,5078,5078,1270,ceil(utf8_bytes/4)_cpu_estimate,1,0,free_text,free_text,insert_ignore,0,1,1,1
aug_seed_000009_small_batch_subset_002,seed_000009,source_group_id,debit_card_specializing,j_fs,J-FS,J-FS-M,generation,baseline,j_fs,,394e0c65609f84d445cfe7a5478c8478fbd275c5a9b1641d06a69c5287bc54bd,4988,4988,1247,ceil(utf8_bytes/4)_cpu_estimate,1,0,free_text,free_text,insert_ignore,0,1,1,1
aug_seed_000009_small_batch_subset_002,seed_000009,source_group_id,debit_card_specializing,original_mp_fs_plus,Original MP-FS+,MP-FS+,deterministic_reprocess,primary_comparison_baseline,mp_fs_plus_shared,mp_fs_plus_shared,4a5f0964dc917d08e8f534a99876822fc24be53c5d7f7cd4aa30f05c206d0793,14156,14156,3539,ceil(utf8_bytes/4)_cpu_estimate,1,0,free_text,free_text,insert_ignore,0,1,1,1
aug_seed_000009_small_batch_subset_002,seed_000009,source_group_id,debit_card_specializing,d_g1_primary,MP-FS+ vNext D_G1,MP-FS+,deterministic_reprocess,primary,mp_fs_plus_shared,mp_fs_plus_shared,4a5f0964dc917d08e8f534a99876822fc24be53c5d7f7cd4aa30f05c206d0793,14156,14156,3539,ceil(utf8_bytes/4)_cpu_estimate,1,0,free_text,free_text,insert_ignore,0,1,1,1
aug_seed_000009_small_batch_subset_002,seed_000009,source_group_id,debit_card_specializing,d_only_secondary,MP-FS+ vNext D_ONLY,MP-FS+,deterministic_reprocess,secondary_ablation,mp_fs_plus_shared,mp_fs_plus_shared,4a5f0964dc917d08e8f534a99876822fc24be53c5d7f7cd4aa30f05c206d0793,14156,14156,3539,ceil(utf8_bytes/4)_cpu_estimate,1,0,free_text,free_text,insert_ignore,0,1,1,1
aug_seed_000009_small_batch_subset_002,seed_000009,source_group_id,debit_card_specializing,full_secondary,MP-FS+ vNext FULL,MP-FS+,deterministic_reprocess,secondary_ablation,mp_fs_plus_shared,mp_fs_plus_shared,4a5f0964dc917d08e8f534a99876822fc24be53c5d7f7cd4aa30f05c206d0793,14156,14156,3539,ceil(utf8_bytes/4)_cpu_estimate,1,0,free_text,free_text,insert_ignore,0,1,1,1
aug_seed_000009_small_batch_subset_002,seed_000009,source_group_id,debit_card_specializing,no_c_secondary,MP-FS+ vNext NO_C,MP-FS+,deterministic_reprocess,secondary_ablation,mp_fs_plus_shared,mp_fs_plus_shared,4a5f0964dc917d08e8f534a99876822fc24be53c5d7f7cd4aa30f05c206d0793,14156,14156,3539,ceil(utf8_bytes/4)_cpu_estimate,1,0,free_text,free_text,insert_ignore,0,1,1,1
seed_000011,seed_000011,source_group_id,card_games,direct,Direct,D-FS-M,generation,baseline,direct,,a43cb19d40a53361f83ffb8c3a7395511202db98e9e381ee6073b1de33005a45,21541,21541,5386,ceil(utf8_bytes/4)_cpu_estimate,1,0,semi_structured,csv,upsert_update,0,1,1,1
seed_000011,seed_000011,source_group_id,card_games,j_fs,J-FS,J-FS-M,generation,baseline,j_fs,,e09e6baae9673af62b2272475618b9d7a3fa8b246c59c6976b29e9cb771e8cf1,21472,21472,5368,ceil(utf8_bytes/4)_cpu_estimate,1,0,semi_structured,csv,upsert_update,0,1,1,1
seed_000011,seed_000011,source_group_id,card_games,original_mp_fs_plus,Original MP-FS+,MP-FS+,deterministic_reprocess,primary_comparison_baseline,mp_fs_plus_shared,mp_fs_plus_shared,e30abc441441a2ea7856590ffb1d435d1820f501ad0af7df2675ecb77e39afd6,17255,17255,4314,ceil(utf8_bytes/4)_cpu_estimate,1,0,semi_structured,csv,upsert_update,0,1,1,1
seed_000011,seed_000011,source_group_id,card_games,d_g1_primary,MP-FS+ vNext D_G1,MP-FS+,deterministic_reprocess,primary,mp_fs_plus_shared,mp_fs_plus_shared,e30abc441441a2ea7856590ffb1d435d1820f501ad0af7df2675ecb77e39afd6,17255,17255,4314,ceil(utf8_bytes/4)_cpu_estimate,1,0,semi_structured,csv,upsert_update,0,1,1,1
seed_000011,seed_000011,source_group_id,card_games,d_only_secondary,MP-FS+ vNext D_ONLY,MP-FS+,deterministic_reprocess,secondary_ablation,mp_fs_plus_shared,mp_fs_plus_shared,e30abc441441a2ea7856590ffb1d435d1820f501ad0af7df2675ecb77e39afd6,17255,17255,4314,ceil(utf8_bytes/4)_cpu_estimate,1,0,semi_structured,csv,upsert_update,0,1,1,1
seed_000011,seed_000011,source_group_id,card_games,full_secondary,MP-FS+ vNext FULL,MP-FS+,deterministic_reprocess,secondary_ablation,mp_fs_plus_shared,mp_fs_plus_shared,e30abc441441a2ea7856590ffb1d435d1820f501ad0af7df2675ecb77e39afd6,17255,17255,4314,ceil(utf8_bytes/4)_cpu_estimate,1,0,semi_structured,csv,upsert_update,0,1,1,1
seed_000011,seed_000011,source_group_id,card_games,no_c_secondary,MP-FS+ vNext NO_C,MP-FS+,deterministic_reprocess,secondary_ablation,mp_fs_plus_shared,mp_fs_plus_shared,e30abc441441a2ea7856590ffb1d435d1820f501ad0af7df2675ecb77e39afd6,17255,17255,4314,ceil(utf8_bytes/4)_cpu_estimate,1,0,semi_structured,csv,upsert_update,0,1,1,1
aug_seed_000061_single_row_subset_001,seed_000061,source_group_id,financial,direct,Direct,D-FS-M,generation,baseline,direct,,fdb163921fc78f43b4b949dea90bc876a2791b55ac3a71cd47db883153c14def,11288,11288,2822,ceil(utf8_bytes/4)_cpu_estimate,1,0,semi_structured,markdown_table,insert_ignore,0,1,1,1
aug_seed_000061_single_row_subset_001,seed_000061,source_group_id,financial,j_fs,J-FS,J-FS-M,generation,baseline,j_fs,,edbb338e6bf6c4e1179e212f3f1faff8fbd6de93ea4223a1cce31fa2621d41b5,11219,11219,2805,ceil(utf8_bytes/4)_cpu_estimate,1,0,semi_structured,markdown_table,insert_ignore,0,1,1,1
aug_seed_000061_single_row_subset_001,seed_000061,source_group_id,financial,original_mp_fs_plus,Original MP-FS+,MP-FS+,deterministic_reprocess,primary_comparison_baseline,mp_fs_plus_shared,mp_fs_plus_shared,ee5d4b6f431ade1f5cb948b3af1b80a671689f6dc78c45f6ee478c033ef6b23c,9515,9515,2379,ceil(utf8_bytes/4)_cpu_estimate,1,0,semi_structured,markdown_table,insert_ignore,0,1,1,1
aug_seed_000061_single_row_subset_001,seed_000061,source_group_id,financial,d_g1_primary,MP-FS+ vNext D_G1,MP-FS+,deterministic_reprocess,primary,mp_fs_plus_shared,mp_fs_plus_shared,ee5d4b6f431ade1f5cb948b3af1b80a671689f6dc78c45f6ee478c033ef6b23c,9515,9515,2379,ceil(utf8_bytes/4)_cpu_estimate,1,0,semi_structured,markdown_table,insert_ignore,0,1,1,1
aug_seed_000061_single_row_subset_001,seed_000061,source_group_id,financial,d_only_secondary,MP-FS+ vNext D_ONLY,MP-FS+,deterministic_reprocess,secondary_ablation,mp_fs_plus_shared,mp_fs_plus_shared,ee5d4b6f431ade1f5cb948b3af1b80a671689f6dc78c45f6ee478c033ef6b23c,9515,9515,2379,ceil(utf8_bytes/4)_cpu_estimate,1,0,semi_structured,markdown_table,insert_ignore,0,1,1,1
aug_seed_000061_single_row_subset_001,seed_000061,source_group_id,financial,full_secondary,MP-FS+ vNext FULL,MP-FS+,deterministic_reprocess,secondary_ablation,mp_fs_plus_shared,mp_fs_plus_shared,ee5d4b6f431ade1f5cb948b3af1b80a671689f6dc78c45f6ee478c033ef6b23c,9515,9515,2379,ceil(utf8_bytes/4)_cpu_estimate,1,0,semi_structured,markdown_table,insert_ignore,0,1,1,1
aug_seed_000061_single_row_subset_001,seed_000061,source_group_id,financial,no_c_secondary,MP-FS+ vNext NO_C,MP-FS+,deterministic_reprocess,secondary_ablation,mp_fs_plus_shared,mp_fs_plus_shared,ee5d4b6f431ade1f5cb948b3af1b80a671689f6dc78c45f6ee478c033ef6b23c,9515,9515,2379,ceil(utf8_bytes/4)_cpu_estimate,1,0,semi_structured,markdown_table,insert_ignore,0,1,1,1
seed_000176,seed_000176,source_group_id,superhero,direct,Direct,D-FS-M,generation,baseline,direct,,47fc268e4c7614474adb5bf47407d77fb65380f4a584483137a0b2b50fa50084,10542,10542,2636,ceil(utf8_bytes/4)_cpu_estimate,1,0,semi_structured,json_array,plain_insert,0,1,1,1
seed_000176,seed_000176,source_group_id,superhero,j_fs,J-FS,J-FS-M,generation,baseline,j_fs,,b9937681e8ef348cad54d692070411bfe11028284e0931e4a452b3d955a335e6,10473,10473,2619,ceil(utf8_bytes/4)_cpu_estimate,1,0,semi_structured,json_array,plain_insert,0,1,1,1
seed_000176,seed_000176,source_group_id,superhero,original_mp_fs_plus,Original MP-FS+,MP-FS+,deterministic_reprocess,primary_comparison_baseline,mp_fs_plus_shared,mp_fs_plus_shared,a66f1bf6d50c81ae2cabe61773b975417fee2470027bc7fb7755d715953444e2,8740,8740,2185,ceil(utf8_bytes/4)_cpu_estimate,1,0,semi_structured,json_array,plain_insert,0,1,1,1
seed_000176,seed_000176,source_group_id,superhero,d_g1_primary,MP-FS+ vNext D_G1,MP-FS+,deterministic_reprocess,primary,mp_fs_plus_shared,mp_fs_plus_shared,a66f1bf6d50c81ae2cabe61773b975417fee2470027bc7fb7755d715953444e2,8740,8740,2185,ceil(utf8_bytes/4)_cpu_estimate,1,0,semi_structured,json_array,plain_insert,0,1,1,1
seed_000176,seed_000176,source_group_id,superhero,d_only_secondary,MP-FS+ vNext D_ONLY,MP-FS+,deterministic_reprocess,secondary_ablation,mp_fs_plus_shared,mp_fs_plus_shared,a66f1bf6d50c81ae2cabe61773b975417fee2470027bc7fb7755d715953444e2,8740,8740,2185,ceil(utf8_bytes/4)_cpu_estimate,1,0,semi_structured,json_array,plain_insert,0,1,1,1
seed_000176,seed_000176,source_group_id,superhero,full_secondary,MP-FS+ vNext FULL,MP-FS+,deterministic_reprocess,secondary_ablation,mp_fs_plus_shared,mp_fs_plus_shared,a66f1bf6d50c81ae2cabe61773b975417fee2470027bc7fb7755d715953444e2,8740,8740,2185,ceil(utf8_bytes/4)_cpu_estimate,1,0,semi_structured,json_array,plain_insert,0,1,1,1
seed_000176,seed_000176,source_group_id,superhero,no_c_secondary,MP-FS+ vNext NO_C,MP-FS+,deterministic_reprocess,secondary_ablation,mp_fs_plus_shared,mp_fs_plus_shared,a66f1bf6d50c81ae2cabe61773b975417fee2470027bc7fb7755d715953444e2,8740,8740,2185,ceil(utf8_bytes/4)_cpu_estimate,1,0,semi_structured,json_array,plain_insert,0,1,1,1
seed_000303,seed_000303,source_group_id,thrombosis_prediction,direct,Direct,D-FS-M,generation,baseline,direct,,bc30951284efde423ec2f7ea97038b76f86c16644d94dfa694616a33fb419648,12276,12276,3069,ceil(utf8_bytes/4)_cpu_estimate,1,0,semi_structured,csv,plain_insert,0,1,1,1
seed_000303,seed_000303,source_group_id,thrombosis_prediction,j_fs,J-FS,J-FS-M,generation,baseline,j_fs,,8266fd6e9c2de528da385c8bcb8cbf8f784049c01a5154e8338d63f85e6e03a4,12207,12207,3052,ceil(utf8_bytes/4)_cpu_estimate,1,0,semi_structured,csv,plain_insert,0,1,1,1
seed_000303,seed_000303,source_group_id,thrombosis_prediction,original_mp_fs_plus,Original MP-FS+,MP-FS+,deterministic_reprocess,primary_comparison_baseline,mp_fs_plus_shared,mp_fs_plus_shared,e2885a735474243ebf5b6a61d7ddf366cff9045f59e38f6cd1597d4871048c02,7157,7157,1790,ceil(utf8_bytes/4)_cpu_estimate,1,0,semi_structured,csv,plain_insert,0,1,1,1
seed_000303,seed_000303,source_group_id,thrombosis_prediction,d_g1_primary,MP-FS+ vNext D_G1,MP-FS+,deterministic_reprocess,primary,mp_fs_plus_shared,mp_fs_plus_shared,e2885a735474243ebf5b6a61d7ddf366cff9045f59e38f6cd1597d4871048c02,7157,7157,1790,ceil(utf8_bytes/4)_cpu_estimate,1,0,semi_structured,csv,plain_insert,0,1,1,1
seed_000303,seed_000303,source_group_id,thrombosis_prediction,d_only_secondary,MP-FS+ vNext D_ONLY,MP-FS+,deterministic_reprocess,secondary_ablation,mp_fs_plus_shared,mp_fs_plus_shared,e2885a735474243ebf5b6a61d7ddf366cff9045f59e38f6cd1597d4871048c02,7157,7157,1790,ceil(utf8_bytes/4)_cpu_estimate,1,0,semi_structured,csv,plain_insert,0,1,1,1
seed_000303,seed_000303,source_group_id,thrombosis_prediction,full_secondary,MP-FS+ vNext FULL,MP-FS+,deterministic_reprocess,secondary_ablation,mp_fs_plus_shared,mp_fs_plus_shared,e2885a735474243ebf5b6a61d7ddf366cff9045f59e38f6cd1597d4871048c02,7157,7157,1790,ceil(utf8_bytes/4)_cpu_estimate,1,0,semi_structured,csv,plain_insert,0,1,1,1
seed_000303,seed_000303,source_group_id,thrombosis_prediction,no_c_secondary,MP-FS+ vNext NO_C,MP-FS+,deterministic_reprocess,secondary_ablation,mp_fs_plus_shared,mp_fs_plus_shared,e2885a735474243ebf5b6a61d7ddf366cff9045f59e38f6cd1597d4871048c02,7157,7157,1790,ceil(utf8_bytes/4)_cpu_estimate,1,0,semi_structured,csv,plain_insert,0,1,1,1
seed_000203,seed_000203,source_group_id,financial,direct,Direct,D-FS-M,generation,baseline,direct,,9cebb791814b54d8159290cf1dca96626a0071627b0ac02d1abd4132fbc9bfb8,16182,16182,4046,ceil(utf8_bytes/4)_cpu_estimate,1,0,semi_structured,markdown_table,insert_ignore,0,1,1,1
seed_000203,seed_000203,source_group_id,financial,j_fs,J-FS,J-FS-M,generation,baseline,j_fs,,44220e22e70cb53153f711f57f104c8ecf53a4eec2e5a618a396edd77ca721de,16113,16113,4029,ceil(utf8_bytes/4)_cpu_estimate,1,0,semi_structured,markdown_table,insert_ignore,0,1,1,1
seed_000203,seed_000203,source_group_id,financial,original_mp_fs_plus,Original MP-FS+,MP-FS+,deterministic_reprocess,primary_comparison_baseline,mp_fs_plus_shared,mp_fs_plus_shared,52487f42edca5e6c0cdc1e6c19c0b0259021efbb1701332210b647c6d1a5d49c,8406,8406,2102,ceil(utf8_bytes/4)_cpu_estimate,1,0,semi_structured,markdown_table,insert_ignore,0,1,1,1
seed_000203,seed_000203,source_group_id,financial,d_g1_primary,MP-FS+ vNext D_G1,MP-FS+,deterministic_reprocess,primary,mp_fs_plus_shared,mp_fs_plus_shared,52487f42edca5e6c0cdc1e6c19c0b0259021efbb1701332210b647c6d1a5d49c,8406,8406,2102,ceil(utf8_bytes/4)_cpu_estimate,1,0,semi_structured,markdown_table,insert_ignore,0,1,1,1
seed_000203,seed_000203,source_group_id,financial,d_only_secondary,MP-FS+ vNext D_ONLY,MP-FS+,deterministic_reprocess,secondary_ablation,mp_fs_plus_shared,mp_fs_plus_shared,52487f42edca5e6c0cdc1e6c19c0b0259021efbb1701332210b647c6d1a5d49c,8406,8406,2102,ceil(utf8_bytes/4)_cpu_estimate,1,0,semi_structured,markdown_table,insert_ignore,0,1,1,1
seed_000203,seed_000203,source_group_id,financial,full_secondary,MP-FS+ vNext FULL,MP-FS+,deterministic_reprocess,secondary_ablation,mp_fs_plus_shared,mp_fs_plus_shared,52487f42edca5e6c0cdc1e6c19c0b0259021efbb1701332210b647c6d1a5d49c,8406,8406,2102,ceil(utf8_bytes/4)_cpu_estimate,1,0,semi_structured,markdown_table,insert_ignore,0,1,1,1
seed_000203,seed_000203,source_group_id,financial,no_c_secondary,MP-FS+ vNext NO_C,MP-FS+,deterministic_reprocess,secondary_ablation,mp_fs_plus_shared,mp_fs_plus_shared,52487f42edca5e6c0cdc1e6c19c0b0259021efbb1701332210b647c6d1a5d49c,8406,8406,2102,ceil(utf8_bytes/4)_cpu_estimate,1,0,semi_structured,markdown_table,insert_ignore,0,1,1,1
seed_000134,seed_000134,source_group_id,toxicology,direct,Direct,D-FS-M,generation,baseline,direct,,643917f062cf0bb9f1ea5d58536b471a1df90e6e3003ba087fa4ae754f0ed1c5,5667,5667,1417,ceil(utf8_bytes/4)_cpu_estimate,1,0,semi_structured,multi_table,insert_ignore,1,1,1,1
seed_000134,seed_000134,source_group_id,toxicology,j_fs,J-FS,J-FS-M,generation,baseline,j_fs,,5d9e5dc230ddc0efab6593db54a385374454ed265eb82f275c847e3abc7c3b46,5598,5598,1400,ceil(utf8_bytes/4)_cpu_estimate,1,0,semi_structured,multi_table,insert_ignore,1,1,1,1
seed_000134,seed_000134,source_group_id,toxicology,original_mp_fs_plus,Original MP-FS+,MP-FS+,deterministic_reprocess,primary_comparison_baseline,mp_fs_plus_shared,mp_fs_plus_shared,f4b22d9818ff4032fc543f7c513492f6c0943a86b9cb51463c535b8922501a6c,9084,9084,2271,ceil(utf8_bytes/4)_cpu_estimate,1,0,semi_structured,multi_table,insert_ignore,1,1,1,1
seed_000134,seed_000134,source_group_id,toxicology,d_g1_primary,MP-FS+ vNext D_G1,MP-FS+,deterministic_reprocess,primary,mp_fs_plus_shared,mp_fs_plus_shared,f4b22d9818ff4032fc543f7c513492f6c0943a86b9cb51463c535b8922501a6c,9084,9084,2271,ceil(utf8_bytes/4)_cpu_estimate,1,0,semi_structured,multi_table,insert_ignore,1,1,1,1
seed_000134,seed_000134,source_group_id,toxicology,d_only_secondary,MP-FS+ vNext D_ONLY,MP-FS+,deterministic_reprocess,secondary_ablation,mp_fs_plus_shared,mp_fs_plus_shared,f4b22d9818ff4032fc543f7c513492f6c0943a86b9cb51463c535b8922501a6c,9084,9084,2271,ceil(utf8_bytes/4)_cpu_estimate,1,0,semi_structured,multi_table,insert_ignore,1,1,1,1
seed_000134,seed_000134,source_group_id,toxicology,full_secondary,MP-FS+ vNext FULL,MP-FS+,deterministic_reprocess,secondary_ablation,mp_fs_plus_shared,mp_fs_plus_shared,f4b22d9818ff4032fc543f7c513492f6c0943a86b9cb51463c535b8922501a6c,9084,9084,2271,ceil(utf8_bytes/4)_cpu_estimate,1,0,semi_structured,multi_table,insert_ignore,1,1,1,1
seed_000134,seed_000134,source_group_id,toxicology,no_c_secondary,MP-FS+ vNext NO_C,MP-FS+,deterministic_reprocess,secondary_ablation,mp_fs_plus_shared,mp_fs_plus_shared,f4b22d9818ff4032fc543f7c513492f6c0943a86b9cb51463c535b8922501a6c,9084,9084,2271,ceil(utf8_bytes/4)_cpu_estimate,1,0,semi_structured,multi_table,insert_ignore,1,1,1,1
