sample_id,database,input_type,operation_type,review_categories,first_failure_stage,failure_reason_code,failure_reason_detail,root_cause_auto_noncausal,oracle_if_bypassed_correct,state_diff_classes,state_diff_gold_delta,state_diff_predicted_delta,state_diff_difference,manual_review_status,reviewer_root_cause,conflict_ambiguity_gold_label,manual_review_notes
final_archeology_002,archeology,free_text,insert_ignore,CONFLICT_AMBIGUITY,verification,CONFLICT_MISSING,Conflict behavior is ambiguous; the fail-closed policy abstains.,REPRESENTATION_LIMITATION,0,,{},{},{},COMPLETED,CONFLICT_SEMANTICS_PLANNING_ERROR,RESOLVABLE_FROM_INPUT,"The request explicitly specifies insert-ignore/do-nothing behavior and identifies the conflict key(s); conflicting rows must remain unchanged. The sample metadata records semantics_explicit_in_request=True and semantics_source='request', and manual inspection of input_text confirms that the conflict policy is stated directly. Gold conflict semantics: projects: action=do_nothing; target=arcregistry; updates=<none> || projects: action=do_nothing; target=arcregistry; updates=<none> || scanconservation: action=do_nothing; target=cureregistry; updates=<none>. Nevertheless, the MP-FS+ generated/parsed plan emits write_semantics='needs_clarification' with no usable conflict target/update-column decision, causing the fail-closed verifier to abstain. Therefore the case is RESOLVABLE_FROM_INPUT, not truly ambiguous. The verifier is behaving consistently with the malformed/underspecified plan; the primary failure is upstream conflict-semantics planning/extraction."
final_archeology_010,archeology,semi_structured,plain_insert,CONFLICT_AMBIGUITY,verification,CONFLICT_MISSING,Conflict behavior is ambiguous; the fail-closed policy abstains.,REPRESENTATION_LIMITATION,0,,{},{},{},COMPLETED,CONFLICT_SEMANTICS_PLANNING_ERROR,RESOLVABLE_FROM_INPUT,"The request explicitly specifies plain-insert/error-on-conflict behavior with no conflict target or update columns. The sample metadata records semantics_explicit_in_request=True and semantics_source='request', and manual inspection of input_text confirms that the conflict policy is stated directly. Gold conflict semantics: projects: action=error; target=<none>; updates=<none>. Nevertheless, the MP-FS+ generated/parsed plan emits write_semantics='needs_clarification' with no usable conflict target/update-column decision, causing the fail-closed verifier to abstain. Therefore the case is RESOLVABLE_FROM_INPUT, not truly ambiguous. The verifier is behaving consistently with the malformed/underspecified plan; the primary failure is upstream conflict-semantics planning/extraction."
final_archeology_012,archeology,semi_structured,upsert_update,BYPASS_RECOVERABLE;CONTROL_FIELD_OPERATION,materialization,VALUE_MISSING,Source field 'operation' is neither mapped nor justified.,BYPASS_RECOVERABLE_MATERIALIZATION,1,,{},{},{},COMPLETED,CONTROL_FIELD_POLICY_ERROR,,"Evidence audit: first rejection is a CONTROL_FIELD_POLICY_ERROR. The top-level source field 'operation' explicitly specifies write semantics and is control/instruction metadata, not a payload column to be written; the materialization/provenance coverage rule nevertheless requires it to be mapped or justified. Control block fields observed: operation, table, conflict target, update columns, policy. The parsed write_semantics is 'needs_clarification' while the explicit request is 'upsert_update'; however the materialized table/rows/conflict semantics match the gold plan after scalar type normalization. Thus the control-field policy is the observed first blocker, but the parsed-plan inconsistency means an operation-only causal rescue should not be claimed without an isolated rerun."
final_archeology_017,archeology,free_text,insert_ignore,CONFLICT_AMBIGUITY,verification,CONFLICT_MISSING,Conflict behavior is ambiguous; the fail-closed policy abstains.,REPRESENTATION_LIMITATION,0,,{},{},{},COMPLETED,CONFLICT_SEMANTICS_PLANNING_ERROR,RESOLVABLE_FROM_INPUT,"The request explicitly specifies insert-ignore/do-nothing behavior and identifies the conflict key(s); conflicting rows must remain unchanged. The sample metadata records semantics_explicit_in_request=True and semantics_source='request', and manual inspection of input_text confirms that the conflict policy is stated directly. Gold conflict semantics: projects: action=do_nothing; target=arcregistry; updates=<none> || projects: action=do_nothing; target=arcregistry; updates=<none> || sites: action=do_nothing; target=zoneregistry; updates=<none> || personnel: action=do_nothing; target=crewregistry; updates=<none> || scans: action=do_nothing; target=questregistry; updates=<none> || scanpointcloud: action=do_nothing; target=cloudregistry; updates=<none> || scanqc: action=do_nothing; target=qualregistry; updates=<none> || scanregistration: action=do_nothing; target=logregistry; updates=<none>. Nevertheless, the MP-FS+ generated/parsed plan emits write_semantics='needs_clarification' with no usable conflict target/update-column decision, causing the fail-closed verifier to abstain. Therefore the case is RESOLVABLE_FROM_INPUT, not truly ambiguous. The verifier is behaving consistently with the malformed/underspecified plan; the primary failure is upstream conflict-semantics planning/extraction."
final_archeology_029,archeology,semi_structured,insert_ignore,CONFLICT_AMBIGUITY,verification,CONFLICT_MISSING,Conflict behavior is ambiguous; the fail-closed policy abstains.,REPRESENTATION_LIMITATION,0,,{},{},{},COMPLETED,CONFLICT_SEMANTICS_PLANNING_ERROR,RESOLVABLE_FROM_INPUT,"The request explicitly specifies insert-ignore/do-nothing behavior and identifies the conflict key(s); conflicting rows must remain unchanged. The sample metadata records semantics_explicit_in_request=True and semantics_source='request', and manual inspection of input_text confirms that the conflict policy is stated directly. Gold conflict semantics: projects: action=do_nothing; target=arcregistry; updates=<none>. Nevertheless, the MP-FS+ generated/parsed plan emits write_semantics='needs_clarification' with no usable conflict target/update-column decision, causing the fail-closed verifier to abstain. Therefore the case is RESOLVABLE_FROM_INPUT, not truly ambiguous. The verifier is behaving consistently with the malformed/underspecified plan; the primary failure is upstream conflict-semantics planning/extraction."
final_archeology_032,archeology,free_text,insert_ignore,EXECUTED_BUT_WRONG;STATE_MISMATCH,state_mismatch,STATE_WRONG_CONFLICT_BEHAVIOR,wrong_state,FINAL_STATE_MISMATCH,,STATE_WRONG_CONFLICT_BEHAVIOR;STATE_EXTRA_ROW,{},"{""sites"": {""added"": [{""depthc"": null, ""digunit"": null, ""entrystat"": null, ""envhaz"": null, ""geox"": null, ""geoy"": null, ""gridtrace"": null, ""guardhint"": null, ""guessdate"": null, ""healtheval"": null, ""heightm"": null, ""insurstat"": null, ""phasefactor"": null, ""presstat"": null, ""riskeval"": null, ""saferank"": null, ""typesite"": null, ""zonelabel"": null, ""zoneregistry"": ""SC9081.""}], ""added_count"": 1, ""columns"": [""zoneregistry"", ""zonelabel"", ""digunit"", ""gridtrace"", ""geox"", ""geoy"", ""heightm"", ""depthc"", ""phasefactor"", ""guessdate"", ""typesite"", ""presstat"", ""guardhint"", ""entrystat"", ""saferank"", ""insurstat"", ""riskeval"", ""healtheval"", ""envhaz""], ""removed"": [], ""removed_count"": 0}}","{""sites"": {""columns"": [""zoneregistry"", ""zonelabel"", ""digunit"", ""gridtrace"", ""geox"", ""geoy"", ""heightm"", ""depthc"", ""phasefactor"", ""guessdate"", ""typesite"", ""presstat"", ""guardhint"", ""entrystat"", ""saferank"", ""insurstat"", ""riskeval"", ""healtheval"", ""envhaz""], ""extra_count"": 1, ""extra_in_prediction"": [{""depthc"": null, ""digunit"": null, ""entrystat"": null, ""envhaz"": null, ""geox"": null, ""geoy"": null, ""gridtrace"": null, ""guardhint"": null, ""guessdate"": null, ""healtheval"": null, ""heightm"": null, ""insurstat"": null, ""phasefactor"": null, ""presstat"": null, ""riskeval"": null, ""saferank"": null, ""typesite"": null, ""zonelabel"": null, ""zoneregistry"": ""SC9081.""}], ""missing_count"": 0, ""missing_from_prediction"": []}}",COMPLETED,EVIDENCE_SPAN_BOUNDARY_ERROR,,"The request explicitly names existing conflict key SC9081 and asks for DO NOTHING. The generated plan uses evidence e3='SC9081.' including terminal punctuation, so the compiled insert targets a new key SC9081. instead of conflicting with SC9081. The conflict action itself is correct; the extra row is caused by evidence-span boundary/identifier normalization, not by the verifier or compiler."
final_archeology_042,archeology,semi_structured,upsert_update,BYPASS_RECOVERABLE;CONTROL_FIELD_OPERATION,materialization,VALUE_MISSING,Source field 'operation' is neither mapped nor justified.,BYPASS_RECOVERABLE_MATERIALIZATION,1,,{},{},{},COMPLETED,CONTROL_FIELD_POLICY_ERROR,,"Evidence audit: first rejection is a CONTROL_FIELD_POLICY_ERROR. The top-level source field 'operation' explicitly specifies write semantics and is control/instruction metadata, not a payload column to be written; the materialization/provenance coverage rule nevertheless requires it to be mapped or justified. Control block fields observed: operation, table, conflict_target, update_columns. Parsed write_semantics (upsert_update) matches the explicit request (upsert_update), and the materialized table/rows/conflict semantics match the gold plan after scalar type normalization. This is strong evidence that control-field coverage is the blocking failure, although downstream behavior still requires an isolated intervention test."
final_archeology_046,archeology,free_text,plain_insert,EXECUTED_BUT_WRONG;STATE_MISMATCH,state_mismatch,STATE_WRONG_VALUE,wrong_state,FINAL_STATE_MISMATCH,,STATE_WRONG_VALUE,"{""personnel"": {""added"": [{""crewlabel"": ""Mira Solano"", ""crewregistry"": ""OPARC4601"", ""leadlabel"": ""Darius Holt"", ""leadregistry"": ""SVARC4601""}], ""added_count"": 1, ""columns"": [""crewregistry"", ""crewlabel"", ""leadregistry"", ""leadlabel""], ""removed"": [], ""removed_count"": 0}}","{""personnel"": {""added"": [{""crewlabel"": ""OPARC4601"", ""crewregistry"": ""Mira Solano"", ""leadlabel"": ""SVARC4601"", ""leadregistry"": ""Darius Holt""}], ""added_count"": 1, ""columns"": [""crewregistry"", ""crewlabel"", ""leadregistry"", ""leadlabel""], ""removed"": [], ""removed_count"": 0}}","{""personnel"": {""columns"": [""crewregistry"", ""crewlabel"", ""leadregistry"", ""leadlabel""], ""extra_count"": 1, ""extra_in_prediction"": [{""crewlabel"": ""OPARC4601"", ""crewregistry"": ""Mira Solano"", ""leadlabel"": ""SVARC4601"", ""leadregistry"": ""Darius Holt""}], ""missing_count"": 1, ""missing_from_prediction"": [{""crewlabel"": ""Mira Solano"", ""crewregistry"": ""OPARC4601"", ""leadlabel"": ""Darius Holt"", ""leadregistry"": ""SVARC4601""}]}}",COMPLETED,FREE_TEXT_COLUMN_MAPPING_ERROR,,"The evidence candidates are correct (OPARC4601, Mira Solano, SVARC4601, Darius Holt), but the reference plan maps them to the wrong personnel columns: registry/label pairs are swapped. The compiled SQL faithfully inserts the malformed mapped row. Root cause is free-text evidence-to-column mapping, not value extraction or execution."
final_archeology_056,archeology,semi_structured,insert_ignore,BYPASS_RECOVERABLE;CONTROL_FIELD_OPERATION,materialization,VALUE_MISSING,Source field 'operation' is neither mapped nor justified.,BYPASS_RECOVERABLE_MATERIALIZATION,1,,{},{},{},COMPLETED,CONTROL_FIELD_POLICY_ERROR,,"Evidence audit: first rejection is a CONTROL_FIELD_POLICY_ERROR. The top-level source field 'operation' explicitly specifies write semantics and is control/instruction metadata, not a payload column to be written; the materialization/provenance coverage rule nevertheless requires it to be mapped or justified. Control block fields observed: operation, table, conflict_target, conflict_action, known_conflict_witness, new_keys. The parsed write_semantics is 'plain_insert' while the explicit request is 'insert_ignore'; however the materialized table/rows/conflict semantics match the gold plan after scalar type normalization. Thus the control-field policy is the observed first blocker, but the parsed-plan inconsistency means an operation-only causal rescue should not be claimed without an isolated rerun."
final_archeology_057,archeology,semi_structured,upsert_update,BYPASS_RECOVERABLE;CONTROL_FIELD_OPERATION,materialization,VALUE_MISSING,Source field 'operation' is neither mapped nor justified.,BYPASS_RECOVERABLE_MATERIALIZATION,1,,{},{},{},COMPLETED,CONTROL_FIELD_POLICY_ERROR,,"Evidence audit: first rejection is a CONTROL_FIELD_POLICY_ERROR. The top-level source field 'operation' explicitly specifies write semantics and is control/instruction metadata, not a payload column to be written; the materialization/provenance coverage rule nevertheless requires it to be mapped or justified. Control block fields observed: operation, table, conflict_target, update_columns, relationship_columns_not_updated. In addition, the materialized plan has a latent semantic mismatch relative to gold (extra update columns: arcref, zoneref). Therefore this sample confirms the control-field policy defect as the first rejection, but it is NOT evidence that fixing control-field coverage alone would recover final correctness."
final_polar_002,polar,free_text,insert_ignore,DATE_NORMALIZATION,materialization,VALUE_NORMALIZATION_ERROR,Value is not a supported unambiguous date.,MATERIALIZATION_ERROR,0,,{},{},{},COMPLETED,DATE_NORMALIZATION_POLICY_ERROR,,"The request explicitly provides timestamps '2024-10-29 17:30:55.954446' and '2026-07-30 08:15:00', and the gold SQL preserves those same values. Both are rejected by iso_date_normalization as unsupported/unambiguous dates. This is a date-normalization policy/rule-selection failure, not source ambiguity. However, the same candidate also has MISSING_UPDATE_COLUMN_IDS, so fixing date normalization alone is not established to recover the full sample."
final_polar_014,polar,semi_structured,insert_ignore,EXECUTED_BUT_WRONG;STATE_MISMATCH,state_mismatch,STATE_WRONG_VALUE,wrong_state,FINAL_STATE_MISMATCH,,STATE_WRONG_VALUE,"{""weatherandstructure"": {""added"": [{""barometricpressurehpa"": null, ""externaltemperaturec"": -20, ""icethicknesscm"": null, ""noiseleveldb"": null, ""precipitationratemmh"": null, ""precipitationtype"": ""Snow"", ""snowdepthcm"": null, ""snowloadkgm2"": null, ""solarradiationwm2"": null, ""structuralintegritystatus"": ""Normal"", ""structuralloadpercent"": null, ""vibrationlevelmms2"": null, ""visibilitykm"": null, ""weatherlocref"": 8, ""weatheropmaintref"": null, ""weatherregistry"": 3020, ""winddirectiondegrees"": null, ""windspeedms"": 15.2}, {""barometricpressurehpa"": null, ""externaltemperaturec"": -22.5, ""icethicknesscm"": null, ""noiseleveldb"": null, ""precipitationratemmh"": null, ""precipitationtype"": ""Ice"", ""snowdepthcm"": null, ""snowloadkgm2"": null, ""solarradiationwm2"": null, ""structuralintegritystatus"": ""Warning"", ""structuralloadpercent"": null, ""vibrationlevelmms2"": null, ""visibilitykm"": null, ""weatherlocref"": 7, ""weatheropmaintref"": null, ""weatherregistry"": 3019, ""winddirectiondegrees"": null, ""windspeedms"": 14}, {""barometricpressurehpa"": null, ""externaltemperaturec"": -25, ""icethicknesscm"": null, ""noiseleveldb"": null, ""precipitationratemmh"": null, ""precipitationtype"": ""None"", ""snowdepthcm"": null, ""snowloadkgm2"": null, ""solarradiationwm2"": null, ""structuralintegritystatus"": ""Normal"", ""structuralloadpercent"": null, ""vibrationlevelmms2"": null, ""visibilitykm"": null, ""weatherlocref"": 6, ""weatheropmaintref"": null, ""weatherregistry"": 3018, ""winddirectiondegrees"": null, ""windspeedms"": 12.8}, {""barometricpressurehpa"": null, ""externaltemperaturec"": -27.5, ""icethicknesscm"": null, ""noiseleveldb"": null, ""precipitationratemmh"": null, ""precipitationtype"": ""Snow"", ""snowdepthcm"": null, ""snowloadkgm2"": null, ""solarradiationwm2"": null, ""structuralintegritystatus"": ""Critical"", ""structuralloadpercent"": null, ""vibrationlevelmms2"": null, ""visibilitykm"": null, ""weatherlocref"": 5, ""weatheropmaintref"": null, ""weatherregistry"": 3017, ""winddirectiondegrees"": null, ""windspeedms"": 11.6}, {""barometricpressurehpa"": null, ""externaltemperaturec"": -30, ""icethicknesscm"": null, ""noiseleveldb"": null, ""precipitationratemmh"": null, ""precipitationtype"": ""None"", ""snowdepthcm"": null, ""snowloadkgm2"": null, ""solarradiationwm2"": null, ""structuralintegritystatus"": ""Normal"", ""structuralloadpercent"": null, ""vibrationlevelmms2"": null, ""visibilitykm"": null, ""weatherlocref"": 4, ""weatheropmaintref"": null, ""weatherregistry"": 3016, ""winddirectiondegrees"": null, ""windspeedms"": 10.4}, {""barometricpressurehpa"": null, ""externaltemperaturec"": -32.5, ""icethicknesscm"": null, ""noiseleveldb"": null, ""precipitationratemmh"": null, ""precipitationtype"": ""Ice"", ""snowdepthcm"": null, ""snowloadkgm2"": null, ""solarradiationwm2"": null, ""structuralintegritystatus"": ""Warning"", ""structuralloadpercent"": null, ""vibrationlevelmms2"": null, ""visibilitykm"": null, ""weatherlocref"": 3, ""weatheropmaintref"": null, ""weatherregistry"": 3015, ""winddirectiondegrees"": null, ""windspeedms"": 9.2}, {""barometricpressurehpa"": null, ""externaltemperaturec"": -35, ""icethicknesscm"": null, ""noiseleveldb"": null, ""precipitationratemmh"": null, ""precipitationtype"": ""Snow"", ""snowdepthcm"": null, ""snowloadkgm2"": null, ""solarradiationwm2"": null, ""structuralintegritystatus"": ""Normal"", ""structuralloadpercent"": null, ""vibrationlevelmms2"": null, ""visibilitykm"": null, ""weatherlocref"": 2, ""weatheropmaintref"": null, ""weatherregistry"": 3014, ""winddirectiondegrees"": null, ""windspeedms"": 8}], ""added_count"": 7, ""columns"": [""weatherregistry"", ""weatherlocref"", ""externaltemperaturec"", ""windspeedms"", ""winddirectiondegrees"", ""barometricpressurehpa"", ""solarradiationwm2"", ""snowdepthcm"", ""icethicknesscm"", ""visibilitykm"", ""precipitationtype"", ""precipitationratemmh"", ""snowloadkgm2"", ""structuralloadpercent"", ""structuralintegritystatus"", ""vibrationlevelmms2"", ""noiseleveldb"", ""weatheropmaintref""], ""removed"": [], ""removed_count"": 0}}","{""weatherandstructure"": {""added"": [{""barometricpressurehpa"": null, ""externaltemperaturec"": -20, ""icethicknesscm"": null, ""noiseleveldb"": null, ""precipitationratemmh"": null, ""precipitationtype"": ""Snow"", ""snowdepthcm"": null, ""snowloadkgm2"": null, ""solarradiationwm2"": null, ""structuralintegritystatus"": ""Normal"", ""structuralloadpercent"": null, ""vibrationlevelmms2"": null, ""visibilitykm"": null, ""weatherlocref"": 8, ""weatheropmaintref"": null, ""weatherregistry"": 3020, ""winddirectiondegrees"": null, ""windspeedms"": 15.2}, {""barometricpressurehpa"": null, ""externaltemperaturec"": -22.5, ""icethicknesscm"": null, ""noiseleveldb"": null, ""precipitationratemmh"": null, ""precipitationtype"": ""Ice"", ""snowdepthcm"": null, ""snowloadkgm2"": null, ""solarradiationwm2"": null, ""structuralintegritystatus"": ""Warning"", ""structuralloadpercent"": null, ""vibrationlevelmms2"": null, ""visibilitykm"": null, ""weatherlocref"": 7, ""weatheropmaintref"": null, ""weatherregistry"": 3019, ""winddirectiondegrees"": null, ""windspeedms"": 14}, {""barometricpressurehpa"": null, ""externaltemperaturec"": -25, ""icethicknesscm"": null, ""noiseleveldb"": null, ""precipitationratemmh"": null, ""precipitationtype"": null, ""snowdepthcm"": null, ""snowloadkgm2"": null, ""solarradiationwm2"": null, ""structuralintegritystatus"": ""Normal"", ""structuralloadpercent"": null, ""vibrationlevelmms2"": null, ""visibilitykm"": null, ""weatherlocref"": 6, ""weatheropmaintref"": null, ""weatherregistry"": 3018, ""winddirectiondegrees"": null, ""windspeedms"": 12.8}, {""barometricpressurehpa"": null, ""externaltemperaturec"": -27.5, ""icethicknesscm"": null, ""noiseleveldb"": null, ""precipitationratemmh"": null, ""precipitationtype"": ""Snow"", ""snowdepthcm"": null, ""snowloadkgm2"": null, ""solarradiationwm2"": null, ""structuralintegritystatus"": ""Critical"", ""structuralloadpercent"": null, ""vibrationlevelmms2"": null, ""visibilitykm"": null, ""weatherlocref"": 5, ""weatheropmaintref"": null, ""weatherregistry"": 3017, ""winddirectiondegrees"": null, ""windspeedms"": 11.6}, {""barometricpressurehpa"": null, ""externaltemperaturec"": -30, ""icethicknesscm"": null, ""noiseleveldb"": null, ""precipitationratemmh"": null, ""precipitationtype"": null, ""snowdepthcm"": null, ""snowloadkgm2"": null, ""solarradiationwm2"": null, ""structuralintegritystatus"": ""Normal"", ""structuralloadpercent"": null, ""vibrationlevelmms2"": null, ""visibilitykm"": null, ""weatherlocref"": 4, ""weatheropmaintref"": null, ""weatherregistry"": 3016, ""winddirectiondegrees"": null, ""windspeedms"": 10.4}, {""barometricpressurehpa"": null, ""externaltemperaturec"": -32.5, ""icethicknesscm"": null, ""noiseleveldb"": null, ""precipitationratemmh"": null, ""precipitationtype"": ""Ice"", ""snowdepthcm"": null, ""snowloadkgm2"": null, ""solarradiationwm2"": null, ""structuralintegritystatus"": ""Warning"", ""structuralloadpercent"": null, ""vibrationlevelmms2"": null, ""visibilitykm"": null, ""weatherlocref"": 3, ""weatheropmaintref"": null, ""weatherregistry"": 3015, ""winddirectiondegrees"": null, ""windspeedms"": 9.2}, {""barometricpressurehpa"": null, ""externaltemperaturec"": -35, ""icethicknesscm"": null, ""noiseleveldb"": null, ""precipitationratemmh"": null, ""precipitationtype"": ""Snow"", ""snowdepthcm"": null, ""snowloadkgm2"": null, ""solarradiationwm2"": null, ""structuralintegritystatus"": ""Normal"", ""structuralloadpercent"": null, ""vibrationlevelmms2"": null, ""visibilitykm"": null, ""weatherlocref"": 2, ""weatheropmaintref"": null, ""weatherregistry"": 3014, ""winddirectiondegrees"": null, ""windspeedms"": 8}], ""added_count"": 7, ""columns"": [""weatherregistry"", ""weatherlocref"", ""externaltemperaturec"", ""windspeedms"", ""winddirectiondegrees"", ""barometricpressurehpa"", ""solarradiationwm2"", ""snowdepthcm"", ""icethicknesscm"", ""visibilitykm"", ""precipitationtype"", ""precipitationratemmh"", ""snowloadkgm2"", ""structuralloadpercent"", ""structuralintegritystatus"", ""vibrationlevelmms2"", ""noiseleveldb"", ""weatheropmaintref""], ""removed"": [], ""removed_count"": 0}}","{""weatherandstructure"": {""columns"": [""weatherregistry"", ""weatherlocref"", ""externaltemperaturec"", ""windspeedms"", ""winddirectiondegrees"", ""barometricpressurehpa"", ""solarradiationwm2"", ""snowdepthcm"", ""icethicknesscm"", ""visibilitykm"", ""precipitationtype"", ""precipitationratemmh"", ""snowloadkgm2"", ""structuralloadpercent"", ""structuralintegritystatus"", ""vibrationlevelmms2"", ""noiseleveldb"", ""weatheropmaintref""], ""extra_count"": 2, ""extra_in_prediction"": [{""barometricpressurehpa"": null, ""externaltemperaturec"": -25, ""icethicknesscm"": null, ""noiseleveldb"": null, ""precipitationratemmh"": null, ""precipitationtype"": null, ""snowdepthcm"": null, ""snowloadkgm2"": null, ""solarradiationwm2"": null, ""structuralintegritystatus"": ""Normal"", ""structuralloadpercent"": null, ""vibrationlevelmms2"": null, ""visibilitykm"": null, ""weatherlocref"": 6, ""weatheropmaintref"": null, ""weatherregistry"": 3018, ""winddirectiondegrees"": null, ""windspeedms"": 12.8}, {""barometricpressurehpa"": null, ""externaltemperaturec"": -30, ""icethicknesscm"": null, ""noiseleveldb"": null, ""precipitationratemmh"": null, ""precipitationtype"": null, ""snowdepthcm"": null, ""snowloadkgm2"": null, ""solarradiationwm2"": null, ""structuralintegritystatus"": ""Normal"", ""structuralloadpercent"": null, ""vibrationlevelmms2"": null, ""visibilitykm"": null, ""weatherlocref"": 4, ""weatheropmaintref"": null, ""weatherregistry"": 3016, ""winddirectiondegrees"": null, ""windspeedms"": 10.4}], ""missing_count"": 2, ""missing_from_prediction"": [{""barometricpressurehpa"": null, ""externaltemperaturec"": -25, ""icethicknesscm"": null, ""noiseleveldb"": null, ""precipitationratemmh"": null, ""precipitationtype"": ""None"", ""snowdepthcm"": null, ""snowloadkgm2"": null, ""solarradiationwm2"": null, ""structuralintegritystatus"": ""Normal"", ""structuralloadpercent"": null, ""vibrationlevelmms2"": null, ""visibilitykm"": null, ""weatherlocref"": 6, ""weatheropmaintref"": null, ""weatherregistry"": 3018, ""winddirectiondegrees"": null, ""windspeedms"": 12.8}, {""barometricpressurehpa"": null, ""externaltemperaturec"": -30, ""icethicknesscm"": null, ""noiseleveldb"": null, ""precipitationratemmh"": null, ""precipitationtype"": ""None"", ""snowdepthcm"": null, ""snowloadkgm2"": null, ""solarradiationwm2"": null, ""structuralintegritystatus"": ""Normal"", ""structuralloadpercent"": null, ""vibrationlevelmms2"": null, ""visibilitykm"": null, ""weatherlocref"": 4, ""weatheropmaintref"": null, ""weatherregistry"": 3016, ""winddirectiondegrees"": null, ""windspeedms"": 10.4}]}}",COMPLETED,SOURCE_PARSER_NULL_LITERAL_COERCION_ERROR,,"The CSV request contains the literal text 'None' for precipitationtype in two rows, and the gold state preserves the TEXT value 'None'. Before compilation, the materialized rows already contain null/None for those cells. Thus a source parsing/null-coercion policy converts a legitimate text token into SQL NULL, causing the state mismatch."
final_polar_015,polar,semi_structured,upsert_update,EXECUTED_BUT_WRONG;STATE_MISMATCH,state_mismatch,STATE_WRONG_VALUE,wrong_state,FINAL_STATE_MISMATCH,,STATE_WRONG_VALUE,"{""operationmaintenance"": {""added"": [{""compliancestatus"": ""Compliant"", ""costmetrics"": ""{\""repair_usd\"": 6.280, \""operating_usd\"": 555.1800, \""maintenance_usd\"": 1280.47}"", ""crewcertificationstatus"": ""Pending"", ""documentationstatus"": ""Updated"", ""inspectionstatus"": ""Pending"", ""lastmaintenancedate"": ""2024-10-20"", ""maintenancecyclehours"": 2464.0, ""nextmaintenancedue"": ""2026-11-30"", ""operationalstatus"": ""Active"", ""operationhours"": 40995.0, ""opmaintcommref"": 11, ""opmainteqref"": ""PE408827"", ""opmaintlocref"": 11, ""opmaintregistry"": 11}], ""added_count"": 1, ""columns"": [""opmaintregistry"", ""opmainteqref"", ""opmaintlocref"", ""operationhours"", ""maintenancecyclehours"", ""lastmaintenancedate"", ""nextmaintenancedue"", ""operationalstatus"", ""crewcertificationstatus"", ""inspectionstatus"", ""compliancestatus"", ""documentationstatus"", ""opmaintcommref"", ""costmetrics""], ""removed"": [{""compliancestatus"": ""Review"", ""costmetrics"": ""{\""repair_usd\"": 6.280, \""operating_usd\"": 555.1800, \""maintenance_usd\"": 1280.47}"", ""crewcertificationstatus"": ""Pending"", ""documentationstatus"": ""Updated"", ""inspectionstatus"": ""Passed"", ""lastmaintenancedate"": ""2024-10-20"", ""maintenancecyclehours"": 2464.0, ""nextmaintenancedue"": ""2025-06-15"", ""operationalstatus"": ""Storage"", ""operationhours"": 40995.0, ""opmaintcommref"": 11, ""opmainteqref"": ""PE408827"", ""opmaintlocref"": 11, ""opmaintregistry"": 11}], ""removed_count"": 1}}","{""operationmaintenance"": {""added"": [{""compliancestatus"": ""Compliant"", ""costmetrics"": ""{\""repair_usd\"": 6.280, \""operating_usd\"": 555.1800, \""maintenance_usd\"": 1280.47}"", ""crewcertificationstatus"": ""Pending"", ""documentationstatus"": ""Updated"", ""inspectionstatus"": ""Pending"", ""lastmaintenancedate"": ""2024-10-20"", ""maintenancecyclehours"": 2464.0, ""nextmaintenancedue"": ""2025-06-15"", ""operationalstatus"": ""Active"", ""operationhours"": 40995.0, ""opmaintcommref"": 11, ""opmainteqref"": ""PE408827"", ""opmaintlocref"": 11, ""opmaintregistry"": 11}], ""added_count"": 1, ""columns"": [""opmaintregistry"", ""opmainteqref"", ""opmaintlocref"", ""operationhours"", ""maintenancecyclehours"", ""lastmaintenancedate"", ""nextmaintenancedue"", ""operationalstatus"", ""crewcertificationstatus"", ""inspectionstatus"", ""compliancestatus"", ""documentationstatus"", ""opmaintcommref"", ""costmetrics""], ""removed"": [{""compliancestatus"": ""Review"", ""costmetrics"": ""{\""repair_usd\"": 6.280, \""operating_usd\"": 555.1800, \""maintenance_usd\"": 1280.47}"", ""crewcertificationstatus"": ""Pending"", ""documentationstatus"": ""Updated"", ""inspectionstatus"": ""Passed"", ""lastmaintenancedate"": ""2024-10-20"", ""maintenancecyclehours"": 2464.0, ""nextmaintenancedue"": ""2025-06-15"", ""operationalstatus"": ""Storage"", ""operationhours"": 40995.0, ""opmaintcommref"": 11, ""opmainteqref"": ""PE408827"", ""opmaintlocref"": 11, ""opmaintregistry"": 11}], ""removed_count"": 1}}","{""operationmaintenance"": {""columns"": [""opmaintregistry"", ""opmainteqref"", ""opmaintlocref"", ""operationhours"", ""maintenancecyclehours"", ""lastmaintenancedate"", ""nextmaintenancedue"", ""operationalstatus"", ""crewcertificationstatus"", ""inspectionstatus"", ""compliancestatus"", ""documentationstatus"", ""opmaintcommref"", ""costmetrics""], ""extra_count"": 1, ""extra_in_prediction"": [{""compliancestatus"": ""Compliant"", ""costmetrics"": ""{\""repair_usd\"": 6.280, \""operating_usd\"": 555.1800, \""maintenance_usd\"": 1280.47}"", ""crewcertificationstatus"": ""Pending"", ""documentationstatus"": ""Updated"", ""inspectionstatus"": ""Pending"", ""lastmaintenancedate"": ""2024-10-20"", ""maintenancecyclehours"": 2464.0, ""nextmaintenancedue"": ""2025-06-15"", ""operationalstatus"": ""Active"", ""operationhours"": 40995.0, ""opmaintcommref"": 11, ""opmainteqref"": ""PE408827"", ""opmaintlocref"": 11, ""opmaintregistry"": 11}], ""missing_count"": 1, ""missing_from_prediction"": [{""compliancestatus"": ""Compliant"", ""costmetrics"": ""{\""repair_usd\"": 6.280, \""operating_usd\"": 555.1800, \""maintenance_usd\"": 1280.47}"", ""crewcertificationstatus"": ""Pending"", ""documentationstatus"": ""Updated"", ""inspectionstatus"": ""Pending"", ""lastmaintenancedate"": ""2024-10-20"", ""maintenancecyclehours"": 2464.0, ""nextmaintenancedue"": ""2026-11-30"", ""operationalstatus"": ""Active"", ""operationhours"": 40995.0, ""opmaintcommref"": 11, ""opmainteqref"": ""PE408827"", ""opmaintlocref"": 11, ""opmaintregistry"": 11}]}}",COMPLETED,UPDATE_COLUMN_OMISSION_PLANNING_ERROR,,"The request explicitly says to update operationalstatus, inspectionstatus, compliancestatus, and nextmaintenancedue. The materialized conflict plan omits nextmaintenancedue from update_columns, although the incoming row contains the correct 2026-11-30 value. SQLite therefore preserves the old 2025-06-15 value on conflict. This is loss of an explicit update-column constraint before compilation."
final_polar_016,polar,free_text,plain_insert,DATE_NORMALIZATION,materialization,VALUE_NORMALIZATION_ERROR,Value is not a supported unambiguous date.,MATERIALIZATION_ERROR,0,,{},{},{},COMPLETED,DATE_NORMALIZATION_POLICY_ERROR,,"The request explicitly provides '2026-07-30 10:30:00' and the gold SQL uses the same timestamp, yet iso_date_normalization rejects it. This is not an ambiguous source date. The candidate also maps 'm2' through decimal parsing and is rejected there, so the date issue is only one of multiple materialization problems."
final_polar_025,polar,semi_structured,plain_insert,BYPASS_RECOVERABLE;CONTROL_FIELD_OPERATION,materialization,VALUE_MISSING,Source field 'operation' is neither mapped nor justified.,BYPASS_RECOVERABLE_MATERIALIZATION,1,,{},{},{},COMPLETED,CONTROL_FIELD_POLICY_ERROR,,"Evidence audit: first rejection is a CONTROL_FIELD_POLICY_ERROR. The top-level source field 'operation' explicitly specifies write semantics and is control/instruction metadata, not a payload column to be written; the materialization/provenance coverage rule nevertheless requires it to be mapped or justified. Control block fields observed: operation, table, conflict_target, update_columns, policy. The parsed write_semantics is 'needs_clarification' while the explicit request is 'plain_insert'; however the materialized table/rows/conflict semantics match the gold plan after scalar type normalization. Thus the control-field policy is the observed first blocker, but the parsed-plan inconsistency means an operation-only causal rescue should not be claimed without an isolated rerun."
final_polar_026,polar,semi_structured,insert_ignore,BYPASS_RECOVERABLE;CONTROL_FIELD_OPERATION,materialization,VALUE_MISSING,Source field 'operation' is neither mapped nor justified.,BYPASS_RECOVERABLE_MATERIALIZATION,1,,{},{},{},COMPLETED,CONTROL_FIELD_POLICY_ERROR,,"Evidence audit: first rejection is a CONTROL_FIELD_POLICY_ERROR. The top-level source field 'operation' explicitly specifies write semantics and is control/instruction metadata, not a payload column to be written; the materialization/provenance coverage rule nevertheless requires it to be mapped or justified. Control block fields observed: operation, table, conflict_target, update_columns, policy. The parsed write_semantics is 'needs_clarification' while the explicit request is 'insert_ignore'; however the materialized table/rows/conflict semantics match the gold plan after scalar type normalization. Thus the control-field policy is the observed first blocker, but the parsed-plan inconsistency means an operation-only causal rescue should not be claimed without an isolated rerun."
final_polar_027,polar,semi_structured,upsert_update,CONFLICT_AMBIGUITY,verification,CONFLICT_MISSING,Conflict behavior is ambiguous; the fail-closed policy abstains.,REPRESENTATION_LIMITATION,0,,{},{},{},COMPLETED,CONFLICT_SEMANTICS_PLANNING_ERROR,RESOLVABLE_FROM_INPUT,"The request explicitly specifies upsert/do-update behavior, the conflict target(s), and the allowed update column set(s). The sample metadata records semantics_explicit_in_request=True and semantics_source='request', and manual inspection of input_text confirms that the conflict policy is stated directly. Gold conflict semantics: cabinenvironment: action=do_update; target=cabinregistry; updates=emergencybeaconstatus,ventilationstatus,ventilationspeedpercent,heaterstatus. Nevertheless, the MP-FS+ generated/parsed plan emits write_semantics='needs_clarification' with no usable conflict target/update-column decision, causing the fail-closed verifier to abstain. Therefore the case is RESOLVABLE_FROM_INPUT, not truly ambiguous. The verifier is behaving consistently with the malformed/underspecified plan; the primary failure is upstream conflict-semantics planning/extraction."
final_polar_033,polar,free_text,upsert_update,CONFLICT_AMBIGUITY,verification,CONFLICT_MISSING,Conflict behavior is ambiguous; the fail-closed policy abstains.,REPRESENTATION_LIMITATION,0,,{},{},{},COMPLETED,CONFLICT_SEMANTICS_PLANNING_ERROR,RESOLVABLE_FROM_INPUT,"The request explicitly specifies upsert/do-update behavior, the conflict target(s), and the allowed update column set(s). The sample metadata records semantics_explicit_in_request=True and semantics_source='request', and manual inspection of input_text confirms that the conflict policy is stated directly. Gold conflict semantics: equipment: action=do_update; target=equipmentcode; updates=manufacturer,reliabilityindex || location: action=do_update; target=locationregistry; updates=stationname,altitudem || scientific: action=do_update; target=sciregistry; updates=dataloggingstatus,calibrationstatus,measurementaccuracypercent. Nevertheless, the MP-FS+ generated/parsed plan emits write_semantics='needs_clarification' with no usable conflict target/update-column decision, causing the fail-closed verifier to abstain. Therefore the case is RESOLVABLE_FROM_INPUT, not truly ambiguous. The verifier is behaving consistently with the malformed/underspecified plan; the primary failure is upstream conflict-semantics planning/extraction."
final_polar_040,polar,semi_structured,plain_insert,BYPASS_RECOVERABLE;CONTROL_FIELD_OPERATION,materialization,VALUE_MISSING,Source field 'operation' is neither mapped nor justified.,BYPASS_RECOVERABLE_MATERIALIZATION,1,,{},{},{},COMPLETED,CONTROL_FIELD_POLICY_ERROR,,"Evidence audit: first rejection is a CONTROL_FIELD_POLICY_ERROR. The top-level source field 'operation' explicitly specifies write semantics and is control/instruction metadata, not a payload column to be written; the materialization/provenance coverage rule nevertheless requires it to be mapped or justified. Control block fields observed: operation, table, conflict_target, update_columns, policy. Parsed write_semantics (plain_insert) matches the explicit request (plain_insert), and the materialized table/rows/conflict semantics match the gold plan after scalar type normalization. This is strong evidence that control-field coverage is the blocking failure, although downstream behavior still requires an isolated intervention test."
final_polar_041,polar,semi_structured,insert_ignore,CONFLICT_AMBIGUITY,verification,CONFLICT_MISSING,Conflict behavior is ambiguous; the fail-closed policy abstains.,REPRESENTATION_LIMITATION,0,,{},{},{},COMPLETED,CONFLICT_SEMANTICS_PLANNING_ERROR,RESOLVABLE_FROM_INPUT,"The request explicitly specifies insert-ignore/do-nothing behavior and identifies the conflict key(s); conflicting rows must remain unchanged. The sample metadata records semantics_explicit_in_request=True and semantics_source='request', and manual inspection of input_text confirms that the conflict policy is stated directly. Gold conflict semantics: powerbattery: action=do_nothing; target=powerbattregistry; updates=<none>. Nevertheless, the MP-FS+ generated/parsed plan emits write_semantics='needs_clarification' with no usable conflict target/update-column decision, causing the fail-closed verifier to abstain. Therefore the case is RESOLVABLE_FROM_INPUT, not truly ambiguous. The verifier is behaving consistently with the malformed/underspecified plan; the primary failure is upstream conflict-semantics planning/extraction."
final_polar_042,polar,semi_structured,upsert_update,BYPASS_RECOVERABLE;CONTROL_FIELD_OPERATION,materialization,VALUE_MISSING,Source field 'operation' is neither mapped nor justified.,BYPASS_RECOVERABLE_MATERIALIZATION,1,,{},{},{},COMPLETED,CONTROL_FIELD_POLICY_ERROR,,"Evidence audit: first rejection is a CONTROL_FIELD_POLICY_ERROR. The top-level source field 'operation' explicitly specifies write semantics and is control/instruction metadata, not a payload column to be written; the materialization/provenance coverage rule nevertheless requires it to be mapped or justified. Control block fields observed: operation, table, conflict_target, update_columns, policy. In addition, the materialized plan has a latent semantic mismatch relative to gold (extra update columns: loceqref). Therefore this sample confirms the control-field policy defect as the first rejection, but it is NOT evidence that fixing control-field coverage alone would recover final correctness."
final_polar_047,polar,free_text,insert_ignore,DATE_NORMALIZATION,materialization,VALUE_NORMALIZATION_ERROR,Value is not a supported unambiguous date.,MATERIALIZATION_ERROR,0,,{},{},{},COMPLETED,DATE_NORMALIZATION_POLICY_ERROR,,The request explicitly provides Timestamp '2026-07-30 14:47:00' and the gold SQL preserves the identical value. The only recorded validation error is rejection of that value by iso_date_normalization. This is a clean date-normalization blocker; the evidence does not support calling the source date ambiguous.
final_polar_056,polar,semi_structured,insert_ignore,BYPASS_RECOVERABLE;CONTROL_FIELD_OPERATION,materialization,VALUE_MISSING,Source field 'operation' is neither mapped nor justified.,BYPASS_RECOVERABLE_MATERIALIZATION,1,,{},{},{},COMPLETED,CONTROL_FIELD_POLICY_ERROR,,"Evidence audit: first rejection is a CONTROL_FIELD_POLICY_ERROR. The top-level source field 'operation' explicitly specifies write semantics and is control/instruction metadata, not a payload column to be written; the materialization/provenance coverage rule nevertheless requires it to be mapped or justified. Control block fields observed: operation, table, conflict_target, update_columns, policy. The parsed write_semantics is 'needs_clarification' while the explicit request is 'insert_ignore'; however the materialized table/rows/conflict semantics match the gold plan after scalar type normalization. Thus the control-field policy is the observed first blocker, but the parsed-plan inconsistency means an operation-only causal rescue should not be claimed without an isolated rerun."
final_polar_057,polar,semi_structured,upsert_update,BYPASS_RECOVERABLE;CONTROL_FIELD_OPERATION,materialization,VALUE_MISSING,Source field 'operation' is neither mapped nor justified.,BYPASS_RECOVERABLE_MATERIALIZATION,1,,{},{},{},COMPLETED,CONTROL_FIELD_POLICY_ERROR,,"Evidence audit: first rejection is a CONTROL_FIELD_POLICY_ERROR. The top-level source field 'operation' explicitly specifies write semantics and is control/instruction metadata, not a payload column to be written; the materialization/provenance coverage rule nevertheless requires it to be mapped or justified. Control block fields observed: operation, table, conflict_target, update_columns, policy. In addition, the materialized plan has a latent semantic mismatch relative to gold (extra update columns: scieqref). Therefore this sample confirms the control-field policy defect as the first rejection, but it is NOT evidence that fixing control-field coverage alone would recover final correctness."
final_polar_058,polar,semi_structured,plain_insert,EXECUTED_BUT_WRONG;STATE_MISMATCH,state_mismatch,STATE_WRONG_VALUE,wrong_state,FINAL_STATE_MISMATCH,,STATE_WRONG_VALUE,"{""weatherandstructure"": {""added"": [{""barometricpressurehpa"": 948.75, ""externaltemperaturec"": -31, ""icethicknesscm"": null, ""noiseleveldb"": null, ""precipitationratemmh"": null, ""precipitationtype"": ""Blowing Snow"", ""snowdepthcm"": null, ""snowloadkgm2"": null, ""solarradiationwm2"": null, ""structuralintegritystatus"": ""Warning"", ""structuralloadpercent"": null, ""vibrationlevelmms2"": null, ""visibilitykm"": null, ""weatherlocref"": 59, ""weatheropmaintref"": 59, ""weatherregistry"": 5059, ""winddirectiondegrees"": 210.0, ""windspeedms"": 19}, {""barometricpressurehpa"": 965.25, ""externaltemperaturec"": -24, ""icethicknesscm"": null, ""noiseleveldb"": null, ""precipitationratemmh"": null, ""precipitationtype"": ""Snow"", ""snowdepthcm"": null, ""snowloadkgm2"": null, ""solarradiationwm2"": null, ""structuralintegritystatus"": ""Normal"", ""structuralloadpercent"": null, ""vibrationlevelmms2"": null, ""visibilitykm"": null, ""weatherlocref"": 58, ""weatheropmaintref"": 58, ""weatherregistry"": 5058, ""winddirectiondegrees"": 125.5, ""windspeedms"": 14}, {""barometricpressurehpa"": 982.5, ""externaltemperaturec"": -18, ""icethicknesscm"": null, ""noiseleveldb"": null, ""precipitationratemmh"": null, ""precipitationtype"": ""None"", ""snowdepthcm"": null, ""snowloadkgm2"": null, ""solarradiationwm2"": null, ""structuralintegritystatus"": ""Normal"", ""structuralloadpercent"": null, ""vibrationlevelmms2"": null, ""visibilitykm"": null, ""weatherlocref"": 60, ""weatheropmaintref"": 60, ""weatherregistry"": 5060, ""winddirectiondegrees"": 47.5, ""windspeedms"": 9}], ""added_count"": 3, ""columns"": [""weatherregistry"", ""weatherlocref"", ""externaltemperaturec"", ""windspeedms"", ""winddirectiondegrees"", ""barometricpressurehpa"", ""solarradiationwm2"", ""snowdepthcm"", ""icethicknesscm"", ""visibilitykm"", ""precipitationtype"", ""precipitationratemmh"", ""snowloadkgm2"", ""structuralloadpercent"", ""structuralintegritystatus"", ""vibrationlevelmms2"", ""noiseleveldb"", ""weatheropmaintref""], ""removed"": [], ""removed_count"": 0}}","{""weatherandstructure"": {""added"": [{""barometricpressurehpa"": 948.75, ""externaltemperaturec"": -31, ""icethicknesscm"": null, ""noiseleveldb"": null, ""precipitationratemmh"": null, ""precipitationtype"": ""Blowing Snow"", ""snowdepthcm"": null, ""snowloadkgm2"": null, ""solarradiationwm2"": null, ""structuralintegritystatus"": ""Warning"", ""structuralloadpercent"": null, ""vibrationlevelmms2"": null, ""visibilitykm"": null, ""weatherlocref"": 59, ""weatheropmaintref"": 59, ""weatherregistry"": 5059, ""winddirectiondegrees"": 210.0, ""windspeedms"": 19}, {""barometricpressurehpa"": 965.25, ""externaltemperaturec"": -24, ""icethicknesscm"": null, ""noiseleveldb"": null, ""precipitationratemmh"": null, ""precipitationtype"": ""Snow"", ""snowdepthcm"": null, ""snowloadkgm2"": null, ""solarradiationwm2"": null, ""structuralintegritystatus"": ""Normal"", ""structuralloadpercent"": null, ""vibrationlevelmms2"": null, ""visibilitykm"": null, ""weatherlocref"": 58, ""weatheropmaintref"": 58, ""weatherregistry"": 5058, ""winddirectiondegrees"": 125.5, ""windspeedms"": 14}, {""barometricpressurehpa"": 982.5, ""externaltemperaturec"": -18, ""icethicknesscm"": null, ""noiseleveldb"": null, ""precipitationratemmh"": null, ""precipitationtype"": null, ""snowdepthcm"": null, ""snowloadkgm2"": null, ""solarradiationwm2"": null, ""structuralintegritystatus"": ""Normal"", ""structuralloadpercent"": null, ""vibrationlevelmms2"": null, ""visibilitykm"": null, ""weatherlocref"": 60, ""weatheropmaintref"": 60, ""weatherregistry"": 5060, ""winddirectiondegrees"": 47.5, ""windspeedms"": 9}], ""added_count"": 3, ""columns"": [""weatherregistry"", ""weatherlocref"", ""externaltemperaturec"", ""windspeedms"", ""winddirectiondegrees"", ""barometricpressurehpa"", ""solarradiationwm2"", ""snowdepthcm"", ""icethicknesscm"", ""visibilitykm"", ""precipitationtype"", ""precipitationratemmh"", ""snowloadkgm2"", ""structuralloadpercent"", ""structuralintegritystatus"", ""vibrationlevelmms2"", ""noiseleveldb"", ""weatheropmaintref""], ""removed"": [], ""removed_count"": 0}}","{""weatherandstructure"": {""columns"": [""weatherregistry"", ""weatherlocref"", ""externaltemperaturec"", ""windspeedms"", ""winddirectiondegrees"", ""barometricpressurehpa"", ""solarradiationwm2"", ""snowdepthcm"", ""icethicknesscm"", ""visibilitykm"", ""precipitationtype"", ""precipitationratemmh"", ""snowloadkgm2"", ""structuralloadpercent"", ""structuralintegritystatus"", ""vibrationlevelmms2"", ""noiseleveldb"", ""weatheropmaintref""], ""extra_count"": 1, ""extra_in_prediction"": [{""barometricpressurehpa"": 982.5, ""externaltemperaturec"": -18, ""icethicknesscm"": null, ""noiseleveldb"": null, ""precipitationratemmh"": null, ""precipitationtype"": null, ""snowdepthcm"": null, ""snowloadkgm2"": null, ""solarradiationwm2"": null, ""structuralintegritystatus"": ""Normal"", ""structuralloadpercent"": null, ""vibrationlevelmms2"": null, ""visibilitykm"": null, ""weatherlocref"": 60, ""weatheropmaintref"": 60, ""weatherregistry"": 5060, ""winddirectiondegrees"": 47.5, ""windspeedms"": 9}], ""missing_count"": 1, ""missing_from_prediction"": [{""barometricpressurehpa"": 982.5, ""externaltemperaturec"": -18, ""icethicknesscm"": null, ""noiseleveldb"": null, ""precipitationratemmh"": null, ""precipitationtype"": ""None"", ""snowdepthcm"": null, ""snowloadkgm2"": null, ""solarradiationwm2"": null, ""structuralintegritystatus"": ""Normal"", ""structuralloadpercent"": null, ""vibrationlevelmms2"": null, ""visibilitykm"": null, ""weatherlocref"": 60, ""weatheropmaintref"": 60, ""weatherregistry"": 5060, ""winddirectiondegrees"": 47.5, ""windspeedms"": 9}]}}",COMPLETED,SOURCE_PARSER_NULL_LITERAL_COERCION_ERROR,,"The request contains literal precipitationtype='None' for weatherregistry 5060 and gold preserves the TEXT value 'None', but the materialized row contains null/None. This is the same source null-literal coercion seen in final_polar_014. A separate latent issue is that the materialized plan changes plain_insert to DO UPDATE, but the keys are new so that semantic corruption does not cause the observed state mismatch."
final_robot_003,robot,free_text,upsert_update,CONFLICT_AMBIGUITY,verification,CONFLICT_MISSING,Conflict behavior is ambiguous; the fail-closed policy abstains.,REPRESENTATION_LIMITATION,0,,{},{},{},COMPLETED,CONFLICT_SEMANTICS_PLANNING_ERROR,RESOLVABLE_FROM_INPUT,"The request explicitly specifies upsert/do-update behavior, the conflict target(s), and the allowed update column set(s). The sample metadata records semantics_explicit_in_request=True and semantics_source='request', and manual inspection of input_text confirms that the conflict policy is stated directly. Gold conflict semantics: robot_record: action=do_update; target=recreg; updates=rects,botcode || robot_details: action=do_update; target=botdetreg; updates=mfgnameval,modelseriesval,payloadcapkg,fwversionval,ctrltypeval || operation: action=do_update; target=operreg; updates=totopshrval,apptypeval,currprogval,progcyclecount,cycletimesecval,axiscountval || actuation_data: action=do_update; target=actreg; updates=tcpxval,tcpspeedval,pathaccmmval,poserrmmval,payloadwval || maintenance_and_fault: action=do_update; target=upkeepactuation; updates=faultcodeval,issuecategoryval,issuelevelval,faultpredscore,faulttypeestimation,rulhours,upkeepduedays,upkeepcostest. Nevertheless, the MP-FS+ generated/parsed plan emits write_semantics='needs_clarification' with no usable conflict target/update-column decision, causing the fail-closed verifier to abstain. Therefore the case is RESOLVABLE_FROM_INPUT, not truly ambiguous. The verifier is behaving consistently with the malformed/underspecified plan; the primary failure is upstream conflict-semantics planning/extraction."
final_robot_005,robot,semi_structured,insert_ignore,CONFLICT_AMBIGUITY,verification,CONFLICT_MISSING,Conflict behavior is ambiguous; the fail-closed policy abstains.,REPRESENTATION_LIMITATION,0,,{},{},{},COMPLETED,CONFLICT_SEMANTICS_PLANNING_ERROR,RESOLVABLE_FROM_INPUT,"The request explicitly specifies insert-ignore/do-nothing behavior and identifies the conflict key(s); conflicting rows must remain unchanged. The sample metadata records semantics_explicit_in_request=True and semantics_source='request', and manual inspection of input_text confirms that the conflict policy is stated directly. Gold conflict semantics: robot_record: action=do_nothing; target=recreg; updates=<none> || robot_details: action=do_nothing; target=botdetreg; updates=<none> || operation: action=do_nothing; target=operreg; updates=<none> || actuation_data: action=do_nothing; target=actreg; updates=<none>. Nevertheless, the MP-FS+ generated/parsed plan emits write_semantics='needs_clarification' with no usable conflict target/update-column decision, causing the fail-closed verifier to abstain. Therefore the case is RESOLVABLE_FROM_INPUT, not truly ambiguous. The verifier is behaving consistently with the malformed/underspecified plan; the primary failure is upstream conflict-semantics planning/extraction."
final_robot_011,robot,semi_structured,insert_ignore,BYPASS_RECOVERABLE;CONTROL_FIELD_OPERATION,materialization,VALUE_MISSING,Source field 'operation' is neither mapped nor justified.,BYPASS_RECOVERABLE_MATERIALIZATION,1,,{},{},{},COMPLETED,CONTROL_FIELD_POLICY_ERROR,,"Evidence audit: first rejection is a CONTROL_FIELD_POLICY_ERROR. The top-level source field 'operation' explicitly specifies write semantics and is control/instruction metadata, not a payload column to be written; the materialization/provenance coverage rule nevertheless requires it to be mapped or justified. Control block fields observed: operation, table, conflict_target, update_columns, policy. The parsed write_semantics is 'plain_insert' while the explicit request is 'insert_ignore'; however the materialized table/rows/conflict semantics match the gold plan after scalar type normalization. Thus the control-field policy is the observed first blocker, but the parsed-plan inconsistency means an operation-only causal rescue should not be claimed without an isolated rerun."
final_robot_012,robot,semi_structured,upsert_update,BYPASS_RECOVERABLE;CONTROL_FIELD_OPERATION,materialization,VALUE_MISSING,Source field 'operation' is neither mapped nor justified.,BYPASS_RECOVERABLE_MATERIALIZATION,1,,{},{},{},COMPLETED,CONTROL_FIELD_POLICY_ERROR,,"Evidence audit: first rejection is a CONTROL_FIELD_POLICY_ERROR. The top-level source field 'operation' explicitly specifies write semantics and is control/instruction metadata, not a payload column to be written; the materialization/provenance coverage rule nevertheless requires it to be mapped or justified. Control block fields observed: operation, table, conflict_target, update_columns, policy. In addition, the materialized plan has a latent semantic mismatch relative to gold (extra update columns: upkeepoperation, upkeeprobot). Therefore this sample confirms the control-field policy defect as the first rejection, but it is NOT evidence that fixing control-field coverage alone would recover final correctness."
final_robot_016,robot,free_text,plain_insert,DATE_NORMALIZATION,materialization,VALUE_NORMALIZATION_ERROR,Value is not a supported unambiguous date.,MATERIALIZATION_ERROR,0,,{},{},{},COMPLETED,DATE_NORMALIZATION_POLICY_ERROR,,"The request explicitly provides robot_record.rects='2026-07-30 16:16:00' and the gold SQL preserves it, but iso_date_normalization rejects the value. The same candidate also contains many UNKNOWN_COLUMN_ID errors, so date normalization is not the only blocker and a date-only fix would not establish full recovery."
final_robot_019,robot,semi_structured,plain_insert,CONFLICT_AMBIGUITY,verification,CONFLICT_MISSING,Conflict behavior is ambiguous; the fail-closed policy abstains.,REPRESENTATION_LIMITATION,0,,{},{},{},COMPLETED,CONFLICT_SEMANTICS_PLANNING_ERROR,RESOLVABLE_FROM_INPUT,"The request explicitly specifies plain-insert/error-on-conflict behavior with no conflict target or update columns. The sample metadata records semantics_explicit_in_request=True and semantics_source='request', and manual inspection of input_text confirms that the conflict policy is stated directly. Gold conflict semantics: robot_record: action=error; target=<none>; updates=<none> || robot_details: action=error; target=<none>; updates=<none> || operation: action=error; target=<none>; updates=<none> || actuation_data: action=error; target=<none>; updates=<none> || maintenance_and_fault: action=error; target=<none>; updates=<none> || performance_and_safety: action=error; target=<none>; updates=<none> || system_controller: action=error; target=<none>; updates=<none>. Nevertheless, the MP-FS+ generated/parsed plan emits write_semantics='needs_clarification' with no usable conflict target/update-column decision, causing the fail-closed verifier to abstain. Therefore the case is RESOLVABLE_FROM_INPUT, not truly ambiguous. The verifier is behaving consistently with the malformed/underspecified plan; the primary failure is upstream conflict-semantics planning/extraction."
final_robot_025,robot,semi_structured,plain_insert,BYPASS_RECOVERABLE;CONTROL_FIELD_OPERATION,materialization,VALUE_MISSING,Source field 'operation' is neither mapped nor justified.,BYPASS_RECOVERABLE_MATERIALIZATION,1,,{},{},{},COMPLETED,CONTROL_FIELD_POLICY_ERROR,,"Evidence audit: first rejection is a CONTROL_FIELD_POLICY_ERROR. The top-level source field 'operation' explicitly specifies write semantics and is control/instruction metadata, not a payload column to be written; the materialization/provenance coverage rule nevertheless requires it to be mapped or justified. Control block fields observed: operation, table, conflict_target, update_columns, policy. Parsed write_semantics (plain_insert) matches the explicit request (plain_insert), and the materialized table/rows/conflict semantics match the gold plan after scalar type normalization. This is strong evidence that control-field coverage is the blocking failure, although downstream behavior still requires an isolated intervention test."
final_robot_026,robot,semi_structured,insert_ignore,EXECUTED_BUT_WRONG;STATE_MISMATCH,state_mismatch,STATE_EXTRA_ROW,wrong_state,FINAL_STATE_MISMATCH,,STATE_EXTRA_ROW,"{""robot_record"": {""added"": [{""botcode"": ""RB2-026-A"", ""recreg"": ""RB2REC026A"", ""rects"": ""2026-07-30 17:26:01""}, {""botcode"": ""RB2-026-B"", ""recreg"": ""RB2REC026B"", ""rects"": ""2026-07-30 17:26:02""}, {""botcode"": ""RB2-026-C"", ""recreg"": ""RB2REC026C"", ""rects"": ""2026-07-30 17:26:03""}, {""botcode"": ""RB2-026-D"", ""recreg"": ""RB2REC026D"", ""rects"": ""2026-07-30 17:26:04""}, {""botcode"": ""RB2-026-E"", ""recreg"": ""RB2REC026E"", ""rects"": ""2026-07-30 17:26:05""}, {""botcode"": ""RB2-026-F"", ""recreg"": ""RB2REC026F"", ""rects"": ""2026-07-30 17:26:06""}, {""botcode"": ""RB2-026-G"", ""recreg"": ""RB2REC026G"", ""rects"": ""2026-07-30 17:26:07""}], ""added_count"": 7, ""columns"": [""recreg"", ""rects"", ""botcode""], ""removed"": [], ""removed_count"": 0}}","{""robot_record"": {""added"": [{""botcode"": ""RB2-026-A"", ""recreg"": ""RB2REC026A"", ""rects"": ""2026-07-30 17:26:01""}, {""botcode"": ""RB2-026-B"", ""recreg"": ""RB2REC026B"", ""rects"": ""2026-07-30 17:26:02""}, {""botcode"": ""RB2-026-C"", ""recreg"": ""RB2REC026C"", ""rects"": ""2026-07-30 17:26:03""}, {""botcode"": ""RB2-026-D"", ""recreg"": ""RB2REC026D"", ""rects"": ""2026-07-30 17:26:04""}, {""botcode"": ""RB2-026-E"", ""recreg"": ""RB2REC026E"", ""rects"": ""2026-07-30 17:26:05""}, {""botcode"": ""RB2-026-F"", ""recreg"": ""RB2REC026F"", ""rects"": ""2026-07-30 17:26:06""}, {""botcode"": ""RB2-026-G"", ""recreg"": ""RB2REC026G"", ""rects"": ""2026-07-30 17:26:07""}, {""botcode"": ""robot_record"", ""recreg"": ""recreg"", ""rects"": ""RF109148 is the existing witness and must be skipped unchanged; the seven RB2REC026 keys are new and must be inserted""}], ""added_count"": 8, ""columns"": [""recreg"", ""rects"", ""botcode""], ""removed"": [], ""removed_count"": 0}}","{""robot_record"": {""columns"": [""recreg"", ""rects"", ""botcode""], ""extra_count"": 1, ""extra_in_prediction"": [{""botcode"": ""robot_record"", ""recreg"": ""recreg"", ""rects"": ""RF109148 is the existing witness and must be skipped unchanged; the seven RB2REC026 keys are new and must be inserted""}], ""missing_count"": 0, ""missing_from_prediction"": []}}",COMPLETED,SOURCE_PARSER_CONTROL_ROW_SEGMENTATION_ERROR,,"The actual eight robot_record rows are materialized correctly, but the key-value source parser also turns the control block (table/conflict_target/policy) into an additional data collection. That collection is compiled as a bogus robot_record row with recreg='recreg' and control text as values. Root cause is control-metadata/data-row segmentation in the deterministic source parser."
final_robot_031,robot,free_text,plain_insert,DATE_NORMALIZATION,materialization,VALUE_NORMALIZATION_ERROR,Value is not a supported unambiguous date.,MATERIALIZATION_ERROR,0,,{},{},{},COMPLETED,DATE_NORMALIZATION_POLICY_ERROR,,"The request explicitly provides robot_record.rects='2026-07-30 17:31:00' and the gold SQL preserves it, but iso_date_normalization rejects the value. The candidate also has a large number of UNKNOWN_COLUMN_ID errors and a clarification-related error, so this is a mixed failure rather than a date-only case."
final_robot_033,robot,free_text,upsert_update,DATE_NORMALIZATION,materialization,VALUE_NORMALIZATION_ERROR,Value is not a supported unambiguous date.,MATERIALIZATION_ERROR,0,,{},{},{},COMPLETED,DATE_NORMALIZATION_POLICY_ERROR,,The request explicitly instructs rects='2026-07-30 17:33:00' and the gold SQL uses the same value. The only recorded validation error is iso_date_normalization rejecting that timestamp. This is a clean date-normalization blocker.
final_robot_040,robot,semi_structured,plain_insert,BYPASS_RECOVERABLE;CONTROL_FIELD_OPERATION,materialization,VALUE_MISSING,Source field 'operation' is neither mapped nor justified.,BYPASS_RECOVERABLE_MATERIALIZATION,1,,{},{},{},COMPLETED,CONTROL_FIELD_POLICY_ERROR,,"Evidence audit: first rejection is a CONTROL_FIELD_POLICY_ERROR. The top-level source field 'operation' explicitly specifies write semantics and is control/instruction metadata, not a payload column to be written; the materialization/provenance coverage rule nevertheless requires it to be mapped or justified. Control block fields observed: operation, table, conflict_target, update_columns, policy. Parsed write_semantics (plain_insert) matches the explicit request (plain_insert), and the materialized table/rows/conflict semantics match the gold plan after scalar type normalization. This is strong evidence that control-field coverage is the blocking failure, although downstream behavior still requires an isolated intervention test."
final_robot_047,robot,free_text,insert_ignore,EXECUTED_BUT_WRONG;STATE_MISMATCH,state_mismatch,STATE_WRONG_CONFLICT_BEHAVIOR,wrong_state,FINAL_STATE_MISMATCH,,STATE_WRONG_CONFLICT_BEHAVIOR;STATE_MISSING_ROW;STATE_WRONG_VALUE,"{""robot_details"": {""added"": [{""botdetreg"": ""R3CHAIN047"", ""bottypeval"": null, ""ctrltypeval"": null, ""fwversionval"": null, ""instdateval"": null, ""mfgnameval"": ""ABB"", ""modelseriesval"": ""Series_R3_047"", ""payloadcapkg"": 42.5, ""reachmmval"": 1847}], ""added_count"": 1, ""columns"": [""botdetreg"", ""mfgnameval"", ""modelseriesval"", ""bottypeval"", ""payloadcapkg"", ""reachmmval"", ""instdateval"", ""fwversionval"", ""ctrltypeval""], ""removed"": [], ""removed_count"": 0}, ""robot_record"": {""added"": [{""botcode"": ""RB3-CHAIN-047"", ""recreg"": ""R3CHAIN047"", ""rects"": ""2026-07-30 18:47:00""}], ""added_count"": 1, ""columns"": [""recreg"", ""rects"", ""botcode""], ""removed"": [], ""removed_count"": 0}}","{""robot_record"": {""added"": [{""botcode"": ""The"", ""recreg"": ""In"", ""rects"": ""no""}], ""added_count"": 1, ""columns"": [""recreg"", ""rects"", ""botcode""], ""removed"": [], ""removed_count"": 0}}","{""robot_details"": {""columns"": [""botdetreg"", ""mfgnameval"", ""modelseriesval"", ""bottypeval"", ""payloadcapkg"", ""reachmmval"", ""instdateval"", ""fwversionval"", ""ctrltypeval""], ""extra_count"": 0, ""extra_in_prediction"": [], ""missing_count"": 1, ""missing_from_prediction"": [{""botdetreg"": ""R3CHAIN047"", ""bottypeval"": null, ""ctrltypeval"": null, ""fwversionval"": null, ""instdateval"": null, ""mfgnameval"": ""ABB"", ""modelseriesval"": ""Series_R3_047"", ""payloadcapkg"": 42.5, ""reachmmval"": 1847}]}, ""robot_record"": {""columns"": [""recreg"", ""rects"", ""botcode""], ""extra_count"": 1, ""extra_in_prediction"": [{""botcode"": ""The"", ""recreg"": ""In"", ""rects"": ""no""}], ""missing_count"": 1, ""missing_from_prediction"": [{""botcode"": ""RB3-CHAIN-047"", ""recreg"": ""R3CHAIN047"", ""rects"": ""2026-07-30 18:47:00""}]}}",COMPLETED,FREE_TEXT_EVIDENCE_AND_GROUP_PLANNING_ERROR,,"The request explicitly asks for two-table insert-ignore with an existing witness and a new robot_record/robot_details pair. The generated plan instead emits one plain-insert robot_record group using generic evidence tokens ('In', 'no', 'The') and omits the robot_details group. The resulting wrong row and missing child are caused by free-text evidence grounding plus target-group/semantic planning failure."
final_robot_048,robot,free_text,upsert_update,CONFLICT_AMBIGUITY,verification,CONFLICT_MISSING,Conflict behavior is ambiguous; the fail-closed policy abstains.,REPRESENTATION_LIMITATION,0,,{},{},{},COMPLETED,CONFLICT_SEMANTICS_PLANNING_ERROR,RESOLVABLE_FROM_INPUT,"The request explicitly specifies upsert/do-update behavior, the conflict target(s), and the allowed update column set(s). The sample metadata records semantics_explicit_in_request=True and semantics_source='request', and manual inspection of input_text confirms that the conflict policy is stated directly. Gold conflict semantics: robot_record: action=do_update; target=recreg; updates=rects,botcode || robot_details: action=do_update; target=botdetreg; updates=mfgnameval,modelseriesval,payloadcapkg,fwversionval || operation: action=do_update; target=operreg; updates=totopshrval,apptypeval,currprogval,progcyclecount,cycletimesecval || actuation_data: action=do_update; target=actreg; updates=tcpxval,tcpyval,tcpzval,tcpspeedval,pathaccmmval,poserrmmval. Nevertheless, the MP-FS+ generated/parsed plan emits write_semantics='needs_clarification' with no usable conflict target/update-column decision, causing the fail-closed verifier to abstain. Therefore the case is RESOLVABLE_FROM_INPUT, not truly ambiguous. The verifier is behaving consistently with the malformed/underspecified plan; the primary failure is upstream conflict-semantics planning/extraction."
final_robot_056,robot,semi_structured,insert_ignore,BYPASS_RECOVERABLE;CONTROL_FIELD_OPERATION,materialization,VALUE_MISSING,Source field 'operation' is neither mapped nor justified.,BYPASS_RECOVERABLE_MATERIALIZATION,1,,{},{},{},COMPLETED,CONTROL_FIELD_POLICY_ERROR,,"Evidence audit: first rejection is a CONTROL_FIELD_POLICY_ERROR. The top-level source field 'operation' explicitly specifies write semantics and is control/instruction metadata, not a payload column to be written; the materialization/provenance coverage rule nevertheless requires it to be mapped or justified. Control block fields observed: operation, table, conflict_target, update_columns, policy. The parsed write_semantics is 'plain_insert' while the explicit request is 'insert_ignore'; however the materialized table/rows/conflict semantics match the gold plan after scalar type normalization. Thus the control-field policy is the observed first blocker, but the parsed-plan inconsistency means an operation-only causal rescue should not be claimed without an isolated rerun."
final_robot_057,robot,semi_structured,upsert_update,BYPASS_RECOVERABLE;CONTROL_FIELD_OPERATION,materialization,VALUE_MISSING,Source field 'operation' is neither mapped nor justified.,BYPASS_RECOVERABLE_MATERIALIZATION,1,,{},{},{},COMPLETED,CONTROL_FIELD_POLICY_ERROR,,"Evidence audit: first rejection is a CONTROL_FIELD_POLICY_ERROR. The top-level source field 'operation' explicitly specifies write semantics and is control/instruction metadata, not a payload column to be written; the materialization/provenance coverage rule nevertheless requires it to be mapped or justified. Control block fields observed: operation, table, conflict_target, update_columns, policy. The parsed write_semantics is 'needs_clarification' while the explicit request is 'upsert_update'; however the materialized table/rows/conflict semantics match the gold plan after scalar type normalization. Thus the control-field policy is the observed first blocker, but the parsed-plan inconsistency means an operation-only causal rescue should not be claimed without an isolated rerun."
final_vaccine_001,vaccine,free_text,plain_insert,DATE_NORMALIZATION,materialization,VALUE_NORMALIZATION_ERROR,Value is not a supported unambiguous date.,MATERIALIZATION_ERROR,0,,{},{},{},COMPLETED,DATE_NORMALIZATION_POLICY_ERROR,,The request explicitly provides shipment timestamp '2026-07-30 09:15:00' and the gold SQL preserves it exactly. The only recorded validation error is rejection by iso_date_normalization. This is a clean date-normalization blocker.
final_vaccine_002,vaccine,free_text,insert_ignore,DATE_NORMALIZATION,materialization,VALUE_NORMALIZATION_ERROR,Value is not a supported unambiguous date.,MATERIALIZATION_ERROR,0,,{},{},{},COMPLETED,DATE_NORMALIZATION_AND_EVIDENCE_SPAN_ERROR,,"This sample has two distinct date-related problems. One timemark is sourced from evidence whose raw value is the word 'Attempt', which is an evidence-span/value selection error rather than date ambiguity. A second explicit timestamp '2026-07-30 10:02:00' is correctly present in the request and gold SQL but is also rejected by iso_date_normalization. The candidate additionally has an identifier/TEXT normalization error for raw value '180'. A single date-parser change is therefore insufficient to explain or recover the whole candidate."
final_vaccine_005,vaccine,semi_structured,insert_ignore,CONFLICT_AMBIGUITY,verification,CONFLICT_MISSING,Conflict behavior is ambiguous; the fail-closed policy abstains.,REPRESENTATION_LIMITATION,0,,{},{},{},COMPLETED,CONFLICT_SEMANTICS_PLANNING_ERROR,RESOLVABLE_FROM_INPUT,"The request explicitly specifies insert-ignore/do-nothing behavior and identifies the conflict key(s); conflicting rows must remain unchanged. The sample metadata records semantics_explicit_in_request=True and semantics_source='request', and manual inspection of input_text confirms that the conflict policy is stated directly. Gold conflict semantics: shipments: action=do_nothing; target=shipmentregistry; updates=<none> || container: action=do_nothing; target=containregistry; updates=<none> || transportinfo: action=do_nothing; target=vehiclereg; updates=<none> || datalogger: action=do_nothing; target=loggerreg; updates=<none> || sensordata: action=do_nothing; target=sensortrack; updates=<none> || vaccinedetails: action=do_nothing; target=vacregistry; updates=<none>. Nevertheless, the MP-FS+ generated/parsed plan emits write_semantics='needs_clarification' with no usable conflict target/update-column decision, causing the fail-closed verifier to abstain. Therefore the case is RESOLVABLE_FROM_INPUT, not truly ambiguous. The verifier is behaving consistently with the malformed/underspecified plan; the primary failure is upstream conflict-semantics planning/extraction."
final_vaccine_011,vaccine,semi_structured,insert_ignore,BYPASS_RECOVERABLE;CONTROL_FIELD_OPERATION,materialization,VALUE_MISSING,Source field 'operation' is neither mapped nor justified.,BYPASS_RECOVERABLE_MATERIALIZATION,1,,{},{},{},COMPLETED,CONTROL_FIELD_POLICY_ERROR,,"Evidence audit: first rejection is a CONTROL_FIELD_POLICY_ERROR. The top-level source field 'operation' explicitly specifies write semantics and is control/instruction metadata, not a payload column to be written; the materialization/provenance coverage rule nevertheless requires it to be mapped or justified. Control block fields observed: operation, table, conflict_target, conflict_action. The parsed write_semantics is 'plain_insert' while the explicit request is 'insert_ignore'; however the materialized table/rows/conflict semantics match the gold plan after scalar type normalization. Thus the control-field policy is the observed first blocker, but the parsed-plan inconsistency means an operation-only causal rescue should not be claimed without an isolated rerun."
final_vaccine_012,vaccine,semi_structured,upsert_update,BYPASS_RECOVERABLE;CONTROL_FIELD_OPERATION,materialization,VALUE_MISSING,Source field 'operation' is neither mapped nor justified.,BYPASS_RECOVERABLE_MATERIALIZATION,1,,{},{},{},COMPLETED,CONTROL_FIELD_POLICY_ERROR,,"Evidence audit: first rejection is a CONTROL_FIELD_POLICY_ERROR. The top-level source field 'operation' explicitly specifies write semantics and is control/instruction metadata, not a payload column to be written; the materialization/provenance coverage rule nevertheless requires it to be mapped or justified. Control block fields observed: operation, table, conflict_target, update_columns, relationship_columns_not_to_update. In addition, the materialized plan has a latent semantic mismatch relative to gold (extra update columns: containlink, vehsenseref). Therefore this sample confirms the control-field policy defect as the first rejection, but it is NOT evidence that fixing control-field coverage alone would recover final correctness."
final_vaccine_016,vaccine,free_text,plain_insert,DATE_NORMALIZATION,materialization,VALUE_NORMALIZATION_ERROR,Value is not a supported unambiguous date.,MATERIALIZATION_ERROR,0,,{},{},{},COMPLETED,DATE_NORMALIZATION_POLICY_ERROR,,"The explicit request/gold timestamps '2026-07-30 16:16:00' and '2026-07-30 22:45:00' are both rejected by iso_date_normalization. The source values are directly specified, so this is not source ambiguity. The same candidate also has UNKNOWN_EVIDENCE_ID, many UNKNOWN_COLUMN_ID errors, and other normalization errors; date handling is only one component of the failure."
final_vaccine_021,vaccine,semi_structured,upsert_update,CONFLICT_AMBIGUITY,verification,CONFLICT_MISSING,Conflict behavior is ambiguous; the fail-closed policy abstains.,REPRESENTATION_LIMITATION,0,,{},{},{},COMPLETED,CONFLICT_SEMANTICS_PLANNING_ERROR,RESOLVABLE_FROM_INPUT,"The request explicitly specifies upsert/do-update behavior, the conflict target(s), and the allowed update column set(s). The sample metadata records semantics_explicit_in_request=True and semantics_source='request', and manual inspection of input_text confirms that the conflict policy is stated directly. Gold conflict semantics: shipments: action=do_update; target=shipmentregistry; updates=routealign,qualcheck,handlingguide || container: action=do_update; target=containregistry; updates=containflag,coolremainpct,batterypct || transportinfo: action=do_update; target=vehiclereg; updates=speedkm,currentsite,distleftkm,gpsflag. Nevertheless, the MP-FS+ generated/parsed plan emits write_semantics='needs_clarification' with no usable conflict target/update-column decision, causing the fail-closed verifier to abstain. Therefore the case is RESOLVABLE_FROM_INPUT, not truly ambiguous. The verifier is behaving consistently with the malformed/underspecified plan; the primary failure is upstream conflict-semantics planning/extraction."
final_vaccine_025,vaccine,semi_structured,plain_insert,BYPASS_RECOVERABLE;CONTROL_FIELD_OPERATION,materialization,VALUE_MISSING,Source field 'operation' is neither mapped nor justified.,BYPASS_RECOVERABLE_MATERIALIZATION,1,,{},{},{},COMPLETED,CONTROL_FIELD_POLICY_ERROR,,"Evidence audit: first rejection is a CONTROL_FIELD_POLICY_ERROR. The top-level source field 'operation' explicitly specifies write semantics and is control/instruction metadata, not a payload column to be written; the materialization/provenance coverage rule nevertheless requires it to be mapped or justified. Control block fields observed: operation, policy. In addition, the materialized plan has a latent semantic mismatch relative to gold (conflict action do_update != gold error; conflict target ['vacregistry'] != gold []; extra update columns: vacvariant, mfgsource, batchlabel, prodday, expireday, lotmeasure, vialtally, dosepervial, dosetotal, shipinject, containvac). Therefore this sample confirms the control-field policy defect as the first rejection, but it is NOT evidence that fixing control-field coverage alone would recover final correctness."
final_vaccine_026,vaccine,semi_structured,insert_ignore,BYPASS_RECOVERABLE;CONTROL_FIELD_OPERATION,materialization,VALUE_MISSING,Source field 'operation' is neither mapped nor justified.,BYPASS_RECOVERABLE_MATERIALIZATION,1,,{},{},{},COMPLETED,CONTROL_FIELD_POLICY_ERROR,,"Evidence audit: first rejection is a CONTROL_FIELD_POLICY_ERROR. The top-level source field 'operation' explicitly specifies write semantics and is control/instruction metadata, not a payload column to be written; the materialization/provenance coverage rule nevertheless requires it to be mapped or justified. Control block fields observed: operation, policy. The parsed write_semantics is 'plain_insert' while the explicit request is 'insert_ignore'; however the materialized table/rows/conflict semantics match the gold plan after scalar type normalization. Thus the control-field policy is the observed first blocker, but the parsed-plan inconsistency means an operation-only causal rescue should not be claimed without an isolated rerun."
final_vaccine_031,vaccine,free_text,plain_insert,DATE_NORMALIZATION,materialization,VALUE_NORMALIZATION_ERROR,Value is not a supported unambiguous date.,MATERIALIZATION_ERROR,0,,{},{},{},COMPLETED,DATE_NORMALIZATION_POLICY_ERROR,,"The request explicitly provides shipment timestamp '2026-07-30 20:31:00' and the gold SQL uses the same value, but iso_date_normalization rejects it. The candidate also contains a very large number of UNKNOWN_COLUMN_ID errors, so this is not a date-only failure and date normalization alone cannot be credited with recovery."
final_vaccine_035,vaccine,semi_structured,insert_ignore,CONFLICT_AMBIGUITY,verification,CONFLICT_MISSING,Conflict behavior is ambiguous; the fail-closed policy abstains.,REPRESENTATION_LIMITATION,0,,{},{},{},COMPLETED,CONFLICT_SEMANTICS_PLANNING_ERROR,RESOLVABLE_FROM_INPUT,"The request explicitly specifies insert-ignore/do-nothing behavior and identifies the conflict key(s); conflicting rows must remain unchanged. The sample metadata records semantics_explicit_in_request=True and semantics_source='request', and manual inspection of input_text confirms that the conflict policy is stated directly. Gold conflict semantics: shipments: action=do_nothing; target=shipmentregistry; updates=<none> || container: action=do_nothing; target=containregistry; updates=<none>. Nevertheless, the MP-FS+ generated/parsed plan emits write_semantics='needs_clarification' with no usable conflict target/update-column decision, causing the fail-closed verifier to abstain. Therefore the case is RESOLVABLE_FROM_INPUT, not truly ambiguous. The verifier is behaving consistently with the malformed/underspecified plan; the primary failure is upstream conflict-semantics planning/extraction."
final_vaccine_040,vaccine,semi_structured,plain_insert,EXECUTED_BUT_WRONG;STATE_MISMATCH,state_mismatch,STATE_MISSING_ROW,wrong_state,FINAL_STATE_MISMATCH,,STATE_MISSING_ROW,"{""shipments"": {""added"": [{""contamlevel"": ""High"", ""customsflag"": ""In Process"", ""exppermitref"": null, ""generalnote"": null, ""handlingguide"": ""Urgent"", ""imppermitref"": null, ""insureflag"": null, ""insureref"": null, ""integritymark"": ""Intact"", ""packagestate"": ""Poor"", ""qualcheck"": ""Failed"", ""regprofile"": null, ""routealign"": ""Deviation"", ""sealflag"": ""Broken"", ""sealref"": null, ""shipmentregistry"": ""VSVAC20403"", ""sterilemark"": ""Compromised"", ""storagepose"": ""Not Specified"", ""tampersign"": null, ""timemark"": ""2026-07-23 11:40:00""}, {""contamlevel"": ""High"", ""customsflag"": ""In Process"", ""exppermitref"": null, ""generalnote"": null, ""handlingguide"": ""Urgent"", ""imppermitref"": null, ""insureflag"": null, ""insureref"": null, ""integritymark"": ""Under Investigation"", ""packagestate"": ""Poor"", ""qualcheck"": ""Failed"", ""regprofile"": null, ""routealign"": ""Deviation"", ""sealflag"": ""Broken"", ""sealref"": null, ""shipmentregistry"": ""VSVAC20406"", ""sterilemark"": ""Compromised"", ""storagepose"": ""Not Specified"", ""tampersign"": null, ""timemark"": ""2026-07-26 14:40:00""}, {""contamlevel"": ""Low"", ""customsflag"": ""Cleared"", ""exppermitref"": null, ""generalnote"": null, ""handlingguide"": ""Standard"", ""imppermitref"": null, ""insureflag"": null, ""insureref"": null, ""integritymark"": ""Intact"", ""packagestate"": ""Excellent"", ""qualcheck"": ""Passed"", ""regprofile"": null, ""routealign"": ""Compliant"", ""sealflag"": ""Intact"", ""sealref"": null, ""shipmentregistry"": ""VSVAC20401"", ""sterilemark"": ""Maintained"", ""storagepose"": ""Upright"", ""tampersign"": null, ""timemark"": ""2026-07-21 09:40:00""}, {""contamlevel"": ""Low"", ""customsflag"": ""Cleared"", ""exppermitref"": null, ""generalnote"": null, ""handlingguide"": ""Standard"", ""imppermitref"": null, ""insureflag"": null, ""insureref"": null, ""integritymark"": ""Intact"", ""packagestate"": ""Excellent"", ""qualcheck"": ""Passed"", ""regprofile"": null, ""routealign"": ""Compliant"", ""sealflag"": ""Intact"", ""sealref"": null, ""shipmentregistry"": ""VSVAC20407"", ""sterilemark"": ""Maintained"", ""storagepose"": ""Upright"", ""tampersign"": null, ""timemark"": ""2026-07-27 15:40:00""}, {""contamlevel"": ""Low"", ""customsflag"": ""Cleared"", ""exppermitref"": null, ""generalnote"": null, ""handlingguide"": ""Standard"", ""imppermitref"": null, ""insureflag"": null, ""insureref"": null, ""integritymark"": ""Under Investigation"", ""packagestate"": ""Excellent"", ""qualcheck"": ""Passed"", ""regprofile"": null, ""routealign"": ""Compliant"", ""sealflag"": ""Intact"", ""sealref"": null, ""shipmentregistry"": ""VSVAC20404"", ""sterilemark"": ""Maintained"", ""storagepose"": ""Upright"", ""tampersign"": null, ""timemark"": ""2026-07-24 12:40:00""}, {""contamlevel"": ""Medium"", ""customsflag"": ""Pending"", ""exppermitref"": null, ""generalnote"": null, ""handlingguide"": ""Special Care"", ""imppermitref"": null, ""insureflag"": null, ""insureref"": null, ""integritymark"": ""Intact"", ""packagestate"": ""Fair"", ""qualcheck"": ""Pending"", ""regprofile"": null, ""routealign"": ""Under Review"", ""sealflag"": ""Missing"", ""sealref"": null, ""shipmentregistry"": ""VSVAC20405"", ""sterilemark"": ""Unknown"", ""storagepose"": ""Horizontal"", ""tampersign"": null, ""timemark"": ""2026-07-25 13:40:00""}, {""contamlevel"": ""Medium"", ""customsflag"": ""Pending"", ""exppermitref"": null, ""generalnote"": null, ""handlingguide"": ""Special Care"", ""imppermitref"": null, ""insureflag"": null, ""insureref"": null, ""integritymark"": ""Under Investigation"", ""packagestate"": ""Fair"", ""qualcheck"": ""Pending"", ""regprofile"": null, ""routealign"": ""Under Review"", ""sealflag"": ""Missing"", ""sealref"": null, ""shipmentregistry"": ""VSVAC20402"", ""sterilemark"": ""Unknown"", ""storagepose"": ""Horizontal"", ""tampersign"": null, ""timemark"": ""2026-07-22 10:40:00""}, {""contamlevel"": ""Medium"", ""customsflag"": ""Pending"", ""exppermitref"": null, ""generalnote"": null, ""handlingguide"": ""Special Care"", ""imppermitref"": null, ""insureflag"": null, ""insureref"": null, ""integritymark"": ""Under Investigation"", ""packagestate"": ""Fair"", ""qualcheck"": ""Pending"", ""regprofile"": null, ""routealign"": ""Under Review"", ""sealflag"": ""Missing"", ""sealref"": null, ""shipmentregistry"": ""VSVAC20408"", ""sterilemark"": ""Unknown"", ""storagepose"": ""Horizontal"", ""tampersign"": null, ""timemark"": ""2026-07-28 16:40:00""}], ""added_count"": 8, ""columns"": [""shipmentregistry"", ""timemark"", ""routealign"", ""customsflag"", ""imppermitref"", ""exppermitref"", ""regprofile"", ""insureflag"", ""insureref"", ""qualcheck"", ""integritymark"", ""contamlevel"", ""sterilemark"", ""packagestate"", ""sealflag"", ""sealref"", ""tampersign"", ""handlingguide"", ""storagepose"", ""generalnote""], ""removed"": [], ""removed_count"": 0}}","{""shipments"": {""added"": [{""contamlevel"": ""Fair"", ""customsflag"": ""VSVAC20408"", ""exppermitref"": ""Under Review"", ""generalnote"": null, ""handlingguide"": null, ""imppermitref"": ""2026-07-28 16:40:00"", ""insureflag"": ""Pending"", ""insureref"": ""Under Investigation"", ""integritymark"": ""Unknown"", ""packagestate"": ""Special Care"", ""qualcheck"": ""Medium"", ""regprofile"": ""Pending"", ""routealign"": ""8"", ""sealflag"": ""Horizontal"", ""sealref"": null, ""shipmentregistry"": ""all eight shipmentregistry values are new; use no conflict target or update columns and raise an error on any unexpected conflict"", ""sterilemark"": ""Missing"", ""storagepose"": null, ""tampersign"": null, ""timemark"": ""shipments""}], ""added_count"": 1, ""columns"": [""shipmentregistry"", ""timemark"", ""routealign"", ""customsflag"", ""imppermitref"", ""exppermitref"", ""regprofile"", ""insureflag"", ""insureref"", ""qualcheck"", ""integritymark"", ""contamlevel"", ""sterilemark"", ""packagestate"", ""sealflag"", ""sealref"", ""tampersign"", ""handlingguide"", ""storagepose"", ""generalnote""], ""removed"": [], ""removed_count"": 0}}","{""shipments"": {""columns"": [""shipmentregistry"", ""timemark"", ""routealign"", ""customsflag"", ""imppermitref"", ""exppermitref"", ""regprofile"", ""insureflag"", ""insureref"", ""qualcheck"", ""integritymark"", ""contamlevel"", ""sterilemark"", ""packagestate"", ""sealflag"", ""sealref"", ""tampersign"", ""handlingguide"", ""storagepose"", ""generalnote""], ""extra_count"": 1, ""extra_in_prediction"": [{""contamlevel"": ""Fair"", ""customsflag"": ""VSVAC20408"", ""exppermitref"": ""Under Review"", ""generalnote"": null, ""handlingguide"": null, ""imppermitref"": ""2026-07-28 16:40:00"", ""insureflag"": ""Pending"", ""insureref"": ""Under Investigation"", ""integritymark"": ""Unknown"", ""packagestate"": ""Special Care"", ""qualcheck"": ""Medium"", ""regprofile"": ""Pending"", ""routealign"": ""8"", ""sealflag"": ""Horizontal"", ""sealref"": null, ""shipmentregistry"": ""all eight shipmentregistry values are new; use no conflict target or update columns and raise an error on any unexpected conflict"", ""sterilemark"": ""Missing"", ""storagepose"": null, ""tampersign"": null, ""timemark"": ""shipments""}], ""missing_count"": 8, ""missing_from_prediction"": [{""contamlevel"": ""High"", ""customsflag"": ""In Process"", ""exppermitref"": null, ""generalnote"": null, ""handlingguide"": ""Urgent"", ""imppermitref"": null, ""insureflag"": null, ""insureref"": null, ""integritymark"": ""Intact"", ""packagestate"": ""Poor"", ""qualcheck"": ""Failed"", ""regprofile"": null, ""routealign"": ""Deviation"", ""sealflag"": ""Broken"", ""sealref"": null, ""shipmentregistry"": ""VSVAC20403"", ""sterilemark"": ""Compromised"", ""storagepose"": ""Not Specified"", ""tampersign"": null, ""timemark"": ""2026-07-23 11:40:00""}, {""contamlevel"": ""High"", ""customsflag"": ""In Process"", ""exppermitref"": null, ""generalnote"": null, ""handlingguide"": ""Urgent"", ""imppermitref"": null, ""insureflag"": null, ""insureref"": null, ""integritymark"": ""Under Investigation"", ""packagestate"": ""Poor"", ""qualcheck"": ""Failed"", ""regprofile"": null, ""routealign"": ""Deviation"", ""sealflag"": ""Broken"", ""sealref"": null, ""shipmentregistry"": ""VSVAC20406"", ""sterilemark"": ""Compromised"", ""storagepose"": ""Not Specified"", ""tampersign"": null, ""timemark"": ""2026-07-26 14:40:00""}, {""contamlevel"": ""Low"", ""customsflag"": ""Cleared"", ""exppermitref"": null, ""generalnote"": null, ""handlingguide"": ""Standard"", ""imppermitref"": null, ""insureflag"": null, ""insureref"": null, ""integritymark"": ""Intact"", ""packagestate"": ""Excellent"", ""qualcheck"": ""Passed"", ""regprofile"": null, ""routealign"": ""Compliant"", ""sealflag"": ""Intact"", ""sealref"": null, ""shipmentregistry"": ""VSVAC20401"", ""sterilemark"": ""Maintained"", ""storagepose"": ""Upright"", ""tampersign"": null, ""timemark"": ""2026-07-21 09:40:00""}, {""contamlevel"": ""Low"", ""customsflag"": ""Cleared"", ""exppermitref"": null, ""generalnote"": null, ""handlingguide"": ""Standard"", ""imppermitref"": null, ""insureflag"": null, ""insureref"": null, ""integritymark"": ""Intact"", ""packagestate"": ""Excellent"", ""qualcheck"": ""Passed"", ""regprofile"": null, ""routealign"": ""Compliant"", ""sealflag"": ""Intact"", ""sealref"": null, ""shipmentregistry"": ""VSVAC20407"", ""sterilemark"": ""Maintained"", ""storagepose"": ""Upright"", ""tampersign"": null, ""timemark"": ""2026-07-27 15:40:00""}, {""contamlevel"": ""Low"", ""customsflag"": ""Cleared"", ""exppermitref"": null, ""generalnote"": null, ""handlingguide"": ""Standard"", ""imppermitref"": null, ""insureflag"": null, ""insureref"": null, ""integritymark"": ""Under Investigation"", ""packagestate"": ""Excellent"", ""qualcheck"": ""Passed"", ""regprofile"": null, ""routealign"": ""Compliant"", ""sealflag"": ""Intact"", ""sealref"": null, ""shipmentregistry"": ""VSVAC20404"", ""sterilemark"": ""Maintained"", ""storagepose"": ""Upright"", ""tampersign"": null, ""timemark"": ""2026-07-24 12:40:00""}, {""contamlevel"": ""Medium"", ""customsflag"": ""Pending"", ""exppermitref"": null, ""generalnote"": null, ""handlingguide"": ""Special Care"", ""imppermitref"": null, ""insureflag"": null, ""insureref"": null, ""integritymark"": ""Intact"", ""packagestate"": ""Fair"", ""qualcheck"": ""Pending"", ""regprofile"": null, ""routealign"": ""Under Review"", ""sealflag"": ""Missing"", ""sealref"": null, ""shipmentregistry"": ""VSVAC20405"", ""sterilemark"": ""Unknown"", ""storagepose"": ""Horizontal"", ""tampersign"": null, ""timemark"": ""2026-07-25 13:40:00""}, {""contamlevel"": ""Medium"", ""customsflag"": ""Pending"", ""exppermitref"": null, ""generalnote"": null, ""handlingguide"": ""Special Care"", ""imppermitref"": null, ""insureflag"": null, ""insureref"": null, ""integritymark"": ""Under Investigation"", ""packagestate"": ""Fair"", ""qualcheck"": ""Pending"", ""regprofile"": null, ""routealign"": ""Under Review"", ""sealflag"": ""Missing"", ""sealref"": null, ""shipmentregistry"": ""VSVAC20402"", ""sterilemark"": ""Unknown"", ""storagepose"": ""Horizontal"", ""tampersign"": null, ""timemark"": ""2026-07-22 10:40:00""}, {""contamlevel"": ""Medium"", ""customsflag"": ""Pending"", ""exppermitref"": null, ""generalnote"": null, ""handlingguide"": ""Special Care"", ""imppermitref"": null, ""insureflag"": null, ""insureref"": null, ""integritymark"": ""Under Investigation"", ""packagestate"": ""Fair"", ""qualcheck"": ""Pending"", ""regprofile"": null, ""routealign"": ""Under Review"", ""sealflag"": ""Missing"", ""sealref"": null, ""shipmentregistry"": ""VSVAC20408"", ""sterilemark"": ""Unknown"", ""storagepose"": ""Horizontal"", ""tampersign"": null, ""timemark"": ""2026-07-28 16:40:00""}]}}",COMPLETED,SOURCE_PARSER_ROW_SEGMENTATION_ERROR,,"The request contains eight explicit shipment rows, but the key-value parser collapses the repeated row blocks into one malformed collection. Control text and row-8 values become shifted across shipment columns, producing one bogus row and seven missing intended rows. This is a deterministic source row-segmentation/field-alignment failure."
final_vaccine_041,vaccine,semi_structured,insert_ignore,CONFLICT_AMBIGUITY,verification,CONFLICT_MISSING,Conflict behavior is ambiguous; the fail-closed policy abstains.,REPRESENTATION_LIMITATION,0,,{},{},{},COMPLETED,CONFLICT_SEMANTICS_PLANNING_ERROR,RESOLVABLE_FROM_INPUT,"The request explicitly specifies insert-ignore/do-nothing behavior and identifies the conflict key(s); conflicting rows must remain unchanged. The sample metadata records semantics_explicit_in_request=True and semantics_source='request', and manual inspection of input_text confirms that the conflict policy is stated directly. Gold conflict semantics: shipments: action=do_nothing; target=shipmentregistry; updates=<none>. Nevertheless, the MP-FS+ generated/parsed plan emits write_semantics='needs_clarification' with no usable conflict target/update-column decision, causing the fail-closed verifier to abstain. Therefore the case is RESOLVABLE_FROM_INPUT, not truly ambiguous. The verifier is behaving consistently with the malformed/underspecified plan; the primary failure is upstream conflict-semantics planning/extraction."
final_vaccine_045,vaccine,semi_structured,upsert_update,EXECUTED_BUT_WRONG;STATE_MISMATCH,state_mismatch,STATE_WRONG_VALUE,wrong_state,FINAL_STATE_MISMATCH,,STATE_WRONG_VALUE,"{""vaccinedetails"": {""added"": [{""batchlabel"": ""B14635"", ""containvac"": ""C10510"", ""dosepervial"": 5, ""dosetotal"": 38500, ""expireday"": ""2026-06-15"", ""lotmeasure"": 83066, ""mfgsource"": ""BioNTech"", ""prodday"": ""2024-11-15"", ""shipinject"": ""VS337175"", ""vacregistry"": 8, ""vacvariant"": ""Viral Vector"", ""vialtally"": 7700}, {""batchlabel"": ""B14726"", ""containvac"": ""C62575"", ""dosepervial"": 10, ""dosetotal"": 48000, ""expireday"": ""2026-01-05"", ""lotmeasure"": 50097, ""mfgsource"": ""Sinovac"", ""prodday"": ""2024-12-14"", ""shipinject"": ""VS113526"", ""vacregistry"": 1, ""vacvariant"": ""mRNA"", ""vialtally"": 4800}, {""batchlabel"": ""B17315"", ""containvac"": ""C43502"", ""dosepervial"": 5, ""dosetotal"": 8500, ""expireday"": ""2026-05-22"", ""lotmeasure"": 50326, ""mfgsource"": ""BioNTech"", ""prodday"": ""2024-11-13"", ""shipinject"": ""VS813069"", ""vacregistry"": 5, ""vacvariant"": ""Viral Vector"", ""vialtally"": 1700}, {""batchlabel"": ""B23036"", ""containvac"": ""C91684"", ""dosepervial"": 5, ""dosetotal"": 25500, ""expireday"": ""2026-09-05"", ""lotmeasure"": 79513, ""mfgsource"": ""AstraZeneca"", ""prodday"": ""2024-11-25"", ""shipinject"": ""VS229556"", ""vacregistry"": 6, ""vacvariant"": ""Protein Subunit"", ""vialtally"": 5100}, {""batchlabel"": ""B41679"", ""containvac"": ""C68974"", ""dosepervial"": 10, ""dosetotal"": 73000, ""expireday"": ""2025-08-31"", ""lotmeasure"": 23319, ""mfgsource"": ""Moderna"", ""prodday"": ""2024-11-14"", ""shipinject"": ""VS947527"", ""vacregistry"": 4, ""vacvariant"": ""mRNA"", ""vialtally"": 7300}, {""batchlabel"": ""B46385"", ""containvac"": ""C13929"", ""dosepervial"": 1, ""dosetotal"": 6400, ""expireday"": ""2026-06-06"", ""lotmeasure"": 25462, ""mfgsource"": ""AstraZeneca"", ""prodday"": ""2024-09-20"", ""shipinject"": ""VS971688"", ""vacregistry"": 3, ""vacvariant"": ""Inactivated"", ""vialtally"": 6400}, {""batchlabel"": ""B50823"", ""containvac"": ""C41964"", ""dosepervial"": 5, ""dosetotal"": 41500, ""expireday"": ""2026-04-29"", ""lotmeasure"": 4899, ""mfgsource"": ""AstraZeneca"", ""prodday"": ""2024-11-30"", ""shipinject"": ""VS587926"", ""vacregistry"": 7, ""vacvariant"": ""Inactivated"", ""vialtally"": 8300}, {""batchlabel"": ""B71663"", ""containvac"": ""C52903"", ""dosepervial"": 1, ""dosetotal"": 5600, ""expireday"": ""2026-11-20"", ""lotmeasure"": 84282, ""mfgsource"": ""Sinovac"", ""prodday"": ""2024-11-21"", ""shipinject"": ""VS255467"", ""vacregistry"": 2, ""vacvariant"": ""Protein Subunit"", ""vialtally"": 5600}], ""added_count"": 8, ""columns"": [""vacregistry"", ""vacvariant"", ""mfgsource"", ""batchlabel"", ""prodday"", ""expireday"", ""lotmeasure"", ""vialtally"", ""dosepervial"", ""dosetotal"", ""shipinject"", ""containvac""], ""removed"": [{""batchlabel"": ""B14635"", ""containvac"": ""C10510"", ""dosepervial"": 5, ""dosetotal"": 38325, ""expireday"": ""2026-06-15"", ""lotmeasure"": 83066, ""mfgsource"": ""BioNTech"", ""prodday"": ""2024-11-15"", ""shipinject"": ""VS337175"", ""vacregistry"": 8, ""vacvariant"": ""mRNA"", ""vialtally"": 7665}, {""batchlabel"": ""B14726"", ""containvac"": ""C62575"", ""dosepervial"": 10, ""dosetotal"": 47170, ""expireday"": ""2026-01-05"", ""lotmeasure"": 50097, ""mfgsource"": ""Sinovac"", ""prodday"": ""2024-12-14"", ""shipinject"": ""VS113526"", ""vacregistry"": 1, ""vacvariant"": ""Viral Vector"", ""vialtally"": 4717}, {""batchlabel"": ""B17315"", ""containvac"": ""C43502"", ""dosepervial"": 5, ""dosetotal"": 8280, ""expireday"": ""2026-05-22"", ""lotmeasure"": 50326, ""mfgsource"": ""BioNTech"", ""prodday"": ""2024-11-13"", ""shipinject"": ""VS813069"", ""vacregistry"": 5, ""vacvariant"": ""mRNA"", ""vialtally"": 1656}, {""batchlabel"": ""B23036"", ""containvac"": ""C91684"", ""dosepervial"": 5, ""dosetotal"": 25220, ""expireday"": ""2026-09-05"", ""lotmeasure"": 79513, ""mfgsource"": ""AstraZeneca"", ""prodday"": ""2024-11-25"", ""shipinject"": ""VS229556"", ""vacregistry"": 6, ""vacvariant"": ""Inactivated"", ""vialtally"": 5044}, {""batchlabel"": ""B41679"", ""containvac"": ""C68974"", ""dosepervial"": 10, ""dosetotal"": 72070, ""expireday"": ""2025-08-31"", ""lotmeasure"": 23319, ""mfgsource"": ""Moderna"", ""prodday"": ""2024-11-14"", ""shipinject"": ""VS947527"", ""vacregistry"": 4, ""vacvariant"": ""Viral Vector"", ""vialtally"": 7207}, {""batchlabel"": ""B46385"", ""containvac"": ""C13929"", ""dosepervial"": 1, ""dosetotal"": 6288, ""expireday"": ""2026-06-06"", ""lotmeasure"": 25462, ""mfgsource"": ""AstraZeneca"", ""prodday"": ""2024-09-20"", ""shipinject"": ""VS971688"", ""vacregistry"": 3, ""vacvariant"": ""mRNA"", ""vialtally"": 6288}, {""batchlabel"": ""B50823"", ""containvac"": ""C41964"", ""dosepervial"": 5, ""dosetotal"": 41195, ""expireday"": ""2026-04-29"", ""lotmeasure"": 4899, ""mfgsource"": ""AstraZeneca"", ""prodday"": ""2024-11-30"", ""shipinject"": ""VS587926"", ""vacregistry"": 7, ""vacvariant"": ""Protein Subunit"", ""vialtally"": 8239}, {""batchlabel"": ""B71663"", ""containvac"": ""C52903"", ""dosepervial"": 1, ""dosetotal"": 5457, ""expireday"": ""2026-11-20"", ""lotmeasure"": 84282, ""mfgsource"": ""Sinovac"", ""prodday"": ""2024-11-21"", ""shipinject"": ""VS255467"", ""vacregistry"": 2, ""vacvariant"": ""Viral Vector"", ""vialtally"": 5457}], ""removed_count"": 8}}","{""vaccinedetails"": {""added"": [{""batchlabel"": ""B14635"", ""containvac"": ""C10510"", ""dosepervial"": 5, ""dosetotal"": 38325, ""expireday"": ""2026-06-15"", ""lotmeasure"": 83066, ""mfgsource"": ""BioNTech"", ""prodday"": ""2024-11-15"", ""shipinject"": ""VS337175"", ""vacregistry"": 8, ""vacvariant"": ""Viral Vector"", ""vialtally"": 7665}, {""batchlabel"": ""B14726"", ""containvac"": ""C62575"", ""dosepervial"": 10, ""dosetotal"": 47170, ""expireday"": ""2026-01-05"", ""lotmeasure"": 50097, ""mfgsource"": ""Sinovac"", ""prodday"": ""2024-12-14"", ""shipinject"": ""VS113526"", ""vacregistry"": 1, ""vacvariant"": ""mRNA"", ""vialtally"": 4717}, {""batchlabel"": ""B17315"", ""containvac"": ""C43502"", ""dosepervial"": 5, ""dosetotal"": 8280, ""expireday"": ""2026-05-22"", ""lotmeasure"": 50326, ""mfgsource"": ""BioNTech"", ""prodday"": ""2024-11-13"", ""shipinject"": ""VS813069"", ""vacregistry"": 5, ""vacvariant"": ""Viral Vector"", ""vialtally"": 1656}, {""batchlabel"": ""B23036"", ""containvac"": ""C91684"", ""dosepervial"": 5, ""dosetotal"": 25220, ""expireday"": ""2026-09-05"", ""lotmeasure"": 79513, ""mfgsource"": ""AstraZeneca"", ""prodday"": ""2024-11-25"", ""shipinject"": ""VS229556"", ""vacregistry"": 6, ""vacvariant"": ""Protein Subunit"", ""vialtally"": 5044}, {""batchlabel"": ""B41679"", ""containvac"": ""C68974"", ""dosepervial"": 10, ""dosetotal"": 72070, ""expireday"": ""2025-08-31"", ""lotmeasure"": 23319, ""mfgsource"": ""Moderna"", ""prodday"": ""2024-11-14"", ""shipinject"": ""VS947527"", ""vacregistry"": 4, ""vacvariant"": ""mRNA"", ""vialtally"": 7207}, {""batchlabel"": ""B46385"", ""containvac"": ""C13929"", ""dosepervial"": 1, ""dosetotal"": 6288, ""expireday"": ""2026-06-06"", ""lotmeasure"": 25462, ""mfgsource"": ""AstraZeneca"", ""prodday"": ""2024-09-20"", ""shipinject"": ""VS971688"", ""vacregistry"": 3, ""vacvariant"": ""Inactivated"", ""vialtally"": 6288}, {""batchlabel"": ""B50823"", ""containvac"": ""C41964"", ""dosepervial"": 5, ""dosetotal"": 41195, ""expireday"": ""2026-04-29"", ""lotmeasure"": 4899, ""mfgsource"": ""AstraZeneca"", ""prodday"": ""2024-11-30"", ""shipinject"": ""VS587926"", ""vacregistry"": 7, ""vacvariant"": ""Inactivated"", ""vialtally"": 8239}, {""batchlabel"": ""B71663"", ""containvac"": ""C52903"", ""dosepervial"": 1, ""dosetotal"": 5457, ""expireday"": ""2026-11-20"", ""lotmeasure"": 84282, ""mfgsource"": ""Sinovac"", ""prodday"": ""2024-11-21"", ""shipinject"": ""VS255467"", ""vacregistry"": 2, ""vacvariant"": ""Protein Subunit"", ""vialtally"": 5457}], ""added_count"": 8, ""columns"": [""vacregistry"", ""vacvariant"", ""mfgsource"", ""batchlabel"", ""prodday"", ""expireday"", ""lotmeasure"", ""vialtally"", ""dosepervial"", ""dosetotal"", ""shipinject"", ""containvac""], ""removed"": [{""batchlabel"": ""B14635"", ""containvac"": ""C10510"", ""dosepervial"": 5, ""dosetotal"": 38325, ""expireday"": ""2026-06-15"", ""lotmeasure"": 83066, ""mfgsource"": ""BioNTech"", ""prodday"": ""2024-11-15"", ""shipinject"": ""VS337175"", ""vacregistry"": 8, ""vacvariant"": ""mRNA"", ""vialtally"": 7665}, {""batchlabel"": ""B14726"", ""containvac"": ""C62575"", ""dosepervial"": 10, ""dosetotal"": 47170, ""expireday"": ""2026-01-05"", ""lotmeasure"": 50097, ""mfgsource"": ""Sinovac"", ""prodday"": ""2024-12-14"", ""shipinject"": ""VS113526"", ""vacregistry"": 1, ""vacvariant"": ""Viral Vector"", ""vialtally"": 4717}, {""batchlabel"": ""B17315"", ""containvac"": ""C43502"", ""dosepervial"": 5, ""dosetotal"": 8280, ""expireday"": ""2026-05-22"", ""lotmeasure"": 50326, ""mfgsource"": ""BioNTech"", ""prodday"": ""2024-11-13"", ""shipinject"": ""VS813069"", ""vacregistry"": 5, ""vacvariant"": ""mRNA"", ""vialtally"": 1656}, {""batchlabel"": ""B23036"", ""containvac"": ""C91684"", ""dosepervial"": 5, ""dosetotal"": 25220, ""expireday"": ""2026-09-05"", ""lotmeasure"": 79513, ""mfgsource"": ""AstraZeneca"", ""prodday"": ""2024-11-25"", ""shipinject"": ""VS229556"", ""vacregistry"": 6, ""vacvariant"": ""Inactivated"", ""vialtally"": 5044}, {""batchlabel"": ""B41679"", ""containvac"": ""C68974"", ""dosepervial"": 10, ""dosetotal"": 72070, ""expireday"": ""2025-08-31"", ""lotmeasure"": 23319, ""mfgsource"": ""Moderna"", ""prodday"": ""2024-11-14"", ""shipinject"": ""VS947527"", ""vacregistry"": 4, ""vacvariant"": ""Viral Vector"", ""vialtally"": 7207}, {""batchlabel"": ""B46385"", ""containvac"": ""C13929"", ""dosepervial"": 1, ""dosetotal"": 6288, ""expireday"": ""2026-06-06"", ""lotmeasure"": 25462, ""mfgsource"": ""AstraZeneca"", ""prodday"": ""2024-09-20"", ""shipinject"": ""VS971688"", ""vacregistry"": 3, ""vacvariant"": ""mRNA"", ""vialtally"": 6288}, {""batchlabel"": ""B50823"", ""containvac"": ""C41964"", ""dosepervial"": 5, ""dosetotal"": 41195, ""expireday"": ""2026-04-29"", ""lotmeasure"": 4899, ""mfgsource"": ""AstraZeneca"", ""prodday"": ""2024-11-30"", ""shipinject"": ""VS587926"", ""vacregistry"": 7, ""vacvariant"": ""Protein Subunit"", ""vialtally"": 8239}, {""batchlabel"": ""B71663"", ""containvac"": ""C52903"", ""dosepervial"": 1, ""dosetotal"": 5457, ""expireday"": ""2026-11-20"", ""lotmeasure"": 84282, ""mfgsource"": ""Sinovac"", ""prodday"": ""2024-11-21"", ""shipinject"": ""VS255467"", ""vacregistry"": 2, ""vacvariant"": ""Viral Vector"", ""vialtally"": 5457}], ""removed_count"": 8}}","{""vaccinedetails"": {""columns"": [""vacregistry"", ""vacvariant"", ""mfgsource"", ""batchlabel"", ""prodday"", ""expireday"", ""lotmeasure"", ""vialtally"", ""dosepervial"", ""dosetotal"", ""shipinject"", ""containvac""], ""extra_count"": 8, ""extra_in_prediction"": [{""batchlabel"": ""B14635"", ""containvac"": ""C10510"", ""dosepervial"": 5, ""dosetotal"": 38325, ""expireday"": ""2026-06-15"", ""lotmeasure"": 83066, ""mfgsource"": ""BioNTech"", ""prodday"": ""2024-11-15"", ""shipinject"": ""VS337175"", ""vacregistry"": 8, ""vacvariant"": ""Viral Vector"", ""vialtally"": 7665}, {""batchlabel"": ""B14726"", ""containvac"": ""C62575"", ""dosepervial"": 10, ""dosetotal"": 47170, ""expireday"": ""2026-01-05"", ""lotmeasure"": 50097, ""mfgsource"": ""Sinovac"", ""prodday"": ""2024-12-14"", ""shipinject"": ""VS113526"", ""vacregistry"": 1, ""vacvariant"": ""mRNA"", ""vialtally"": 4717}, {""batchlabel"": ""B17315"", ""containvac"": ""C43502"", ""dosepervial"": 5, ""dosetotal"": 8280, ""expireday"": ""2026-05-22"", ""lotmeasure"": 50326, ""mfgsource"": ""BioNTech"", ""prodday"": ""2024-11-13"", ""shipinject"": ""VS813069"", ""vacregistry"": 5, ""vacvariant"": ""Viral Vector"", ""vialtally"": 1656}, {""batchlabel"": ""B23036"", ""containvac"": ""C91684"", ""dosepervial"": 5, ""dosetotal"": 25220, ""expireday"": ""2026-09-05"", ""lotmeasure"": 79513, ""mfgsource"": ""AstraZeneca"", ""prodday"": ""2024-11-25"", ""shipinject"": ""VS229556"", ""vacregistry"": 6, ""vacvariant"": ""Protein Subunit"", ""vialtally"": 5044}, {""batchlabel"": ""B41679"", ""containvac"": ""C68974"", ""dosepervial"": 10, ""dosetotal"": 72070, ""expireday"": ""2025-08-31"", ""lotmeasure"": 23319, ""mfgsource"": ""Moderna"", ""prodday"": ""2024-11-14"", ""shipinject"": ""VS947527"", ""vacregistry"": 4, ""vacvariant"": ""mRNA"", ""vialtally"": 7207}, {""batchlabel"": ""B46385"", ""containvac"": ""C13929"", ""dosepervial"": 1, ""dosetotal"": 6288, ""expireday"": ""2026-06-06"", ""lotmeasure"": 25462, ""mfgsource"": ""AstraZeneca"", ""prodday"": ""2024-09-20"", ""shipinject"": ""VS971688"", ""vacregistry"": 3, ""vacvariant"": ""Inactivated"", ""vialtally"": 6288}, {""batchlabel"": ""B50823"", ""containvac"": ""C41964"", ""dosepervial"": 5, ""dosetotal"": 41195, ""expireday"": ""2026-04-29"", ""lotmeasure"": 4899, ""mfgsource"": ""AstraZeneca"", ""prodday"": ""2024-11-30"", ""shipinject"": ""VS587926"", ""vacregistry"": 7, ""vacvariant"": ""Inactivated"", ""vialtally"": 8239}, {""batchlabel"": ""B71663"", ""containvac"": ""C52903"", ""dosepervial"": 1, ""dosetotal"": 5457, ""expireday"": ""2026-11-20"", ""lotmeasure"": 84282, ""mfgsource"": ""Sinovac"", ""prodday"": ""2024-11-21"", ""shipinject"": ""VS255467"", ""vacregistry"": 2, ""vacvariant"": ""Protein Subunit"", ""vialtally"": 5457}], ""missing_count"": 8, ""missing_from_prediction"": [{""batchlabel"": ""B14635"", ""containvac"": ""C10510"", ""dosepervial"": 5, ""dosetotal"": 38500, ""expireday"": ""2026-06-15"", ""lotmeasure"": 83066, ""mfgsource"": ""BioNTech"", ""prodday"": ""2024-11-15"", ""shipinject"": ""VS337175"", ""vacregistry"": 8, ""vacvariant"": ""Viral Vector"", ""vialtally"": 7700}, {""batchlabel"": ""B14726"", ""containvac"": ""C62575"", ""dosepervial"": 10, ""dosetotal"": 48000, ""expireday"": ""2026-01-05"", ""lotmeasure"": 50097, ""mfgsource"": ""Sinovac"", ""prodday"": ""2024-12-14"", ""shipinject"": ""VS113526"", ""vacregistry"": 1, ""vacvariant"": ""mRNA"", ""vialtally"": 4800}, {""batchlabel"": ""B17315"", ""containvac"": ""C43502"", ""dosepervial"": 5, ""dosetotal"": 8500, ""expireday"": ""2026-05-22"", ""lotmeasure"": 50326, ""mfgsource"": ""BioNTech"", ""prodday"": ""2024-11-13"", ""shipinject"": ""VS813069"", ""vacregistry"": 5, ""vacvariant"": ""Viral Vector"", ""vialtally"": 1700}, {""batchlabel"": ""B23036"", ""containvac"": ""C91684"", ""dosepervial"": 5, ""dosetotal"": 25500, ""expireday"": ""2026-09-05"", ""lotmeasure"": 79513, ""mfgsource"": ""AstraZeneca"", ""prodday"": ""2024-11-25"", ""shipinject"": ""VS229556"", ""vacregistry"": 6, ""vacvariant"": ""Protein Subunit"", ""vialtally"": 5100}, {""batchlabel"": ""B41679"", ""containvac"": ""C68974"", ""dosepervial"": 10, ""dosetotal"": 73000, ""expireday"": ""2025-08-31"", ""lotmeasure"": 23319, ""mfgsource"": ""Moderna"", ""prodday"": ""2024-11-14"", ""shipinject"": ""VS947527"", ""vacregistry"": 4, ""vacvariant"": ""mRNA"", ""vialtally"": 7300}, {""batchlabel"": ""B46385"", ""containvac"": ""C13929"", ""dosepervial"": 1, ""dosetotal"": 6400, ""expireday"": ""2026-06-06"", ""lotmeasure"": 25462, ""mfgsource"": ""AstraZeneca"", ""prodday"": ""2024-09-20"", ""shipinject"": ""VS971688"", ""vacregistry"": 3, ""vacvariant"": ""Inactivated"", ""vialtally"": 6400}, {""batchlabel"": ""B50823"", ""containvac"": ""C41964"", ""dosepervial"": 5, ""dosetotal"": 41500, ""expireday"": ""2026-04-29"", ""lotmeasure"": 4899, ""mfgsource"": ""AstraZeneca"", ""prodday"": ""2024-11-30"", ""shipinject"": ""VS587926"", ""vacregistry"": 7, ""vacvariant"": ""Inactivated"", ""vialtally"": 8300}, {""batchlabel"": ""B71663"", ""containvac"": ""C52903"", ""dosepervial"": 1, ""dosetotal"": 5600, ""expireday"": ""2026-11-20"", ""lotmeasure"": 84282, ""mfgsource"": ""Sinovac"", ""prodday"": ""2024-11-21"", ""shipinject"": ""VS255467"", ""vacregistry"": 2, ""vacvariant"": ""Protein Subunit"", ""vialtally"": 5600}]}}",COMPLETED,UPDATE_COLUMN_OMISSION_PLANNING_ERROR,,"The request explicitly says ON CONFLICT(vacregistry) update vacvariant, vialtally, and dosetotal. The materialized plan retains only vacvariant in update_columns. Existing rows therefore keep old vialtally/dosetotal values even though the incoming rows carry the requested new values. Root cause is omission of explicit update columns."
final_vaccine_048,vaccine,free_text,upsert_update,DATE_NORMALIZATION,materialization,VALUE_NORMALIZATION_ERROR,Value is not a supported unambiguous date.,MATERIALIZATION_ERROR,0,,{},{},{},COMPLETED,EVIDENCE_SPAN_SELECTION_ERROR,,"The failing timemark is sourced from evidence whose raw value is the word 'For'. The request does contain the intended timestamp '2024-07-17 11:50:00.095446', but the plan did not select that evidence for the date field. The fail-closed date normalizer is correct to reject 'For'; the primary issue here is evidence-span/value selection, not an overly strict date parser."
final_vaccine_057,vaccine,semi_structured,upsert_update,CONFLICT_AMBIGUITY,verification,CONFLICT_MISSING,Conflict behavior is ambiguous; the fail-closed policy abstains.,REPRESENTATION_LIMITATION,0,,{},{},{},COMPLETED,CONFLICT_SEMANTICS_PLANNING_ERROR,RESOLVABLE_FROM_INPUT,"The request explicitly specifies upsert/do-update behavior, the conflict target(s), and the allowed update column set(s). The sample metadata records semantics_explicit_in_request=True and semantics_source='request', and manual inspection of input_text confirms that the conflict policy is stated directly. Gold conflict semantics: datalogger: action=do_update; target=loggerreg; updates=logflag,datapct,syshealth. Nevertheless, the MP-FS+ generated/parsed plan emits write_semantics='needs_clarification' with no usable conflict target/update-column decision, causing the fail-closed verifier to abstain. Therefore the case is RESOLVABLE_FROM_INPUT, not truly ambiguous. The verifier is behaving consistently with the malformed/underspecified plan; the primary failure is upstream conflict-semantics planning/extraction."
final_vaccine_060,vaccine,semi_structured,upsert_update,EXECUTED_BUT_WRONG;STATE_MISMATCH,state_mismatch,STATE_WRONG_VALUE,wrong_state,FINAL_STATE_MISMATCH,,STATE_WRONG_VALUE,"{""container"": {""added"": [{""batterypct"": 88, ""containflag"": ""Active"", ""containmodel"": ""Ultra-Low Freezer"", ""containregistry"": ""C30955"", ""coolkind"": ""Phase Change Material"", ""coolmass"": 22, ""coolrefills"": 1, ""coolremainpct"": 79.4, ""masskg"": 34.5, ""pwrbackupflag"": ""Available"", ""pwrfeed"": ""Hybrid"", ""refilllatest"": ""2025-02-13"", ""refillnext"": ""2025-02-21"", ""shipown"": ""VS212183"", ""volliters"": 177}], ""added_count"": 1, ""columns"": [""containregistry"", ""containmodel"", ""volliters"", ""masskg"", ""containflag"", ""coolkind"", ""coolmass"", ""coolremainpct"", ""coolrefills"", ""refilllatest"", ""refillnext"", ""batterypct"", ""pwrfeed"", ""pwrbackupflag"", ""shipown""], ""removed"": [{""batterypct"": 21, ""containflag"": ""Delivered"", ""containmodel"": ""Ultra-Low Freezer"", ""containregistry"": ""C30955"", ""coolkind"": ""Phase Change Material"", ""coolmass"": 22, ""coolrefills"": 1, ""coolremainpct"": 61.1, ""masskg"": 34.5, ""pwrbackupflag"": ""In Use"", ""pwrfeed"": ""Hybrid"", ""refilllatest"": ""2025-02-13"", ""refillnext"": ""2025-02-21"", ""shipown"": ""VS212183"", ""volliters"": 177}], ""removed_count"": 1}}","{""container"": {""added"": [{""batterypct"": 21, ""containflag"": ""Active"", ""containmodel"": ""Ultra-Low Freezer"", ""containregistry"": ""C30955"", ""coolkind"": ""Phase Change Material"", ""coolmass"": 22, ""coolrefills"": 1, ""coolremainpct"": 61.1, ""masskg"": 34.5, ""pwrbackupflag"": ""In Use"", ""pwrfeed"": ""Hybrid"", ""refilllatest"": ""2025-02-13"", ""refillnext"": ""2025-02-21"", ""shipown"": ""VS212183"", ""volliters"": 177}], ""added_count"": 1, ""columns"": [""containregistry"", ""containmodel"", ""volliters"", ""masskg"", ""containflag"", ""coolkind"", ""coolmass"", ""coolremainpct"", ""coolrefills"", ""refilllatest"", ""refillnext"", ""batterypct"", ""pwrfeed"", ""pwrbackupflag"", ""shipown""], ""removed"": [{""batterypct"": 21, ""containflag"": ""Delivered"", ""containmodel"": ""Ultra-Low Freezer"", ""containregistry"": ""C30955"", ""coolkind"": ""Phase Change Material"", ""coolmass"": 22, ""coolrefills"": 1, ""coolremainpct"": 61.1, ""masskg"": 34.5, ""pwrbackupflag"": ""In Use"", ""pwrfeed"": ""Hybrid"", ""refilllatest"": ""2025-02-13"", ""refillnext"": ""2025-02-21"", ""shipown"": ""VS212183"", ""volliters"": 177}], ""removed_count"": 1}}","{""container"": {""columns"": [""containregistry"", ""containmodel"", ""volliters"", ""masskg"", ""containflag"", ""coolkind"", ""coolmass"", ""coolremainpct"", ""coolrefills"", ""refilllatest"", ""refillnext"", ""batterypct"", ""pwrfeed"", ""pwrbackupflag"", ""shipown""], ""extra_count"": 1, ""extra_in_prediction"": [{""batterypct"": 21, ""containflag"": ""Active"", ""containmodel"": ""Ultra-Low Freezer"", ""containregistry"": ""C30955"", ""coolkind"": ""Phase Change Material"", ""coolmass"": 22, ""coolrefills"": 1, ""coolremainpct"": 61.1, ""masskg"": 34.5, ""pwrbackupflag"": ""In Use"", ""pwrfeed"": ""Hybrid"", ""refilllatest"": ""2025-02-13"", ""refillnext"": ""2025-02-21"", ""shipown"": ""VS212183"", ""volliters"": 177}], ""missing_count"": 1, ""missing_from_prediction"": [{""batterypct"": 88, ""containflag"": ""Active"", ""containmodel"": ""Ultra-Low Freezer"", ""containregistry"": ""C30955"", ""coolkind"": ""Phase Change Material"", ""coolmass"": 22, ""coolrefills"": 1, ""coolremainpct"": 79.4, ""masskg"": 34.5, ""pwrbackupflag"": ""Available"", ""pwrfeed"": ""Hybrid"", ""refilllatest"": ""2025-02-13"", ""refillnext"": ""2025-02-21"", ""shipown"": ""VS212183"", ""volliters"": 177}]}}",COMPLETED,UPDATE_COLUMN_OMISSION_PLANNING_ERROR,,"The request explicitly allows updates to containflag, coolremainpct, batterypct, and pwrbackupflag. The materialized plan keeps only containflag in update_columns. On the existing containregistry row, the other requested values remain stale, causing the state mismatch. Root cause is loss of explicit update-column semantics."
final_virtual_010,virtual,semi_structured,plain_insert,EXECUTED_BUT_WRONG;STATE_MISMATCH,state_mismatch,STATE_EXTRA_ROW,wrong_state,FINAL_STATE_MISMATCH,,STATE_EXTRA_ROW,"{""additionalnotes"": {""added"": [{""noteinfo"": ""Review the July fan-retention campaign after the next virtual concert."", ""notesreg"": ""VIRA1NOTE010"", ""notesretainpivot"": ""RET_M9GTT""}], ""added_count"": 1, ""columns"": [""notesreg"", ""notesretainpivot"", ""noteinfo""], ""removed"": [], ""removed_count"": 0}}","{""additionalnotes"": {""added"": [{""noteinfo"": ""Review the July fan-retention campaign after the next virtual concert."", ""notesreg"": ""VIRA1NOTE010"", ""notesretainpivot"": ""RET_M9GTT""}, {""noteinfo"": ""plain_insert"", ""notesreg"": ""additionalnotes"", ""notesretainpivot"": null}], ""added_count"": 2, ""columns"": [""notesreg"", ""notesretainpivot"", ""noteinfo""], ""removed"": [], ""removed_count"": 0}}","{""additionalnotes"": {""columns"": [""notesreg"", ""notesretainpivot"", ""noteinfo""], ""extra_count"": 1, ""extra_in_prediction"": [{""noteinfo"": ""plain_insert"", ""notesreg"": ""additionalnotes"", ""notesretainpivot"": null}], ""missing_count"": 0, ""missing_from_prediction"": []}}",COMPLETED,SOURCE_PARSER_CONTROL_ROW_SEGMENTATION_ERROR,,"The real additionalnotes row is compiled correctly, but the source parser also creates a data collection from control lines operation/table. That collection is compiled into an extra bogus row (notesreg='additionalnotes', noteinfo='plain_insert'). Root cause is failure to separate control metadata from payload rows."
final_virtual_011,virtual,semi_structured,insert_ignore,BYPASS_RECOVERABLE;CONTROL_FIELD_OPERATION,materialization,VALUE_MISSING,Source field 'operation' is neither mapped nor justified.,BYPASS_RECOVERABLE_MATERIALIZATION,1,,{},{},{},COMPLETED,CONTROL_FIELD_POLICY_ERROR,,"Evidence audit: first rejection is a CONTROL_FIELD_POLICY_ERROR. The top-level source field 'operation' explicitly specifies write semantics and is control/instruction metadata, not a payload column to be written; the materialization/provenance coverage rule nevertheless requires it to be mapped or justified. Control block fields observed: operation, table, conflict_target, on_conflict. The parsed write_semantics is 'plain_insert' while the explicit request is 'insert_ignore'; however the materialized table/rows/conflict semantics match the gold plan after scalar type normalization. Thus the control-field policy is the observed first blocker, but the parsed-plan inconsistency means an operation-only causal rescue should not be claimed without an isolated rerun."
final_virtual_012,virtual,semi_structured,upsert_update,BYPASS_RECOVERABLE;CONTROL_FIELD_OPERATION,materialization,VALUE_MISSING,Source field 'operation' is neither mapped nor justified.,BYPASS_RECOVERABLE_MATERIALIZATION,1,,{},{},{},COMPLETED,CONTROL_FIELD_POLICY_ERROR,,"Evidence audit: first rejection is a CONTROL_FIELD_POLICY_ERROR. The top-level source field 'operation' explicitly specifies write semantics and is control/instruction metadata, not a payload column to be written; the materialization/provenance coverage rule nevertheless requires it to be mapped or justified. Control block fields observed: operation, table, conflict_target, update_columns. The parsed write_semantics is 'plain_insert' while the explicit request is 'upsert_update'; however the materialized table/rows/conflict semantics match the gold plan after scalar type normalization. Thus the control-field policy is the observed first blocker, but the parsed-plan inconsistency means an operation-only causal rescue should not be claimed without an isolated rerun."
final_virtual_025,virtual,semi_structured,plain_insert,EXECUTED_BUT_WRONG;STATE_MISMATCH,state_mismatch,STATE_MISSING_ROW,wrong_state,FINAL_STATE_MISMATCH,,STATE_MISSING_ROW,"{""eventsandclub"": {""added"": [{""clubjdate"": ""2026-07-12"", ""eventsmemberpivot"": ""MEM_KGCEJ"", ""eventsreg"": ""VIR2EVT025A"", ""eventssocialpivot"": ""SOC_GIW1H"", ""participation_summary"": ""Joined a creator workshop and one evening showcase.""}, {""clubjdate"": ""2026-07-19"", ""eventsmemberpivot"": ""MEM_P91DJ"", ""eventsreg"": ""VIR2EVT025B"", ""eventssocialpivot"": ""SOC_8ILAQ"", ""participation_summary"": ""Attended two online panels and submitted a community vote.""}, {""clubjdate"": ""2026-07-26"", ""eventsmemberpivot"": ""MEM_HVZ7O"", ""eventsreg"": ""VIR2EVT025C"", ""eventssocialpivot"": ""SOC_U32T0"", ""participation_summary"": ""Participated in the weekly club stream and fan-art review.""}], ""added_count"": 3, ""columns"": [""eventsreg"", ""eventssocialpivot"", ""eventsmemberpivot"", ""clubjdate"", ""participation_summary""], ""removed"": [], ""removed_count"": 0}}","{""eventsandclub"": {""added"": [{""clubjdate"": ""2026-07-26"", ""eventsmemberpivot"": ""MEM_HVZ7O"", ""eventsreg"": ""VIR2EVT025C"", ""eventssocialpivot"": ""SOC_U32T0"", ""participation_summary"": ""Participated in the weekly club stream and fan-art review.""}], ""added_count"": 1, ""columns"": [""eventsreg"", ""eventssocialpivot"", ""eventsmemberpivot"", ""clubjdate"", ""participation_summary""], ""removed"": [], ""removed_count"": 0}}","{""eventsandclub"": {""columns"": [""eventsreg"", ""eventssocialpivot"", ""eventsmemberpivot"", ""clubjdate"", ""participation_summary""], ""extra_count"": 0, ""extra_in_prediction"": [], ""missing_count"": 2, ""missing_from_prediction"": [{""clubjdate"": ""2026-07-12"", ""eventsmemberpivot"": ""MEM_KGCEJ"", ""eventsreg"": ""VIR2EVT025A"", ""eventssocialpivot"": ""SOC_GIW1H"", ""participation_summary"": ""Joined a creator workshop and one evening showcase.""}, {""clubjdate"": ""2026-07-19"", ""eventsmemberpivot"": ""MEM_P91DJ"", ""eventsreg"": ""VIR2EVT025B"", ""eventssocialpivot"": ""SOC_8ILAQ"", ""participation_summary"": ""Attended two online panels and submitted a community vote.""}]}}",COMPLETED,SOURCE_PARSER_ROW_SEGMENTATION_ERROR,,"The request contains three explicit eventsandclub rows. The materialized source retains only row3, so rows1 and 2 never reach compilation and are missing from the predicted state. Root cause is repeated-row segmentation in the deterministic key-value parser."
final_virtual_030,virtual,semi_structured,upsert_update,EXECUTED_BUT_WRONG;STATE_MISMATCH,state_mismatch,STATE_WRONG_VALUE,wrong_state,FINAL_STATE_MISMATCH,,STATE_WRONG_VALUE,"{""engagement"": {""added"": [{""actdayswk"": 4, ""actfreq"": ""Weekly"", ""avgsesscount"": 13, ""contpref"": ""Dance"", ""engageactivitypivot"": ""FI133051"", ""engagememberpivot"": ""MEM_HVZ7O"", ""engagereg"": ""ENG_DILN2"", ""engrate"": 0.712, ""langpref"": ""Original"", ""peaktime"": ""Afternoon"", ""socintscore"": 76.3, ""transuse"": ""Never""}, {""actdayswk"": 5, ""actfreq"": ""Daily"", ""avgsesscount"": 16, ""contpref"": ""Gaming"", ""engageactivitypivot"": ""FI137526"", ""engagememberpivot"": ""MEM_P91DJ"", ""engagereg"": ""ENG_68S16"", ""engrate"": 0.825, ""langpref"": ""Translated"", ""peaktime"": ""Night"", ""socintscore"": 91.7, ""transuse"": ""Sometimes""}, {""actdayswk"": 7, ""actfreq"": ""Weekly"", ""avgsesscount"": 12, ""contpref"": ""Music"", ""engageactivitypivot"": ""FI528045"", ""engagememberpivot"": ""MEM_KGCEJ"", ""engagereg"": ""ENG_FGNJL"", ""engrate"": 0.701, ""langpref"": ""Both"", ""peaktime"": ""Evening"", ""socintscore"": 88.4, ""transuse"": ""Always""}], ""added_count"": 3, ""columns"": [""engagereg"", ""engageactivitypivot"", ""engagememberpivot"", ""socintscore"", ""engrate"", ""actfreq"", ""peaktime"", ""actdayswk"", ""avgsesscount"", ""contpref"", ""langpref"", ""transuse""], ""removed"": [{""actdayswk"": 1, ""actfreq"": ""Weekly"", ""avgsesscount"": 13, ""contpref"": ""Gaming"", ""engageactivitypivot"": ""FI137526"", ""engagememberpivot"": ""MEM_P91DJ"", ""engagereg"": ""ENG_68S16"", ""engrate"": 0.878, ""langpref"": ""Translated"", ""peaktime"": ""Evening"", ""socintscore"": 98.8, ""transuse"": ""Sometimes""}, {""actdayswk"": 2, ""actfreq"": ""Occasional"", ""avgsesscount"": 11, ""contpref"": ""Dance"", ""engageactivitypivot"": ""FI133051"", ""engagememberpivot"": ""MEM_HVZ7O"", ""engagereg"": ""ENG_DILN2"", ""engrate"": 0.665, ""langpref"": ""Original"", ""peaktime"": ""Night"", ""socintscore"": 72.1, ""transuse"": ""Always""}, {""actdayswk"": 6, ""actfreq"": ""Monthly"", ""avgsesscount"": 9, ""contpref"": ""Dance"", ""engageactivitypivot"": ""FI528045"", ""engagememberpivot"": ""MEM_KGCEJ"", ""engagereg"": ""ENG_FGNJL"", ""engrate"": 0.64, ""langpref"": ""Original"", ""peaktime"": ""Afternoon"", ""socintscore"": 86.2, ""transuse"": ""Sometimes""}], ""removed_count"": 3}}","{""engagement"": {""added"": [{""actdayswk"": 4, ""actfreq"": ""Weekly"", ""avgsesscount"": 13, ""contpref"": ""Dance"", ""engageactivitypivot"": ""FI133051"", ""engagememberpivot"": ""MEM_HVZ7O"", ""engagereg"": ""ENG_DILN2"", ""engrate"": 0.712, ""langpref"": ""Original"", ""peaktime"": ""Afternoon"", ""socintscore"": 72.1, ""transuse"": ""Never""}, {""actdayswk"": 5, ""actfreq"": ""Daily"", ""avgsesscount"": 16, ""contpref"": ""Gaming"", ""engageactivitypivot"": ""FI137526"", ""engagememberpivot"": ""MEM_P91DJ"", ""engagereg"": ""ENG_68S16"", ""engrate"": 0.825, ""langpref"": ""Translated"", ""peaktime"": ""Night"", ""socintscore"": 98.8, ""transuse"": ""Sometimes""}, {""actdayswk"": 7, ""actfreq"": ""Weekly"", ""avgsesscount"": 12, ""contpref"": ""Music"", ""engageactivitypivot"": ""FI528045"", ""engagememberpivot"": ""MEM_KGCEJ"", ""engagereg"": ""ENG_FGNJL"", ""engrate"": 0.701, ""langpref"": ""Both"", ""peaktime"": ""Evening"", ""socintscore"": 86.2, ""transuse"": ""Always""}], ""added_count"": 3, ""columns"": [""engagereg"", ""engageactivitypivot"", ""engagememberpivot"", ""socintscore"", ""engrate"", ""actfreq"", ""peaktime"", ""actdayswk"", ""avgsesscount"", ""contpref"", ""langpref"", ""transuse""], ""removed"": [{""actdayswk"": 1, ""actfreq"": ""Weekly"", ""avgsesscount"": 13, ""contpref"": ""Gaming"", ""engageactivitypivot"": ""FI137526"", ""engagememberpivot"": ""MEM_P91DJ"", ""engagereg"": ""ENG_68S16"", ""engrate"": 0.878, ""langpref"": ""Translated"", ""peaktime"": ""Evening"", ""socintscore"": 98.8, ""transuse"": ""Sometimes""}, {""actdayswk"": 2, ""actfreq"": ""Occasional"", ""avgsesscount"": 11, ""contpref"": ""Dance"", ""engageactivitypivot"": ""FI133051"", ""engagememberpivot"": ""MEM_HVZ7O"", ""engagereg"": ""ENG_DILN2"", ""engrate"": 0.665, ""langpref"": ""Original"", ""peaktime"": ""Night"", ""socintscore"": 72.1, ""transuse"": ""Always""}, {""actdayswk"": 6, ""actfreq"": ""Monthly"", ""avgsesscount"": 9, ""contpref"": ""Dance"", ""engageactivitypivot"": ""FI528045"", ""engagememberpivot"": ""MEM_KGCEJ"", ""engagereg"": ""ENG_FGNJL"", ""engrate"": 0.64, ""langpref"": ""Original"", ""peaktime"": ""Afternoon"", ""socintscore"": 86.2, ""transuse"": ""Sometimes""}], ""removed_count"": 3}}","{""engagement"": {""columns"": [""engagereg"", ""engageactivitypivot"", ""engagememberpivot"", ""socintscore"", ""engrate"", ""actfreq"", ""peaktime"", ""actdayswk"", ""avgsesscount"", ""contpref"", ""langpref"", ""transuse""], ""extra_count"": 3, ""extra_in_prediction"": [{""actdayswk"": 4, ""actfreq"": ""Weekly"", ""avgsesscount"": 13, ""contpref"": ""Dance"", ""engageactivitypivot"": ""FI133051"", ""engagememberpivot"": ""MEM_HVZ7O"", ""engagereg"": ""ENG_DILN2"", ""engrate"": 0.712, ""langpref"": ""Original"", ""peaktime"": ""Afternoon"", ""socintscore"": 72.1, ""transuse"": ""Never""}, {""actdayswk"": 5, ""actfreq"": ""Daily"", ""avgsesscount"": 16, ""contpref"": ""Gaming"", ""engageactivitypivot"": ""FI137526"", ""engagememberpivot"": ""MEM_P91DJ"", ""engagereg"": ""ENG_68S16"", ""engrate"": 0.825, ""langpref"": ""Translated"", ""peaktime"": ""Night"", ""socintscore"": 98.8, ""transuse"": ""Sometimes""}, {""actdayswk"": 7, ""actfreq"": ""Weekly"", ""avgsesscount"": 12, ""contpref"": ""Music"", ""engageactivitypivot"": ""FI528045"", ""engagememberpivot"": ""MEM_KGCEJ"", ""engagereg"": ""ENG_FGNJL"", ""engrate"": 0.701, ""langpref"": ""Both"", ""peaktime"": ""Evening"", ""socintscore"": 86.2, ""transuse"": ""Always""}], ""missing_count"": 3, ""missing_from_prediction"": [{""actdayswk"": 4, ""actfreq"": ""Weekly"", ""avgsesscount"": 13, ""contpref"": ""Dance"", ""engageactivitypivot"": ""FI133051"", ""engagememberpivot"": ""MEM_HVZ7O"", ""engagereg"": ""ENG_DILN2"", ""engrate"": 0.712, ""langpref"": ""Original"", ""peaktime"": ""Afternoon"", ""socintscore"": 76.3, ""transuse"": ""Never""}, {""actdayswk"": 5, ""actfreq"": ""Daily"", ""avgsesscount"": 16, ""contpref"": ""Gaming"", ""engageactivitypivot"": ""FI137526"", ""engagememberpivot"": ""MEM_P91DJ"", ""engagereg"": ""ENG_68S16"", ""engrate"": 0.825, ""langpref"": ""Translated"", ""peaktime"": ""Night"", ""socintscore"": 91.7, ""transuse"": ""Sometimes""}, {""actdayswk"": 7, ""actfreq"": ""Weekly"", ""avgsesscount"": 12, ""contpref"": ""Music"", ""engageactivitypivot"": ""FI528045"", ""engagememberpivot"": ""MEM_KGCEJ"", ""engagereg"": ""ENG_FGNJL"", ""engrate"": 0.701, ""langpref"": ""Both"", ""peaktime"": ""Evening"", ""socintscore"": 88.4, ""transuse"": ""Always""}]}}",COMPLETED,UPDATE_COLUMN_OMISSION_PLANNING_ERROR,,The request explicitly includes socintscore in the allowed engagement update set. The materialized plan omits socintscore from update_columns while preserving the incoming socintscore values in the rows. Existing records therefore retain old scores and differ from gold. Root cause is update-column omission before compilation.
final_virtual_040,virtual,semi_structured,plain_insert,EXECUTED_BUT_WRONG;STATE_MISMATCH,state_mismatch,STATE_MISSING_ROW,wrong_state,FINAL_STATE_MISMATCH,,STATE_MISSING_ROW,"{""additionalnotes"": {""added"": [{""noteinfo"": ""Check hashtag reach after the collaboration event."", ""notesreg"": ""VIR2NOTE0407"", ""notesretainpivot"": ""RET_ZZ9WK""}, {""noteinfo"": ""Compare weekend and weekday retention patterns."", ""notesreg"": ""VIR2NOTE0406"", ""notesretainpivot"": ""RET_736UE""}, {""noteinfo"": ""Invite the member to the creator feedback session."", ""notesreg"": ""VIR2NOTE0403"", ""notesretainpivot"": ""RET_DYDVF""}, {""noteinfo"": ""Record the next reactivation source in the follow-up log."", ""notesreg"": ""VIR2NOTE0405"", ""notesretainpivot"": ""RET_ICC8O""}, {""noteinfo"": ""Review the high-risk cohort after the next campaign."", ""notesreg"": ""VIR2NOTE0402"", ""notesretainpivot"": ""RET_XZTG5""}, {""noteinfo"": ""Revisit churn indicators after the membership renewal."", ""notesreg"": ""VIR2NOTE0408"", ""notesretainpivot"": ""RET_ARN6A""}, {""noteinfo"": ""Schedule a translated-content survey in August."", ""notesreg"": ""VIR2NOTE0401"", ""notesretainpivot"": ""RET_4S9OK""}, {""noteinfo"": ""Track referral growth during the seasonal launch."", ""notesreg"": ""VIR2NOTE0404"", ""notesretainpivot"": ""RET_2HHJ6""}], ""added_count"": 8, ""columns"": [""notesreg"", ""notesretainpivot"", ""noteinfo""], ""removed"": [], ""removed_count"": 0}}","{""additionalnotes"": {""added"": [{""noteinfo"": ""Revisit churn indicators after the membership renewal."", ""notesreg"": ""VIR2NOTE0408"", ""notesretainpivot"": ""RET_ARN6A""}], ""added_count"": 1, ""columns"": [""notesreg"", ""notesretainpivot"", ""noteinfo""], ""removed"": [], ""removed_count"": 0}}","{""additionalnotes"": {""columns"": [""notesreg"", ""notesretainpivot"", ""noteinfo""], ""extra_count"": 0, ""extra_in_prediction"": [], ""missing_count"": 7, ""missing_from_prediction"": [{""noteinfo"": ""Check hashtag reach after the collaboration event."", ""notesreg"": ""VIR2NOTE0407"", ""notesretainpivot"": ""RET_ZZ9WK""}, {""noteinfo"": ""Compare weekend and weekday retention patterns."", ""notesreg"": ""VIR2NOTE0406"", ""notesretainpivot"": ""RET_736UE""}, {""noteinfo"": ""Invite the member to the creator feedback session."", ""notesreg"": ""VIR2NOTE0403"", ""notesretainpivot"": ""RET_DYDVF""}, {""noteinfo"": ""Record the next reactivation source in the follow-up log."", ""notesreg"": ""VIR2NOTE0405"", ""notesretainpivot"": ""RET_ICC8O""}, {""noteinfo"": ""Review the high-risk cohort after the next campaign."", ""notesreg"": ""VIR2NOTE0402"", ""notesretainpivot"": ""RET_XZTG5""}, {""noteinfo"": ""Schedule a translated-content survey in August."", ""notesreg"": ""VIR2NOTE0401"", ""notesretainpivot"": ""RET_4S9OK""}, {""noteinfo"": ""Track referral growth during the seasonal launch."", ""notesreg"": ""VIR2NOTE0404"", ""notesretainpivot"": ""RET_2HHJ6""}]}}",COMPLETED,SOURCE_PARSER_ROW_SEGMENTATION_ERROR,,"The request contains eight explicit additionalnotes rows, but the materialized source retains only row8. The compiler faithfully inserts that one row, leaving rows1-7 absent. Root cause is repeated-row segmentation/collapse in the deterministic source parser."
final_virtual_041,virtual,semi_structured,insert_ignore,CONFLICT_AMBIGUITY,verification,CONFLICT_MISSING,Conflict behavior is ambiguous; the fail-closed policy abstains.,REPRESENTATION_LIMITATION,0,,{},{},{},COMPLETED,CONFLICT_SEMANTICS_PLANNING_ERROR,RESOLVABLE_FROM_INPUT,"The request explicitly specifies insert-ignore/do-nothing behavior and identifies the conflict key(s); conflicting rows must remain unchanged. The sample metadata records semantics_explicit_in_request=True and semantics_source='request', and manual inspection of input_text confirms that the conflict policy is stated directly. Gold conflict semantics: additionalnotes: action=do_nothing; target=notesreg; updates=<none>. Nevertheless, the MP-FS+ generated/parsed plan emits write_semantics='needs_clarification' with no usable conflict target/update-column decision, causing the fail-closed verifier to abstain. Therefore the case is RESOLVABLE_FROM_INPUT, not truly ambiguous. The verifier is behaving consistently with the malformed/underspecified plan; the primary failure is upstream conflict-semantics planning/extraction."
final_virtual_046,virtual,free_text,plain_insert,EXECUTED_BUT_WRONG;STATE_MISMATCH,state_mismatch,STATE_WRONG_VALUE,wrong_state,FINAL_STATE_MISMATCH,,STATE_WRONG_VALUE,"{""additionalnotes"": {""added"": [{""noteinfo"": ""Schedule a retention review after the autumn showcase."", ""notesreg"": ""VIR3NOTE046"", ""notesretainpivot"": ""RET_L8K68""}], ""added_count"": 1, ""columns"": [""notesreg"", ""notesretainpivot"", ""noteinfo""], ""removed"": [], ""removed_count"": 0}}","{""additionalnotes"": {""added"": [{""noteinfo"": ""Use"", ""notesreg"": ""VIR3NOTE046"", ""notesretainpivot"": ""RET_L8K68""}], ""added_count"": 1, ""columns"": [""notesreg"", ""notesretainpivot"", ""noteinfo""], ""removed"": [], ""removed_count"": 0}}","{""additionalnotes"": {""columns"": [""notesreg"", ""notesretainpivot"", ""noteinfo""], ""extra_count"": 1, ""extra_in_prediction"": [{""noteinfo"": ""Use"", ""notesreg"": ""VIR3NOTE046"", ""notesretainpivot"": ""RET_L8K68""}], ""missing_count"": 1, ""missing_from_prediction"": [{""noteinfo"": ""Schedule a retention review after the autumn showcase."", ""notesreg"": ""VIR3NOTE046"", ""notesretainpivot"": ""RET_L8K68""}]}}",COMPLETED,EVIDENCE_SPAN_SELECTION_ERROR,,"The request explicitly provides the note text 'Schedule a retention review after the autumn showcase.' Evidence extraction contains that phrase, but the generated plan maps generic evidence e1='Use' into noteinfo. The compiler faithfully inserts noteinfo='Use'. Root cause is evidence-span/value selection, not SQL generation or execution."
final_virtual_047,virtual,free_text,insert_ignore,EXECUTED_BUT_WRONG;STATE_MISMATCH,state_mismatch,STATE_WRONG_CONFLICT_BEHAVIOR,wrong_state,FINAL_STATE_MISMATCH,,STATE_WRONG_CONFLICT_BEHAVIOR;STATE_MISSING_ROW,"{""interactions"": {""added"": [{""activityreg"": ""VIR3ACT047"", ""actkind"": ""Gift"", ""actplat"": ""Official App"", ""appver"": ""5.2.1"", ""devtype"": ""Android"", ""engagement_metrics"": null, ""favgifttag"": ""Custom"", ""giftfreq"": ""Frequent"", ""gifttot"": 14, ""giftvalusd"": 88.5, ""interactfanpivot"": ""FAN27103"", ""interactidolpivot"": ""VIR3ID047"", ""platused"": ""Mobile"", ""timemark"": null}], ""added_count"": 1, ""columns"": [""activityreg"", ""timemark"", ""interactfanpivot"", ""interactidolpivot"", ""actkind"", ""actplat"", ""platused"", ""devtype"", ""appver"", ""giftfreq"", ""gifttot"", ""giftvalusd"", ""favgifttag"", ""engagement_metrics""], ""removed"": [], ""removed_count"": 0}, ""virtualidols"": {""added"": [{""assocgroup"": ""Atlas Lantern"", ""debdate"": ""2026-08-02"", ""entityreg"": ""VIR3ID047"", ""genretag"": ""Rock"", ""kindtag"": ""3D"", ""nametag"": ""Cinder Atlas"", ""primlang"": ""English""}], ""added_count"": 1, ""columns"": [""entityreg"", ""nametag"", ""kindtag"", ""debdate"", ""assocgroup"", ""genretag"", ""primlang""], ""removed"": [], ""removed_count"": 0}}","{""virtualidols"": {""added"": [{""assocgroup"": ""Atlas Lantern"", ""debdate"": ""2026-08-02"", ""entityreg"": ""VIR3ID047"", ""genretag"": ""Rock"", ""kindtag"": ""3D"", ""nametag"": ""Cinder Atlas"", ""primlang"": ""English""}], ""added_count"": 1, ""columns"": [""entityreg"", ""nametag"", ""kindtag"", ""debdate"", ""assocgroup"", ""genretag"", ""primlang""], ""removed"": [], ""removed_count"": 0}}","{""interactions"": {""columns"": [""activityreg"", ""timemark"", ""interactfanpivot"", ""interactidolpivot"", ""actkind"", ""actplat"", ""platused"", ""devtype"", ""appver"", ""giftfreq"", ""gifttot"", ""giftvalusd"", ""favgifttag"", ""engagement_metrics""], ""extra_count"": 0, ""extra_in_prediction"": [], ""missing_count"": 1, ""missing_from_prediction"": [{""activityreg"": ""VIR3ACT047"", ""actkind"": ""Gift"", ""actplat"": ""Official App"", ""appver"": ""5.2.1"", ""devtype"": ""Android"", ""engagement_metrics"": null, ""favgifttag"": ""Custom"", ""giftfreq"": ""Frequent"", ""gifttot"": 14, ""giftvalusd"": 88.5, ""interactfanpivot"": ""FAN27103"", ""interactidolpivot"": ""VIR3ID047"", ""platused"": ""Mobile"", ""timemark"": null}]}}",COMPLETED,FREE_TEXT_TARGET_GROUP_OMISSION_ERROR,,"The request explicitly contains both virtualidols and interactions insert-ignore groups. The generated plan emits only the virtualidols group (duplicating the new idol row) and omits interactions entirely, so the new VIR3ACT047 interaction is missing. The emitted virtualidols conflict action is DO NOTHING; therefore the primary manual root cause is target-group coverage/omission, not genuine conflict ambiguity."
final_virtual_055,virtual,semi_structured,plain_insert,CONFLICT_AMBIGUITY,verification,CONFLICT_MISSING,Conflict behavior is ambiguous; the fail-closed policy abstains.,REPRESENTATION_LIMITATION,0,,{},{},{},COMPLETED,CONFLICT_SEMANTICS_PLANNING_ERROR,RESOLVABLE_FROM_INPUT,"The request explicitly specifies plain-insert/error-on-conflict behavior with no conflict target or update columns. The sample metadata records semantics_explicit_in_request=True and semantics_source='request', and manual inspection of input_text confirms that the conflict policy is stated directly. Gold conflict semantics: loyaltyandachievements: action=error; target=<none>; updates=<none>. Nevertheless, the MP-FS+ generated/parsed plan emits write_semantics='needs_clarification' with no usable conflict target/update-column decision, causing the fail-closed verifier to abstain. Therefore the case is RESOLVABLE_FROM_INPUT, not truly ambiguous. The verifier is behaving consistently with the malformed/underspecified plan; the primary failure is upstream conflict-semantics planning/extraction."
final_virtual_056,virtual,semi_structured,insert_ignore,CONFLICT_AMBIGUITY,verification,CONFLICT_MISSING,Conflict behavior is ambiguous; the fail-closed policy abstains.,REPRESENTATION_LIMITATION,0,,{},{},{},COMPLETED,CONFLICT_SEMANTICS_PLANNING_ERROR,RESOLVABLE_FROM_INPUT,"The request explicitly specifies insert-ignore/do-nothing behavior and identifies the conflict key(s); conflicting rows must remain unchanged. The sample metadata records semantics_explicit_in_request=True and semantics_source='request', and manual inspection of input_text confirms that the conflict policy is stated directly. Gold conflict semantics: additionalnotes: action=do_nothing; target=notesreg; updates=<none>. Nevertheless, the MP-FS+ generated/parsed plan emits write_semantics='needs_clarification' with no usable conflict target/update-column decision, causing the fail-closed verifier to abstain. Therefore the case is RESOLVABLE_FROM_INPUT, not truly ambiguous. The verifier is behaving consistently with the malformed/underspecified plan; the primary failure is upstream conflict-semantics planning/extraction."
final_virtual_057,virtual,semi_structured,upsert_update,CONFLICT_AMBIGUITY,verification,CONFLICT_MISSING,Conflict behavior is ambiguous; the fail-closed policy abstains.,REPRESENTATION_LIMITATION,0,,{},{},{},COMPLETED,CONFLICT_SEMANTICS_PLANNING_ERROR,RESOLVABLE_FROM_INPUT,"The request explicitly specifies upsert/do-update behavior, the conflict target(s), and the allowed update column set(s). The sample metadata records semantics_explicit_in_request=True and semantics_source='request', and manual inspection of input_text confirms that the conflict policy is stated directly. Gold conflict semantics: membershipandspending: action=do_update; target=memberreg; updates=membkind,membdays,spendusd,spendfreq,paymethod. Nevertheless, the MP-FS+ generated/parsed plan emits write_semantics='needs_clarification' with no usable conflict target/update-column decision, causing the fail-closed verifier to abstain. Therefore the case is RESOLVABLE_FROM_INPUT, not truly ambiguous. The verifier is behaving consistently with the malformed/underspecified plan; the primary failure is upstream conflict-semantics planning/extraction."
