sample_id,method,db_id,execution_success,current_target_correct,all_table_target_correct,current_strict_correct,all_table_strict_correct,current_off_target,all_table_off_target,target_mismatch,strict_mismatch,off_target_mismatch,current_mismatch_tables,all_table_mismatch_tables,all_table_off_target_tables
final_archeology_001,D-FS-M,archeology,True,True,True,True,True,False,False,False,False,False,,,
final_archeology_002,D-FS-M,archeology,False,False,False,False,False,False,False,False,False,False,,,
final_archeology_003,D-FS-M,archeology,False,False,False,False,False,False,False,False,False,False,,,
final_archeology_004,D-FS-M,archeology,True,True,True,True,True,False,False,False,False,False,,,
final_archeology_005,D-FS-M,archeology,True,True,True,True,True,False,False,False,False,False,,,
final_archeology_006,D-FS-M,archeology,True,True,True,True,True,False,False,False,False,False,,,
final_archeology_007,D-FS-M,archeology,True,True,True,True,True,False,False,False,False,False,,,
final_archeology_008,D-FS-M,archeology,True,True,True,True,True,False,False,False,False,False,,,
final_archeology_009,D-FS-M,archeology,True,True,True,True,True,False,False,False,False,False,,,
final_archeology_010,D-FS-M,archeology,True,True,True,True,True,False,False,False,False,False,,,
final_archeology_011,D-FS-M,archeology,True,False,False,False,False,False,False,False,False,False,projects,projects,
final_archeology_012,D-FS-M,archeology,True,True,True,True,True,False,False,False,False,False,,,
final_archeology_013,D-FS-M,archeology,True,True,True,True,True,False,False,False,False,False,,,
final_archeology_014,D-FS-M,archeology,True,True,True,True,True,False,False,False,False,False,,,
final_archeology_015,D-FS-M,archeology,True,True,True,True,True,False,False,False,False,False,,,
final_archeology_016,D-FS-M,archeology,False,False,False,False,False,False,False,False,False,False,,,
final_archeology_017,D-FS-M,archeology,False,False,False,False,False,False,False,False,False,False,,,
final_archeology_018,D-FS-M,archeology,True,True,True,True,True,False,False,False,False,False,,,
final_archeology_019,D-FS-M,archeology,True,True,True,True,True,False,False,False,False,False,,,
final_archeology_020,D-FS-M,archeology,True,True,True,True,True,False,False,False,False,False,,,
final_archeology_021,D-FS-M,archeology,True,True,True,True,True,False,False,False,False,False,,,
final_archeology_022,D-FS-M,archeology,True,True,True,True,True,False,False,False,False,False,,,
final_archeology_023,D-FS-M,archeology,True,True,True,True,True,False,False,False,False,False,,,
final_archeology_024,D-FS-M,archeology,True,True,True,True,True,False,False,False,False,False,,,
final_archeology_025,D-FS-M,archeology,True,True,True,True,True,False,False,False,False,False,,,
final_archeology_026,D-FS-M,archeology,True,True,True,True,True,False,False,False,False,False,,,
final_archeology_027,D-FS-M,archeology,True,True,True,True,True,False,False,False,False,False,,,
final_archeology_028,D-FS-M,archeology,True,True,True,True,True,False,False,False,False,False,,,
final_archeology_029,D-FS-M,archeology,True,True,True,True,True,False,False,False,False,False,,,
final_archeology_030,D-FS-M,archeology,True,True,True,True,True,False,False,False,False,False,,,
final_archeology_031,D-FS-M,archeology,False,False,False,False,False,False,False,False,False,False,,,
final_archeology_032,D-FS-M,archeology,True,True,True,True,True,False,False,False,False,False,,,
final_archeology_033,D-FS-M,archeology,False,False,False,False,False,False,False,False,False,False,,,
final_archeology_034,D-FS-M,archeology,True,True,True,True,True,False,False,False,False,False,,,
final_archeology_035,D-FS-M,archeology,True,True,True,True,True,False,False,False,False,False,,,
final_archeology_036,D-FS-M,archeology,True,True,True,True,True,False,False,False,False,False,,,
final_archeology_037,D-FS-M,archeology,True,True,True,True,True,False,False,False,False,False,,,
final_archeology_038,D-FS-M,archeology,True,True,True,True,True,False,False,False,False,False,,,
final_archeology_039,D-FS-M,archeology,True,True,True,True,True,False,False,False,False,False,,,
final_archeology_040,D-FS-M,archeology,True,True,True,True,True,False,False,False,False,False,,,
final_archeology_041,D-FS-M,archeology,True,True,True,True,True,False,False,False,False,False,,,
final_archeology_042,D-FS-M,archeology,True,True,True,True,True,False,False,False,False,False,,,
final_archeology_043,D-FS-M,archeology,True,True,True,True,True,False,False,False,False,False,,,
final_archeology_044,D-FS-M,archeology,True,True,True,True,True,False,False,False,False,False,,,
final_archeology_045,D-FS-M,archeology,True,True,True,True,True,False,False,False,False,False,,,
final_archeology_046,D-FS-M,archeology,True,True,True,True,True,False,False,False,False,False,,,
final_archeology_047,D-FS-M,archeology,True,False,False,False,False,True,True,False,False,False,personnel|projects,personnel|projects,personnel
final_archeology_048,D-FS-M,archeology,True,True,True,True,True,False,False,False,False,False,,,
final_archeology_049,D-FS-M,archeology,True,True,True,True,True,False,False,False,False,False,,,
final_archeology_050,D-FS-M,archeology,True,True,True,True,True,False,False,False,False,False,,,
final_archeology_051,D-FS-M,archeology,True,True,True,True,True,False,False,False,False,False,,,
final_archeology_052,D-FS-M,archeology,True,True,True,True,True,False,False,False,False,False,,,
final_archeology_053,D-FS-M,archeology,True,True,True,True,True,False,False,False,False,False,,,
final_archeology_054,D-FS-M,archeology,True,True,True,True,True,False,False,False,False,False,,,
final_archeology_055,D-FS-M,archeology,True,True,True,True,True,False,False,False,False,False,,,
final_archeology_056,D-FS-M,archeology,True,True,True,True,True,False,False,False,False,False,,,
final_archeology_057,D-FS-M,archeology,True,True,True,True,True,False,False,False,False,False,,,
final_archeology_058,D-FS-M,archeology,True,True,True,True,True,False,False,False,False,False,,,
final_archeology_059,D-FS-M,archeology,True,True,True,True,True,False,False,False,False,False,,,
final_archeology_060,D-FS-M,archeology,True,True,True,True,True,False,False,False,False,False,,,
final_polar_001,D-FS-M,polar,True,True,True,True,True,False,False,False,False,False,,,
final_polar_002,D-FS-M,polar,True,True,True,True,True,False,False,False,False,False,,,
final_polar_003,D-FS-M,polar,True,True,True,True,True,False,False,False,False,False,,,
final_polar_004,D-FS-M,polar,True,True,True,True,True,False,False,False,False,False,,,
final_polar_005,D-FS-M,polar,False,False,False,False,False,False,False,False,False,False,,,
final_polar_006,D-FS-M,polar,True,True,True,True,True,False,False,False,False,False,,,
final_polar_007,D-FS-M,polar,True,True,True,True,True,False,False,False,False,False,,,
final_polar_008,D-FS-M,polar,True,True,True,True,True,False,False,False,False,False,,,
final_polar_009,D-FS-M,polar,True,True,True,True,True,False,False,False,False,False,,,
final_polar_010,D-FS-M,polar,True,True,True,True,True,False,False,False,False,False,,,
final_polar_011,D-FS-M,polar,True,True,True,True,True,False,False,False,False,False,,,
final_polar_012,D-FS-M,polar,True,True,True,True,True,False,False,False,False,False,,,
final_polar_013,D-FS-M,polar,True,True,True,True,True,False,False,False,False,False,,,
final_polar_014,D-FS-M,polar,True,True,True,True,True,False,False,False,False,False,,,
final_polar_015,D-FS-M,polar,True,True,True,True,True,False,False,False,False,False,,,
final_polar_016,D-FS-M,polar,True,True,True,True,True,False,False,False,False,False,,,
final_polar_017,D-FS-M,polar,True,True,True,True,True,False,False,False,False,False,,,
final_polar_018,D-FS-M,polar,True,True,True,True,True,False,False,False,False,False,,,
final_polar_019,D-FS-M,polar,True,True,True,True,True,False,False,False,False,False,,,
final_polar_020,D-FS-M,polar,True,True,True,True,True,False,False,False,False,False,,,
final_polar_021,D-FS-M,polar,True,True,True,True,True,False,False,False,False,False,,,
final_polar_022,D-FS-M,polar,True,True,True,True,True,False,False,False,False,False,,,
final_polar_023,D-FS-M,polar,True,True,True,True,True,False,False,False,False,False,,,
final_polar_024,D-FS-M,polar,True,True,True,True,True,False,False,False,False,False,,,
final_polar_025,D-FS-M,polar,True,True,True,True,True,False,False,False,False,False,,,
final_polar_026,D-FS-M,polar,True,True,True,True,True,False,False,False,False,False,,,
final_polar_027,D-FS-M,polar,True,True,True,True,True,False,False,False,False,False,,,
final_polar_028,D-FS-M,polar,True,True,True,True,True,False,False,False,False,False,,,
final_polar_029,D-FS-M,polar,True,True,True,True,True,False,False,False,False,False,,,
final_polar_030,D-FS-M,polar,True,True,True,True,True,False,False,False,False,False,,,
final_polar_031,D-FS-M,polar,True,True,True,True,True,False,False,False,False,False,,,
final_polar_032,D-FS-M,polar,True,True,True,True,True,False,False,False,False,False,,,
final_polar_033,D-FS-M,polar,False,False,False,False,False,False,False,False,False,False,,,
final_polar_034,D-FS-M,polar,True,True,True,True,True,False,False,False,False,False,,,
final_polar_035,D-FS-M,polar,False,False,False,False,False,False,False,False,False,False,,,
final_polar_036,D-FS-M,polar,True,True,True,True,True,False,False,False,False,False,,,
final_polar_037,D-FS-M,polar,True,True,True,True,True,False,False,False,False,False,,,
final_polar_038,D-FS-M,polar,True,False,False,False,False,False,False,False,False,False,lightingandsafety,lightingandsafety,
final_polar_039,D-FS-M,polar,True,True,True,True,True,False,False,False,False,False,,,
final_polar_040,D-FS-M,polar,True,True,True,True,True,False,False,False,False,False,,,
final_polar_041,D-FS-M,polar,True,True,True,True,True,False,False,False,False,False,,,
final_polar_042,D-FS-M,polar,True,True,True,True,True,False,False,False,False,False,,,
final_polar_043,D-FS-M,polar,True,True,True,True,True,False,False,False,False,False,,,
final_polar_044,D-FS-M,polar,False,False,False,False,False,False,False,False,False,False,,,
final_polar_045,D-FS-M,polar,True,True,True,True,True,False,False,False,False,False,,,
final_polar_046,D-FS-M,polar,True,True,True,True,True,False,False,False,False,False,,,
final_polar_047,D-FS-M,polar,True,True,True,True,True,False,False,False,False,False,,,
final_polar_048,D-FS-M,polar,False,False,False,False,False,False,False,False,False,False,,,
final_polar_049,D-FS-M,polar,True,True,True,True,True,False,False,False,False,False,,,
final_polar_050,D-FS-M,polar,False,False,False,False,False,False,False,False,False,False,,,
final_polar_051,D-FS-M,polar,False,False,False,False,False,False,False,False,False,False,,,
final_polar_052,D-FS-M,polar,True,True,True,True,True,False,False,False,False,False,,,
final_polar_053,D-FS-M,polar,True,True,True,True,True,False,False,False,False,False,,,
final_polar_054,D-FS-M,polar,True,True,True,True,True,False,False,False,False,False,,,
final_polar_055,D-FS-M,polar,True,True,True,True,True,False,False,False,False,False,,,
final_polar_056,D-FS-M,polar,True,True,True,True,True,False,False,False,False,False,,,
final_polar_057,D-FS-M,polar,True,True,True,True,True,False,False,False,False,False,,,
final_polar_058,D-FS-M,polar,True,False,False,False,False,False,False,False,False,False,weatherandstructure,weatherandstructure,
final_polar_059,D-FS-M,polar,True,True,True,True,True,False,False,False,False,False,,,
final_polar_060,D-FS-M,polar,True,True,True,True,True,False,False,False,False,False,,,
final_robot_001,D-FS-M,robot,True,True,True,True,True,False,False,False,False,False,,,
final_robot_002,D-FS-M,robot,True,True,True,True,True,False,False,False,False,False,,,
final_robot_003,D-FS-M,robot,True,True,True,True,True,False,False,False,False,False,,,
final_robot_004,D-FS-M,robot,True,True,True,True,True,False,False,False,False,False,,,
final_robot_005,D-FS-M,robot,True,True,True,True,True,False,False,False,False,False,,,
final_robot_006,D-FS-M,robot,True,True,True,True,True,False,False,False,False,False,,,
final_robot_007,D-FS-M,robot,True,True,True,True,True,False,False,False,False,False,,,
final_robot_008,D-FS-M,robot,True,True,True,True,True,False,False,False,False,False,,,
final_robot_009,D-FS-M,robot,True,True,True,True,True,False,False,False,False,False,,,
final_robot_010,D-FS-M,robot,True,True,True,True,True,False,False,False,False,False,,,
final_robot_011,D-FS-M,robot,False,False,False,False,False,False,False,False,False,False,,,
final_robot_012,D-FS-M,robot,True,True,True,True,True,False,False,False,False,False,,,
final_robot_013,D-FS-M,robot,True,True,True,True,True,False,False,False,False,False,,,
final_robot_014,D-FS-M,robot,True,True,True,True,True,False,False,False,False,False,,,
final_robot_015,D-FS-M,robot,True,True,True,True,True,False,False,False,False,False,,,
final_robot_016,D-FS-M,robot,True,True,True,True,True,False,False,False,False,False,,,
final_robot_017,D-FS-M,robot,True,False,False,False,False,False,False,False,False,False,operation,operation,
final_robot_018,D-FS-M,robot,True,False,False,False,False,False,False,False,False,False,performance_and_safety,performance_and_safety,
final_robot_019,D-FS-M,robot,True,True,True,True,True,False,False,False,False,False,,,
final_robot_020,D-FS-M,robot,True,True,True,True,True,False,False,False,False,False,,,
final_robot_021,D-FS-M,robot,True,True,True,True,True,False,False,False,False,False,,,
final_robot_022,D-FS-M,robot,True,True,True,True,True,False,False,False,False,False,,,
final_robot_023,D-FS-M,robot,True,True,True,True,True,False,False,False,False,False,,,
final_robot_024,D-FS-M,robot,True,True,True,True,True,False,False,False,False,False,,,
final_robot_025,D-FS-M,robot,True,True,True,True,True,False,False,False,False,False,,,
final_robot_026,D-FS-M,robot,True,True,True,True,True,False,False,False,False,False,,,
final_robot_027,D-FS-M,robot,True,True,True,True,True,False,False,False,False,False,,,
final_robot_028,D-FS-M,robot,True,True,True,True,True,False,False,False,False,False,,,
final_robot_029,D-FS-M,robot,True,True,True,True,True,False,False,False,False,False,,,
final_robot_030,D-FS-M,robot,True,True,True,True,True,False,False,False,False,False,,,
final_robot_031,D-FS-M,robot,True,True,True,True,True,False,False,False,False,False,,,
final_robot_032,D-FS-M,robot,True,True,True,True,True,False,False,False,False,False,,,
final_robot_033,D-FS-M,robot,True,True,True,True,True,False,False,False,False,False,,,
final_robot_034,D-FS-M,robot,True,True,True,True,True,False,False,False,False,False,,,
final_robot_035,D-FS-M,robot,True,True,True,True,True,False,False,False,False,False,,,
final_robot_036,D-FS-M,robot,True,True,True,True,True,False,False,False,False,False,,,
final_robot_037,D-FS-M,robot,True,True,True,True,True,False,False,False,False,False,,,
final_robot_038,D-FS-M,robot,False,False,False,False,False,False,False,False,False,False,,,
final_robot_039,D-FS-M,robot,True,True,True,True,True,False,False,False,False,False,,,
final_robot_040,D-FS-M,robot,True,True,True,True,True,False,False,False,False,False,,,
final_robot_041,D-FS-M,robot,True,True,True,True,True,False,False,False,False,False,,,
final_robot_042,D-FS-M,robot,True,True,True,True,True,False,False,False,False,False,,,
final_robot_043,D-FS-M,robot,True,True,True,True,True,False,False,False,False,False,,,
final_robot_044,D-FS-M,robot,True,True,True,True,True,False,False,False,False,False,,,
final_robot_045,D-FS-M,robot,True,True,True,True,True,False,False,False,False,False,,,
final_robot_046,D-FS-M,robot,False,False,False,False,False,False,False,False,False,False,,,
final_robot_047,D-FS-M,robot,False,False,False,False,False,False,False,False,False,False,,,
final_robot_048,D-FS-M,robot,True,True,True,True,True,False,False,False,False,False,,,
final_robot_049,D-FS-M,robot,True,True,True,True,True,False,False,False,False,False,,,
final_robot_050,D-FS-M,robot,True,True,True,True,True,False,False,False,False,False,,,
final_robot_051,D-FS-M,robot,True,True,True,True,True,False,False,False,False,False,,,
final_robot_052,D-FS-M,robot,True,True,True,True,True,False,False,False,False,False,,,
final_robot_053,D-FS-M,robot,True,True,True,True,True,False,False,False,False,False,,,
final_robot_054,D-FS-M,robot,True,True,True,True,True,False,False,False,False,False,,,
final_robot_055,D-FS-M,robot,True,True,True,True,True,False,False,False,False,False,,,
final_robot_056,D-FS-M,robot,False,False,False,False,False,False,False,False,False,False,,,
final_robot_057,D-FS-M,robot,True,True,True,True,True,False,False,False,False,False,,,
final_robot_058,D-FS-M,robot,True,True,True,True,True,False,False,False,False,False,,,
final_robot_059,D-FS-M,robot,True,True,True,True,True,False,False,False,False,False,,,
final_robot_060,D-FS-M,robot,True,True,True,True,True,False,False,False,False,False,,,
final_vaccine_001,D-FS-M,vaccine,True,False,False,False,False,False,False,False,False,False,shipments,shipments,
final_vaccine_002,D-FS-M,vaccine,False,False,False,False,False,False,False,False,False,False,,,
final_vaccine_003,D-FS-M,vaccine,True,True,True,True,True,False,False,False,False,False,,,
final_vaccine_004,D-FS-M,vaccine,True,True,True,True,True,False,False,False,False,False,,,
final_vaccine_005,D-FS-M,vaccine,True,True,True,True,True,False,False,False,False,False,,,
final_vaccine_006,D-FS-M,vaccine,True,True,True,True,True,False,False,False,False,False,,,
final_vaccine_007,D-FS-M,vaccine,True,True,True,True,True,False,False,False,False,False,,,
final_vaccine_008,D-FS-M,vaccine,True,True,True,True,True,False,False,False,False,False,,,
final_vaccine_009,D-FS-M,vaccine,True,True,True,True,True,False,False,False,False,False,,,
final_vaccine_010,D-FS-M,vaccine,True,True,True,True,True,False,False,False,False,False,,,
final_vaccine_011,D-FS-M,vaccine,True,True,True,True,True,False,False,False,False,False,,,
final_vaccine_012,D-FS-M,vaccine,True,True,True,True,True,False,False,False,False,False,,,
final_vaccine_013,D-FS-M,vaccine,True,True,True,True,True,False,False,False,False,False,,,
final_vaccine_014,D-FS-M,vaccine,True,True,True,True,True,False,False,False,False,False,,,
final_vaccine_015,D-FS-M,vaccine,True,True,True,True,True,False,False,False,False,False,,,
final_vaccine_016,D-FS-M,vaccine,False,False,False,False,False,False,False,False,False,False,,,
final_vaccine_017,D-FS-M,vaccine,False,False,False,False,False,False,False,False,False,False,,,
final_vaccine_018,D-FS-M,vaccine,True,True,True,True,True,False,False,False,False,False,,,
final_vaccine_019,D-FS-M,vaccine,False,False,False,False,False,False,False,False,False,False,,,
final_vaccine_020,D-FS-M,vaccine,True,True,True,True,True,False,False,False,False,False,,,
final_vaccine_021,D-FS-M,vaccine,True,True,True,True,True,False,False,False,False,False,,,
final_vaccine_022,D-FS-M,vaccine,True,True,True,True,True,False,False,False,False,False,,,
final_vaccine_023,D-FS-M,vaccine,True,True,True,True,True,False,False,False,False,False,,,
final_vaccine_024,D-FS-M,vaccine,True,True,True,True,True,False,False,False,False,False,,,
final_vaccine_025,D-FS-M,vaccine,True,True,True,True,True,False,False,False,False,False,,,
final_vaccine_026,D-FS-M,vaccine,True,True,True,True,True,False,False,False,False,False,,,
final_vaccine_027,D-FS-M,vaccine,True,True,True,True,True,False,False,False,False,False,,,
final_vaccine_028,D-FS-M,vaccine,True,True,True,True,True,False,False,False,False,False,,,
final_vaccine_029,D-FS-M,vaccine,True,True,True,True,True,False,False,False,False,False,,,
final_vaccine_030,D-FS-M,vaccine,True,True,True,True,True,False,False,False,False,False,,,
final_vaccine_031,D-FS-M,vaccine,False,False,False,False,False,False,False,False,False,False,,,
final_vaccine_032,D-FS-M,vaccine,True,True,True,True,True,False,False,False,False,False,,,
final_vaccine_033,D-FS-M,vaccine,True,True,True,True,True,False,False,False,False,False,,,
final_vaccine_034,D-FS-M,vaccine,True,True,True,True,True,False,False,False,False,False,,,
final_vaccine_035,D-FS-M,vaccine,False,False,False,False,False,False,False,False,False,False,,,
final_vaccine_036,D-FS-M,vaccine,True,True,True,True,True,False,False,False,False,False,,,
final_vaccine_037,D-FS-M,vaccine,True,True,True,True,True,False,False,False,False,False,,,
final_vaccine_038,D-FS-M,vaccine,True,True,True,True,True,False,False,False,False,False,,,
final_vaccine_039,D-FS-M,vaccine,True,True,True,True,True,False,False,False,False,False,,,
final_vaccine_040,D-FS-M,vaccine,True,True,True,True,True,False,False,False,False,False,,,
final_vaccine_041,D-FS-M,vaccine,True,True,True,True,True,False,False,False,False,False,,,
final_vaccine_042,D-FS-M,vaccine,True,True,True,True,True,False,False,False,False,False,,,
final_vaccine_043,D-FS-M,vaccine,True,True,True,True,True,False,False,False,False,False,,,
final_vaccine_044,D-FS-M,vaccine,False,False,False,False,False,False,False,False,False,False,,,
final_vaccine_045,D-FS-M,vaccine,True,True,True,True,True,False,False,False,False,False,,,
final_vaccine_046,D-FS-M,vaccine,False,False,False,False,False,False,False,False,False,False,,,
final_vaccine_047,D-FS-M,vaccine,True,True,True,True,True,False,False,False,False,False,,,
final_vaccine_048,D-FS-M,vaccine,False,False,False,False,False,False,False,False,False,False,,,
final_vaccine_049,D-FS-M,vaccine,True,True,True,True,True,False,False,False,False,False,,,
final_vaccine_050,D-FS-M,vaccine,True,True,True,True,True,False,False,False,False,False,,,
final_vaccine_051,D-FS-M,vaccine,True,True,True,True,True,False,False,False,False,False,,,
final_vaccine_052,D-FS-M,vaccine,True,True,True,True,True,False,False,False,False,False,,,
final_vaccine_053,D-FS-M,vaccine,True,True,True,True,True,False,False,False,False,False,,,
final_vaccine_054,D-FS-M,vaccine,True,True,True,True,True,False,False,False,False,False,,,
final_vaccine_055,D-FS-M,vaccine,True,True,True,True,True,False,False,False,False,False,,,
final_vaccine_056,D-FS-M,vaccine,True,True,True,True,True,False,False,False,False,False,,,
final_vaccine_057,D-FS-M,vaccine,True,True,True,True,True,False,False,False,False,False,,,
final_vaccine_058,D-FS-M,vaccine,True,True,True,True,True,False,False,False,False,False,,,
final_vaccine_059,D-FS-M,vaccine,True,True,True,True,True,False,False,False,False,False,,,
final_vaccine_060,D-FS-M,vaccine,True,True,True,True,True,False,False,False,False,False,,,
final_virtual_001,D-FS-M,virtual,True,True,True,True,True,False,False,False,False,False,,,
final_virtual_002,D-FS-M,virtual,True,False,False,False,False,False,False,False,False,False,interactions,interactions,
final_virtual_003,D-FS-M,virtual,True,True,True,True,True,False,False,False,False,False,,,
final_virtual_004,D-FS-M,virtual,True,True,True,True,True,False,False,False,False,False,,,
final_virtual_005,D-FS-M,virtual,False,False,False,False,False,False,False,False,False,False,,,
final_virtual_006,D-FS-M,virtual,True,True,True,True,True,False,False,False,False,False,,,
final_virtual_007,D-FS-M,virtual,True,True,True,True,True,False,False,False,False,False,,,
final_virtual_008,D-FS-M,virtual,True,True,True,True,True,False,False,False,False,False,,,
final_virtual_009,D-FS-M,virtual,True,True,True,True,True,False,False,False,False,False,,,
final_virtual_010,D-FS-M,virtual,True,True,True,True,True,False,False,False,False,False,,,
final_virtual_011,D-FS-M,virtual,True,True,True,True,True,False,False,False,False,False,,,
final_virtual_012,D-FS-M,virtual,True,True,True,True,True,False,False,False,False,False,,,
final_virtual_013,D-FS-M,virtual,True,True,True,True,True,False,False,False,False,False,,,
final_virtual_014,D-FS-M,virtual,True,True,True,True,True,False,False,False,False,False,,,
final_virtual_015,D-FS-M,virtual,True,True,True,True,True,False,False,False,False,False,,,
final_virtual_016,D-FS-M,virtual,False,False,False,False,False,False,False,False,False,False,,,
final_virtual_017,D-FS-M,virtual,False,False,False,False,False,False,False,False,False,False,,,
final_virtual_018,D-FS-M,virtual,True,True,True,True,True,False,False,False,False,False,,,
final_virtual_019,D-FS-M,virtual,True,True,True,True,True,False,False,False,False,False,,,
final_virtual_020,D-FS-M,virtual,True,True,True,True,True,False,False,False,False,False,,,
final_virtual_021,D-FS-M,virtual,True,True,True,True,True,False,False,False,False,False,,,
final_virtual_022,D-FS-M,virtual,True,True,True,True,True,False,False,False,False,False,,,
final_virtual_023,D-FS-M,virtual,True,True,True,True,True,False,False,False,False,False,,,
final_virtual_024,D-FS-M,virtual,True,True,True,True,True,False,False,False,False,False,,,
final_virtual_025,D-FS-M,virtual,True,True,True,True,True,False,False,False,False,False,,,
final_virtual_026,D-FS-M,virtual,True,True,True,True,True,False,False,False,False,False,,,
final_virtual_027,D-FS-M,virtual,True,True,True,True,True,False,False,False,False,False,,,
final_virtual_028,D-FS-M,virtual,True,True,True,True,True,False,False,False,False,False,,,
final_virtual_029,D-FS-M,virtual,True,True,True,True,True,False,False,False,False,False,,,
final_virtual_030,D-FS-M,virtual,True,True,True,True,True,False,False,False,False,False,,,
final_virtual_031,D-FS-M,virtual,False,False,False,False,False,False,False,False,False,False,,,
final_virtual_032,D-FS-M,virtual,True,True,True,True,True,False,False,False,False,False,,,
final_virtual_033,D-FS-M,virtual,False,False,False,False,False,False,False,False,False,False,,,
final_virtual_034,D-FS-M,virtual,True,True,True,True,True,False,False,False,False,False,,,
final_virtual_035,D-FS-M,virtual,True,True,True,True,True,False,False,False,False,False,,,
final_virtual_036,D-FS-M,virtual,True,True,True,True,True,False,False,False,False,False,,,
final_virtual_037,D-FS-M,virtual,True,True,True,True,True,False,False,False,False,False,,,
final_virtual_038,D-FS-M,virtual,False,False,False,False,False,False,False,False,False,False,,,
final_virtual_039,D-FS-M,virtual,True,True,True,True,True,False,False,False,False,False,,,
final_virtual_040,D-FS-M,virtual,True,True,True,True,True,False,False,False,False,False,,,
final_virtual_041,D-FS-M,virtual,True,True,True,True,True,False,False,False,False,False,,,
final_virtual_042,D-FS-M,virtual,True,True,True,True,True,False,False,False,False,False,,,
final_virtual_043,D-FS-M,virtual,True,True,True,True,True,False,False,False,False,False,,,
final_virtual_044,D-FS-M,virtual,True,True,True,True,True,False,False,False,False,False,,,
final_virtual_045,D-FS-M,virtual,True,True,True,True,True,False,False,False,False,False,,,
final_virtual_046,D-FS-M,virtual,True,False,False,False,False,False,False,False,False,False,additionalnotes,additionalnotes,
final_virtual_047,D-FS-M,virtual,True,True,True,True,True,False,False,False,False,False,,,
final_virtual_048,D-FS-M,virtual,True,True,True,True,True,False,False,False,False,False,,,
final_virtual_049,D-FS-M,virtual,True,True,True,True,True,False,False,False,False,False,,,
final_virtual_050,D-FS-M,virtual,True,True,True,True,True,False,False,False,False,False,,,
final_virtual_051,D-FS-M,virtual,True,True,True,True,True,False,False,False,False,False,,,
final_virtual_052,D-FS-M,virtual,True,True,True,True,True,False,False,False,False,False,,,
final_virtual_053,D-FS-M,virtual,True,True,True,True,True,False,False,False,False,False,,,
final_virtual_054,D-FS-M,virtual,True,True,True,True,True,False,False,False,False,False,,,
final_virtual_055,D-FS-M,virtual,True,True,True,True,True,False,False,False,False,False,,,
final_virtual_056,D-FS-M,virtual,True,True,True,True,True,False,False,False,False,False,,,
final_virtual_057,D-FS-M,virtual,True,True,True,True,True,False,False,False,False,False,,,
final_virtual_058,D-FS-M,virtual,True,True,True,True,True,False,False,False,False,False,,,
final_virtual_059,D-FS-M,virtual,True,True,True,True,True,False,False,False,False,False,,,
final_virtual_060,D-FS-M,virtual,True,True,True,True,True,False,False,False,False,False,,,
final_archeology_001,J-FS-M,archeology,True,True,True,True,True,False,False,False,False,False,,,
final_archeology_002,J-FS-M,archeology,False,False,False,False,False,False,False,False,False,False,,,
final_archeology_003,J-FS-M,archeology,False,False,False,False,False,False,False,False,False,False,,,
final_archeology_004,J-FS-M,archeology,True,True,True,True,True,False,False,False,False,False,,,
final_archeology_005,J-FS-M,archeology,True,True,True,True,True,False,False,False,False,False,,,
final_archeology_006,J-FS-M,archeology,True,True,True,True,True,False,False,False,False,False,,,
final_archeology_007,J-FS-M,archeology,True,True,True,True,True,False,False,False,False,False,,,
final_archeology_008,J-FS-M,archeology,True,True,True,True,True,False,False,False,False,False,,,
final_archeology_009,J-FS-M,archeology,True,True,True,True,True,False,False,False,False,False,,,
final_archeology_010,J-FS-M,archeology,True,True,True,True,True,False,False,False,False,False,,,
final_archeology_011,J-FS-M,archeology,True,True,True,True,True,False,False,False,False,False,,,
final_archeology_012,J-FS-M,archeology,True,True,True,True,True,False,False,False,False,False,,,
final_archeology_013,J-FS-M,archeology,True,True,True,True,True,False,False,False,False,False,,,
final_archeology_014,J-FS-M,archeology,True,True,True,True,True,False,False,False,False,False,,,
final_archeology_015,J-FS-M,archeology,True,True,True,True,True,False,False,False,False,False,,,
final_archeology_016,J-FS-M,archeology,False,False,False,False,False,False,False,False,False,False,,,
final_archeology_017,J-FS-M,archeology,False,False,False,False,False,False,False,False,False,False,,,
final_archeology_018,J-FS-M,archeology,True,True,True,True,True,False,False,False,False,False,,,
final_archeology_019,J-FS-M,archeology,True,True,True,True,True,False,False,False,False,False,,,
final_archeology_020,J-FS-M,archeology,True,True,True,True,True,False,False,False,False,False,,,
final_archeology_021,J-FS-M,archeology,True,True,True,True,True,False,False,False,False,False,,,
final_archeology_022,J-FS-M,archeology,True,True,True,True,True,False,False,False,False,False,,,
final_archeology_023,J-FS-M,archeology,True,True,True,True,True,False,False,False,False,False,,,
final_archeology_024,J-FS-M,archeology,True,True,True,True,True,False,False,False,False,False,,,
final_archeology_025,J-FS-M,archeology,True,True,True,True,True,False,False,False,False,False,,,
final_archeology_026,J-FS-M,archeology,True,True,True,True,True,False,False,False,False,False,,,
final_archeology_027,J-FS-M,archeology,True,True,True,True,True,False,False,False,False,False,,,
final_archeology_028,J-FS-M,archeology,True,True,True,True,True,False,False,False,False,False,,,
final_archeology_029,J-FS-M,archeology,True,True,True,True,True,False,False,False,False,False,,,
final_archeology_030,J-FS-M,archeology,True,True,True,True,True,False,False,False,False,False,,,
final_archeology_031,J-FS-M,archeology,False,False,False,False,False,False,False,False,False,False,,,
final_archeology_032,J-FS-M,archeology,True,True,True,True,True,False,False,False,False,False,,,
final_archeology_033,J-FS-M,archeology,True,True,True,True,True,False,False,False,False,False,,,
final_archeology_034,J-FS-M,archeology,True,True,True,True,True,False,False,False,False,False,,,
final_archeology_035,J-FS-M,archeology,True,True,True,True,True,False,False,False,False,False,,,
final_archeology_036,J-FS-M,archeology,True,True,True,True,True,False,False,False,False,False,,,
final_archeology_037,J-FS-M,archeology,True,True,True,True,True,False,False,False,False,False,,,
final_archeology_038,J-FS-M,archeology,True,True,True,True,True,False,False,False,False,False,,,
final_archeology_039,J-FS-M,archeology,True,True,True,True,True,False,False,False,False,False,,,
final_archeology_040,J-FS-M,archeology,True,True,True,True,True,False,False,False,False,False,,,
final_archeology_041,J-FS-M,archeology,True,True,True,True,True,False,False,False,False,False,,,
final_archeology_042,J-FS-M,archeology,True,True,True,True,True,False,False,False,False,False,,,
final_archeology_043,J-FS-M,archeology,True,True,True,True,True,False,False,False,False,False,,,
final_archeology_044,J-FS-M,archeology,True,True,True,True,True,False,False,False,False,False,,,
final_archeology_045,J-FS-M,archeology,True,True,True,True,True,False,False,False,False,False,,,
final_archeology_046,J-FS-M,archeology,True,True,True,True,True,False,False,False,False,False,,,
final_archeology_047,J-FS-M,archeology,True,True,True,True,True,False,False,False,False,False,,,
final_archeology_048,J-FS-M,archeology,True,True,True,True,True,False,False,False,False,False,,,
final_archeology_049,J-FS-M,archeology,True,True,True,True,True,False,False,False,False,False,,,
final_archeology_050,J-FS-M,archeology,True,True,True,True,True,False,False,False,False,False,,,
final_archeology_051,J-FS-M,archeology,True,True,True,True,True,False,False,False,False,False,,,
final_archeology_052,J-FS-M,archeology,True,True,True,True,True,False,False,False,False,False,,,
final_archeology_053,J-FS-M,archeology,True,True,True,True,True,False,False,False,False,False,,,
final_archeology_054,J-FS-M,archeology,True,True,True,True,True,False,False,False,False,False,,,
final_archeology_055,J-FS-M,archeology,True,True,True,True,True,False,False,False,False,False,,,
final_archeology_056,J-FS-M,archeology,True,True,True,True,True,False,False,False,False,False,,,
final_archeology_057,J-FS-M,archeology,False,False,False,False,False,False,False,False,False,False,,,
final_archeology_058,J-FS-M,archeology,True,True,True,True,True,False,False,False,False,False,,,
final_archeology_059,J-FS-M,archeology,True,True,True,True,True,False,False,False,False,False,,,
final_archeology_060,J-FS-M,archeology,False,False,False,False,False,False,False,False,False,False,,,
final_polar_001,J-FS-M,polar,True,True,True,True,True,False,False,False,False,False,,,
final_polar_002,J-FS-M,polar,True,True,True,True,True,False,False,False,False,False,,,
final_polar_003,J-FS-M,polar,False,False,False,False,False,False,False,False,False,False,,,
final_polar_004,J-FS-M,polar,True,True,True,True,True,False,False,False,False,False,,,
final_polar_005,J-FS-M,polar,True,True,True,True,True,False,False,False,False,False,,,
final_polar_006,J-FS-M,polar,True,True,True,True,True,False,False,False,False,False,,,
final_polar_007,J-FS-M,polar,True,True,True,True,True,False,False,False,False,False,,,
final_polar_008,J-FS-M,polar,True,True,True,True,True,False,False,False,False,False,,,
final_polar_009,J-FS-M,polar,False,False,False,False,False,False,False,False,False,False,,,
final_polar_010,J-FS-M,polar,True,True,True,True,True,False,False,False,False,False,,,
final_polar_011,J-FS-M,polar,True,True,True,True,True,False,False,False,False,False,,,
final_polar_012,J-FS-M,polar,True,True,True,True,True,False,False,False,False,False,,,
final_polar_013,J-FS-M,polar,True,True,True,True,True,False,False,False,False,False,,,
final_polar_014,J-FS-M,polar,True,True,True,True,True,False,False,False,False,False,,,
final_polar_015,J-FS-M,polar,False,False,False,False,False,False,False,False,False,False,,,
final_polar_016,J-FS-M,polar,True,True,True,True,True,False,False,False,False,False,,,
final_polar_017,J-FS-M,polar,True,True,True,True,True,False,False,False,False,False,,,
final_polar_018,J-FS-M,polar,False,False,False,False,False,False,False,False,False,False,,,
final_polar_019,J-FS-M,polar,True,True,True,True,True,False,False,False,False,False,,,
final_polar_020,J-FS-M,polar,True,True,True,True,True,False,False,False,False,False,,,
final_polar_021,J-FS-M,polar,False,False,False,False,False,False,False,False,False,False,,,
final_polar_022,J-FS-M,polar,True,True,True,True,True,False,False,False,False,False,,,
final_polar_023,J-FS-M,polar,True,True,True,True,True,False,False,False,False,False,,,
final_polar_024,J-FS-M,polar,True,True,True,True,True,False,False,False,False,False,,,
final_polar_025,J-FS-M,polar,True,True,True,True,True,False,False,False,False,False,,,
final_polar_026,J-FS-M,polar,True,True,True,True,True,False,False,False,False,False,,,
final_polar_027,J-FS-M,polar,False,False,False,False,False,False,False,False,False,False,,,
final_polar_028,J-FS-M,polar,True,True,True,True,True,False,False,False,False,False,,,
final_polar_029,J-FS-M,polar,True,True,True,True,True,False,False,False,False,False,,,
final_polar_030,J-FS-M,polar,False,False,False,False,False,False,False,False,False,False,,,
final_polar_031,J-FS-M,polar,True,True,True,True,True,False,False,False,False,False,,,
final_polar_032,J-FS-M,polar,True,True,True,True,True,False,False,False,False,False,,,
final_polar_033,J-FS-M,polar,False,False,False,False,False,False,False,False,False,False,,,
final_polar_034,J-FS-M,polar,True,True,True,True,True,False,False,False,False,False,,,
final_polar_035,J-FS-M,polar,True,True,True,True,True,False,False,False,False,False,,,
final_polar_036,J-FS-M,polar,False,False,False,False,False,False,False,False,False,False,,,
final_polar_037,J-FS-M,polar,True,True,True,True,True,False,False,False,False,False,,,
final_polar_038,J-FS-M,polar,True,False,False,False,False,False,False,False,False,False,lightingandsafety,lightingandsafety,
final_polar_039,J-FS-M,polar,False,False,False,False,False,False,False,False,False,False,,,
final_polar_040,J-FS-M,polar,True,True,True,True,True,False,False,False,False,False,,,
final_polar_041,J-FS-M,polar,True,True,True,True,True,False,False,False,False,False,,,
final_polar_042,J-FS-M,polar,False,False,False,False,False,False,False,False,False,False,,,
final_polar_043,J-FS-M,polar,True,True,True,True,True,False,False,False,False,False,,,
final_polar_044,J-FS-M,polar,True,True,True,True,True,False,False,False,False,False,,,
final_polar_045,J-FS-M,polar,True,True,True,True,True,False,False,False,False,False,,,
final_polar_046,J-FS-M,polar,True,True,True,True,True,False,False,False,False,False,,,
final_polar_047,J-FS-M,polar,True,True,True,True,True,False,False,False,False,False,,,
final_polar_048,J-FS-M,polar,True,True,True,True,True,False,False,False,False,False,,,
final_polar_049,J-FS-M,polar,True,True,True,True,True,False,False,False,False,False,,,
final_polar_050,J-FS-M,polar,True,True,True,True,True,False,False,False,False,False,,,
final_polar_051,J-FS-M,polar,True,True,True,True,True,False,False,False,False,False,,,
final_polar_052,J-FS-M,polar,True,True,True,True,True,False,False,False,False,False,,,
final_polar_053,J-FS-M,polar,True,True,True,True,True,False,False,False,False,False,,,
final_polar_054,J-FS-M,polar,False,False,False,False,False,False,False,False,False,False,,,
final_polar_055,J-FS-M,polar,True,True,True,True,True,False,False,False,False,False,,,
final_polar_056,J-FS-M,polar,True,True,True,True,True,False,False,False,False,False,,,
final_polar_057,J-FS-M,polar,True,True,True,True,True,False,False,False,False,False,,,
final_polar_058,J-FS-M,polar,True,True,True,True,True,False,False,False,False,False,,,
final_polar_059,J-FS-M,polar,True,True,True,True,True,False,False,False,False,False,,,
final_polar_060,J-FS-M,polar,False,False,False,False,False,False,False,False,False,False,,,
final_robot_001,J-FS-M,robot,True,True,True,True,True,False,False,False,False,False,,,
final_robot_002,J-FS-M,robot,True,True,True,True,True,False,False,False,False,False,,,
final_robot_003,J-FS-M,robot,True,True,True,True,True,False,False,False,False,False,,,
final_robot_004,J-FS-M,robot,True,True,True,True,True,False,False,False,False,False,,,
final_robot_005,J-FS-M,robot,True,True,True,True,True,False,False,False,False,False,,,
final_robot_006,J-FS-M,robot,True,True,True,True,True,False,False,False,False,False,,,
final_robot_007,J-FS-M,robot,True,True,True,True,True,False,False,False,False,False,,,
final_robot_008,J-FS-M,robot,True,True,True,True,True,False,False,False,False,False,,,
final_robot_009,J-FS-M,robot,True,True,True,True,True,False,False,False,False,False,,,
final_robot_010,J-FS-M,robot,True,True,True,True,True,False,False,False,False,False,,,
final_robot_011,J-FS-M,robot,True,True,True,True,True,False,False,False,False,False,,,
final_robot_012,J-FS-M,robot,True,True,True,True,True,False,False,False,False,False,,,
final_robot_013,J-FS-M,robot,True,True,True,True,True,False,False,False,False,False,,,
final_robot_014,J-FS-M,robot,True,True,True,True,True,False,False,False,False,False,,,
final_robot_015,J-FS-M,robot,True,True,True,True,True,False,False,False,False,False,,,
final_robot_016,J-FS-M,robot,True,True,True,True,True,False,False,False,False,False,,,
final_robot_017,J-FS-M,robot,True,False,False,False,False,False,False,False,False,False,actuation_data,actuation_data,
final_robot_018,J-FS-M,robot,True,True,True,True,True,False,False,False,False,False,,,
final_robot_019,J-FS-M,robot,True,True,True,True,True,False,False,False,False,False,,,
final_robot_020,J-FS-M,robot,True,True,True,True,True,False,False,False,False,False,,,
final_robot_021,J-FS-M,robot,True,True,True,True,True,False,False,False,False,False,,,
final_robot_022,J-FS-M,robot,True,True,True,True,True,False,False,False,False,False,,,
final_robot_023,J-FS-M,robot,True,True,True,True,True,False,False,False,False,False,,,
final_robot_024,J-FS-M,robot,True,True,True,True,True,False,False,False,False,False,,,
final_robot_025,J-FS-M,robot,True,True,True,True,True,False,False,False,False,False,,,
final_robot_026,J-FS-M,robot,True,True,True,True,True,False,False,False,False,False,,,
final_robot_027,J-FS-M,robot,True,True,True,True,True,False,False,False,False,False,,,
final_robot_028,J-FS-M,robot,True,True,True,True,True,False,False,False,False,False,,,
final_robot_029,J-FS-M,robot,True,True,True,True,True,False,False,False,False,False,,,
final_robot_030,J-FS-M,robot,True,True,True,True,True,False,False,False,False,False,,,
final_robot_031,J-FS-M,robot,True,True,True,True,True,False,False,False,False,False,,,
final_robot_032,J-FS-M,robot,True,True,True,True,True,False,False,False,False,False,,,
final_robot_033,J-FS-M,robot,True,True,True,True,True,False,False,False,False,False,,,
final_robot_034,J-FS-M,robot,True,True,True,True,True,False,False,False,False,False,,,
final_robot_035,J-FS-M,robot,True,True,True,True,True,False,False,False,False,False,,,
final_robot_036,J-FS-M,robot,True,True,True,True,True,False,False,False,False,False,,,
final_robot_037,J-FS-M,robot,True,True,True,True,True,False,False,False,False,False,,,
final_robot_038,J-FS-M,robot,True,True,True,True,True,False,False,False,False,False,,,
final_robot_039,J-FS-M,robot,True,True,True,True,True,False,False,False,False,False,,,
final_robot_040,J-FS-M,robot,True,True,True,True,True,False,False,False,False,False,,,
final_robot_041,J-FS-M,robot,True,True,True,True,True,False,False,False,False,False,,,
final_robot_042,J-FS-M,robot,True,True,True,True,True,False,False,False,False,False,,,
final_robot_043,J-FS-M,robot,True,True,True,True,True,False,False,False,False,False,,,
final_robot_044,J-FS-M,robot,True,True,True,True,True,False,False,False,False,False,,,
final_robot_045,J-FS-M,robot,True,True,True,True,True,False,False,False,False,False,,,
final_robot_046,J-FS-M,robot,True,True,True,True,True,False,False,False,False,False,,,
final_robot_047,J-FS-M,robot,True,True,True,True,True,False,False,False,False,False,,,
final_robot_048,J-FS-M,robot,True,True,True,True,True,False,False,False,False,False,,,
final_robot_049,J-FS-M,robot,True,True,True,True,True,False,False,False,False,False,,,
final_robot_050,J-FS-M,robot,True,True,True,True,True,False,False,False,False,False,,,
final_robot_051,J-FS-M,robot,True,True,True,True,True,False,False,False,False,False,,,
final_robot_052,J-FS-M,robot,True,True,True,True,True,False,False,False,False,False,,,
final_robot_053,J-FS-M,robot,True,True,True,True,True,False,False,False,False,False,,,
final_robot_054,J-FS-M,robot,True,True,True,True,True,False,False,False,False,False,,,
final_robot_055,J-FS-M,robot,True,True,True,True,True,False,False,False,False,False,,,
final_robot_056,J-FS-M,robot,True,True,True,True,True,False,False,False,False,False,,,
final_robot_057,J-FS-M,robot,True,True,True,True,True,False,False,False,False,False,,,
final_robot_058,J-FS-M,robot,True,True,True,True,True,False,False,False,False,False,,,
final_robot_059,J-FS-M,robot,True,True,True,True,True,False,False,False,False,False,,,
final_robot_060,J-FS-M,robot,True,True,True,True,True,False,False,False,False,False,,,
final_vaccine_001,J-FS-M,vaccine,True,False,False,False,False,False,False,False,False,False,shipments,shipments,
final_vaccine_002,J-FS-M,vaccine,False,False,False,False,False,False,False,False,False,False,,,
final_vaccine_003,J-FS-M,vaccine,False,False,False,False,False,False,False,False,False,False,,,
final_vaccine_004,J-FS-M,vaccine,True,True,True,True,True,False,False,False,False,False,,,
final_vaccine_005,J-FS-M,vaccine,True,True,True,True,True,False,False,False,False,False,,,
final_vaccine_006,J-FS-M,vaccine,True,True,True,True,True,False,False,False,False,False,,,
final_vaccine_007,J-FS-M,vaccine,True,True,True,True,True,False,False,False,False,False,,,
final_vaccine_008,J-FS-M,vaccine,True,True,True,True,True,False,False,False,False,False,,,
final_vaccine_009,J-FS-M,vaccine,True,True,True,True,True,False,False,False,False,False,,,
final_vaccine_010,J-FS-M,vaccine,True,True,True,True,True,False,False,False,False,False,,,
final_vaccine_011,J-FS-M,vaccine,True,True,True,True,True,False,False,False,False,False,,,
final_vaccine_012,J-FS-M,vaccine,True,True,True,True,True,False,False,False,False,False,,,
final_vaccine_013,J-FS-M,vaccine,True,True,True,True,True,False,False,False,False,False,,,
final_vaccine_014,J-FS-M,vaccine,True,True,True,True,True,False,False,False,False,False,,,
final_vaccine_015,J-FS-M,vaccine,False,False,False,False,False,False,False,False,False,False,,,
final_vaccine_016,J-FS-M,vaccine,False,False,False,False,False,False,False,False,False,False,,,
final_vaccine_017,J-FS-M,vaccine,False,False,False,False,False,False,False,False,False,False,,,
final_vaccine_018,J-FS-M,vaccine,False,False,False,False,False,False,False,False,False,False,,,
final_vaccine_019,J-FS-M,vaccine,True,True,True,True,True,False,False,False,False,False,,,
final_vaccine_020,J-FS-M,vaccine,True,True,True,True,True,False,False,False,False,False,,,
final_vaccine_021,J-FS-M,vaccine,False,False,False,False,False,False,False,False,False,False,,,
final_vaccine_022,J-FS-M,vaccine,True,True,True,True,True,False,False,False,False,False,,,
final_vaccine_023,J-FS-M,vaccine,True,True,True,True,True,False,False,False,False,False,,,
final_vaccine_024,J-FS-M,vaccine,True,True,True,True,True,False,False,False,False,False,,,
final_vaccine_025,J-FS-M,vaccine,True,True,True,True,True,False,False,False,False,False,,,
final_vaccine_026,J-FS-M,vaccine,True,True,True,True,True,False,False,False,False,False,,,
final_vaccine_027,J-FS-M,vaccine,True,True,True,True,True,False,False,False,False,False,,,
final_vaccine_028,J-FS-M,vaccine,True,True,True,True,True,False,False,False,False,False,,,
final_vaccine_029,J-FS-M,vaccine,True,True,True,True,True,False,False,False,False,False,,,
final_vaccine_030,J-FS-M,vaccine,True,True,True,True,True,False,False,False,False,False,,,
final_vaccine_031,J-FS-M,vaccine,True,False,False,False,False,False,False,False,False,False,regulatoryandmaintenance|sensordata,regulatoryandmaintenance|sensordata,
final_vaccine_032,J-FS-M,vaccine,True,True,True,True,True,False,False,False,False,False,,,
final_vaccine_033,J-FS-M,vaccine,True,True,True,True,True,False,False,False,False,False,,,
final_vaccine_034,J-FS-M,vaccine,True,True,True,True,True,False,False,False,False,False,,,
final_vaccine_035,J-FS-M,vaccine,True,True,True,True,True,False,False,False,False,False,,,
final_vaccine_036,J-FS-M,vaccine,True,True,True,True,True,False,False,False,False,False,,,
final_vaccine_037,J-FS-M,vaccine,True,True,True,True,True,False,False,False,False,False,,,
final_vaccine_038,J-FS-M,vaccine,False,False,False,False,False,False,False,False,False,False,,,
final_vaccine_039,J-FS-M,vaccine,False,False,False,False,False,False,False,False,False,False,,,
final_vaccine_040,J-FS-M,vaccine,True,True,True,True,True,False,False,False,False,False,,,
final_vaccine_041,J-FS-M,vaccine,True,True,True,True,True,False,False,False,False,False,,,
final_vaccine_042,J-FS-M,vaccine,True,True,True,True,True,False,False,False,False,False,,,
final_vaccine_043,J-FS-M,vaccine,True,True,True,True,True,False,False,False,False,False,,,
final_vaccine_044,J-FS-M,vaccine,True,True,True,True,True,False,False,False,False,False,,,
final_vaccine_045,J-FS-M,vaccine,False,False,False,False,False,False,False,False,False,False,,,
final_vaccine_046,J-FS-M,vaccine,True,True,True,True,True,False,False,False,False,False,,,
final_vaccine_047,J-FS-M,vaccine,False,False,False,False,False,False,False,False,False,False,,,
final_vaccine_048,J-FS-M,vaccine,True,True,True,True,True,False,False,False,False,False,,,
final_vaccine_049,J-FS-M,vaccine,True,True,True,True,True,False,False,False,False,False,,,
final_vaccine_050,J-FS-M,vaccine,False,False,False,False,False,False,False,False,False,False,,,
final_vaccine_051,J-FS-M,vaccine,True,True,True,True,True,False,False,False,False,False,,,
final_vaccine_052,J-FS-M,vaccine,True,True,True,True,True,False,False,False,False,False,,,
final_vaccine_053,J-FS-M,vaccine,True,True,True,True,True,False,False,False,False,False,,,
final_vaccine_054,J-FS-M,vaccine,False,False,False,False,False,False,False,False,False,False,,,
final_vaccine_055,J-FS-M,vaccine,True,True,True,True,True,False,False,False,False,False,,,
final_vaccine_056,J-FS-M,vaccine,True,True,True,True,True,False,False,False,False,False,,,
final_vaccine_057,J-FS-M,vaccine,True,True,True,True,True,False,False,False,False,False,,,
final_vaccine_058,J-FS-M,vaccine,True,True,True,True,True,False,False,False,False,False,,,
final_vaccine_059,J-FS-M,vaccine,True,True,True,True,True,False,False,False,False,False,,,
final_vaccine_060,J-FS-M,vaccine,True,True,True,True,True,False,False,False,False,False,,,
final_virtual_001,J-FS-M,virtual,True,True,True,True,True,False,False,False,False,False,,,
final_virtual_002,J-FS-M,virtual,True,False,False,False,False,False,False,False,False,False,interactions,interactions,
final_virtual_003,J-FS-M,virtual,True,True,True,True,True,False,False,False,False,False,,,
final_virtual_004,J-FS-M,virtual,True,True,True,True,True,False,False,False,False,False,,,
final_virtual_005,J-FS-M,virtual,True,True,True,True,True,False,False,False,False,False,,,
final_virtual_006,J-FS-M,virtual,True,True,True,True,True,False,False,False,False,False,,,
final_virtual_007,J-FS-M,virtual,True,True,True,True,True,False,False,False,False,False,,,
final_virtual_008,J-FS-M,virtual,True,True,True,True,True,False,False,False,False,False,,,
final_virtual_009,J-FS-M,virtual,True,True,True,True,True,False,False,False,False,False,,,
final_virtual_010,J-FS-M,virtual,True,True,True,True,True,False,False,False,False,False,,,
final_virtual_011,J-FS-M,virtual,True,True,True,True,True,False,False,False,False,False,,,
final_virtual_012,J-FS-M,virtual,True,True,True,True,True,False,False,False,False,False,,,
final_virtual_013,J-FS-M,virtual,True,True,True,True,True,False,False,False,False,False,,,
final_virtual_014,J-FS-M,virtual,True,True,True,True,True,False,False,False,False,False,,,
final_virtual_015,J-FS-M,virtual,True,True,True,True,True,False,False,False,False,False,,,
final_virtual_016,J-FS-M,virtual,False,False,False,False,False,False,False,False,False,False,,,
final_virtual_017,J-FS-M,virtual,True,False,False,False,False,False,False,False,False,False,engagement,engagement,
final_virtual_018,J-FS-M,virtual,True,True,True,True,True,False,False,False,False,False,,,
final_virtual_019,J-FS-M,virtual,True,True,True,True,True,False,False,False,False,False,,,
final_virtual_020,J-FS-M,virtual,True,True,True,True,True,False,False,False,False,False,,,
final_virtual_021,J-FS-M,virtual,True,True,True,True,True,False,False,False,False,False,,,
final_virtual_022,J-FS-M,virtual,True,True,True,True,True,False,False,False,False,False,,,
final_virtual_023,J-FS-M,virtual,True,True,True,True,True,False,False,False,False,False,,,
final_virtual_024,J-FS-M,virtual,True,True,True,True,True,False,False,False,False,False,,,
final_virtual_025,J-FS-M,virtual,True,True,True,True,True,False,False,False,False,False,,,
final_virtual_026,J-FS-M,virtual,True,True,True,True,True,False,False,False,False,False,,,
final_virtual_027,J-FS-M,virtual,True,True,True,True,True,False,False,False,False,False,,,
final_virtual_028,J-FS-M,virtual,True,True,True,True,True,False,False,False,False,False,,,
final_virtual_029,J-FS-M,virtual,True,True,True,True,True,False,False,False,False,False,,,
final_virtual_030,J-FS-M,virtual,True,True,True,True,True,False,False,False,False,False,,,
final_virtual_031,J-FS-M,virtual,False,False,False,False,False,False,False,False,False,False,,,
final_virtual_032,J-FS-M,virtual,True,True,True,True,True,False,False,False,False,False,,,
final_virtual_033,J-FS-M,virtual,True,True,True,True,True,False,False,False,False,False,,,
final_virtual_034,J-FS-M,virtual,True,True,True,True,True,False,False,False,False,False,,,
final_virtual_035,J-FS-M,virtual,True,True,True,True,True,False,False,False,False,False,,,
final_virtual_036,J-FS-M,virtual,True,True,True,True,True,False,False,False,False,False,,,
final_virtual_037,J-FS-M,virtual,True,True,True,True,True,False,False,False,False,False,,,
final_virtual_038,J-FS-M,virtual,True,True,True,True,True,False,False,False,False,False,,,
final_virtual_039,J-FS-M,virtual,True,True,True,True,True,False,False,False,False,False,,,
final_virtual_040,J-FS-M,virtual,True,True,True,True,True,False,False,False,False,False,,,
final_virtual_041,J-FS-M,virtual,True,True,True,True,True,False,False,False,False,False,,,
final_virtual_042,J-FS-M,virtual,True,True,True,True,True,False,False,False,False,False,,,
final_virtual_043,J-FS-M,virtual,True,True,True,True,True,False,False,False,False,False,,,
final_virtual_044,J-FS-M,virtual,True,True,True,True,True,False,False,False,False,False,,,
final_virtual_045,J-FS-M,virtual,True,True,True,True,True,False,False,False,False,False,,,
final_virtual_046,J-FS-M,virtual,False,False,False,False,False,False,False,False,False,False,,,
final_virtual_047,J-FS-M,virtual,True,True,True,True,True,False,False,False,False,False,,,
final_virtual_048,J-FS-M,virtual,True,True,True,True,True,False,False,False,False,False,,,
final_virtual_049,J-FS-M,virtual,True,True,True,True,True,False,False,False,False,False,,,
final_virtual_050,J-FS-M,virtual,True,True,True,True,True,False,False,False,False,False,,,
final_virtual_051,J-FS-M,virtual,True,True,True,True,True,False,False,False,False,False,,,
final_virtual_052,J-FS-M,virtual,True,True,True,True,True,False,False,False,False,False,,,
final_virtual_053,J-FS-M,virtual,True,True,True,True,True,False,False,False,False,False,,,
final_virtual_054,J-FS-M,virtual,True,True,True,True,True,False,False,False,False,False,,,
final_virtual_055,J-FS-M,virtual,True,True,True,True,True,False,False,False,False,False,,,
final_virtual_056,J-FS-M,virtual,True,True,True,True,True,False,False,False,False,False,,,
final_virtual_057,J-FS-M,virtual,True,True,True,True,True,False,False,False,False,False,,,
final_virtual_058,J-FS-M,virtual,True,True,True,True,True,False,False,False,False,False,,,
final_virtual_059,J-FS-M,virtual,True,True,True,True,True,False,False,False,False,False,,,
final_virtual_060,J-FS-M,virtual,True,True,True,True,True,False,False,False,False,False,,,
final_archeology_001,S-FS-v2-M,archeology,True,True,True,True,True,False,False,False,False,False,,,
final_archeology_002,S-FS-v2-M,archeology,False,False,False,False,False,False,False,False,False,False,,,
final_archeology_003,S-FS-v2-M,archeology,False,False,False,False,False,False,False,False,False,False,,,
final_archeology_004,S-FS-v2-M,archeology,True,True,True,True,True,False,False,False,False,False,,,
final_archeology_005,S-FS-v2-M,archeology,False,False,False,False,False,False,False,False,False,False,,,
final_archeology_006,S-FS-v2-M,archeology,False,False,False,False,False,False,False,False,False,False,,,
final_archeology_007,S-FS-v2-M,archeology,True,True,True,True,True,False,False,False,False,False,,,
final_archeology_008,S-FS-v2-M,archeology,False,False,False,False,False,False,False,False,False,False,,,
final_archeology_009,S-FS-v2-M,archeology,False,False,False,False,False,False,False,False,False,False,,,
final_archeology_010,S-FS-v2-M,archeology,True,True,True,True,True,False,False,False,False,False,,,
final_archeology_011,S-FS-v2-M,archeology,False,False,False,False,False,False,False,False,False,False,,,
final_archeology_012,S-FS-v2-M,archeology,False,False,False,False,False,False,False,False,False,False,,,
final_archeology_013,S-FS-v2-M,archeology,True,True,True,True,True,False,False,False,False,False,,,
final_archeology_014,S-FS-v2-M,archeology,False,False,False,False,False,False,False,False,False,False,,,
final_archeology_015,S-FS-v2-M,archeology,False,False,False,False,False,False,False,False,False,False,,,
final_archeology_016,S-FS-v2-M,archeology,False,False,False,False,False,False,False,False,False,False,,,
final_archeology_017,S-FS-v2-M,archeology,False,False,False,False,False,False,False,False,False,False,,,
final_archeology_018,S-FS-v2-M,archeology,False,False,False,False,False,False,False,False,False,False,,,
final_archeology_019,S-FS-v2-M,archeology,True,True,True,True,True,False,False,False,False,False,,,
final_archeology_020,S-FS-v2-M,archeology,False,False,False,False,False,False,False,False,False,False,,,
final_archeology_021,S-FS-v2-M,archeology,False,False,False,False,False,False,False,False,False,False,,,
final_archeology_022,S-FS-v2-M,archeology,True,True,True,True,True,False,False,False,False,False,,,
final_archeology_023,S-FS-v2-M,archeology,False,False,False,False,False,False,False,False,False,False,,,
final_archeology_024,S-FS-v2-M,archeology,False,False,False,False,False,False,False,False,False,False,,,
final_archeology_025,S-FS-v2-M,archeology,True,True,True,True,True,False,False,False,False,False,,,
final_archeology_026,S-FS-v2-M,archeology,False,False,False,False,False,False,False,False,False,False,,,
final_archeology_027,S-FS-v2-M,archeology,False,False,False,False,False,False,False,False,False,False,,,
final_archeology_028,S-FS-v2-M,archeology,True,True,True,True,True,False,False,False,False,False,,,
final_archeology_029,S-FS-v2-M,archeology,False,False,False,False,False,False,False,False,False,False,,,
final_archeology_030,S-FS-v2-M,archeology,False,False,False,False,False,False,False,False,False,False,,,
final_archeology_031,S-FS-v2-M,archeology,False,False,False,False,False,False,False,False,False,False,,,
final_archeology_032,S-FS-v2-M,archeology,False,False,False,False,False,False,False,False,False,False,,,
final_archeology_033,S-FS-v2-M,archeology,False,False,False,False,False,False,False,False,False,False,,,
final_archeology_034,S-FS-v2-M,archeology,True,True,True,True,True,False,False,False,False,False,,,
final_archeology_035,S-FS-v2-M,archeology,False,False,False,False,False,False,False,False,False,False,,,
final_archeology_036,S-FS-v2-M,archeology,False,False,False,False,False,False,False,False,False,False,,,
final_archeology_037,S-FS-v2-M,archeology,True,True,True,True,True,False,False,False,False,False,,,
final_archeology_038,S-FS-v2-M,archeology,False,False,False,False,False,False,False,False,False,False,,,
final_archeology_039,S-FS-v2-M,archeology,False,False,False,False,False,False,False,False,False,False,,,
final_archeology_040,S-FS-v2-M,archeology,True,True,True,True,True,False,False,False,False,False,,,
final_archeology_041,S-FS-v2-M,archeology,False,False,False,False,False,False,False,False,False,False,,,
final_archeology_042,S-FS-v2-M,archeology,False,False,False,False,False,False,False,False,False,False,,,
final_archeology_043,S-FS-v2-M,archeology,True,True,True,True,True,False,False,False,False,False,,,
final_archeology_044,S-FS-v2-M,archeology,False,False,False,False,False,False,False,False,False,False,,,
final_archeology_045,S-FS-v2-M,archeology,False,False,False,False,False,False,False,False,False,False,,,
final_archeology_046,S-FS-v2-M,archeology,True,True,True,True,True,False,False,False,False,False,,,
final_archeology_047,S-FS-v2-M,archeology,False,False,False,False,False,False,False,False,False,False,,,
final_archeology_048,S-FS-v2-M,archeology,False,False,False,False,False,False,False,False,False,False,,,
final_archeology_049,S-FS-v2-M,archeology,True,True,True,True,True,False,False,False,False,False,,,
final_archeology_050,S-FS-v2-M,archeology,False,False,False,False,False,False,False,False,False,False,,,
final_archeology_051,S-FS-v2-M,archeology,False,False,False,False,False,False,False,False,False,False,,,
final_archeology_052,S-FS-v2-M,archeology,True,True,True,True,True,False,False,False,False,False,,,
final_archeology_053,S-FS-v2-M,archeology,False,False,False,False,False,False,False,False,False,False,,,
final_archeology_054,S-FS-v2-M,archeology,False,False,False,False,False,False,False,False,False,False,,,
final_archeology_055,S-FS-v2-M,archeology,True,True,True,True,True,False,False,False,False,False,,,
final_archeology_056,S-FS-v2-M,archeology,False,False,False,False,False,False,False,False,False,False,,,
final_archeology_057,S-FS-v2-M,archeology,False,False,False,False,False,False,False,False,False,False,,,
final_archeology_058,S-FS-v2-M,archeology,True,True,True,True,True,False,False,False,False,False,,,
final_archeology_059,S-FS-v2-M,archeology,True,True,True,True,True,False,False,False,False,False,,,
final_archeology_060,S-FS-v2-M,archeology,False,False,False,False,False,False,False,False,False,False,,,
final_polar_001,S-FS-v2-M,polar,True,True,True,True,True,False,False,False,False,False,,,
final_polar_002,S-FS-v2-M,polar,False,False,False,False,False,False,False,False,False,False,,,
final_polar_003,S-FS-v2-M,polar,False,False,False,False,False,False,False,False,False,False,,,
final_polar_004,S-FS-v2-M,polar,True,True,True,True,True,False,False,False,False,False,,,
final_polar_005,S-FS-v2-M,polar,False,False,False,False,False,False,False,False,False,False,,,
final_polar_006,S-FS-v2-M,polar,False,False,False,False,False,False,False,False,False,False,,,
final_polar_007,S-FS-v2-M,polar,True,False,False,False,False,False,False,False,False,False,waterandwaste,waterandwaste,
final_polar_008,S-FS-v2-M,polar,False,False,False,False,False,False,False,False,False,False,,,
final_polar_009,S-FS-v2-M,polar,False,False,False,False,False,False,False,False,False,False,,,
final_polar_010,S-FS-v2-M,polar,True,False,False,False,False,False,False,False,False,False,scientific,scientific,
final_polar_011,S-FS-v2-M,polar,False,False,False,False,False,False,False,False,False,False,,,
final_polar_012,S-FS-v2-M,polar,False,False,False,False,False,False,False,False,False,False,,,
final_polar_013,S-FS-v2-M,polar,True,False,False,False,False,False,False,False,False,False,communication,communication,
final_polar_014,S-FS-v2-M,polar,True,False,False,False,False,False,False,False,False,False,weatherandstructure,weatherandstructure,
final_polar_015,S-FS-v2-M,polar,False,False,False,False,False,False,False,False,False,False,,,
final_polar_016,S-FS-v2-M,polar,True,True,True,True,True,False,False,False,False,False,,,
final_polar_017,S-FS-v2-M,polar,True,True,True,True,True,False,False,False,False,False,,,
final_polar_018,S-FS-v2-M,polar,False,False,False,False,False,False,False,False,False,False,,,
final_polar_019,S-FS-v2-M,polar,True,True,True,True,True,False,False,False,False,False,,,
final_polar_020,S-FS-v2-M,polar,False,False,False,False,False,False,False,False,False,False,,,
final_polar_021,S-FS-v2-M,polar,False,False,False,False,False,False,False,False,False,False,,,
final_polar_022,S-FS-v2-M,polar,True,False,False,False,False,False,False,False,False,False,waterandwaste,waterandwaste,
final_polar_023,S-FS-v2-M,polar,True,False,False,False,False,False,False,False,False,False,scientific,scientific,
final_polar_024,S-FS-v2-M,polar,False,False,False,False,False,False,False,False,False,False,,,
final_polar_025,S-FS-v2-M,polar,True,True,True,True,True,False,False,False,False,False,,,
final_polar_026,S-FS-v2-M,polar,True,False,False,False,False,False,False,False,False,False,transmission,transmission,
final_polar_027,S-FS-v2-M,polar,False,False,False,False,False,False,False,False,False,False,,,
final_polar_028,S-FS-v2-M,polar,True,True,True,True,True,False,False,False,False,False,,,
final_polar_029,S-FS-v2-M,polar,False,False,False,False,False,False,False,False,False,False,,,
final_polar_030,S-FS-v2-M,polar,False,False,False,False,False,False,False,False,False,False,,,
final_polar_031,S-FS-v2-M,polar,True,True,True,True,True,False,False,False,False,False,,,
final_polar_032,S-FS-v2-M,polar,False,False,False,False,False,False,False,False,False,False,,,
final_polar_033,S-FS-v2-M,polar,False,False,False,False,False,False,False,False,False,False,,,
final_polar_034,S-FS-v2-M,polar,True,True,True,True,True,False,False,False,False,False,,,
final_polar_035,S-FS-v2-M,polar,False,False,False,False,False,False,False,False,False,False,,,
final_polar_036,S-FS-v2-M,polar,False,False,False,False,False,False,False,False,False,False,,,
final_polar_037,S-FS-v2-M,polar,True,False,False,False,False,False,False,False,False,False,waterandwaste,waterandwaste,
final_polar_038,S-FS-v2-M,polar,True,False,False,False,False,False,False,False,False,False,lightingandsafety,lightingandsafety,
final_polar_039,S-FS-v2-M,polar,False,False,False,False,False,False,False,False,False,False,,,
final_polar_040,S-FS-v2-M,polar,True,False,False,False,False,False,False,False,False,False,scientific,scientific,
final_polar_041,S-FS-v2-M,polar,False,False,False,False,False,False,False,False,False,False,,,
final_polar_042,S-FS-v2-M,polar,False,False,False,False,False,False,False,False,False,False,,,
final_polar_043,S-FS-v2-M,polar,True,True,True,True,True,False,False,False,False,False,,,
final_polar_044,S-FS-v2-M,polar,True,False,False,False,False,False,False,False,False,False,scientific,scientific,
final_polar_045,S-FS-v2-M,polar,False,False,False,False,False,False,False,False,False,False,,,
final_polar_046,S-FS-v2-M,polar,True,False,False,False,False,False,False,False,False,False,waterandwaste,waterandwaste,
final_polar_047,S-FS-v2-M,polar,False,False,False,False,False,False,False,False,False,False,,,
final_polar_048,S-FS-v2-M,polar,False,False,False,False,False,False,False,False,False,False,,,
final_polar_049,S-FS-v2-M,polar,True,True,True,True,True,False,False,False,False,False,,,
final_polar_050,S-FS-v2-M,polar,False,False,False,False,False,False,False,False,False,False,,,
final_polar_051,S-FS-v2-M,polar,False,False,False,False,False,False,False,False,False,False,,,
final_polar_052,S-FS-v2-M,polar,True,True,True,True,True,False,False,False,False,False,,,
final_polar_053,S-FS-v2-M,polar,False,False,False,False,False,False,False,False,False,False,,,
final_polar_054,S-FS-v2-M,polar,False,False,False,False,False,False,False,False,False,False,,,
final_polar_055,S-FS-v2-M,polar,True,True,True,True,True,False,False,False,False,False,,,
final_polar_056,S-FS-v2-M,polar,True,False,False,False,False,False,False,False,False,False,transmission,transmission,
final_polar_057,S-FS-v2-M,polar,False,False,False,False,False,False,False,False,False,False,,,
final_polar_058,S-FS-v2-M,polar,True,False,False,False,False,False,False,False,False,False,weatherandstructure,weatherandstructure,
final_polar_059,S-FS-v2-M,polar,True,False,False,False,False,False,False,False,False,False,waterandwaste,waterandwaste,
final_polar_060,S-FS-v2-M,polar,False,False,False,False,False,False,False,False,False,False,,,
final_robot_001,S-FS-v2-M,robot,True,True,True,True,True,False,False,False,False,False,,,
final_robot_002,S-FS-v2-M,robot,True,True,True,True,True,False,False,False,False,False,,,
final_robot_003,S-FS-v2-M,robot,False,False,False,False,False,False,False,False,False,False,,,
final_robot_004,S-FS-v2-M,robot,True,True,True,True,True,False,False,False,False,False,,,
final_robot_005,S-FS-v2-M,robot,False,False,False,False,False,False,False,False,False,False,,,
final_robot_006,S-FS-v2-M,robot,False,False,False,False,False,False,False,False,False,False,,,
final_robot_007,S-FS-v2-M,robot,True,True,True,True,True,False,False,False,False,False,,,
final_robot_008,S-FS-v2-M,robot,False,False,False,False,False,False,False,False,False,False,,,
final_robot_009,S-FS-v2-M,robot,False,False,False,False,False,False,False,False,False,False,,,
final_robot_010,S-FS-v2-M,robot,True,True,True,True,True,False,False,False,False,False,,,
final_robot_011,S-FS-v2-M,robot,False,False,False,False,False,False,False,False,False,False,,,
final_robot_012,S-FS-v2-M,robot,False,False,False,False,False,False,False,False,False,False,,,
final_robot_013,S-FS-v2-M,robot,True,True,True,True,True,False,False,False,False,False,,,
final_robot_014,S-FS-v2-M,robot,True,True,True,True,True,False,False,False,False,False,,,
final_robot_015,S-FS-v2-M,robot,False,False,False,False,False,False,False,False,False,False,,,
final_robot_016,S-FS-v2-M,robot,True,False,False,False,False,False,False,False,False,False,actuation_data|operation,actuation_data|operation,
final_robot_017,S-FS-v2-M,robot,False,False,False,False,False,False,False,False,False,False,,,
final_robot_018,S-FS-v2-M,robot,False,False,False,False,False,False,False,False,False,False,,,
final_robot_019,S-FS-v2-M,robot,True,True,True,True,True,False,False,False,False,False,,,
final_robot_020,S-FS-v2-M,robot,False,False,False,False,False,False,False,False,False,False,,,
final_robot_021,S-FS-v2-M,robot,False,False,False,False,False,False,False,False,False,False,,,
final_robot_022,S-FS-v2-M,robot,True,False,False,False,False,False,False,False,False,False,operation,operation,
final_robot_023,S-FS-v2-M,robot,False,False,False,False,False,False,False,False,False,False,,,
final_robot_024,S-FS-v2-M,robot,False,False,False,False,False,False,False,False,False,False,,,
final_robot_025,S-FS-v2-M,robot,True,False,False,False,False,False,False,False,False,False,operation,operation,
final_robot_026,S-FS-v2-M,robot,True,True,True,True,True,False,False,False,False,False,,,
final_robot_027,S-FS-v2-M,robot,False,False,False,False,False,False,False,False,False,False,,,
final_robot_028,S-FS-v2-M,robot,True,True,True,True,True,False,False,False,False,False,,,
final_robot_029,S-FS-v2-M,robot,False,False,False,False,False,False,False,False,False,False,,,
final_robot_030,S-FS-v2-M,robot,False,False,False,False,False,False,False,False,False,False,,,
final_robot_031,S-FS-v2-M,robot,True,False,False,False,False,False,False,False,False,False,actuation_data|maintenance_and_fault|operation|performance_and_safety,actuation_data|maintenance_and_fault|operation|performance_and_safety,
final_robot_032,S-FS-v2-M,robot,False,False,False,False,False,False,False,False,False,False,,,
final_robot_033,S-FS-v2-M,robot,False,False,False,False,False,False,False,False,False,False,,,
final_robot_034,S-FS-v2-M,robot,True,True,True,True,True,False,False,False,False,False,,,
final_robot_035,S-FS-v2-M,robot,False,False,False,False,False,False,False,False,False,False,,,
final_robot_036,S-FS-v2-M,robot,False,False,False,False,False,False,False,False,False,False,,,
final_robot_037,S-FS-v2-M,robot,True,True,True,True,True,False,False,False,False,False,,,
final_robot_038,S-FS-v2-M,robot,False,False,False,False,False,False,False,False,False,False,,,
final_robot_039,S-FS-v2-M,robot,False,False,False,False,False,False,False,False,False,False,,,
final_robot_040,S-FS-v2-M,robot,True,True,True,True,True,False,False,False,False,False,,,
final_robot_041,S-FS-v2-M,robot,False,False,False,False,False,False,False,False,False,False,,,
final_robot_042,S-FS-v2-M,robot,False,False,False,False,False,False,False,False,False,False,,,
final_robot_043,S-FS-v2-M,robot,True,True,True,True,True,False,False,False,False,False,,,
final_robot_044,S-FS-v2-M,robot,False,False,False,False,False,False,False,False,False,False,,,
final_robot_045,S-FS-v2-M,robot,False,False,False,False,False,False,False,False,False,False,,,
final_robot_046,S-FS-v2-M,robot,True,True,True,True,True,False,False,False,False,False,,,
final_robot_047,S-FS-v2-M,robot,True,True,True,True,True,False,False,False,False,False,,,
final_robot_048,S-FS-v2-M,robot,False,False,False,False,False,False,False,False,False,False,,,
final_robot_049,S-FS-v2-M,robot,True,True,True,True,True,False,False,False,False,False,,,
final_robot_050,S-FS-v2-M,robot,False,False,False,False,False,False,False,False,False,False,,,
final_robot_051,S-FS-v2-M,robot,False,False,False,False,False,False,False,False,False,False,,,
final_robot_052,S-FS-v2-M,robot,True,False,False,False,False,False,False,False,False,False,operation,operation,
final_robot_053,S-FS-v2-M,robot,False,False,False,False,False,False,False,False,False,False,,,
final_robot_054,S-FS-v2-M,robot,False,False,False,False,False,False,False,False,False,False,,,
final_robot_055,S-FS-v2-M,robot,True,False,False,False,False,False,False,False,False,False,operation,operation,
final_robot_056,S-FS-v2-M,robot,False,False,False,False,False,False,False,False,False,False,,,
final_robot_057,S-FS-v2-M,robot,False,False,False,False,False,False,False,False,False,False,,,
final_robot_058,S-FS-v2-M,robot,True,True,True,True,True,False,False,False,False,False,,,
final_robot_059,S-FS-v2-M,robot,False,False,False,False,False,False,False,False,False,False,,,
final_robot_060,S-FS-v2-M,robot,False,False,False,False,False,False,False,False,False,False,,,
final_vaccine_001,S-FS-v2-M,vaccine,True,False,False,False,False,False,False,False,False,False,shipments,shipments,
final_vaccine_002,S-FS-v2-M,vaccine,False,False,False,False,False,False,False,False,False,False,,,
final_vaccine_003,S-FS-v2-M,vaccine,False,False,False,False,False,False,False,False,False,False,,,
final_vaccine_004,S-FS-v2-M,vaccine,True,True,True,True,True,False,False,False,False,False,,,
final_vaccine_005,S-FS-v2-M,vaccine,False,False,False,False,False,False,False,False,False,False,,,
final_vaccine_006,S-FS-v2-M,vaccine,False,False,False,False,False,False,False,False,False,False,,,
final_vaccine_007,S-FS-v2-M,vaccine,True,True,True,True,True,False,False,False,False,False,,,
final_vaccine_008,S-FS-v2-M,vaccine,False,False,False,False,False,False,False,False,False,False,,,
final_vaccine_009,S-FS-v2-M,vaccine,False,False,False,False,False,False,False,False,False,False,,,
final_vaccine_010,S-FS-v2-M,vaccine,True,True,True,True,True,False,False,False,False,False,,,
final_vaccine_011,S-FS-v2-M,vaccine,False,False,False,False,False,False,False,False,False,False,,,
final_vaccine_012,S-FS-v2-M,vaccine,False,False,False,False,False,False,False,False,False,False,,,
final_vaccine_013,S-FS-v2-M,vaccine,True,False,False,False,False,False,False,False,False,False,transportinfo,transportinfo,
final_vaccine_014,S-FS-v2-M,vaccine,False,False,False,False,False,False,False,False,False,False,,,
final_vaccine_015,S-FS-v2-M,vaccine,False,False,False,False,False,False,False,False,False,False,,,
final_vaccine_016,S-FS-v2-M,vaccine,False,False,False,False,False,False,False,False,False,False,,,
final_vaccine_017,S-FS-v2-M,vaccine,False,False,False,False,False,False,False,False,False,False,,,
final_vaccine_018,S-FS-v2-M,vaccine,False,False,False,False,False,False,False,False,False,False,,,
final_vaccine_019,S-FS-v2-M,vaccine,True,False,False,False,False,False,False,False,False,False,sensordata,sensordata,
final_vaccine_020,S-FS-v2-M,vaccine,False,False,False,False,False,False,False,False,False,False,,,
final_vaccine_021,S-FS-v2-M,vaccine,False,False,False,False,False,False,False,False,False,False,,,
final_vaccine_022,S-FS-v2-M,vaccine,True,False,False,False,False,False,False,False,False,False,sensordata,sensordata,
final_vaccine_023,S-FS-v2-M,vaccine,False,False,False,False,False,False,False,False,False,False,,,
final_vaccine_024,S-FS-v2-M,vaccine,False,False,False,False,False,False,False,False,False,False,,,
final_vaccine_025,S-FS-v2-M,vaccine,True,True,True,True,True,False,False,False,False,False,,,
final_vaccine_026,S-FS-v2-M,vaccine,False,False,False,False,False,False,False,False,False,False,,,
final_vaccine_027,S-FS-v2-M,vaccine,False,False,False,False,False,False,False,False,False,False,,,
final_vaccine_028,S-FS-v2-M,vaccine,True,False,False,False,False,False,False,False,False,False,transportinfo,transportinfo,
final_vaccine_029,S-FS-v2-M,vaccine,False,False,False,False,False,False,False,False,False,False,,,
final_vaccine_030,S-FS-v2-M,vaccine,False,False,False,False,False,False,False,False,False,False,,,
final_vaccine_031,S-FS-v2-M,vaccine,True,False,False,False,False,False,False,False,False,False,sensordata,sensordata,
final_vaccine_032,S-FS-v2-M,vaccine,False,False,False,False,False,False,False,False,False,False,,,
final_vaccine_033,S-FS-v2-M,vaccine,False,False,False,False,False,False,False,False,False,False,,,
final_vaccine_034,S-FS-v2-M,vaccine,True,True,True,True,True,False,False,False,False,False,,,
final_vaccine_035,S-FS-v2-M,vaccine,False,False,False,False,False,False,False,False,False,False,,,
final_vaccine_036,S-FS-v2-M,vaccine,False,False,False,False,False,False,False,False,False,False,,,
final_vaccine_037,S-FS-v2-M,vaccine,True,True,True,True,True,False,False,False,False,False,,,
final_vaccine_038,S-FS-v2-M,vaccine,False,False,False,False,False,False,False,False,False,False,,,
final_vaccine_039,S-FS-v2-M,vaccine,False,False,False,False,False,False,False,False,False,False,,,
final_vaccine_040,S-FS-v2-M,vaccine,True,True,True,True,True,False,False,False,False,False,,,
final_vaccine_041,S-FS-v2-M,vaccine,False,False,False,False,False,False,False,False,False,False,,,
final_vaccine_042,S-FS-v2-M,vaccine,False,False,False,False,False,False,False,False,False,False,,,
final_vaccine_043,S-FS-v2-M,vaccine,True,True,True,True,True,False,False,False,False,False,,,
final_vaccine_044,S-FS-v2-M,vaccine,False,False,False,False,False,False,False,False,False,False,,,
final_vaccine_045,S-FS-v2-M,vaccine,False,False,False,False,False,False,False,False,False,False,,,
final_vaccine_046,S-FS-v2-M,vaccine,True,False,False,False,False,False,False,False,False,False,regulatoryandmaintenance,regulatoryandmaintenance,
final_vaccine_047,S-FS-v2-M,vaccine,False,False,False,False,False,False,False,False,False,False,,,
final_vaccine_048,S-FS-v2-M,vaccine,False,False,False,False,False,False,False,False,False,False,,,
final_vaccine_049,S-FS-v2-M,vaccine,True,True,True,True,True,False,False,False,False,False,,,
final_vaccine_050,S-FS-v2-M,vaccine,False,False,False,False,False,False,False,False,False,False,,,
final_vaccine_051,S-FS-v2-M,vaccine,False,False,False,False,False,False,False,False,False,False,,,
final_vaccine_052,S-FS-v2-M,vaccine,True,True,True,True,True,False,False,False,False,False,,,
final_vaccine_053,S-FS-v2-M,vaccine,False,False,False,False,False,False,False,False,False,False,,,
final_vaccine_054,S-FS-v2-M,vaccine,False,False,False,False,False,False,False,False,False,False,,,
final_vaccine_055,S-FS-v2-M,vaccine,True,True,True,True,True,False,False,False,False,False,,,
final_vaccine_056,S-FS-v2-M,vaccine,False,False,False,False,False,False,False,False,False,False,,,
final_vaccine_057,S-FS-v2-M,vaccine,False,False,False,False,False,False,False,False,False,False,,,
final_vaccine_058,S-FS-v2-M,vaccine,True,True,True,True,True,False,False,False,False,False,,,
final_vaccine_059,S-FS-v2-M,vaccine,False,False,False,False,False,False,False,False,False,False,,,
final_vaccine_060,S-FS-v2-M,vaccine,False,False,False,False,False,False,False,False,False,False,,,
final_virtual_001,S-FS-v2-M,virtual,True,True,True,True,True,False,False,False,False,False,,,
final_virtual_002,S-FS-v2-M,virtual,False,False,False,False,False,False,False,False,False,False,,,
final_virtual_003,S-FS-v2-M,virtual,False,False,False,False,False,False,False,False,False,False,,,
final_virtual_004,S-FS-v2-M,virtual,True,True,True,True,True,False,False,False,False,False,,,
final_virtual_005,S-FS-v2-M,virtual,False,False,False,False,False,False,False,False,False,False,,,
final_virtual_006,S-FS-v2-M,virtual,False,False,False,False,False,False,False,False,False,False,,,
final_virtual_007,S-FS-v2-M,virtual,True,True,True,True,True,False,False,False,False,False,,,
final_virtual_008,S-FS-v2-M,virtual,False,False,False,False,False,False,False,False,False,False,,,
final_virtual_009,S-FS-v2-M,virtual,False,False,False,False,False,False,False,False,False,False,,,
final_virtual_010,S-FS-v2-M,virtual,True,True,True,True,True,False,False,False,False,False,,,
final_virtual_011,S-FS-v2-M,virtual,False,False,False,False,False,False,False,False,False,False,,,
final_virtual_012,S-FS-v2-M,virtual,False,False,False,False,False,False,False,False,False,False,,,
final_virtual_013,S-FS-v2-M,virtual,True,True,True,True,True,False,False,False,False,False,,,
final_virtual_014,S-FS-v2-M,virtual,False,False,False,False,False,False,False,False,False,False,,,
final_virtual_015,S-FS-v2-M,virtual,False,False,False,False,False,False,False,False,False,False,,,
final_virtual_016,S-FS-v2-M,virtual,False,False,False,False,False,False,False,False,False,False,,,
final_virtual_017,S-FS-v2-M,virtual,False,False,False,False,False,False,False,False,False,False,,,
final_virtual_018,S-FS-v2-M,virtual,False,False,False,False,False,False,False,False,False,False,,,
final_virtual_019,S-FS-v2-M,virtual,True,True,True,True,True,False,False,False,False,False,,,
final_virtual_020,S-FS-v2-M,virtual,False,False,False,False,False,False,False,False,False,False,,,
final_virtual_021,S-FS-v2-M,virtual,False,False,False,False,False,False,False,False,False,False,,,
final_virtual_022,S-FS-v2-M,virtual,True,True,True,True,True,False,False,False,False,False,,,
final_virtual_023,S-FS-v2-M,virtual,False,False,False,False,False,False,False,False,False,False,,,
final_virtual_024,S-FS-v2-M,virtual,False,False,False,False,False,False,False,False,False,False,,,
final_virtual_025,S-FS-v2-M,virtual,True,True,True,True,True,False,False,False,False,False,,,
final_virtual_026,S-FS-v2-M,virtual,False,False,False,False,False,False,False,False,False,False,,,
final_virtual_027,S-FS-v2-M,virtual,False,False,False,False,False,False,False,False,False,False,,,
final_virtual_028,S-FS-v2-M,virtual,True,True,True,True,True,False,False,False,False,False,,,
final_virtual_029,S-FS-v2-M,virtual,False,False,False,False,False,False,False,False,False,False,,,
final_virtual_030,S-FS-v2-M,virtual,False,False,False,False,False,False,False,False,False,False,,,
final_virtual_031,S-FS-v2-M,virtual,False,False,False,False,False,False,False,False,False,False,,,
final_virtual_032,S-FS-v2-M,virtual,False,False,False,False,False,False,False,False,False,False,,,
final_virtual_033,S-FS-v2-M,virtual,False,False,False,False,False,False,False,False,False,False,,,
final_virtual_034,S-FS-v2-M,virtual,True,True,True,True,True,False,False,False,False,False,,,
final_virtual_035,S-FS-v2-M,virtual,False,False,False,False,False,False,False,False,False,False,,,
final_virtual_036,S-FS-v2-M,virtual,False,False,False,False,False,False,False,False,False,False,,,
final_virtual_037,S-FS-v2-M,virtual,True,False,False,False,False,False,False,False,False,False,moderationandcompliance,moderationandcompliance,
final_virtual_038,S-FS-v2-M,virtual,False,False,False,False,False,False,False,False,False,False,,,
final_virtual_039,S-FS-v2-M,virtual,False,False,False,False,False,False,False,False,False,False,,,
final_virtual_040,S-FS-v2-M,virtual,True,True,True,True,True,False,False,False,False,False,,,
final_virtual_041,S-FS-v2-M,virtual,False,False,False,False,False,False,False,False,False,False,,,
final_virtual_042,S-FS-v2-M,virtual,False,False,False,False,False,False,False,False,False,False,,,
final_virtual_043,S-FS-v2-M,virtual,True,True,True,True,True,False,False,False,False,False,,,
final_virtual_044,S-FS-v2-M,virtual,False,False,False,False,False,False,False,False,False,False,,,
final_virtual_045,S-FS-v2-M,virtual,False,False,False,False,False,False,False,False,False,False,,,
final_virtual_046,S-FS-v2-M,virtual,False,False,False,False,False,False,False,False,False,False,,,
final_virtual_047,S-FS-v2-M,virtual,False,False,False,False,False,False,False,False,False,False,,,
final_virtual_048,S-FS-v2-M,virtual,False,False,False,False,False,False,False,False,False,False,,,
final_virtual_049,S-FS-v2-M,virtual,True,True,True,True,True,False,False,False,False,False,,,
final_virtual_050,S-FS-v2-M,virtual,False,False,False,False,False,False,False,False,False,False,,,
final_virtual_051,S-FS-v2-M,virtual,False,False,False,False,False,False,False,False,False,False,,,
final_virtual_052,S-FS-v2-M,virtual,True,True,True,True,True,False,False,False,False,False,,,
final_virtual_053,S-FS-v2-M,virtual,False,False,False,False,False,False,False,False,False,False,,,
final_virtual_054,S-FS-v2-M,virtual,False,False,False,False,False,False,False,False,False,False,,,
final_virtual_055,S-FS-v2-M,virtual,True,True,True,True,True,False,False,False,False,False,,,
final_virtual_056,S-FS-v2-M,virtual,False,False,False,False,False,False,False,False,False,False,,,
final_virtual_057,S-FS-v2-M,virtual,False,False,False,False,False,False,False,False,False,False,,,
final_virtual_058,S-FS-v2-M,virtual,True,True,True,True,True,False,False,False,False,False,,,
final_virtual_059,S-FS-v2-M,virtual,False,False,False,False,False,False,False,False,False,False,,,
final_virtual_060,S-FS-v2-M,virtual,False,False,False,False,False,False,False,False,False,False,,,
final_archeology_001,MP-FS-M,archeology,True,True,True,True,True,False,False,False,False,False,,,
final_archeology_002,MP-FS-M,archeology,False,False,False,False,False,False,False,False,False,False,,,
final_archeology_003,MP-FS-M,archeology,False,False,False,False,False,False,False,False,False,False,,,
final_archeology_004,MP-FS-M,archeology,True,True,True,True,True,False,False,False,False,False,,,
final_archeology_005,MP-FS-M,archeology,False,False,False,False,False,False,False,False,False,False,,,
final_archeology_006,MP-FS-M,archeology,False,False,False,False,False,False,False,False,False,False,,,
final_archeology_007,MP-FS-M,archeology,False,False,False,False,False,False,False,False,False,False,,,
final_archeology_008,MP-FS-M,archeology,False,False,False,False,False,False,False,False,False,False,,,
final_archeology_009,MP-FS-M,archeology,False,False,False,False,False,False,False,False,False,False,,,
final_archeology_010,MP-FS-M,archeology,False,False,False,False,False,False,False,False,False,False,,,
final_archeology_011,MP-FS-M,archeology,False,False,False,False,False,False,False,False,False,False,,,
final_archeology_012,MP-FS-M,archeology,False,False,False,False,False,False,False,False,False,False,,,
final_archeology_013,MP-FS-M,archeology,False,False,False,False,False,False,False,False,False,False,,,
final_archeology_014,MP-FS-M,archeology,False,False,False,False,False,False,False,False,False,False,,,
final_archeology_015,MP-FS-M,archeology,False,False,False,False,False,False,False,False,False,False,,,
final_archeology_016,MP-FS-M,archeology,False,False,False,False,False,False,False,False,False,False,,,
final_archeology_017,MP-FS-M,archeology,False,False,False,False,False,False,False,False,False,False,,,
final_archeology_018,MP-FS-M,archeology,False,False,False,False,False,False,False,False,False,False,,,
final_archeology_019,MP-FS-M,archeology,True,True,True,True,True,False,False,False,False,False,,,
final_archeology_020,MP-FS-M,archeology,False,False,False,False,False,False,False,False,False,False,,,
final_archeology_021,MP-FS-M,archeology,False,False,False,False,False,False,False,False,False,False,,,
final_archeology_022,MP-FS-M,archeology,False,False,False,False,False,False,False,False,False,False,,,
final_archeology_023,MP-FS-M,archeology,False,False,False,False,False,False,False,False,False,False,,,
final_archeology_024,MP-FS-M,archeology,False,False,False,False,False,False,False,False,False,False,,,
final_archeology_025,MP-FS-M,archeology,True,False,False,False,False,True,True,False,False,False,equipment|personnel,equipment|personnel,equipment
final_archeology_026,MP-FS-M,archeology,False,False,False,False,False,False,False,False,False,False,,,
final_archeology_027,MP-FS-M,archeology,False,False,False,False,False,False,False,False,False,False,,,
final_archeology_028,MP-FS-M,archeology,False,False,False,False,False,False,False,False,False,False,,,
final_archeology_029,MP-FS-M,archeology,False,False,False,False,False,False,False,False,False,False,,,
final_archeology_030,MP-FS-M,archeology,False,False,False,False,False,False,False,False,False,False,,,
final_archeology_031,MP-FS-M,archeology,False,False,False,False,False,False,False,False,False,False,,,
final_archeology_032,MP-FS-M,archeology,True,True,True,True,True,False,False,False,False,False,,,
final_archeology_033,MP-FS-M,archeology,False,False,False,False,False,False,False,False,False,False,,,
final_archeology_034,MP-FS-M,archeology,True,True,True,True,True,False,False,False,False,False,,,
final_archeology_035,MP-FS-M,archeology,False,False,False,False,False,False,False,False,False,False,,,
final_archeology_036,MP-FS-M,archeology,False,False,False,False,False,False,False,False,False,False,,,
final_archeology_037,MP-FS-M,archeology,False,False,False,False,False,False,False,False,False,False,,,
final_archeology_038,MP-FS-M,archeology,False,False,False,False,False,False,False,False,False,False,,,
final_archeology_039,MP-FS-M,archeology,False,False,False,False,False,False,False,False,False,False,,,
final_archeology_040,MP-FS-M,archeology,False,False,False,False,False,False,False,False,False,False,,,
final_archeology_041,MP-FS-M,archeology,False,False,False,False,False,False,False,False,False,False,,,
final_archeology_042,MP-FS-M,archeology,False,False,False,False,False,False,False,False,False,False,,,
final_archeology_043,MP-FS-M,archeology,False,False,False,False,False,False,False,False,False,False,,,
final_archeology_044,MP-FS-M,archeology,False,False,False,False,False,False,False,False,False,False,,,
final_archeology_045,MP-FS-M,archeology,False,False,False,False,False,False,False,False,False,False,,,
final_archeology_046,MP-FS-M,archeology,True,True,True,True,True,False,False,False,False,False,,,
final_archeology_047,MP-FS-M,archeology,False,False,False,False,False,False,False,False,False,False,,,
final_archeology_048,MP-FS-M,archeology,False,False,False,False,False,False,False,False,False,False,,,
final_archeology_049,MP-FS-M,archeology,False,False,False,False,False,False,False,False,False,False,,,
final_archeology_050,MP-FS-M,archeology,False,False,False,False,False,False,False,False,False,False,,,
final_archeology_051,MP-FS-M,archeology,False,False,False,False,False,False,False,False,False,False,,,
final_archeology_052,MP-FS-M,archeology,False,False,False,False,False,False,False,False,False,False,,,
final_archeology_053,MP-FS-M,archeology,False,False,False,False,False,False,False,False,False,False,,,
final_archeology_054,MP-FS-M,archeology,False,False,False,False,False,False,False,False,False,False,,,
final_archeology_055,MP-FS-M,archeology,False,False,False,False,False,False,False,False,False,False,,,
final_archeology_056,MP-FS-M,archeology,False,False,False,False,False,False,False,False,False,False,,,
final_archeology_057,MP-FS-M,archeology,False,False,False,False,False,False,False,False,False,False,,,
final_archeology_058,MP-FS-M,archeology,False,False,False,False,False,False,False,False,False,False,,,
final_archeology_059,MP-FS-M,archeology,False,False,False,False,False,False,False,False,False,False,,,
final_archeology_060,MP-FS-M,archeology,False,False,False,False,False,False,False,False,False,False,,,
final_polar_001,MP-FS-M,polar,True,True,True,True,True,False,False,False,False,False,,,
final_polar_002,MP-FS-M,polar,False,False,False,False,False,False,False,False,False,False,,,
final_polar_003,MP-FS-M,polar,True,True,True,True,True,False,False,False,False,False,,,
final_polar_004,MP-FS-M,polar,True,True,True,True,True,False,False,False,False,False,,,
final_polar_005,MP-FS-M,polar,False,False,False,False,False,False,False,False,False,False,,,
final_polar_006,MP-FS-M,polar,False,False,False,False,False,False,False,False,False,False,,,
final_polar_007,MP-FS-M,polar,False,False,False,False,False,False,False,False,False,False,,,
final_polar_008,MP-FS-M,polar,False,False,False,False,False,False,False,False,False,False,,,
final_polar_009,MP-FS-M,polar,False,False,False,False,False,False,False,False,False,False,,,
final_polar_010,MP-FS-M,polar,True,True,True,True,True,False,False,False,False,False,,,
final_polar_011,MP-FS-M,polar,False,False,False,False,False,False,False,False,False,False,,,
final_polar_012,MP-FS-M,polar,False,False,False,False,False,False,False,False,False,False,,,
final_polar_013,MP-FS-M,polar,True,True,True,True,True,False,False,False,False,False,,,
final_polar_014,MP-FS-M,polar,False,False,False,False,False,False,False,False,False,False,,,
final_polar_015,MP-FS-M,polar,False,False,False,False,False,False,False,False,False,False,,,
final_polar_016,MP-FS-M,polar,True,True,True,True,True,False,False,False,False,False,,,
final_polar_017,MP-FS-M,polar,False,False,False,False,False,False,False,False,False,False,,,
final_polar_018,MP-FS-M,polar,False,False,False,False,False,False,False,False,False,False,,,
final_polar_019,MP-FS-M,polar,True,True,True,True,True,False,False,False,False,False,,,
final_polar_020,MP-FS-M,polar,False,False,False,False,False,False,False,False,False,False,,,
final_polar_021,MP-FS-M,polar,False,False,False,False,False,False,False,False,False,False,,,
final_polar_022,MP-FS-M,polar,False,False,False,False,False,False,False,False,False,False,,,
final_polar_023,MP-FS-M,polar,False,False,False,False,False,False,False,False,False,False,,,
final_polar_024,MP-FS-M,polar,False,False,False,False,False,False,False,False,False,False,,,
final_polar_025,MP-FS-M,polar,False,False,False,False,False,False,False,False,False,False,,,
final_polar_026,MP-FS-M,polar,False,False,False,False,False,False,False,False,False,False,,,
final_polar_027,MP-FS-M,polar,False,False,False,False,False,False,False,False,False,False,,,
final_polar_028,MP-FS-M,polar,True,True,True,True,True,False,False,False,False,False,,,
final_polar_029,MP-FS-M,polar,False,False,False,False,False,False,False,False,False,False,,,
final_polar_030,MP-FS-M,polar,False,False,False,False,False,False,False,False,False,False,,,
final_polar_031,MP-FS-M,polar,True,False,False,False,False,False,False,False,False,False,chassisandvehicle,chassisandvehicle,
final_polar_032,MP-FS-M,polar,True,True,True,True,True,False,False,False,False,False,,,
final_polar_033,MP-FS-M,polar,False,False,False,False,False,False,False,False,False,False,,,
final_polar_034,MP-FS-M,polar,True,True,True,True,True,False,False,False,False,False,,,
final_polar_035,MP-FS-M,polar,False,False,False,False,False,False,False,False,False,False,,,
final_polar_036,MP-FS-M,polar,False,False,False,False,False,False,False,False,False,False,,,
final_polar_037,MP-FS-M,polar,False,False,False,False,False,False,False,False,False,False,,,
final_polar_038,MP-FS-M,polar,False,False,False,False,False,False,False,False,False,False,,,
final_polar_039,MP-FS-M,polar,False,False,False,False,False,False,False,False,False,False,,,
final_polar_040,MP-FS-M,polar,False,False,False,False,False,False,False,False,False,False,,,
final_polar_041,MP-FS-M,polar,False,False,False,False,False,False,False,False,False,False,,,
final_polar_042,MP-FS-M,polar,False,False,False,False,False,False,False,False,False,False,,,
final_polar_043,MP-FS-M,polar,False,False,False,False,False,False,False,False,False,False,,,
final_polar_044,MP-FS-M,polar,False,False,False,False,False,False,False,False,False,False,,,
final_polar_045,MP-FS-M,polar,False,False,False,False,False,False,False,False,False,False,,,
final_polar_046,MP-FS-M,polar,True,True,True,True,True,False,False,False,False,False,,,
final_polar_047,MP-FS-M,polar,False,False,False,False,False,False,False,False,False,False,,,
final_polar_048,MP-FS-M,polar,False,False,False,False,False,False,False,False,False,False,,,
final_polar_049,MP-FS-M,polar,True,True,True,True,True,False,False,False,False,False,,,
final_polar_050,MP-FS-M,polar,False,False,False,False,False,False,False,False,False,False,,,
final_polar_051,MP-FS-M,polar,False,False,False,False,False,False,False,False,False,False,,,
final_polar_052,MP-FS-M,polar,False,False,False,False,False,False,False,False,False,False,,,
final_polar_053,MP-FS-M,polar,True,True,True,True,True,False,False,False,False,False,,,
final_polar_054,MP-FS-M,polar,True,True,True,True,True,False,False,False,False,False,,,
final_polar_055,MP-FS-M,polar,False,False,False,False,False,False,False,False,False,False,,,
final_polar_056,MP-FS-M,polar,False,False,False,False,False,False,False,False,False,False,,,
final_polar_057,MP-FS-M,polar,False,False,False,False,False,False,False,False,False,False,,,
final_polar_058,MP-FS-M,polar,False,False,False,False,False,False,False,False,False,False,,,
final_polar_059,MP-FS-M,polar,False,False,False,False,False,False,False,False,False,False,,,
final_polar_060,MP-FS-M,polar,True,True,True,True,True,False,False,False,False,False,,,
final_robot_001,MP-FS-M,robot,True,True,True,True,True,False,False,False,False,False,,,
final_robot_002,MP-FS-M,robot,False,False,False,False,False,False,False,False,False,False,,,
final_robot_003,MP-FS-M,robot,False,False,False,False,False,False,False,False,False,False,,,
final_robot_004,MP-FS-M,robot,True,True,True,True,True,False,False,False,False,False,,,
final_robot_005,MP-FS-M,robot,False,False,False,False,False,False,False,False,False,False,,,
final_robot_006,MP-FS-M,robot,False,False,False,False,False,False,False,False,False,False,,,
final_robot_007,MP-FS-M,robot,False,False,False,False,False,False,False,False,False,False,,,
final_robot_008,MP-FS-M,robot,False,False,False,False,False,False,False,False,False,False,,,
final_robot_009,MP-FS-M,robot,False,False,False,False,False,False,False,False,False,False,,,
final_robot_010,MP-FS-M,robot,False,False,False,False,False,False,False,False,False,False,,,
final_robot_011,MP-FS-M,robot,False,False,False,False,False,False,False,False,False,False,,,
final_robot_012,MP-FS-M,robot,False,False,False,False,False,False,False,False,False,False,,,
final_robot_013,MP-FS-M,robot,False,False,False,False,False,False,False,False,False,False,,,
final_robot_014,MP-FS-M,robot,False,False,False,False,False,False,False,False,False,False,,,
final_robot_015,MP-FS-M,robot,False,False,False,False,False,False,False,False,False,False,,,
final_robot_016,MP-FS-M,robot,False,False,False,False,False,False,False,False,False,False,,,
final_robot_017,MP-FS-M,robot,False,False,False,False,False,False,False,False,False,False,,,
final_robot_018,MP-FS-M,robot,False,False,False,False,False,False,False,False,False,False,,,
final_robot_019,MP-FS-M,robot,False,False,False,False,False,False,False,False,False,False,,,
final_robot_020,MP-FS-M,robot,False,False,False,False,False,False,False,False,False,False,,,
final_robot_021,MP-FS-M,robot,False,False,False,False,False,False,False,False,False,False,,,
final_robot_022,MP-FS-M,robot,False,False,False,False,False,False,False,False,False,False,,,
final_robot_023,MP-FS-M,robot,False,False,False,False,False,False,False,False,False,False,,,
final_robot_024,MP-FS-M,robot,False,False,False,False,False,False,False,False,False,False,,,
final_robot_025,MP-FS-M,robot,False,False,False,False,False,False,False,False,False,False,,,
final_robot_026,MP-FS-M,robot,False,False,False,False,False,False,False,False,False,False,,,
final_robot_027,MP-FS-M,robot,False,False,False,False,False,False,False,False,False,False,,,
final_robot_028,MP-FS-M,robot,False,False,False,False,False,False,False,False,False,False,,,
final_robot_029,MP-FS-M,robot,False,False,False,False,False,False,False,False,False,False,,,
final_robot_030,MP-FS-M,robot,False,False,False,False,False,False,False,False,False,False,,,
final_robot_031,MP-FS-M,robot,False,False,False,False,False,False,False,False,False,False,,,
final_robot_032,MP-FS-M,robot,False,False,False,False,False,False,False,False,False,False,,,
final_robot_033,MP-FS-M,robot,False,False,False,False,False,False,False,False,False,False,,,
final_robot_034,MP-FS-M,robot,False,False,False,False,False,False,False,False,False,False,,,
final_robot_035,MP-FS-M,robot,False,False,False,False,False,False,False,False,False,False,,,
final_robot_036,MP-FS-M,robot,False,False,False,False,False,False,False,False,False,False,,,
final_robot_037,MP-FS-M,robot,False,False,False,False,False,False,False,False,False,False,,,
final_robot_038,MP-FS-M,robot,False,False,False,False,False,False,False,False,False,False,,,
final_robot_039,MP-FS-M,robot,False,False,False,False,False,False,False,False,False,False,,,
final_robot_040,MP-FS-M,robot,False,False,False,False,False,False,False,False,False,False,,,
final_robot_041,MP-FS-M,robot,False,False,False,False,False,False,False,False,False,False,,,
final_robot_042,MP-FS-M,robot,False,False,False,False,False,False,False,False,False,False,,,
final_robot_043,MP-FS-M,robot,False,False,False,False,False,False,False,False,False,False,,,
final_robot_044,MP-FS-M,robot,False,False,False,False,False,False,False,False,False,False,,,
final_robot_045,MP-FS-M,robot,False,False,False,False,False,False,False,False,False,False,,,
final_robot_046,MP-FS-M,robot,True,True,True,True,True,False,False,False,False,False,,,
final_robot_047,MP-FS-M,robot,False,False,False,False,False,False,False,False,False,False,,,
final_robot_048,MP-FS-M,robot,False,False,False,False,False,False,False,False,False,False,,,
final_robot_049,MP-FS-M,robot,False,False,False,False,False,False,False,False,False,False,,,
final_robot_050,MP-FS-M,robot,False,False,False,False,False,False,False,False,False,False,,,
final_robot_051,MP-FS-M,robot,False,False,False,False,False,False,False,False,False,False,,,
final_robot_052,MP-FS-M,robot,False,False,False,False,False,False,False,False,False,False,,,
final_robot_053,MP-FS-M,robot,False,False,False,False,False,False,False,False,False,False,,,
final_robot_054,MP-FS-M,robot,False,False,False,False,False,False,False,False,False,False,,,
final_robot_055,MP-FS-M,robot,False,False,False,False,False,False,False,False,False,False,,,
final_robot_056,MP-FS-M,robot,False,False,False,False,False,False,False,False,False,False,,,
final_robot_057,MP-FS-M,robot,False,False,False,False,False,False,False,False,False,False,,,
final_robot_058,MP-FS-M,robot,False,False,False,False,False,False,False,False,False,False,,,
final_robot_059,MP-FS-M,robot,False,False,False,False,False,False,False,False,False,False,,,
final_robot_060,MP-FS-M,robot,False,False,False,False,False,False,False,False,False,False,,,
final_vaccine_001,MP-FS-M,vaccine,True,False,False,False,False,False,False,False,False,False,shipments,shipments,
final_vaccine_002,MP-FS-M,vaccine,False,False,False,False,False,False,False,False,False,False,,,
final_vaccine_003,MP-FS-M,vaccine,False,False,False,False,False,False,False,False,False,False,,,
final_vaccine_004,MP-FS-M,vaccine,False,False,False,False,False,False,False,False,False,False,,,
final_vaccine_005,MP-FS-M,vaccine,False,False,False,False,False,False,False,False,False,False,,,
final_vaccine_006,MP-FS-M,vaccine,False,False,False,False,False,False,False,False,False,False,,,
final_vaccine_007,MP-FS-M,vaccine,False,False,False,False,False,False,False,False,False,False,,,
final_vaccine_008,MP-FS-M,vaccine,False,False,False,False,False,False,False,False,False,False,,,
final_vaccine_009,MP-FS-M,vaccine,False,False,False,False,False,False,False,False,False,False,,,
final_vaccine_010,MP-FS-M,vaccine,False,False,False,False,False,False,False,False,False,False,,,
final_vaccine_011,MP-FS-M,vaccine,False,False,False,False,False,False,False,False,False,False,,,
final_vaccine_012,MP-FS-M,vaccine,False,False,False,False,False,False,False,False,False,False,,,
final_vaccine_013,MP-FS-M,vaccine,False,False,False,False,False,False,False,False,False,False,,,
final_vaccine_014,MP-FS-M,vaccine,False,False,False,False,False,False,False,False,False,False,,,
final_vaccine_015,MP-FS-M,vaccine,False,False,False,False,False,False,False,False,False,False,,,
final_vaccine_016,MP-FS-M,vaccine,False,False,False,False,False,False,False,False,False,False,,,
final_vaccine_017,MP-FS-M,vaccine,False,False,False,False,False,False,False,False,False,False,,,
final_vaccine_018,MP-FS-M,vaccine,False,False,False,False,False,False,False,False,False,False,,,
final_vaccine_019,MP-FS-M,vaccine,False,False,False,False,False,False,False,False,False,False,,,
final_vaccine_020,MP-FS-M,vaccine,False,False,False,False,False,False,False,False,False,False,,,
final_vaccine_021,MP-FS-M,vaccine,False,False,False,False,False,False,False,False,False,False,,,
final_vaccine_022,MP-FS-M,vaccine,False,False,False,False,False,False,False,False,False,False,,,
final_vaccine_023,MP-FS-M,vaccine,False,False,False,False,False,False,False,False,False,False,,,
final_vaccine_024,MP-FS-M,vaccine,False,False,False,False,False,False,False,False,False,False,,,
final_vaccine_025,MP-FS-M,vaccine,False,False,False,False,False,False,False,False,False,False,,,
final_vaccine_026,MP-FS-M,vaccine,False,False,False,False,False,False,False,False,False,False,,,
final_vaccine_027,MP-FS-M,vaccine,False,False,False,False,False,False,False,False,False,False,,,
final_vaccine_028,MP-FS-M,vaccine,False,False,False,False,False,False,False,False,False,False,,,
final_vaccine_029,MP-FS-M,vaccine,False,False,False,False,False,False,False,False,False,False,,,
final_vaccine_030,MP-FS-M,vaccine,False,False,False,False,False,False,False,False,False,False,,,
final_vaccine_031,MP-FS-M,vaccine,False,False,False,False,False,False,False,False,False,False,,,
final_vaccine_032,MP-FS-M,vaccine,False,False,False,False,False,False,False,False,False,False,,,
final_vaccine_033,MP-FS-M,vaccine,False,False,False,False,False,False,False,False,False,False,,,
final_vaccine_034,MP-FS-M,vaccine,False,False,False,False,False,False,False,False,False,False,,,
final_vaccine_035,MP-FS-M,vaccine,False,False,False,False,False,False,False,False,False,False,,,
final_vaccine_036,MP-FS-M,vaccine,False,False,False,False,False,False,False,False,False,False,,,
final_vaccine_037,MP-FS-M,vaccine,False,False,False,False,False,False,False,False,False,False,,,
final_vaccine_038,MP-FS-M,vaccine,False,False,False,False,False,False,False,False,False,False,,,
final_vaccine_039,MP-FS-M,vaccine,False,False,False,False,False,False,False,False,False,False,,,
final_vaccine_040,MP-FS-M,vaccine,False,False,False,False,False,False,False,False,False,False,,,
final_vaccine_041,MP-FS-M,vaccine,False,False,False,False,False,False,False,False,False,False,,,
final_vaccine_042,MP-FS-M,vaccine,False,False,False,False,False,False,False,False,False,False,,,
final_vaccine_043,MP-FS-M,vaccine,True,True,True,True,True,False,False,False,False,False,,,
final_vaccine_044,MP-FS-M,vaccine,False,False,False,False,False,False,False,False,False,False,,,
final_vaccine_045,MP-FS-M,vaccine,False,False,False,False,False,False,False,False,False,False,,,
final_vaccine_046,MP-FS-M,vaccine,False,False,False,False,False,False,False,False,False,False,,,
final_vaccine_047,MP-FS-M,vaccine,False,False,False,False,False,False,False,False,False,False,,,
final_vaccine_048,MP-FS-M,vaccine,False,False,False,False,False,False,False,False,False,False,,,
final_vaccine_049,MP-FS-M,vaccine,True,True,True,True,True,False,False,False,False,False,,,
final_vaccine_050,MP-FS-M,vaccine,False,False,False,False,False,False,False,False,False,False,,,
final_vaccine_051,MP-FS-M,vaccine,False,False,False,False,False,False,False,False,False,False,,,
final_vaccine_052,MP-FS-M,vaccine,False,False,False,False,False,False,False,False,False,False,,,
final_vaccine_053,MP-FS-M,vaccine,False,False,False,False,False,False,False,False,False,False,,,
final_vaccine_054,MP-FS-M,vaccine,False,False,False,False,False,False,False,False,False,False,,,
final_vaccine_055,MP-FS-M,vaccine,True,True,True,True,True,False,False,False,False,False,,,
final_vaccine_056,MP-FS-M,vaccine,False,False,False,False,False,False,False,False,False,False,,,
final_vaccine_057,MP-FS-M,vaccine,False,False,False,False,False,False,False,False,False,False,,,
final_vaccine_058,MP-FS-M,vaccine,False,False,False,False,False,False,False,False,False,False,,,
final_vaccine_059,MP-FS-M,vaccine,False,False,False,False,False,False,False,False,False,False,,,
final_vaccine_060,MP-FS-M,vaccine,True,True,True,True,True,False,False,False,False,False,,,
final_virtual_001,MP-FS-M,virtual,True,True,True,True,True,False,False,False,False,False,,,
final_virtual_002,MP-FS-M,virtual,False,False,False,False,False,False,False,False,False,False,,,
final_virtual_003,MP-FS-M,virtual,False,False,False,False,False,False,False,False,False,False,,,
final_virtual_004,MP-FS-M,virtual,False,False,False,False,False,False,False,False,False,False,,,
final_virtual_005,MP-FS-M,virtual,False,False,False,False,False,False,False,False,False,False,,,
final_virtual_006,MP-FS-M,virtual,False,False,False,False,False,False,False,False,False,False,,,
final_virtual_007,MP-FS-M,virtual,False,False,False,False,False,False,False,False,False,False,,,
final_virtual_008,MP-FS-M,virtual,False,False,False,False,False,False,False,False,False,False,,,
final_virtual_009,MP-FS-M,virtual,False,False,False,False,False,False,False,False,False,False,,,
final_virtual_010,MP-FS-M,virtual,False,False,False,False,False,False,False,False,False,False,,,
final_virtual_011,MP-FS-M,virtual,False,False,False,False,False,False,False,False,False,False,,,
final_virtual_012,MP-FS-M,virtual,False,False,False,False,False,False,False,False,False,False,,,
final_virtual_013,MP-FS-M,virtual,False,False,False,False,False,False,False,False,False,False,,,
final_virtual_014,MP-FS-M,virtual,False,False,False,False,False,False,False,False,False,False,,,
final_virtual_015,MP-FS-M,virtual,False,False,False,False,False,False,False,False,False,False,,,
final_virtual_016,MP-FS-M,virtual,True,True,True,True,True,False,False,False,False,False,,,
final_virtual_017,MP-FS-M,virtual,False,False,False,False,False,False,False,False,False,False,,,
final_virtual_018,MP-FS-M,virtual,False,False,False,False,False,False,False,False,False,False,,,
final_virtual_019,MP-FS-M,virtual,False,False,False,False,False,False,False,False,False,False,,,
final_virtual_020,MP-FS-M,virtual,False,False,False,False,False,False,False,False,False,False,,,
final_virtual_021,MP-FS-M,virtual,False,False,False,False,False,False,False,False,False,False,,,
final_virtual_022,MP-FS-M,virtual,False,False,False,False,False,False,False,False,False,False,,,
final_virtual_023,MP-FS-M,virtual,False,False,False,False,False,False,False,False,False,False,,,
final_virtual_024,MP-FS-M,virtual,False,False,False,False,False,False,False,False,False,False,,,
final_virtual_025,MP-FS-M,virtual,True,False,False,False,False,False,False,False,False,False,eventsandclub,eventsandclub,
final_virtual_026,MP-FS-M,virtual,False,False,False,False,False,False,False,False,False,False,,,
final_virtual_027,MP-FS-M,virtual,False,False,False,False,False,False,False,False,False,False,,,
final_virtual_028,MP-FS-M,virtual,False,False,False,False,False,False,False,False,False,False,,,
final_virtual_029,MP-FS-M,virtual,False,False,False,False,False,False,False,False,False,False,,,
final_virtual_030,MP-FS-M,virtual,False,False,False,False,False,False,False,False,False,False,,,
final_virtual_031,MP-FS-M,virtual,False,False,False,False,False,False,False,False,False,False,,,
final_virtual_032,MP-FS-M,virtual,True,True,True,True,True,False,False,False,False,False,,,
final_virtual_033,MP-FS-M,virtual,False,False,False,False,False,False,False,False,False,False,,,
final_virtual_034,MP-FS-M,virtual,True,True,True,True,True,False,False,False,False,False,,,
final_virtual_035,MP-FS-M,virtual,False,False,False,False,False,False,False,False,False,False,,,
final_virtual_036,MP-FS-M,virtual,False,False,False,False,False,False,False,False,False,False,,,
final_virtual_037,MP-FS-M,virtual,False,False,False,False,False,False,False,False,False,False,,,
final_virtual_038,MP-FS-M,virtual,False,False,False,False,False,False,False,False,False,False,,,
final_virtual_039,MP-FS-M,virtual,False,False,False,False,False,False,False,False,False,False,,,
final_virtual_040,MP-FS-M,virtual,True,False,False,False,False,False,False,False,False,False,additionalnotes,additionalnotes,
final_virtual_041,MP-FS-M,virtual,False,False,False,False,False,False,False,False,False,False,,,
final_virtual_042,MP-FS-M,virtual,False,False,False,False,False,False,False,False,False,False,,,
final_virtual_043,MP-FS-M,virtual,False,False,False,False,False,False,False,False,False,False,,,
final_virtual_044,MP-FS-M,virtual,False,False,False,False,False,False,False,False,False,False,,,
final_virtual_045,MP-FS-M,virtual,False,False,False,False,False,False,False,False,False,False,,,
final_virtual_046,MP-FS-M,virtual,True,True,True,True,True,False,False,False,False,False,,,
final_virtual_047,MP-FS-M,virtual,True,True,True,True,True,False,False,False,False,False,,,
final_virtual_048,MP-FS-M,virtual,False,False,False,False,False,False,False,False,False,False,,,
final_virtual_049,MP-FS-M,virtual,False,False,False,False,False,False,False,False,False,False,,,
final_virtual_050,MP-FS-M,virtual,False,False,False,False,False,False,False,False,False,False,,,
final_virtual_051,MP-FS-M,virtual,False,False,False,False,False,False,False,False,False,False,,,
final_virtual_052,MP-FS-M,virtual,False,False,False,False,False,False,False,False,False,False,,,
final_virtual_053,MP-FS-M,virtual,False,False,False,False,False,False,False,False,False,False,,,
final_virtual_054,MP-FS-M,virtual,False,False,False,False,False,False,False,False,False,False,,,
final_virtual_055,MP-FS-M,virtual,False,False,False,False,False,False,False,False,False,False,,,
final_virtual_056,MP-FS-M,virtual,False,False,False,False,False,False,False,False,False,False,,,
final_virtual_057,MP-FS-M,virtual,False,False,False,False,False,False,False,False,False,False,,,
final_virtual_058,MP-FS-M,virtual,False,False,False,False,False,False,False,False,False,False,,,
final_virtual_059,MP-FS-M,virtual,False,False,False,False,False,False,False,False,False,False,,,
final_virtual_060,MP-FS-M,virtual,False,False,False,False,False,False,False,False,False,False,,,
final_archeology_001,MP-FS+,archeology,False,False,False,False,False,False,False,False,False,False,,,
final_archeology_002,MP-FS+,archeology,False,False,False,False,False,False,False,False,False,False,,,
final_archeology_003,MP-FS+,archeology,False,False,False,False,False,False,False,False,False,False,,,
final_archeology_004,MP-FS+,archeology,True,True,True,True,True,False,False,False,False,False,,,
final_archeology_005,MP-FS+,archeology,False,False,False,False,False,False,False,False,False,False,,,
final_archeology_006,MP-FS+,archeology,True,True,True,True,True,False,False,False,False,False,,,
final_archeology_007,MP-FS+,archeology,True,True,True,True,True,False,False,False,False,False,,,
final_archeology_008,MP-FS+,archeology,True,True,True,True,True,False,False,False,False,False,,,
final_archeology_009,MP-FS+,archeology,True,True,True,True,True,False,False,False,False,False,,,
final_archeology_010,MP-FS+,archeology,False,False,False,False,False,False,False,False,False,False,,,
final_archeology_011,MP-FS+,archeology,False,False,False,False,False,False,False,False,False,False,,,
final_archeology_012,MP-FS+,archeology,False,False,False,False,False,False,False,False,False,False,,,
final_archeology_013,MP-FS+,archeology,True,True,True,True,True,False,False,False,False,False,,,
final_archeology_014,MP-FS+,archeology,True,True,True,True,True,False,False,False,False,False,,,
final_archeology_015,MP-FS+,archeology,True,True,True,True,True,False,False,False,False,False,,,
final_archeology_016,MP-FS+,archeology,False,False,False,False,False,False,False,False,False,False,,,
final_archeology_017,MP-FS+,archeology,False,False,False,False,False,False,False,False,False,False,,,
final_archeology_018,MP-FS+,archeology,True,True,True,True,True,False,False,False,False,False,,,
final_archeology_019,MP-FS+,archeology,True,True,True,True,True,False,False,False,False,False,,,
final_archeology_020,MP-FS+,archeology,True,True,True,True,True,False,False,False,False,False,,,
final_archeology_021,MP-FS+,archeology,False,False,False,False,False,False,False,False,False,False,,,
final_archeology_022,MP-FS+,archeology,True,True,True,True,True,False,False,False,False,False,,,
final_archeology_023,MP-FS+,archeology,True,True,True,True,True,False,False,False,False,False,,,
final_archeology_024,MP-FS+,archeology,True,True,True,True,True,False,False,False,False,False,,,
final_archeology_025,MP-FS+,archeology,False,False,False,False,False,False,False,False,False,False,,,
final_archeology_026,MP-FS+,archeology,False,False,False,False,False,False,False,False,False,False,,,
final_archeology_027,MP-FS+,archeology,False,False,False,False,False,False,False,False,False,False,,,
final_archeology_028,MP-FS+,archeology,True,True,True,True,True,False,False,False,False,False,,,
final_archeology_029,MP-FS+,archeology,False,False,False,False,False,False,False,False,False,False,,,
final_archeology_030,MP-FS+,archeology,True,True,True,True,True,False,False,False,False,False,,,
final_archeology_031,MP-FS+,archeology,False,False,False,False,False,False,False,False,False,False,,,
final_archeology_032,MP-FS+,archeology,True,False,False,False,False,False,False,False,False,False,sites,sites,
final_archeology_033,MP-FS+,archeology,False,False,False,False,False,False,False,False,False,False,,,
final_archeology_034,MP-FS+,archeology,True,True,True,True,True,False,False,False,False,False,,,
final_archeology_035,MP-FS+,archeology,False,False,False,False,False,False,False,False,False,False,,,
final_archeology_036,MP-FS+,archeology,False,False,False,False,False,False,False,False,False,False,,,
final_archeology_037,MP-FS+,archeology,True,True,True,True,True,False,False,False,False,False,,,
final_archeology_038,MP-FS+,archeology,True,True,True,True,True,False,False,False,False,False,,,
final_archeology_039,MP-FS+,archeology,True,True,True,True,True,False,False,False,False,False,,,
final_archeology_040,MP-FS+,archeology,False,False,False,False,False,False,False,False,False,False,,,
final_archeology_041,MP-FS+,archeology,False,False,False,False,False,False,False,False,False,False,,,
final_archeology_042,MP-FS+,archeology,False,False,False,False,False,False,False,False,False,False,,,
final_archeology_043,MP-FS+,archeology,True,True,True,True,True,False,False,False,False,False,,,
final_archeology_044,MP-FS+,archeology,True,True,True,True,True,False,False,False,False,False,,,
final_archeology_045,MP-FS+,archeology,True,True,True,True,True,False,False,False,False,False,,,
final_archeology_046,MP-FS+,archeology,True,False,False,False,False,False,False,False,False,False,personnel,personnel,
final_archeology_047,MP-FS+,archeology,False,False,False,False,False,False,False,False,False,False,,,
final_archeology_048,MP-FS+,archeology,False,False,False,False,False,False,False,False,False,False,,,
final_archeology_049,MP-FS+,archeology,False,False,False,False,False,False,False,False,False,False,,,
final_archeology_050,MP-FS+,archeology,False,False,False,False,False,False,False,False,False,False,,,
final_archeology_051,MP-FS+,archeology,True,True,True,True,True,False,False,False,False,False,,,
final_archeology_052,MP-FS+,archeology,True,True,True,True,True,False,False,False,False,False,,,
final_archeology_053,MP-FS+,archeology,True,True,True,True,True,False,False,False,False,False,,,
final_archeology_054,MP-FS+,archeology,True,True,True,True,True,False,False,False,False,False,,,
final_archeology_055,MP-FS+,archeology,False,False,False,False,False,False,False,False,False,False,,,
final_archeology_056,MP-FS+,archeology,False,False,False,False,False,False,False,False,False,False,,,
final_archeology_057,MP-FS+,archeology,False,False,False,False,False,False,False,False,False,False,,,
final_archeology_058,MP-FS+,archeology,True,True,True,True,True,False,False,False,False,False,,,
final_archeology_059,MP-FS+,archeology,True,True,True,True,True,False,False,False,False,False,,,
final_archeology_060,MP-FS+,archeology,True,True,True,True,True,False,False,False,False,False,,,
final_polar_001,MP-FS+,polar,False,False,False,False,False,False,False,False,False,False,,,
final_polar_002,MP-FS+,polar,False,False,False,False,False,False,False,False,False,False,,,
final_polar_003,MP-FS+,polar,False,False,False,False,False,False,False,False,False,False,,,
final_polar_004,MP-FS+,polar,True,True,True,True,True,False,False,False,False,False,,,
final_polar_005,MP-FS+,polar,True,True,True,True,True,False,False,False,False,False,,,
final_polar_006,MP-FS+,polar,True,True,True,True,True,False,False,False,False,False,,,
final_polar_007,MP-FS+,polar,True,True,True,True,True,False,False,False,False,False,,,
final_polar_008,MP-FS+,polar,True,True,True,True,True,False,False,False,False,False,,,
final_polar_009,MP-FS+,polar,True,True,True,True,True,False,False,False,False,False,,,
final_polar_010,MP-FS+,polar,True,True,True,True,True,False,False,False,False,False,,,
final_polar_011,MP-FS+,polar,True,True,True,True,True,False,False,False,False,False,,,
final_polar_012,MP-FS+,polar,True,True,True,True,True,False,False,False,False,False,,,
final_polar_013,MP-FS+,polar,True,True,True,True,True,False,False,False,False,False,,,
final_polar_014,MP-FS+,polar,True,False,False,False,False,False,False,False,False,False,weatherandstructure,weatherandstructure,
final_polar_015,MP-FS+,polar,True,False,False,False,False,False,False,False,False,False,operationmaintenance,operationmaintenance,
final_polar_016,MP-FS+,polar,False,False,False,False,False,False,False,False,False,False,,,
final_polar_017,MP-FS+,polar,False,False,False,False,False,False,False,False,False,False,,,
final_polar_018,MP-FS+,polar,True,True,True,True,True,False,False,False,False,False,,,
final_polar_019,MP-FS+,polar,True,True,True,True,True,False,False,False,False,False,,,
final_polar_020,MP-FS+,polar,True,True,True,True,True,False,False,False,False,False,,,
final_polar_021,MP-FS+,polar,True,True,True,True,True,False,False,False,False,False,,,
final_polar_022,MP-FS+,polar,True,True,True,True,True,False,False,False,False,False,,,
final_polar_023,MP-FS+,polar,False,False,False,False,False,False,False,False,False,False,,,
final_polar_024,MP-FS+,polar,True,True,True,True,True,False,False,False,False,False,,,
final_polar_025,MP-FS+,polar,False,False,False,False,False,False,False,False,False,False,,,
final_polar_026,MP-FS+,polar,False,False,False,False,False,False,False,False,False,False,,,
final_polar_027,MP-FS+,polar,False,False,False,False,False,False,False,False,False,False,,,
final_polar_028,MP-FS+,polar,True,True,True,True,True,False,False,False,False,False,,,
final_polar_029,MP-FS+,polar,True,True,True,True,True,False,False,False,False,False,,,
final_polar_030,MP-FS+,polar,True,True,True,True,True,False,False,False,False,False,,,
final_polar_031,MP-FS+,polar,False,False,False,False,False,False,False,False,False,False,,,
final_polar_032,MP-FS+,polar,True,True,True,True,True,False,False,False,False,False,,,
final_polar_033,MP-FS+,polar,False,False,False,False,False,False,False,False,False,False,,,
final_polar_034,MP-FS+,polar,True,True,True,True,True,False,False,False,False,False,,,
final_polar_035,MP-FS+,polar,True,True,True,True,True,False,False,False,False,False,,,
final_polar_036,MP-FS+,polar,True,True,True,True,True,False,False,False,False,False,,,
final_polar_037,MP-FS+,polar,True,True,True,True,True,False,False,False,False,False,,,
final_polar_038,MP-FS+,polar,True,True,True,True,True,False,False,False,False,False,,,
final_polar_039,MP-FS+,polar,True,True,True,True,True,False,False,False,False,False,,,
final_polar_040,MP-FS+,polar,False,False,False,False,False,False,False,False,False,False,,,
final_polar_041,MP-FS+,polar,False,False,False,False,False,False,False,False,False,False,,,
final_polar_042,MP-FS+,polar,False,False,False,False,False,False,False,False,False,False,,,
final_polar_043,MP-FS+,polar,True,True,True,True,True,False,False,False,False,False,,,
final_polar_044,MP-FS+,polar,False,False,False,False,False,False,False,False,False,False,,,
final_polar_045,MP-FS+,polar,True,True,True,True,True,False,False,False,False,False,,,
final_polar_046,MP-FS+,polar,True,True,True,True,True,False,False,False,False,False,,,
final_polar_047,MP-FS+,polar,False,False,False,False,False,False,False,False,False,False,,,
final_polar_048,MP-FS+,polar,False,False,False,False,False,False,False,False,False,False,,,
final_polar_049,MP-FS+,polar,True,True,True,True,True,False,False,False,False,False,,,
final_polar_050,MP-FS+,polar,True,True,True,True,True,False,False,False,False,False,,,
final_polar_051,MP-FS+,polar,True,True,True,True,True,False,False,False,False,False,,,
final_polar_052,MP-FS+,polar,True,True,True,True,True,False,False,False,False,False,,,
final_polar_053,MP-FS+,polar,True,True,True,True,True,False,False,False,False,False,,,
final_polar_054,MP-FS+,polar,True,True,True,True,True,False,False,False,False,False,,,
final_polar_055,MP-FS+,polar,False,False,False,False,False,False,False,False,False,False,,,
final_polar_056,MP-FS+,polar,False,False,False,False,False,False,False,False,False,False,,,
final_polar_057,MP-FS+,polar,False,False,False,False,False,False,False,False,False,False,,,
final_polar_058,MP-FS+,polar,True,False,False,False,False,False,False,False,False,False,weatherandstructure,weatherandstructure,
final_polar_059,MP-FS+,polar,True,True,True,True,True,False,False,False,False,False,,,
final_polar_060,MP-FS+,polar,True,True,True,True,True,False,False,False,False,False,,,
final_robot_001,MP-FS+,robot,False,False,False,False,False,False,False,False,False,False,,,
final_robot_002,MP-FS+,robot,False,False,False,False,False,False,False,False,False,False,,,
final_robot_003,MP-FS+,robot,False,False,False,False,False,False,False,False,False,False,,,
final_robot_004,MP-FS+,robot,True,True,True,True,True,False,False,False,False,False,,,
final_robot_005,MP-FS+,robot,False,False,False,False,False,False,False,False,False,False,,,
final_robot_006,MP-FS+,robot,True,True,True,True,True,False,False,False,False,False,,,
final_robot_007,MP-FS+,robot,True,True,True,True,True,False,False,False,False,False,,,
final_robot_008,MP-FS+,robot,True,True,True,True,True,False,False,False,False,False,,,
final_robot_009,MP-FS+,robot,True,True,True,True,True,False,False,False,False,False,,,
final_robot_010,MP-FS+,robot,False,False,False,False,False,False,False,False,False,False,,,
final_robot_011,MP-FS+,robot,False,False,False,False,False,False,False,False,False,False,,,
final_robot_012,MP-FS+,robot,False,False,False,False,False,False,False,False,False,False,,,
final_robot_013,MP-FS+,robot,True,True,True,True,True,False,False,False,False,False,,,
final_robot_014,MP-FS+,robot,False,False,False,False,False,False,False,False,False,False,,,
final_robot_015,MP-FS+,robot,True,True,True,True,True,False,False,False,False,False,,,
final_robot_016,MP-FS+,robot,False,False,False,False,False,False,False,False,False,False,,,
final_robot_017,MP-FS+,robot,False,False,False,False,False,False,False,False,False,False,,,
final_robot_018,MP-FS+,robot,False,False,False,False,False,False,False,False,False,False,,,
final_robot_019,MP-FS+,robot,False,False,False,False,False,False,False,False,False,False,,,
final_robot_020,MP-FS+,robot,False,False,False,False,False,False,False,False,False,False,,,
final_robot_021,MP-FS+,robot,False,False,False,False,False,False,False,False,False,False,,,
final_robot_022,MP-FS+,robot,True,True,True,True,True,False,False,False,False,False,,,
final_robot_023,MP-FS+,robot,True,True,True,True,True,False,False,False,False,False,,,
final_robot_024,MP-FS+,robot,True,True,True,True,True,False,False,False,False,False,,,
final_robot_025,MP-FS+,robot,False,False,False,False,False,False,False,False,False,False,,,
final_robot_026,MP-FS+,robot,True,False,False,False,False,False,False,False,False,False,robot_record,robot_record,
final_robot_027,MP-FS+,robot,False,False,False,False,False,False,False,False,False,False,,,
final_robot_028,MP-FS+,robot,True,True,True,True,True,False,False,False,False,False,,,
final_robot_029,MP-FS+,robot,True,True,True,True,True,False,False,False,False,False,,,
final_robot_030,MP-FS+,robot,True,True,True,True,True,False,False,False,False,False,,,
final_robot_031,MP-FS+,robot,False,False,False,False,False,False,False,False,False,False,,,
final_robot_032,MP-FS+,robot,True,True,True,True,True,False,False,False,False,False,,,
final_robot_033,MP-FS+,robot,False,False,False,False,False,False,False,False,False,False,,,
final_robot_034,MP-FS+,robot,False,False,False,False,False,False,False,False,False,False,,,
final_robot_035,MP-FS+,robot,False,False,False,False,False,False,False,False,False,False,,,
final_robot_036,MP-FS+,robot,False,False,False,False,False,False,False,False,False,False,,,
final_robot_037,MP-FS+,robot,True,True,True,True,True,False,False,False,False,False,,,
final_robot_038,MP-FS+,robot,True,True,True,True,True,False,False,False,False,False,,,
final_robot_039,MP-FS+,robot,True,True,True,True,True,False,False,False,False,False,,,
final_robot_040,MP-FS+,robot,False,False,False,False,False,False,False,False,False,False,,,
final_robot_041,MP-FS+,robot,False,False,False,False,False,False,False,False,False,False,,,
final_robot_042,MP-FS+,robot,False,False,False,False,False,False,False,False,False,False,,,
final_robot_043,MP-FS+,robot,True,True,True,True,True,False,False,False,False,False,,,
final_robot_044,MP-FS+,robot,True,True,True,True,True,False,False,False,False,False,,,
final_robot_045,MP-FS+,robot,True,True,True,True,True,False,False,False,False,False,,,
final_robot_046,MP-FS+,robot,False,False,False,False,False,False,False,False,False,False,,,
final_robot_047,MP-FS+,robot,True,False,False,False,False,False,False,False,False,False,robot_details|robot_record,robot_details|robot_record,
final_robot_048,MP-FS+,robot,False,False,False,False,False,False,False,False,False,False,,,
final_robot_049,MP-FS+,robot,False,False,False,False,False,False,False,False,False,False,,,
final_robot_050,MP-FS+,robot,False,False,False,False,False,False,False,False,False,False,,,
final_robot_051,MP-FS+,robot,True,True,True,True,True,False,False,False,False,False,,,
final_robot_052,MP-FS+,robot,True,True,True,True,True,False,False,False,False,False,,,
final_robot_053,MP-FS+,robot,True,True,True,True,True,False,False,False,False,False,,,
final_robot_054,MP-FS+,robot,True,True,True,True,True,False,False,False,False,False,,,
final_robot_055,MP-FS+,robot,False,False,False,False,False,False,False,False,False,False,,,
final_robot_056,MP-FS+,robot,False,False,False,False,False,False,False,False,False,False,,,
final_robot_057,MP-FS+,robot,False,False,False,False,False,False,False,False,False,False,,,
final_robot_058,MP-FS+,robot,True,True,True,True,True,False,False,False,False,False,,,
final_robot_059,MP-FS+,robot,True,True,True,True,True,False,False,False,False,False,,,
final_robot_060,MP-FS+,robot,True,True,True,True,True,False,False,False,False,False,,,
final_vaccine_001,MP-FS+,vaccine,False,False,False,False,False,False,False,False,False,False,,,
final_vaccine_002,MP-FS+,vaccine,False,False,False,False,False,False,False,False,False,False,,,
final_vaccine_003,MP-FS+,vaccine,False,False,False,False,False,False,False,False,False,False,,,
final_vaccine_004,MP-FS+,vaccine,False,False,False,False,False,False,False,False,False,False,,,
final_vaccine_005,MP-FS+,vaccine,False,False,False,False,False,False,False,False,False,False,,,
final_vaccine_006,MP-FS+,vaccine,False,False,False,False,False,False,False,False,False,False,,,
final_vaccine_007,MP-FS+,vaccine,True,True,True,True,True,False,False,False,False,False,,,
final_vaccine_008,MP-FS+,vaccine,True,True,True,True,True,False,False,False,False,False,,,
final_vaccine_009,MP-FS+,vaccine,True,True,True,True,True,False,False,False,False,False,,,
final_vaccine_010,MP-FS+,vaccine,False,False,False,False,False,False,False,False,False,False,,,
final_vaccine_011,MP-FS+,vaccine,False,False,False,False,False,False,False,False,False,False,,,
final_vaccine_012,MP-FS+,vaccine,False,False,False,False,False,False,False,False,False,False,,,
final_vaccine_013,MP-FS+,vaccine,True,True,True,True,True,False,False,False,False,False,,,
final_vaccine_014,MP-FS+,vaccine,True,True,True,True,True,False,False,False,False,False,,,
final_vaccine_015,MP-FS+,vaccine,True,True,True,True,True,False,False,False,False,False,,,
final_vaccine_016,MP-FS+,vaccine,False,False,False,False,False,False,False,False,False,False,,,
final_vaccine_017,MP-FS+,vaccine,False,False,False,False,False,False,False,False,False,False,,,
final_vaccine_018,MP-FS+,vaccine,False,False,False,False,False,False,False,False,False,False,,,
final_vaccine_019,MP-FS+,vaccine,False,False,False,False,False,False,False,False,False,False,,,
final_vaccine_020,MP-FS+,vaccine,True,True,True,True,True,False,False,False,False,False,,,
final_vaccine_021,MP-FS+,vaccine,False,False,False,False,False,False,False,False,False,False,,,
final_vaccine_022,MP-FS+,vaccine,True,True,True,True,True,False,False,False,False,False,,,
final_vaccine_023,MP-FS+,vaccine,True,True,True,True,True,False,False,False,False,False,,,
final_vaccine_024,MP-FS+,vaccine,True,True,True,True,True,False,False,False,False,False,,,
final_vaccine_025,MP-FS+,vaccine,False,False,False,False,False,False,False,False,False,False,,,
final_vaccine_026,MP-FS+,vaccine,False,False,False,False,False,False,False,False,False,False,,,
final_vaccine_027,MP-FS+,vaccine,False,False,False,False,False,False,False,False,False,False,,,
final_vaccine_028,MP-FS+,vaccine,True,True,True,True,True,False,False,False,False,False,,,
final_vaccine_029,MP-FS+,vaccine,True,True,True,True,True,False,False,False,False,False,,,
final_vaccine_030,MP-FS+,vaccine,True,True,True,True,True,False,False,False,False,False,,,
final_vaccine_031,MP-FS+,vaccine,False,False,False,False,False,False,False,False,False,False,,,
final_vaccine_032,MP-FS+,vaccine,False,False,False,False,False,False,False,False,False,False,,,
final_vaccine_033,MP-FS+,vaccine,False,False,False,False,False,False,False,False,False,False,,,
final_vaccine_034,MP-FS+,vaccine,False,False,False,False,False,False,False,False,False,False,,,
final_vaccine_035,MP-FS+,vaccine,False,False,False,False,False,False,False,False,False,False,,,
final_vaccine_036,MP-FS+,vaccine,False,False,False,False,False,False,False,False,False,False,,,
final_vaccine_037,MP-FS+,vaccine,True,True,True,True,True,False,False,False,False,False,,,
final_vaccine_038,MP-FS+,vaccine,True,True,True,True,True,False,False,False,False,False,,,
final_vaccine_039,MP-FS+,vaccine,True,True,True,True,True,False,False,False,False,False,,,
final_vaccine_040,MP-FS+,vaccine,True,False,False,False,False,False,False,False,False,False,shipments,shipments,
final_vaccine_041,MP-FS+,vaccine,False,False,False,False,False,False,False,False,False,False,,,
final_vaccine_042,MP-FS+,vaccine,False,False,False,False,False,False,False,False,False,False,,,
final_vaccine_043,MP-FS+,vaccine,True,True,True,True,True,False,False,False,False,False,,,
final_vaccine_044,MP-FS+,vaccine,True,True,True,True,True,False,False,False,False,False,,,
final_vaccine_045,MP-FS+,vaccine,True,False,False,False,False,False,False,False,False,False,vaccinedetails,vaccinedetails,
final_vaccine_046,MP-FS+,vaccine,False,False,False,False,False,False,False,False,False,False,,,
final_vaccine_047,MP-FS+,vaccine,False,False,False,False,False,False,False,False,False,False,,,
final_vaccine_048,MP-FS+,vaccine,False,False,False,False,False,False,False,False,False,False,,,
final_vaccine_049,MP-FS+,vaccine,True,True,True,True,True,False,False,False,False,False,,,
final_vaccine_050,MP-FS+,vaccine,False,False,False,False,False,False,False,False,False,False,,,
final_vaccine_051,MP-FS+,vaccine,False,False,False,False,False,False,False,False,False,False,,,
final_vaccine_052,MP-FS+,vaccine,True,True,True,True,True,False,False,False,False,False,,,
final_vaccine_053,MP-FS+,vaccine,True,True,True,True,True,False,False,False,False,False,,,
final_vaccine_054,MP-FS+,vaccine,True,True,True,True,True,False,False,False,False,False,,,
final_vaccine_055,MP-FS+,vaccine,True,True,True,True,True,False,False,False,False,False,,,
final_vaccine_056,MP-FS+,vaccine,False,False,False,False,False,False,False,False,False,False,,,
final_vaccine_057,MP-FS+,vaccine,False,False,False,False,False,False,False,False,False,False,,,
final_vaccine_058,MP-FS+,vaccine,True,True,True,True,True,False,False,False,False,False,,,
final_vaccine_059,MP-FS+,vaccine,True,True,True,True,True,False,False,False,False,False,,,
final_vaccine_060,MP-FS+,vaccine,True,False,False,False,False,False,False,False,False,False,container,container,
final_virtual_001,MP-FS+,virtual,True,True,True,True,True,False,False,False,False,False,,,
final_virtual_002,MP-FS+,virtual,False,False,False,False,False,False,False,False,False,False,,,
final_virtual_003,MP-FS+,virtual,False,False,False,False,False,False,False,False,False,False,,,
final_virtual_004,MP-FS+,virtual,False,False,False,False,False,False,False,False,False,False,,,
final_virtual_005,MP-FS+,virtual,False,False,False,False,False,False,False,False,False,False,,,
final_virtual_006,MP-FS+,virtual,True,True,True,True,True,False,False,False,False,False,,,
final_virtual_007,MP-FS+,virtual,True,True,True,True,True,False,False,False,False,False,,,
final_virtual_008,MP-FS+,virtual,True,True,True,True,True,False,False,False,False,False,,,
final_virtual_009,MP-FS+,virtual,True,True,True,True,True,False,False,False,False,False,,,
final_virtual_010,MP-FS+,virtual,True,False,False,False,False,False,False,False,False,False,additionalnotes,additionalnotes,
final_virtual_011,MP-FS+,virtual,False,False,False,False,False,False,False,False,False,False,,,
final_virtual_012,MP-FS+,virtual,False,False,False,False,False,False,False,False,False,False,,,
final_virtual_013,MP-FS+,virtual,True,True,True,True,True,False,False,False,False,False,,,
final_virtual_014,MP-FS+,virtual,True,True,True,True,True,False,False,False,False,False,,,
final_virtual_015,MP-FS+,virtual,False,False,False,False,False,False,False,False,False,False,,,
final_virtual_016,MP-FS+,virtual,False,False,False,False,False,False,False,False,False,False,,,
final_virtual_017,MP-FS+,virtual,False,False,False,False,False,False,False,False,False,False,,,
final_virtual_018,MP-FS+,virtual,True,True,True,True,True,False,False,False,False,False,,,
final_virtual_019,MP-FS+,virtual,False,False,False,False,False,False,False,False,False,False,,,
final_virtual_020,MP-FS+,virtual,True,True,True,True,True,False,False,False,False,False,,,
final_virtual_021,MP-FS+,virtual,False,False,False,False,False,False,False,False,False,False,,,
final_virtual_022,MP-FS+,virtual,True,True,True,True,True,False,False,False,False,False,,,
final_virtual_023,MP-FS+,virtual,True,True,True,True,True,False,False,False,False,False,,,
final_virtual_024,MP-FS+,virtual,True,True,True,True,True,False,False,False,False,False,,,
final_virtual_025,MP-FS+,virtual,True,False,False,False,False,False,False,False,False,False,eventsandclub,eventsandclub,
final_virtual_026,MP-FS+,virtual,False,False,False,False,False,False,False,False,False,False,,,
final_virtual_027,MP-FS+,virtual,False,False,False,False,False,False,False,False,False,False,,,
final_virtual_028,MP-FS+,virtual,True,True,True,True,True,False,False,False,False,False,,,
final_virtual_029,MP-FS+,virtual,True,True,True,True,True,False,False,False,False,False,,,
final_virtual_030,MP-FS+,virtual,True,False,False,False,False,False,False,False,False,False,engagement,engagement,
final_virtual_031,MP-FS+,virtual,False,False,False,False,False,False,False,False,False,False,,,
final_virtual_032,MP-FS+,virtual,True,True,True,True,True,False,False,False,False,False,,,
final_virtual_033,MP-FS+,virtual,False,False,False,False,False,False,False,False,False,False,,,
final_virtual_034,MP-FS+,virtual,True,True,True,True,True,False,False,False,False,False,,,
final_virtual_035,MP-FS+,virtual,False,False,False,False,False,False,False,False,False,False,,,
final_virtual_036,MP-FS+,virtual,False,False,False,False,False,False,False,False,False,False,,,
final_virtual_037,MP-FS+,virtual,True,True,True,True,True,False,False,False,False,False,,,
final_virtual_038,MP-FS+,virtual,True,True,True,True,True,False,False,False,False,False,,,
final_virtual_039,MP-FS+,virtual,True,True,True,True,True,False,False,False,False,False,,,
final_virtual_040,MP-FS+,virtual,True,False,False,False,False,False,False,False,False,False,additionalnotes,additionalnotes,
final_virtual_041,MP-FS+,virtual,False,False,False,False,False,False,False,False,False,False,,,
final_virtual_042,MP-FS+,virtual,False,False,False,False,False,False,False,False,False,False,,,
final_virtual_043,MP-FS+,virtual,True,True,True,True,True,False,False,False,False,False,,,
final_virtual_044,MP-FS+,virtual,True,True,True,True,True,False,False,False,False,False,,,
final_virtual_045,MP-FS+,virtual,True,True,True,True,True,False,False,False,False,False,,,
final_virtual_046,MP-FS+,virtual,True,False,False,False,False,False,False,False,False,False,additionalnotes,additionalnotes,
final_virtual_047,MP-FS+,virtual,True,False,False,False,False,False,False,False,False,False,interactions,interactions,
final_virtual_048,MP-FS+,virtual,False,False,False,False,False,False,False,False,False,False,,,
final_virtual_049,MP-FS+,virtual,False,False,False,False,False,False,False,False,False,False,,,
final_virtual_050,MP-FS+,virtual,False,False,False,False,False,False,False,False,False,False,,,
final_virtual_051,MP-FS+,virtual,True,True,True,True,True,False,False,False,False,False,,,
final_virtual_052,MP-FS+,virtual,True,True,True,True,True,False,False,False,False,False,,,
final_virtual_053,MP-FS+,virtual,True,True,True,True,True,False,False,False,False,False,,,
final_virtual_054,MP-FS+,virtual,True,True,True,True,True,False,False,False,False,False,,,
final_virtual_055,MP-FS+,virtual,False,False,False,False,False,False,False,False,False,False,,,
final_virtual_056,MP-FS+,virtual,False,False,False,False,False,False,False,False,False,False,,,
final_virtual_057,MP-FS+,virtual,False,False,False,False,False,False,False,False,False,False,,,
final_virtual_058,MP-FS+,virtual,True,True,True,True,True,False,False,False,False,False,,,
final_virtual_059,MP-FS+,virtual,True,True,True,True,True,False,False,False,False,False,,,
final_virtual_060,MP-FS+,virtual,True,True,True,True,True,False,False,False,False,False,,,
final_archeology_001,Gold-MP,archeology,True,True,True,True,True,False,False,False,False,False,,,
final_archeology_002,Gold-MP,archeology,True,True,True,True,True,False,False,False,False,False,,,
final_archeology_003,Gold-MP,archeology,True,True,True,True,True,False,False,False,False,False,,,
final_archeology_004,Gold-MP,archeology,True,True,True,True,True,False,False,False,False,False,,,
final_archeology_005,Gold-MP,archeology,True,True,True,True,True,False,False,False,False,False,,,
final_archeology_006,Gold-MP,archeology,True,True,True,True,True,False,False,False,False,False,,,
final_archeology_007,Gold-MP,archeology,True,True,True,True,True,False,False,False,False,False,,,
final_archeology_008,Gold-MP,archeology,True,True,True,True,True,False,False,False,False,False,,,
final_archeology_009,Gold-MP,archeology,True,True,True,True,True,False,False,False,False,False,,,
final_archeology_010,Gold-MP,archeology,True,True,True,True,True,False,False,False,False,False,,,
final_archeology_011,Gold-MP,archeology,True,True,True,True,True,False,False,False,False,False,,,
final_archeology_012,Gold-MP,archeology,True,True,True,True,True,False,False,False,False,False,,,
final_archeology_013,Gold-MP,archeology,True,True,True,True,True,False,False,False,False,False,,,
final_archeology_014,Gold-MP,archeology,True,True,True,True,True,False,False,False,False,False,,,
final_archeology_015,Gold-MP,archeology,True,True,True,True,True,False,False,False,False,False,,,
final_archeology_016,Gold-MP,archeology,True,True,True,True,True,False,False,False,False,False,,,
final_archeology_017,Gold-MP,archeology,True,True,True,True,True,False,False,False,False,False,,,
final_archeology_018,Gold-MP,archeology,True,True,True,True,True,False,False,False,False,False,,,
final_archeology_019,Gold-MP,archeology,True,True,True,True,True,False,False,False,False,False,,,
final_archeology_020,Gold-MP,archeology,True,True,True,True,True,False,False,False,False,False,,,
final_archeology_021,Gold-MP,archeology,True,True,True,True,True,False,False,False,False,False,,,
final_archeology_022,Gold-MP,archeology,True,True,True,True,True,False,False,False,False,False,,,
final_archeology_023,Gold-MP,archeology,True,True,True,True,True,False,False,False,False,False,,,
final_archeology_024,Gold-MP,archeology,True,True,True,True,True,False,False,False,False,False,,,
final_archeology_025,Gold-MP,archeology,True,True,True,True,True,False,False,False,False,False,,,
final_archeology_026,Gold-MP,archeology,True,True,True,True,True,False,False,False,False,False,,,
final_archeology_027,Gold-MP,archeology,True,True,True,True,True,False,False,False,False,False,,,
final_archeology_028,Gold-MP,archeology,True,True,True,True,True,False,False,False,False,False,,,
final_archeology_029,Gold-MP,archeology,True,True,True,True,True,False,False,False,False,False,,,
final_archeology_030,Gold-MP,archeology,True,True,True,True,True,False,False,False,False,False,,,
final_archeology_031,Gold-MP,archeology,True,True,True,True,True,False,False,False,False,False,,,
final_archeology_032,Gold-MP,archeology,True,True,True,True,True,False,False,False,False,False,,,
final_archeology_033,Gold-MP,archeology,True,True,True,True,True,False,False,False,False,False,,,
final_archeology_034,Gold-MP,archeology,True,True,True,True,True,False,False,False,False,False,,,
final_archeology_035,Gold-MP,archeology,True,True,True,True,True,False,False,False,False,False,,,
final_archeology_036,Gold-MP,archeology,True,True,True,True,True,False,False,False,False,False,,,
final_archeology_037,Gold-MP,archeology,True,True,True,True,True,False,False,False,False,False,,,
final_archeology_038,Gold-MP,archeology,True,True,True,True,True,False,False,False,False,False,,,
final_archeology_039,Gold-MP,archeology,True,True,True,True,True,False,False,False,False,False,,,
final_archeology_040,Gold-MP,archeology,True,True,True,True,True,False,False,False,False,False,,,
final_archeology_041,Gold-MP,archeology,True,True,True,True,True,False,False,False,False,False,,,
final_archeology_042,Gold-MP,archeology,True,True,True,True,True,False,False,False,False,False,,,
final_archeology_043,Gold-MP,archeology,True,True,True,True,True,False,False,False,False,False,,,
final_archeology_044,Gold-MP,archeology,True,True,True,True,True,False,False,False,False,False,,,
final_archeology_045,Gold-MP,archeology,True,True,True,True,True,False,False,False,False,False,,,
final_archeology_046,Gold-MP,archeology,True,True,True,True,True,False,False,False,False,False,,,
final_archeology_047,Gold-MP,archeology,True,True,True,True,True,False,False,False,False,False,,,
final_archeology_048,Gold-MP,archeology,True,True,True,True,True,False,False,False,False,False,,,
final_archeology_049,Gold-MP,archeology,True,True,True,True,True,False,False,False,False,False,,,
final_archeology_050,Gold-MP,archeology,True,True,True,True,True,False,False,False,False,False,,,
final_archeology_051,Gold-MP,archeology,True,True,True,True,True,False,False,False,False,False,,,
final_archeology_052,Gold-MP,archeology,True,True,True,True,True,False,False,False,False,False,,,
final_archeology_053,Gold-MP,archeology,True,True,True,True,True,False,False,False,False,False,,,
final_archeology_054,Gold-MP,archeology,True,True,True,True,True,False,False,False,False,False,,,
final_archeology_055,Gold-MP,archeology,True,True,True,True,True,False,False,False,False,False,,,
final_archeology_056,Gold-MP,archeology,True,True,True,True,True,False,False,False,False,False,,,
final_archeology_057,Gold-MP,archeology,True,True,True,True,True,False,False,False,False,False,,,
final_archeology_058,Gold-MP,archeology,True,True,True,True,True,False,False,False,False,False,,,
final_archeology_059,Gold-MP,archeology,True,True,True,True,True,False,False,False,False,False,,,
final_archeology_060,Gold-MP,archeology,True,True,True,True,True,False,False,False,False,False,,,
final_polar_001,Gold-MP,polar,True,True,True,True,True,False,False,False,False,False,,,
final_polar_002,Gold-MP,polar,True,True,True,True,True,False,False,False,False,False,,,
final_polar_003,Gold-MP,polar,True,True,True,True,True,False,False,False,False,False,,,
final_polar_004,Gold-MP,polar,True,True,True,True,True,False,False,False,False,False,,,
final_polar_005,Gold-MP,polar,True,True,True,True,True,False,False,False,False,False,,,
final_polar_006,Gold-MP,polar,True,True,True,True,True,False,False,False,False,False,,,
final_polar_007,Gold-MP,polar,True,True,True,True,True,False,False,False,False,False,,,
final_polar_008,Gold-MP,polar,True,True,True,True,True,False,False,False,False,False,,,
final_polar_009,Gold-MP,polar,True,True,True,True,True,False,False,False,False,False,,,
final_polar_010,Gold-MP,polar,True,True,True,True,True,False,False,False,False,False,,,
final_polar_011,Gold-MP,polar,True,True,True,True,True,False,False,False,False,False,,,
final_polar_012,Gold-MP,polar,True,True,True,True,True,False,False,False,False,False,,,
final_polar_013,Gold-MP,polar,True,True,True,True,True,False,False,False,False,False,,,
final_polar_014,Gold-MP,polar,True,True,True,True,True,False,False,False,False,False,,,
final_polar_015,Gold-MP,polar,True,True,True,True,True,False,False,False,False,False,,,
final_polar_016,Gold-MP,polar,True,True,True,True,True,False,False,False,False,False,,,
final_polar_017,Gold-MP,polar,True,True,True,True,True,False,False,False,False,False,,,
final_polar_018,Gold-MP,polar,True,True,True,True,True,False,False,False,False,False,,,
final_polar_019,Gold-MP,polar,True,True,True,True,True,False,False,False,False,False,,,
final_polar_020,Gold-MP,polar,True,True,True,True,True,False,False,False,False,False,,,
final_polar_021,Gold-MP,polar,True,True,True,True,True,False,False,False,False,False,,,
final_polar_022,Gold-MP,polar,True,True,True,True,True,False,False,False,False,False,,,
final_polar_023,Gold-MP,polar,True,True,True,True,True,False,False,False,False,False,,,
final_polar_024,Gold-MP,polar,True,True,True,True,True,False,False,False,False,False,,,
final_polar_025,Gold-MP,polar,True,True,True,True,True,False,False,False,False,False,,,
final_polar_026,Gold-MP,polar,True,True,True,True,True,False,False,False,False,False,,,
final_polar_027,Gold-MP,polar,True,True,True,True,True,False,False,False,False,False,,,
final_polar_028,Gold-MP,polar,True,True,True,True,True,False,False,False,False,False,,,
final_polar_029,Gold-MP,polar,True,True,True,True,True,False,False,False,False,False,,,
final_polar_030,Gold-MP,polar,True,True,True,True,True,False,False,False,False,False,,,
final_polar_031,Gold-MP,polar,True,True,True,True,True,False,False,False,False,False,,,
final_polar_032,Gold-MP,polar,True,True,True,True,True,False,False,False,False,False,,,
final_polar_033,Gold-MP,polar,True,True,True,True,True,False,False,False,False,False,,,
final_polar_034,Gold-MP,polar,True,True,True,True,True,False,False,False,False,False,,,
final_polar_035,Gold-MP,polar,True,True,True,True,True,False,False,False,False,False,,,
final_polar_036,Gold-MP,polar,True,True,True,True,True,False,False,False,False,False,,,
final_polar_037,Gold-MP,polar,True,True,True,True,True,False,False,False,False,False,,,
final_polar_038,Gold-MP,polar,True,True,True,True,True,False,False,False,False,False,,,
final_polar_039,Gold-MP,polar,True,True,True,True,True,False,False,False,False,False,,,
final_polar_040,Gold-MP,polar,True,True,True,True,True,False,False,False,False,False,,,
final_polar_041,Gold-MP,polar,True,True,True,True,True,False,False,False,False,False,,,
final_polar_042,Gold-MP,polar,True,True,True,True,True,False,False,False,False,False,,,
final_polar_043,Gold-MP,polar,True,True,True,True,True,False,False,False,False,False,,,
final_polar_044,Gold-MP,polar,True,True,True,True,True,False,False,False,False,False,,,
final_polar_045,Gold-MP,polar,True,True,True,True,True,False,False,False,False,False,,,
final_polar_046,Gold-MP,polar,True,True,True,True,True,False,False,False,False,False,,,
final_polar_047,Gold-MP,polar,True,True,True,True,True,False,False,False,False,False,,,
final_polar_048,Gold-MP,polar,True,True,True,True,True,False,False,False,False,False,,,
final_polar_049,Gold-MP,polar,True,True,True,True,True,False,False,False,False,False,,,
final_polar_050,Gold-MP,polar,True,True,True,True,True,False,False,False,False,False,,,
final_polar_051,Gold-MP,polar,True,True,True,True,True,False,False,False,False,False,,,
final_polar_052,Gold-MP,polar,True,True,True,True,True,False,False,False,False,False,,,
final_polar_053,Gold-MP,polar,True,True,True,True,True,False,False,False,False,False,,,
final_polar_054,Gold-MP,polar,True,True,True,True,True,False,False,False,False,False,,,
final_polar_055,Gold-MP,polar,True,True,True,True,True,False,False,False,False,False,,,
final_polar_056,Gold-MP,polar,True,True,True,True,True,False,False,False,False,False,,,
final_polar_057,Gold-MP,polar,True,True,True,True,True,False,False,False,False,False,,,
final_polar_058,Gold-MP,polar,True,True,True,True,True,False,False,False,False,False,,,
final_polar_059,Gold-MP,polar,True,True,True,True,True,False,False,False,False,False,,,
final_polar_060,Gold-MP,polar,True,True,True,True,True,False,False,False,False,False,,,
final_robot_001,Gold-MP,robot,True,True,True,True,True,False,False,False,False,False,,,
final_robot_002,Gold-MP,robot,True,True,True,True,True,False,False,False,False,False,,,
final_robot_003,Gold-MP,robot,True,True,True,True,True,False,False,False,False,False,,,
final_robot_004,Gold-MP,robot,True,True,True,True,True,False,False,False,False,False,,,
final_robot_005,Gold-MP,robot,True,True,True,True,True,False,False,False,False,False,,,
final_robot_006,Gold-MP,robot,True,True,True,True,True,False,False,False,False,False,,,
final_robot_007,Gold-MP,robot,True,True,True,True,True,False,False,False,False,False,,,
final_robot_008,Gold-MP,robot,True,True,True,True,True,False,False,False,False,False,,,
final_robot_009,Gold-MP,robot,True,True,True,True,True,False,False,False,False,False,,,
final_robot_010,Gold-MP,robot,True,True,True,True,True,False,False,False,False,False,,,
final_robot_011,Gold-MP,robot,True,True,True,True,True,False,False,False,False,False,,,
final_robot_012,Gold-MP,robot,True,True,True,True,True,False,False,False,False,False,,,
final_robot_013,Gold-MP,robot,True,True,True,True,True,False,False,False,False,False,,,
final_robot_014,Gold-MP,robot,True,True,True,True,True,False,False,False,False,False,,,
final_robot_015,Gold-MP,robot,True,True,True,True,True,False,False,False,False,False,,,
final_robot_016,Gold-MP,robot,True,True,True,True,True,False,False,False,False,False,,,
final_robot_017,Gold-MP,robot,True,True,True,True,True,False,False,False,False,False,,,
final_robot_018,Gold-MP,robot,True,True,True,True,True,False,False,False,False,False,,,
final_robot_019,Gold-MP,robot,True,True,True,True,True,False,False,False,False,False,,,
final_robot_020,Gold-MP,robot,True,True,True,True,True,False,False,False,False,False,,,
final_robot_021,Gold-MP,robot,True,True,True,True,True,False,False,False,False,False,,,
final_robot_022,Gold-MP,robot,True,True,True,True,True,False,False,False,False,False,,,
final_robot_023,Gold-MP,robot,True,True,True,True,True,False,False,False,False,False,,,
final_robot_024,Gold-MP,robot,True,True,True,True,True,False,False,False,False,False,,,
final_robot_025,Gold-MP,robot,True,True,True,True,True,False,False,False,False,False,,,
final_robot_026,Gold-MP,robot,True,True,True,True,True,False,False,False,False,False,,,
final_robot_027,Gold-MP,robot,True,True,True,True,True,False,False,False,False,False,,,
final_robot_028,Gold-MP,robot,True,True,True,True,True,False,False,False,False,False,,,
final_robot_029,Gold-MP,robot,True,True,True,True,True,False,False,False,False,False,,,
final_robot_030,Gold-MP,robot,True,True,True,True,True,False,False,False,False,False,,,
final_robot_031,Gold-MP,robot,True,True,True,True,True,False,False,False,False,False,,,
final_robot_032,Gold-MP,robot,True,True,True,True,True,False,False,False,False,False,,,
final_robot_033,Gold-MP,robot,True,True,True,True,True,False,False,False,False,False,,,
final_robot_034,Gold-MP,robot,True,True,True,True,True,False,False,False,False,False,,,
final_robot_035,Gold-MP,robot,True,True,True,True,True,False,False,False,False,False,,,
final_robot_036,Gold-MP,robot,True,True,True,True,True,False,False,False,False,False,,,
final_robot_037,Gold-MP,robot,True,True,True,True,True,False,False,False,False,False,,,
final_robot_038,Gold-MP,robot,True,True,True,True,True,False,False,False,False,False,,,
final_robot_039,Gold-MP,robot,True,True,True,True,True,False,False,False,False,False,,,
final_robot_040,Gold-MP,robot,True,True,True,True,True,False,False,False,False,False,,,
final_robot_041,Gold-MP,robot,True,True,True,True,True,False,False,False,False,False,,,
final_robot_042,Gold-MP,robot,True,True,True,True,True,False,False,False,False,False,,,
final_robot_043,Gold-MP,robot,True,True,True,True,True,False,False,False,False,False,,,
final_robot_044,Gold-MP,robot,True,True,True,True,True,False,False,False,False,False,,,
final_robot_045,Gold-MP,robot,True,True,True,True,True,False,False,False,False,False,,,
final_robot_046,Gold-MP,robot,True,True,True,True,True,False,False,False,False,False,,,
final_robot_047,Gold-MP,robot,True,True,True,True,True,False,False,False,False,False,,,
final_robot_048,Gold-MP,robot,True,True,True,True,True,False,False,False,False,False,,,
final_robot_049,Gold-MP,robot,True,True,True,True,True,False,False,False,False,False,,,
final_robot_050,Gold-MP,robot,True,True,True,True,True,False,False,False,False,False,,,
final_robot_051,Gold-MP,robot,True,True,True,True,True,False,False,False,False,False,,,
final_robot_052,Gold-MP,robot,True,True,True,True,True,False,False,False,False,False,,,
final_robot_053,Gold-MP,robot,True,True,True,True,True,False,False,False,False,False,,,
final_robot_054,Gold-MP,robot,True,True,True,True,True,False,False,False,False,False,,,
final_robot_055,Gold-MP,robot,True,True,True,True,True,False,False,False,False,False,,,
final_robot_056,Gold-MP,robot,True,True,True,True,True,False,False,False,False,False,,,
final_robot_057,Gold-MP,robot,True,True,True,True,True,False,False,False,False,False,,,
final_robot_058,Gold-MP,robot,True,True,True,True,True,False,False,False,False,False,,,
final_robot_059,Gold-MP,robot,True,True,True,True,True,False,False,False,False,False,,,
final_robot_060,Gold-MP,robot,True,True,True,True,True,False,False,False,False,False,,,
final_vaccine_001,Gold-MP,vaccine,True,True,True,True,True,False,False,False,False,False,,,
final_vaccine_002,Gold-MP,vaccine,True,True,True,True,True,False,False,False,False,False,,,
final_vaccine_003,Gold-MP,vaccine,True,True,True,True,True,False,False,False,False,False,,,
final_vaccine_004,Gold-MP,vaccine,True,True,True,True,True,False,False,False,False,False,,,
final_vaccine_005,Gold-MP,vaccine,True,True,True,True,True,False,False,False,False,False,,,
final_vaccine_006,Gold-MP,vaccine,True,True,True,True,True,False,False,False,False,False,,,
final_vaccine_007,Gold-MP,vaccine,True,True,True,True,True,False,False,False,False,False,,,
final_vaccine_008,Gold-MP,vaccine,True,True,True,True,True,False,False,False,False,False,,,
final_vaccine_009,Gold-MP,vaccine,True,True,True,True,True,False,False,False,False,False,,,
final_vaccine_010,Gold-MP,vaccine,True,True,True,True,True,False,False,False,False,False,,,
final_vaccine_011,Gold-MP,vaccine,True,True,True,True,True,False,False,False,False,False,,,
final_vaccine_012,Gold-MP,vaccine,True,True,True,True,True,False,False,False,False,False,,,
final_vaccine_013,Gold-MP,vaccine,True,True,True,True,True,False,False,False,False,False,,,
final_vaccine_014,Gold-MP,vaccine,True,True,True,True,True,False,False,False,False,False,,,
final_vaccine_015,Gold-MP,vaccine,True,True,True,True,True,False,False,False,False,False,,,
final_vaccine_016,Gold-MP,vaccine,True,True,True,True,True,False,False,False,False,False,,,
final_vaccine_017,Gold-MP,vaccine,True,True,True,True,True,False,False,False,False,False,,,
final_vaccine_018,Gold-MP,vaccine,True,True,True,True,True,False,False,False,False,False,,,
final_vaccine_019,Gold-MP,vaccine,True,True,True,True,True,False,False,False,False,False,,,
final_vaccine_020,Gold-MP,vaccine,True,True,True,True,True,False,False,False,False,False,,,
final_vaccine_021,Gold-MP,vaccine,True,True,True,True,True,False,False,False,False,False,,,
final_vaccine_022,Gold-MP,vaccine,True,True,True,True,True,False,False,False,False,False,,,
final_vaccine_023,Gold-MP,vaccine,True,True,True,True,True,False,False,False,False,False,,,
final_vaccine_024,Gold-MP,vaccine,True,True,True,True,True,False,False,False,False,False,,,
final_vaccine_025,Gold-MP,vaccine,True,True,True,True,True,False,False,False,False,False,,,
final_vaccine_026,Gold-MP,vaccine,True,True,True,True,True,False,False,False,False,False,,,
final_vaccine_027,Gold-MP,vaccine,True,True,True,True,True,False,False,False,False,False,,,
final_vaccine_028,Gold-MP,vaccine,True,True,True,True,True,False,False,False,False,False,,,
final_vaccine_029,Gold-MP,vaccine,True,True,True,True,True,False,False,False,False,False,,,
final_vaccine_030,Gold-MP,vaccine,True,True,True,True,True,False,False,False,False,False,,,
final_vaccine_031,Gold-MP,vaccine,True,True,True,True,True,False,False,False,False,False,,,
final_vaccine_032,Gold-MP,vaccine,True,True,True,True,True,False,False,False,False,False,,,
final_vaccine_033,Gold-MP,vaccine,True,True,True,True,True,False,False,False,False,False,,,
final_vaccine_034,Gold-MP,vaccine,True,True,True,True,True,False,False,False,False,False,,,
final_vaccine_035,Gold-MP,vaccine,True,True,True,True,True,False,False,False,False,False,,,
final_vaccine_036,Gold-MP,vaccine,True,True,True,True,True,False,False,False,False,False,,,
final_vaccine_037,Gold-MP,vaccine,True,True,True,True,True,False,False,False,False,False,,,
final_vaccine_038,Gold-MP,vaccine,True,True,True,True,True,False,False,False,False,False,,,
final_vaccine_039,Gold-MP,vaccine,True,True,True,True,True,False,False,False,False,False,,,
final_vaccine_040,Gold-MP,vaccine,True,True,True,True,True,False,False,False,False,False,,,
final_vaccine_041,Gold-MP,vaccine,True,True,True,True,True,False,False,False,False,False,,,
final_vaccine_042,Gold-MP,vaccine,True,True,True,True,True,False,False,False,False,False,,,
final_vaccine_043,Gold-MP,vaccine,True,True,True,True,True,False,False,False,False,False,,,
final_vaccine_044,Gold-MP,vaccine,True,True,True,True,True,False,False,False,False,False,,,
final_vaccine_045,Gold-MP,vaccine,True,True,True,True,True,False,False,False,False,False,,,
final_vaccine_046,Gold-MP,vaccine,True,True,True,True,True,False,False,False,False,False,,,
final_vaccine_047,Gold-MP,vaccine,True,True,True,True,True,False,False,False,False,False,,,
final_vaccine_048,Gold-MP,vaccine,True,True,True,True,True,False,False,False,False,False,,,
final_vaccine_049,Gold-MP,vaccine,True,True,True,True,True,False,False,False,False,False,,,
final_vaccine_050,Gold-MP,vaccine,True,True,True,True,True,False,False,False,False,False,,,
final_vaccine_051,Gold-MP,vaccine,True,True,True,True,True,False,False,False,False,False,,,
final_vaccine_052,Gold-MP,vaccine,True,True,True,True,True,False,False,False,False,False,,,
final_vaccine_053,Gold-MP,vaccine,True,True,True,True,True,False,False,False,False,False,,,
final_vaccine_054,Gold-MP,vaccine,True,True,True,True,True,False,False,False,False,False,,,
final_vaccine_055,Gold-MP,vaccine,True,True,True,True,True,False,False,False,False,False,,,
final_vaccine_056,Gold-MP,vaccine,True,True,True,True,True,False,False,False,False,False,,,
final_vaccine_057,Gold-MP,vaccine,True,True,True,True,True,False,False,False,False,False,,,
final_vaccine_058,Gold-MP,vaccine,True,True,True,True,True,False,False,False,False,False,,,
final_vaccine_059,Gold-MP,vaccine,True,True,True,True,True,False,False,False,False,False,,,
final_vaccine_060,Gold-MP,vaccine,True,True,True,True,True,False,False,False,False,False,,,
final_virtual_001,Gold-MP,virtual,True,True,True,True,True,False,False,False,False,False,,,
final_virtual_002,Gold-MP,virtual,True,True,True,True,True,False,False,False,False,False,,,
final_virtual_003,Gold-MP,virtual,True,True,True,True,True,False,False,False,False,False,,,
final_virtual_004,Gold-MP,virtual,True,True,True,True,True,False,False,False,False,False,,,
final_virtual_005,Gold-MP,virtual,True,True,True,True,True,False,False,False,False,False,,,
final_virtual_006,Gold-MP,virtual,True,True,True,True,True,False,False,False,False,False,,,
final_virtual_007,Gold-MP,virtual,True,True,True,True,True,False,False,False,False,False,,,
final_virtual_008,Gold-MP,virtual,True,True,True,True,True,False,False,False,False,False,,,
final_virtual_009,Gold-MP,virtual,True,True,True,True,True,False,False,False,False,False,,,
final_virtual_010,Gold-MP,virtual,True,True,True,True,True,False,False,False,False,False,,,
final_virtual_011,Gold-MP,virtual,True,True,True,True,True,False,False,False,False,False,,,
final_virtual_012,Gold-MP,virtual,True,True,True,True,True,False,False,False,False,False,,,
final_virtual_013,Gold-MP,virtual,True,True,True,True,True,False,False,False,False,False,,,
final_virtual_014,Gold-MP,virtual,True,True,True,True,True,False,False,False,False,False,,,
final_virtual_015,Gold-MP,virtual,True,True,True,True,True,False,False,False,False,False,,,
final_virtual_016,Gold-MP,virtual,True,True,True,True,True,False,False,False,False,False,,,
final_virtual_017,Gold-MP,virtual,True,True,True,True,True,False,False,False,False,False,,,
final_virtual_018,Gold-MP,virtual,True,True,True,True,True,False,False,False,False,False,,,
final_virtual_019,Gold-MP,virtual,True,True,True,True,True,False,False,False,False,False,,,
final_virtual_020,Gold-MP,virtual,True,True,True,True,True,False,False,False,False,False,,,
final_virtual_021,Gold-MP,virtual,True,True,True,True,True,False,False,False,False,False,,,
final_virtual_022,Gold-MP,virtual,True,True,True,True,True,False,False,False,False,False,,,
final_virtual_023,Gold-MP,virtual,True,True,True,True,True,False,False,False,False,False,,,
final_virtual_024,Gold-MP,virtual,True,True,True,True,True,False,False,False,False,False,,,
final_virtual_025,Gold-MP,virtual,True,True,True,True,True,False,False,False,False,False,,,
final_virtual_026,Gold-MP,virtual,True,True,True,True,True,False,False,False,False,False,,,
final_virtual_027,Gold-MP,virtual,True,True,True,True,True,False,False,False,False,False,,,
final_virtual_028,Gold-MP,virtual,True,True,True,True,True,False,False,False,False,False,,,
final_virtual_029,Gold-MP,virtual,True,True,True,True,True,False,False,False,False,False,,,
final_virtual_030,Gold-MP,virtual,True,True,True,True,True,False,False,False,False,False,,,
final_virtual_031,Gold-MP,virtual,True,True,True,True,True,False,False,False,False,False,,,
final_virtual_032,Gold-MP,virtual,True,True,True,True,True,False,False,False,False,False,,,
final_virtual_033,Gold-MP,virtual,True,True,True,True,True,False,False,False,False,False,,,
final_virtual_034,Gold-MP,virtual,True,True,True,True,True,False,False,False,False,False,,,
final_virtual_035,Gold-MP,virtual,True,True,True,True,True,False,False,False,False,False,,,
final_virtual_036,Gold-MP,virtual,True,True,True,True,True,False,False,False,False,False,,,
final_virtual_037,Gold-MP,virtual,True,True,True,True,True,False,False,False,False,False,,,
final_virtual_038,Gold-MP,virtual,True,True,True,True,True,False,False,False,False,False,,,
final_virtual_039,Gold-MP,virtual,True,True,True,True,True,False,False,False,False,False,,,
final_virtual_040,Gold-MP,virtual,True,True,True,True,True,False,False,False,False,False,,,
final_virtual_041,Gold-MP,virtual,True,True,True,True,True,False,False,False,False,False,,,
final_virtual_042,Gold-MP,virtual,True,True,True,True,True,False,False,False,False,False,,,
final_virtual_043,Gold-MP,virtual,True,True,True,True,True,False,False,False,False,False,,,
final_virtual_044,Gold-MP,virtual,True,True,True,True,True,False,False,False,False,False,,,
final_virtual_045,Gold-MP,virtual,True,True,True,True,True,False,False,False,False,False,,,
final_virtual_046,Gold-MP,virtual,True,True,True,True,True,False,False,False,False,False,,,
final_virtual_047,Gold-MP,virtual,True,True,True,True,True,False,False,False,False,False,,,
final_virtual_048,Gold-MP,virtual,True,True,True,True,True,False,False,False,False,False,,,
final_virtual_049,Gold-MP,virtual,True,True,True,True,True,False,False,False,False,False,,,
final_virtual_050,Gold-MP,virtual,True,True,True,True,True,False,False,False,False,False,,,
final_virtual_051,Gold-MP,virtual,True,True,True,True,True,False,False,False,False,False,,,
final_virtual_052,Gold-MP,virtual,True,True,True,True,True,False,False,False,False,False,,,
final_virtual_053,Gold-MP,virtual,True,True,True,True,True,False,False,False,False,False,,,
final_virtual_054,Gold-MP,virtual,True,True,True,True,True,False,False,False,False,False,,,
final_virtual_055,Gold-MP,virtual,True,True,True,True,True,False,False,False,False,False,,,
final_virtual_056,Gold-MP,virtual,True,True,True,True,True,False,False,False,False,False,,,
final_virtual_057,Gold-MP,virtual,True,True,True,True,True,False,False,False,False,False,,,
final_virtual_058,Gold-MP,virtual,True,True,True,True,True,False,False,False,False,False,,,
final_virtual_059,Gold-MP,virtual,True,True,True,True,True,False,False,False,False,False,,,
final_virtual_060,Gold-MP,virtual,True,True,True,True,True,False,False,False,False,False,,,
