sample_id,db_id,input_type,V0_prompt_sha256,V1_prompt_sha256,V2_prompt_sha256,V3_prompt_sha256,V4_prompt_sha256,V5_prompt_sha256,V6_prompt_sha256,V7_prompt_sha256,V8_prompt_sha256,FULL_prompt_sha256,NO_C_prompt_sha256,D_ONLY_prompt_sha256,D_G1_prompt_sha256,V0_eq_V1,V1_eq_V2,V2_eq_V3,V3_eq_V4,V4_eq_V5,V5_eq_V6,V6_eq_V7,V7_eq_V8,V0_to_V3_all_equal,V4_to_V8_all_equal,all_candidates_equal_V4
final_archeology_001,archeology,free_text,63baeb39426170e80bfaf7dd087cb3ed40acf1cce4d3949040a45944d49b3a18,63baeb39426170e80bfaf7dd087cb3ed40acf1cce4d3949040a45944d49b3a18,63baeb39426170e80bfaf7dd087cb3ed40acf1cce4d3949040a45944d49b3a18,63baeb39426170e80bfaf7dd087cb3ed40acf1cce4d3949040a45944d49b3a18,63baeb39426170e80bfaf7dd087cb3ed40acf1cce4d3949040a45944d49b3a18,63baeb39426170e80bfaf7dd087cb3ed40acf1cce4d3949040a45944d49b3a18,63baeb39426170e80bfaf7dd087cb3ed40acf1cce4d3949040a45944d49b3a18,63baeb39426170e80bfaf7dd087cb3ed40acf1cce4d3949040a45944d49b3a18,63baeb39426170e80bfaf7dd087cb3ed40acf1cce4d3949040a45944d49b3a18,63baeb39426170e80bfaf7dd087cb3ed40acf1cce4d3949040a45944d49b3a18,63baeb39426170e80bfaf7dd087cb3ed40acf1cce4d3949040a45944d49b3a18,63baeb39426170e80bfaf7dd087cb3ed40acf1cce4d3949040a45944d49b3a18,63baeb39426170e80bfaf7dd087cb3ed40acf1cce4d3949040a45944d49b3a18,1,1,1,1,1,1,1,1,1,1,1
final_archeology_002,archeology,free_text,f340f0bd757769a3ca1af69657ed141ca1d64d3884bdba8bfc87377108ddeb76,f340f0bd757769a3ca1af69657ed141ca1d64d3884bdba8bfc87377108ddeb76,f340f0bd757769a3ca1af69657ed141ca1d64d3884bdba8bfc87377108ddeb76,f340f0bd757769a3ca1af69657ed141ca1d64d3884bdba8bfc87377108ddeb76,f340f0bd757769a3ca1af69657ed141ca1d64d3884bdba8bfc87377108ddeb76,f340f0bd757769a3ca1af69657ed141ca1d64d3884bdba8bfc87377108ddeb76,f340f0bd757769a3ca1af69657ed141ca1d64d3884bdba8bfc87377108ddeb76,f340f0bd757769a3ca1af69657ed141ca1d64d3884bdba8bfc87377108ddeb76,f340f0bd757769a3ca1af69657ed141ca1d64d3884bdba8bfc87377108ddeb76,f340f0bd757769a3ca1af69657ed141ca1d64d3884bdba8bfc87377108ddeb76,f340f0bd757769a3ca1af69657ed141ca1d64d3884bdba8bfc87377108ddeb76,f340f0bd757769a3ca1af69657ed141ca1d64d3884bdba8bfc87377108ddeb76,f340f0bd757769a3ca1af69657ed141ca1d64d3884bdba8bfc87377108ddeb76,1,1,1,1,1,1,1,1,1,1,1
final_archeology_003,archeology,free_text,7235bf64186e9d605548aec5ccfc3d31c9e06d05b436a7a373a6c5614c655a69,7235bf64186e9d605548aec5ccfc3d31c9e06d05b436a7a373a6c5614c655a69,7235bf64186e9d605548aec5ccfc3d31c9e06d05b436a7a373a6c5614c655a69,7235bf64186e9d605548aec5ccfc3d31c9e06d05b436a7a373a6c5614c655a69,7235bf64186e9d605548aec5ccfc3d31c9e06d05b436a7a373a6c5614c655a69,7235bf64186e9d605548aec5ccfc3d31c9e06d05b436a7a373a6c5614c655a69,7235bf64186e9d605548aec5ccfc3d31c9e06d05b436a7a373a6c5614c655a69,7235bf64186e9d605548aec5ccfc3d31c9e06d05b436a7a373a6c5614c655a69,7235bf64186e9d605548aec5ccfc3d31c9e06d05b436a7a373a6c5614c655a69,7235bf64186e9d605548aec5ccfc3d31c9e06d05b436a7a373a6c5614c655a69,7235bf64186e9d605548aec5ccfc3d31c9e06d05b436a7a373a6c5614c655a69,7235bf64186e9d605548aec5ccfc3d31c9e06d05b436a7a373a6c5614c655a69,7235bf64186e9d605548aec5ccfc3d31c9e06d05b436a7a373a6c5614c655a69,1,1,1,1,1,1,1,1,1,1,1
final_archeology_004,archeology,semi_structured,12b59b45574ef3d1189830b703de0adaa66d3c71d1ddea27c2e6c2cfcb577dde,12b59b45574ef3d1189830b703de0adaa66d3c71d1ddea27c2e6c2cfcb577dde,12b59b45574ef3d1189830b703de0adaa66d3c71d1ddea27c2e6c2cfcb577dde,12b59b45574ef3d1189830b703de0adaa66d3c71d1ddea27c2e6c2cfcb577dde,12b59b45574ef3d1189830b703de0adaa66d3c71d1ddea27c2e6c2cfcb577dde,12b59b45574ef3d1189830b703de0adaa66d3c71d1ddea27c2e6c2cfcb577dde,12b59b45574ef3d1189830b703de0adaa66d3c71d1ddea27c2e6c2cfcb577dde,12b59b45574ef3d1189830b703de0adaa66d3c71d1ddea27c2e6c2cfcb577dde,12b59b45574ef3d1189830b703de0adaa66d3c71d1ddea27c2e6c2cfcb577dde,12b59b45574ef3d1189830b703de0adaa66d3c71d1ddea27c2e6c2cfcb577dde,12b59b45574ef3d1189830b703de0adaa66d3c71d1ddea27c2e6c2cfcb577dde,12b59b45574ef3d1189830b703de0adaa66d3c71d1ddea27c2e6c2cfcb577dde,12b59b45574ef3d1189830b703de0adaa66d3c71d1ddea27c2e6c2cfcb577dde,1,1,1,1,1,1,1,1,1,1,1
final_archeology_005,archeology,semi_structured,cd461765844817d306d8f38330497c54139c4ab19c5a33061a39148af95c6ddc,cd461765844817d306d8f38330497c54139c4ab19c5a33061a39148af95c6ddc,cd461765844817d306d8f38330497c54139c4ab19c5a33061a39148af95c6ddc,cd461765844817d306d8f38330497c54139c4ab19c5a33061a39148af95c6ddc,cd461765844817d306d8f38330497c54139c4ab19c5a33061a39148af95c6ddc,cd461765844817d306d8f38330497c54139c4ab19c5a33061a39148af95c6ddc,cd461765844817d306d8f38330497c54139c4ab19c5a33061a39148af95c6ddc,cd461765844817d306d8f38330497c54139c4ab19c5a33061a39148af95c6ddc,cd461765844817d306d8f38330497c54139c4ab19c5a33061a39148af95c6ddc,cd461765844817d306d8f38330497c54139c4ab19c5a33061a39148af95c6ddc,cd461765844817d306d8f38330497c54139c4ab19c5a33061a39148af95c6ddc,cd461765844817d306d8f38330497c54139c4ab19c5a33061a39148af95c6ddc,cd461765844817d306d8f38330497c54139c4ab19c5a33061a39148af95c6ddc,1,1,1,1,1,1,1,1,1,1,1
final_archeology_006,archeology,semi_structured,52f681cb25b6a71aaece506ed4243f5e124af7d5dedfd14c794fa1ccc74be173,52f681cb25b6a71aaece506ed4243f5e124af7d5dedfd14c794fa1ccc74be173,52f681cb25b6a71aaece506ed4243f5e124af7d5dedfd14c794fa1ccc74be173,52f681cb25b6a71aaece506ed4243f5e124af7d5dedfd14c794fa1ccc74be173,52f681cb25b6a71aaece506ed4243f5e124af7d5dedfd14c794fa1ccc74be173,52f681cb25b6a71aaece506ed4243f5e124af7d5dedfd14c794fa1ccc74be173,52f681cb25b6a71aaece506ed4243f5e124af7d5dedfd14c794fa1ccc74be173,52f681cb25b6a71aaece506ed4243f5e124af7d5dedfd14c794fa1ccc74be173,52f681cb25b6a71aaece506ed4243f5e124af7d5dedfd14c794fa1ccc74be173,52f681cb25b6a71aaece506ed4243f5e124af7d5dedfd14c794fa1ccc74be173,52f681cb25b6a71aaece506ed4243f5e124af7d5dedfd14c794fa1ccc74be173,52f681cb25b6a71aaece506ed4243f5e124af7d5dedfd14c794fa1ccc74be173,52f681cb25b6a71aaece506ed4243f5e124af7d5dedfd14c794fa1ccc74be173,1,1,1,1,1,1,1,1,1,1,1
final_archeology_007,archeology,semi_structured,6ec2a5ab35ec1c9f9c62d062624f731a630c045633ba506349e739887f948a57,6ec2a5ab35ec1c9f9c62d062624f731a630c045633ba506349e739887f948a57,6ec2a5ab35ec1c9f9c62d062624f731a630c045633ba506349e739887f948a57,6ec2a5ab35ec1c9f9c62d062624f731a630c045633ba506349e739887f948a57,6ec2a5ab35ec1c9f9c62d062624f731a630c045633ba506349e739887f948a57,6ec2a5ab35ec1c9f9c62d062624f731a630c045633ba506349e739887f948a57,6ec2a5ab35ec1c9f9c62d062624f731a630c045633ba506349e739887f948a57,6ec2a5ab35ec1c9f9c62d062624f731a630c045633ba506349e739887f948a57,6ec2a5ab35ec1c9f9c62d062624f731a630c045633ba506349e739887f948a57,6ec2a5ab35ec1c9f9c62d062624f731a630c045633ba506349e739887f948a57,6ec2a5ab35ec1c9f9c62d062624f731a630c045633ba506349e739887f948a57,6ec2a5ab35ec1c9f9c62d062624f731a630c045633ba506349e739887f948a57,6ec2a5ab35ec1c9f9c62d062624f731a630c045633ba506349e739887f948a57,1,1,1,1,1,1,1,1,1,1,1
final_archeology_008,archeology,semi_structured,92a6aa8ae73660a5e40bb9fb543124754fcde910cb183bc1eae43df7e07ce60d,92a6aa8ae73660a5e40bb9fb543124754fcde910cb183bc1eae43df7e07ce60d,92a6aa8ae73660a5e40bb9fb543124754fcde910cb183bc1eae43df7e07ce60d,92a6aa8ae73660a5e40bb9fb543124754fcde910cb183bc1eae43df7e07ce60d,92a6aa8ae73660a5e40bb9fb543124754fcde910cb183bc1eae43df7e07ce60d,92a6aa8ae73660a5e40bb9fb543124754fcde910cb183bc1eae43df7e07ce60d,92a6aa8ae73660a5e40bb9fb543124754fcde910cb183bc1eae43df7e07ce60d,92a6aa8ae73660a5e40bb9fb543124754fcde910cb183bc1eae43df7e07ce60d,92a6aa8ae73660a5e40bb9fb543124754fcde910cb183bc1eae43df7e07ce60d,92a6aa8ae73660a5e40bb9fb543124754fcde910cb183bc1eae43df7e07ce60d,92a6aa8ae73660a5e40bb9fb543124754fcde910cb183bc1eae43df7e07ce60d,92a6aa8ae73660a5e40bb9fb543124754fcde910cb183bc1eae43df7e07ce60d,92a6aa8ae73660a5e40bb9fb543124754fcde910cb183bc1eae43df7e07ce60d,1,1,1,1,1,1,1,1,1,1,1
final_archeology_009,archeology,semi_structured,f42ca6af6cc06e47bb9812615b9072a9cbc69749cf7320053dc8532995c59849,f42ca6af6cc06e47bb9812615b9072a9cbc69749cf7320053dc8532995c59849,f42ca6af6cc06e47bb9812615b9072a9cbc69749cf7320053dc8532995c59849,f42ca6af6cc06e47bb9812615b9072a9cbc69749cf7320053dc8532995c59849,f42ca6af6cc06e47bb9812615b9072a9cbc69749cf7320053dc8532995c59849,f42ca6af6cc06e47bb9812615b9072a9cbc69749cf7320053dc8532995c59849,f42ca6af6cc06e47bb9812615b9072a9cbc69749cf7320053dc8532995c59849,f42ca6af6cc06e47bb9812615b9072a9cbc69749cf7320053dc8532995c59849,f42ca6af6cc06e47bb9812615b9072a9cbc69749cf7320053dc8532995c59849,f42ca6af6cc06e47bb9812615b9072a9cbc69749cf7320053dc8532995c59849,f42ca6af6cc06e47bb9812615b9072a9cbc69749cf7320053dc8532995c59849,f42ca6af6cc06e47bb9812615b9072a9cbc69749cf7320053dc8532995c59849,f42ca6af6cc06e47bb9812615b9072a9cbc69749cf7320053dc8532995c59849,1,1,1,1,1,1,1,1,1,1,1
final_archeology_010,archeology,semi_structured,16866fb78eb725db28e13b55f11834545c89f16328f72ac1ed548327e790d8a1,16866fb78eb725db28e13b55f11834545c89f16328f72ac1ed548327e790d8a1,16866fb78eb725db28e13b55f11834545c89f16328f72ac1ed548327e790d8a1,16866fb78eb725db28e13b55f11834545c89f16328f72ac1ed548327e790d8a1,16866fb78eb725db28e13b55f11834545c89f16328f72ac1ed548327e790d8a1,16866fb78eb725db28e13b55f11834545c89f16328f72ac1ed548327e790d8a1,16866fb78eb725db28e13b55f11834545c89f16328f72ac1ed548327e790d8a1,16866fb78eb725db28e13b55f11834545c89f16328f72ac1ed548327e790d8a1,16866fb78eb725db28e13b55f11834545c89f16328f72ac1ed548327e790d8a1,16866fb78eb725db28e13b55f11834545c89f16328f72ac1ed548327e790d8a1,16866fb78eb725db28e13b55f11834545c89f16328f72ac1ed548327e790d8a1,16866fb78eb725db28e13b55f11834545c89f16328f72ac1ed548327e790d8a1,16866fb78eb725db28e13b55f11834545c89f16328f72ac1ed548327e790d8a1,1,1,1,1,1,1,1,1,1,1,1
final_archeology_011,archeology,semi_structured,6acdff79ced4779dbb894c5de165d127438720a64c46822f35ff5101fd3e5836,6acdff79ced4779dbb894c5de165d127438720a64c46822f35ff5101fd3e5836,6acdff79ced4779dbb894c5de165d127438720a64c46822f35ff5101fd3e5836,6acdff79ced4779dbb894c5de165d127438720a64c46822f35ff5101fd3e5836,bce0711a256244e17943781c03d90e1b7038f8d3b27aef65513e10540d0f0ccc,bce0711a256244e17943781c03d90e1b7038f8d3b27aef65513e10540d0f0ccc,bce0711a256244e17943781c03d90e1b7038f8d3b27aef65513e10540d0f0ccc,bce0711a256244e17943781c03d90e1b7038f8d3b27aef65513e10540d0f0ccc,bce0711a256244e17943781c03d90e1b7038f8d3b27aef65513e10540d0f0ccc,bce0711a256244e17943781c03d90e1b7038f8d3b27aef65513e10540d0f0ccc,bce0711a256244e17943781c03d90e1b7038f8d3b27aef65513e10540d0f0ccc,bce0711a256244e17943781c03d90e1b7038f8d3b27aef65513e10540d0f0ccc,bce0711a256244e17943781c03d90e1b7038f8d3b27aef65513e10540d0f0ccc,1,1,1,0,1,1,1,1,1,1,1
final_archeology_012,archeology,semi_structured,1705822a8cddb273cae667014cc7f1143e0cf504021840f5934ba8a84055c4fd,1705822a8cddb273cae667014cc7f1143e0cf504021840f5934ba8a84055c4fd,1705822a8cddb273cae667014cc7f1143e0cf504021840f5934ba8a84055c4fd,1705822a8cddb273cae667014cc7f1143e0cf504021840f5934ba8a84055c4fd,d4bd787233814038ac194c5f8773b8a90709ab1e5bf64e3953da80396425fb97,d4bd787233814038ac194c5f8773b8a90709ab1e5bf64e3953da80396425fb97,d4bd787233814038ac194c5f8773b8a90709ab1e5bf64e3953da80396425fb97,d4bd787233814038ac194c5f8773b8a90709ab1e5bf64e3953da80396425fb97,d4bd787233814038ac194c5f8773b8a90709ab1e5bf64e3953da80396425fb97,d4bd787233814038ac194c5f8773b8a90709ab1e5bf64e3953da80396425fb97,d4bd787233814038ac194c5f8773b8a90709ab1e5bf64e3953da80396425fb97,d4bd787233814038ac194c5f8773b8a90709ab1e5bf64e3953da80396425fb97,d4bd787233814038ac194c5f8773b8a90709ab1e5bf64e3953da80396425fb97,1,1,1,0,1,1,1,1,1,1,1
final_archeology_013,archeology,semi_structured,8c67b35924d7a72cd5c73a11b962663cae3fece67cc2328445f771f194ef86c2,8c67b35924d7a72cd5c73a11b962663cae3fece67cc2328445f771f194ef86c2,8c67b35924d7a72cd5c73a11b962663cae3fece67cc2328445f771f194ef86c2,8c67b35924d7a72cd5c73a11b962663cae3fece67cc2328445f771f194ef86c2,8c67b35924d7a72cd5c73a11b962663cae3fece67cc2328445f771f194ef86c2,8c67b35924d7a72cd5c73a11b962663cae3fece67cc2328445f771f194ef86c2,8c67b35924d7a72cd5c73a11b962663cae3fece67cc2328445f771f194ef86c2,8c67b35924d7a72cd5c73a11b962663cae3fece67cc2328445f771f194ef86c2,8c67b35924d7a72cd5c73a11b962663cae3fece67cc2328445f771f194ef86c2,8c67b35924d7a72cd5c73a11b962663cae3fece67cc2328445f771f194ef86c2,8c67b35924d7a72cd5c73a11b962663cae3fece67cc2328445f771f194ef86c2,8c67b35924d7a72cd5c73a11b962663cae3fece67cc2328445f771f194ef86c2,8c67b35924d7a72cd5c73a11b962663cae3fece67cc2328445f771f194ef86c2,1,1,1,1,1,1,1,1,1,1,1
final_archeology_014,archeology,semi_structured,fb9e5063a00d62c6e3051f34a638aca384e36e82ae2e48f968634dcc43117c23,fb9e5063a00d62c6e3051f34a638aca384e36e82ae2e48f968634dcc43117c23,fb9e5063a00d62c6e3051f34a638aca384e36e82ae2e48f968634dcc43117c23,fb9e5063a00d62c6e3051f34a638aca384e36e82ae2e48f968634dcc43117c23,fb9e5063a00d62c6e3051f34a638aca384e36e82ae2e48f968634dcc43117c23,fb9e5063a00d62c6e3051f34a638aca384e36e82ae2e48f968634dcc43117c23,fb9e5063a00d62c6e3051f34a638aca384e36e82ae2e48f968634dcc43117c23,fb9e5063a00d62c6e3051f34a638aca384e36e82ae2e48f968634dcc43117c23,fb9e5063a00d62c6e3051f34a638aca384e36e82ae2e48f968634dcc43117c23,fb9e5063a00d62c6e3051f34a638aca384e36e82ae2e48f968634dcc43117c23,fb9e5063a00d62c6e3051f34a638aca384e36e82ae2e48f968634dcc43117c23,fb9e5063a00d62c6e3051f34a638aca384e36e82ae2e48f968634dcc43117c23,fb9e5063a00d62c6e3051f34a638aca384e36e82ae2e48f968634dcc43117c23,1,1,1,1,1,1,1,1,1,1,1
final_archeology_015,archeology,semi_structured,d9f7288460c158825042a22801e144fbdbe39954c35503a85fa47905d5b63b89,d9f7288460c158825042a22801e144fbdbe39954c35503a85fa47905d5b63b89,d9f7288460c158825042a22801e144fbdbe39954c35503a85fa47905d5b63b89,d9f7288460c158825042a22801e144fbdbe39954c35503a85fa47905d5b63b89,d9f7288460c158825042a22801e144fbdbe39954c35503a85fa47905d5b63b89,d9f7288460c158825042a22801e144fbdbe39954c35503a85fa47905d5b63b89,d9f7288460c158825042a22801e144fbdbe39954c35503a85fa47905d5b63b89,d9f7288460c158825042a22801e144fbdbe39954c35503a85fa47905d5b63b89,d9f7288460c158825042a22801e144fbdbe39954c35503a85fa47905d5b63b89,d9f7288460c158825042a22801e144fbdbe39954c35503a85fa47905d5b63b89,d9f7288460c158825042a22801e144fbdbe39954c35503a85fa47905d5b63b89,d9f7288460c158825042a22801e144fbdbe39954c35503a85fa47905d5b63b89,d9f7288460c158825042a22801e144fbdbe39954c35503a85fa47905d5b63b89,1,1,1,1,1,1,1,1,1,1,1
final_archeology_016,archeology,free_text,a931c66308d1064836d0aaea85b6489658a0d913d47a52a0b908996c9773a8d5,a931c66308d1064836d0aaea85b6489658a0d913d47a52a0b908996c9773a8d5,a931c66308d1064836d0aaea85b6489658a0d913d47a52a0b908996c9773a8d5,a931c66308d1064836d0aaea85b6489658a0d913d47a52a0b908996c9773a8d5,a931c66308d1064836d0aaea85b6489658a0d913d47a52a0b908996c9773a8d5,a931c66308d1064836d0aaea85b6489658a0d913d47a52a0b908996c9773a8d5,a931c66308d1064836d0aaea85b6489658a0d913d47a52a0b908996c9773a8d5,a931c66308d1064836d0aaea85b6489658a0d913d47a52a0b908996c9773a8d5,a931c66308d1064836d0aaea85b6489658a0d913d47a52a0b908996c9773a8d5,a931c66308d1064836d0aaea85b6489658a0d913d47a52a0b908996c9773a8d5,a931c66308d1064836d0aaea85b6489658a0d913d47a52a0b908996c9773a8d5,a931c66308d1064836d0aaea85b6489658a0d913d47a52a0b908996c9773a8d5,a931c66308d1064836d0aaea85b6489658a0d913d47a52a0b908996c9773a8d5,1,1,1,1,1,1,1,1,1,1,1
final_archeology_017,archeology,free_text,02c418c73c4ea6a5b704e1781a7a4a57b0f6b159e5b1a1dd7199559dffb0c577,02c418c73c4ea6a5b704e1781a7a4a57b0f6b159e5b1a1dd7199559dffb0c577,02c418c73c4ea6a5b704e1781a7a4a57b0f6b159e5b1a1dd7199559dffb0c577,02c418c73c4ea6a5b704e1781a7a4a57b0f6b159e5b1a1dd7199559dffb0c577,02c418c73c4ea6a5b704e1781a7a4a57b0f6b159e5b1a1dd7199559dffb0c577,02c418c73c4ea6a5b704e1781a7a4a57b0f6b159e5b1a1dd7199559dffb0c577,02c418c73c4ea6a5b704e1781a7a4a57b0f6b159e5b1a1dd7199559dffb0c577,02c418c73c4ea6a5b704e1781a7a4a57b0f6b159e5b1a1dd7199559dffb0c577,02c418c73c4ea6a5b704e1781a7a4a57b0f6b159e5b1a1dd7199559dffb0c577,02c418c73c4ea6a5b704e1781a7a4a57b0f6b159e5b1a1dd7199559dffb0c577,02c418c73c4ea6a5b704e1781a7a4a57b0f6b159e5b1a1dd7199559dffb0c577,02c418c73c4ea6a5b704e1781a7a4a57b0f6b159e5b1a1dd7199559dffb0c577,02c418c73c4ea6a5b704e1781a7a4a57b0f6b159e5b1a1dd7199559dffb0c577,1,1,1,1,1,1,1,1,1,1,1
final_archeology_018,archeology,free_text,42d7a7fd9e0d5fbe0047801b9ee3bec385560319e6082fefe062e561fe925efd,42d7a7fd9e0d5fbe0047801b9ee3bec385560319e6082fefe062e561fe925efd,42d7a7fd9e0d5fbe0047801b9ee3bec385560319e6082fefe062e561fe925efd,42d7a7fd9e0d5fbe0047801b9ee3bec385560319e6082fefe062e561fe925efd,42d7a7fd9e0d5fbe0047801b9ee3bec385560319e6082fefe062e561fe925efd,42d7a7fd9e0d5fbe0047801b9ee3bec385560319e6082fefe062e561fe925efd,42d7a7fd9e0d5fbe0047801b9ee3bec385560319e6082fefe062e561fe925efd,42d7a7fd9e0d5fbe0047801b9ee3bec385560319e6082fefe062e561fe925efd,42d7a7fd9e0d5fbe0047801b9ee3bec385560319e6082fefe062e561fe925efd,42d7a7fd9e0d5fbe0047801b9ee3bec385560319e6082fefe062e561fe925efd,42d7a7fd9e0d5fbe0047801b9ee3bec385560319e6082fefe062e561fe925efd,42d7a7fd9e0d5fbe0047801b9ee3bec385560319e6082fefe062e561fe925efd,42d7a7fd9e0d5fbe0047801b9ee3bec385560319e6082fefe062e561fe925efd,1,1,1,1,1,1,1,1,1,1,1
final_archeology_019,archeology,semi_structured,15ebf1718d5d2f68fd82f083d94774bf6b286e17455060e344c53e9c380d642d,15ebf1718d5d2f68fd82f083d94774bf6b286e17455060e344c53e9c380d642d,15ebf1718d5d2f68fd82f083d94774bf6b286e17455060e344c53e9c380d642d,15ebf1718d5d2f68fd82f083d94774bf6b286e17455060e344c53e9c380d642d,15ebf1718d5d2f68fd82f083d94774bf6b286e17455060e344c53e9c380d642d,15ebf1718d5d2f68fd82f083d94774bf6b286e17455060e344c53e9c380d642d,15ebf1718d5d2f68fd82f083d94774bf6b286e17455060e344c53e9c380d642d,15ebf1718d5d2f68fd82f083d94774bf6b286e17455060e344c53e9c380d642d,15ebf1718d5d2f68fd82f083d94774bf6b286e17455060e344c53e9c380d642d,15ebf1718d5d2f68fd82f083d94774bf6b286e17455060e344c53e9c380d642d,15ebf1718d5d2f68fd82f083d94774bf6b286e17455060e344c53e9c380d642d,15ebf1718d5d2f68fd82f083d94774bf6b286e17455060e344c53e9c380d642d,15ebf1718d5d2f68fd82f083d94774bf6b286e17455060e344c53e9c380d642d,1,1,1,1,1,1,1,1,1,1,1
final_archeology_020,archeology,semi_structured,735847335b92eb6bc1caf238eb1f4eec71bbb1001277b5dcc43a1b638c4fe19d,735847335b92eb6bc1caf238eb1f4eec71bbb1001277b5dcc43a1b638c4fe19d,735847335b92eb6bc1caf238eb1f4eec71bbb1001277b5dcc43a1b638c4fe19d,735847335b92eb6bc1caf238eb1f4eec71bbb1001277b5dcc43a1b638c4fe19d,735847335b92eb6bc1caf238eb1f4eec71bbb1001277b5dcc43a1b638c4fe19d,735847335b92eb6bc1caf238eb1f4eec71bbb1001277b5dcc43a1b638c4fe19d,735847335b92eb6bc1caf238eb1f4eec71bbb1001277b5dcc43a1b638c4fe19d,735847335b92eb6bc1caf238eb1f4eec71bbb1001277b5dcc43a1b638c4fe19d,735847335b92eb6bc1caf238eb1f4eec71bbb1001277b5dcc43a1b638c4fe19d,735847335b92eb6bc1caf238eb1f4eec71bbb1001277b5dcc43a1b638c4fe19d,735847335b92eb6bc1caf238eb1f4eec71bbb1001277b5dcc43a1b638c4fe19d,735847335b92eb6bc1caf238eb1f4eec71bbb1001277b5dcc43a1b638c4fe19d,735847335b92eb6bc1caf238eb1f4eec71bbb1001277b5dcc43a1b638c4fe19d,1,1,1,1,1,1,1,1,1,1,1
final_archeology_021,archeology,semi_structured,c773268a1bcab7b0656be5fdaeae791c2145433ff2601d2316a27d5ad9f293ab,c773268a1bcab7b0656be5fdaeae791c2145433ff2601d2316a27d5ad9f293ab,c773268a1bcab7b0656be5fdaeae791c2145433ff2601d2316a27d5ad9f293ab,c773268a1bcab7b0656be5fdaeae791c2145433ff2601d2316a27d5ad9f293ab,c773268a1bcab7b0656be5fdaeae791c2145433ff2601d2316a27d5ad9f293ab,c773268a1bcab7b0656be5fdaeae791c2145433ff2601d2316a27d5ad9f293ab,c773268a1bcab7b0656be5fdaeae791c2145433ff2601d2316a27d5ad9f293ab,c773268a1bcab7b0656be5fdaeae791c2145433ff2601d2316a27d5ad9f293ab,c773268a1bcab7b0656be5fdaeae791c2145433ff2601d2316a27d5ad9f293ab,c773268a1bcab7b0656be5fdaeae791c2145433ff2601d2316a27d5ad9f293ab,c773268a1bcab7b0656be5fdaeae791c2145433ff2601d2316a27d5ad9f293ab,c773268a1bcab7b0656be5fdaeae791c2145433ff2601d2316a27d5ad9f293ab,c773268a1bcab7b0656be5fdaeae791c2145433ff2601d2316a27d5ad9f293ab,1,1,1,1,1,1,1,1,1,1,1
final_archeology_022,archeology,semi_structured,7549624221399d49dcea0cfa95a86da202af28a695ac59b05fe649d847545d31,7549624221399d49dcea0cfa95a86da202af28a695ac59b05fe649d847545d31,7549624221399d49dcea0cfa95a86da202af28a695ac59b05fe649d847545d31,7549624221399d49dcea0cfa95a86da202af28a695ac59b05fe649d847545d31,7549624221399d49dcea0cfa95a86da202af28a695ac59b05fe649d847545d31,7549624221399d49dcea0cfa95a86da202af28a695ac59b05fe649d847545d31,7549624221399d49dcea0cfa95a86da202af28a695ac59b05fe649d847545d31,7549624221399d49dcea0cfa95a86da202af28a695ac59b05fe649d847545d31,7549624221399d49dcea0cfa95a86da202af28a695ac59b05fe649d847545d31,7549624221399d49dcea0cfa95a86da202af28a695ac59b05fe649d847545d31,7549624221399d49dcea0cfa95a86da202af28a695ac59b05fe649d847545d31,7549624221399d49dcea0cfa95a86da202af28a695ac59b05fe649d847545d31,7549624221399d49dcea0cfa95a86da202af28a695ac59b05fe649d847545d31,1,1,1,1,1,1,1,1,1,1,1
final_archeology_023,archeology,semi_structured,ca9b65481659f281dab546ba8fd7e0c291f70eae5ba61374ecb7eab61fc3c90d,ca9b65481659f281dab546ba8fd7e0c291f70eae5ba61374ecb7eab61fc3c90d,ca9b65481659f281dab546ba8fd7e0c291f70eae5ba61374ecb7eab61fc3c90d,ca9b65481659f281dab546ba8fd7e0c291f70eae5ba61374ecb7eab61fc3c90d,ca9b65481659f281dab546ba8fd7e0c291f70eae5ba61374ecb7eab61fc3c90d,ca9b65481659f281dab546ba8fd7e0c291f70eae5ba61374ecb7eab61fc3c90d,ca9b65481659f281dab546ba8fd7e0c291f70eae5ba61374ecb7eab61fc3c90d,ca9b65481659f281dab546ba8fd7e0c291f70eae5ba61374ecb7eab61fc3c90d,ca9b65481659f281dab546ba8fd7e0c291f70eae5ba61374ecb7eab61fc3c90d,ca9b65481659f281dab546ba8fd7e0c291f70eae5ba61374ecb7eab61fc3c90d,ca9b65481659f281dab546ba8fd7e0c291f70eae5ba61374ecb7eab61fc3c90d,ca9b65481659f281dab546ba8fd7e0c291f70eae5ba61374ecb7eab61fc3c90d,ca9b65481659f281dab546ba8fd7e0c291f70eae5ba61374ecb7eab61fc3c90d,1,1,1,1,1,1,1,1,1,1,1
final_archeology_024,archeology,semi_structured,fb2da25edde48ceaed6636e894b26372b5591ffd81d86b06439e6a81667c607e,fb2da25edde48ceaed6636e894b26372b5591ffd81d86b06439e6a81667c607e,fb2da25edde48ceaed6636e894b26372b5591ffd81d86b06439e6a81667c607e,fb2da25edde48ceaed6636e894b26372b5591ffd81d86b06439e6a81667c607e,fb2da25edde48ceaed6636e894b26372b5591ffd81d86b06439e6a81667c607e,fb2da25edde48ceaed6636e894b26372b5591ffd81d86b06439e6a81667c607e,fb2da25edde48ceaed6636e894b26372b5591ffd81d86b06439e6a81667c607e,fb2da25edde48ceaed6636e894b26372b5591ffd81d86b06439e6a81667c607e,fb2da25edde48ceaed6636e894b26372b5591ffd81d86b06439e6a81667c607e,fb2da25edde48ceaed6636e894b26372b5591ffd81d86b06439e6a81667c607e,fb2da25edde48ceaed6636e894b26372b5591ffd81d86b06439e6a81667c607e,fb2da25edde48ceaed6636e894b26372b5591ffd81d86b06439e6a81667c607e,fb2da25edde48ceaed6636e894b26372b5591ffd81d86b06439e6a81667c607e,1,1,1,1,1,1,1,1,1,1,1
final_archeology_025,archeology,semi_structured,25f6f5ad59966385a07b72615090d0ec09c09f11f0e38b5cbf5ed9046174cd3c,25f6f5ad59966385a07b72615090d0ec09c09f11f0e38b5cbf5ed9046174cd3c,25f6f5ad59966385a07b72615090d0ec09c09f11f0e38b5cbf5ed9046174cd3c,25f6f5ad59966385a07b72615090d0ec09c09f11f0e38b5cbf5ed9046174cd3c,94421f3cc5b79b1320dbcb50ad73160ea0fe6807f788e5671a80d3264a79d5e1,94421f3cc5b79b1320dbcb50ad73160ea0fe6807f788e5671a80d3264a79d5e1,94421f3cc5b79b1320dbcb50ad73160ea0fe6807f788e5671a80d3264a79d5e1,94421f3cc5b79b1320dbcb50ad73160ea0fe6807f788e5671a80d3264a79d5e1,94421f3cc5b79b1320dbcb50ad73160ea0fe6807f788e5671a80d3264a79d5e1,94421f3cc5b79b1320dbcb50ad73160ea0fe6807f788e5671a80d3264a79d5e1,94421f3cc5b79b1320dbcb50ad73160ea0fe6807f788e5671a80d3264a79d5e1,94421f3cc5b79b1320dbcb50ad73160ea0fe6807f788e5671a80d3264a79d5e1,94421f3cc5b79b1320dbcb50ad73160ea0fe6807f788e5671a80d3264a79d5e1,1,1,1,0,1,1,1,1,1,1,1
final_archeology_026,archeology,semi_structured,ed88cc019cfcaf0ced5ab2630316dfa7fd78777e73f8c9ddb84c98afb10732a9,ed88cc019cfcaf0ced5ab2630316dfa7fd78777e73f8c9ddb84c98afb10732a9,ed88cc019cfcaf0ced5ab2630316dfa7fd78777e73f8c9ddb84c98afb10732a9,ed88cc019cfcaf0ced5ab2630316dfa7fd78777e73f8c9ddb84c98afb10732a9,1320be7ba8a7676fb083ab7ff959eaee5f0b741365f0ee5cd3373c6bde6abbfb,1320be7ba8a7676fb083ab7ff959eaee5f0b741365f0ee5cd3373c6bde6abbfb,1320be7ba8a7676fb083ab7ff959eaee5f0b741365f0ee5cd3373c6bde6abbfb,1320be7ba8a7676fb083ab7ff959eaee5f0b741365f0ee5cd3373c6bde6abbfb,1320be7ba8a7676fb083ab7ff959eaee5f0b741365f0ee5cd3373c6bde6abbfb,1320be7ba8a7676fb083ab7ff959eaee5f0b741365f0ee5cd3373c6bde6abbfb,1320be7ba8a7676fb083ab7ff959eaee5f0b741365f0ee5cd3373c6bde6abbfb,1320be7ba8a7676fb083ab7ff959eaee5f0b741365f0ee5cd3373c6bde6abbfb,1320be7ba8a7676fb083ab7ff959eaee5f0b741365f0ee5cd3373c6bde6abbfb,1,1,1,0,1,1,1,1,1,1,1
final_archeology_027,archeology,semi_structured,8e244287c66e8067b2c93f9166c2effb1418484c3d29963dba61c60214acad5a,8e244287c66e8067b2c93f9166c2effb1418484c3d29963dba61c60214acad5a,8e244287c66e8067b2c93f9166c2effb1418484c3d29963dba61c60214acad5a,8e244287c66e8067b2c93f9166c2effb1418484c3d29963dba61c60214acad5a,c83677352e98303f7e0c8d25569932813127cd303d9a859ea3b6d7d7a5894389,c83677352e98303f7e0c8d25569932813127cd303d9a859ea3b6d7d7a5894389,c83677352e98303f7e0c8d25569932813127cd303d9a859ea3b6d7d7a5894389,c83677352e98303f7e0c8d25569932813127cd303d9a859ea3b6d7d7a5894389,c83677352e98303f7e0c8d25569932813127cd303d9a859ea3b6d7d7a5894389,c83677352e98303f7e0c8d25569932813127cd303d9a859ea3b6d7d7a5894389,c83677352e98303f7e0c8d25569932813127cd303d9a859ea3b6d7d7a5894389,c83677352e98303f7e0c8d25569932813127cd303d9a859ea3b6d7d7a5894389,c83677352e98303f7e0c8d25569932813127cd303d9a859ea3b6d7d7a5894389,1,1,1,0,1,1,1,1,1,1,1
final_archeology_028,archeology,semi_structured,714854e4eae41b69415471b4a836f9742ed94be2e0664fc38b1785c8ff314331,714854e4eae41b69415471b4a836f9742ed94be2e0664fc38b1785c8ff314331,714854e4eae41b69415471b4a836f9742ed94be2e0664fc38b1785c8ff314331,714854e4eae41b69415471b4a836f9742ed94be2e0664fc38b1785c8ff314331,714854e4eae41b69415471b4a836f9742ed94be2e0664fc38b1785c8ff314331,714854e4eae41b69415471b4a836f9742ed94be2e0664fc38b1785c8ff314331,714854e4eae41b69415471b4a836f9742ed94be2e0664fc38b1785c8ff314331,714854e4eae41b69415471b4a836f9742ed94be2e0664fc38b1785c8ff314331,714854e4eae41b69415471b4a836f9742ed94be2e0664fc38b1785c8ff314331,714854e4eae41b69415471b4a836f9742ed94be2e0664fc38b1785c8ff314331,714854e4eae41b69415471b4a836f9742ed94be2e0664fc38b1785c8ff314331,714854e4eae41b69415471b4a836f9742ed94be2e0664fc38b1785c8ff314331,714854e4eae41b69415471b4a836f9742ed94be2e0664fc38b1785c8ff314331,1,1,1,1,1,1,1,1,1,1,1
final_archeology_029,archeology,semi_structured,3c9475323778aeab3b9c1d9e52c13dddb14277da44afea8bee910f4b250181eb,3c9475323778aeab3b9c1d9e52c13dddb14277da44afea8bee910f4b250181eb,3c9475323778aeab3b9c1d9e52c13dddb14277da44afea8bee910f4b250181eb,3c9475323778aeab3b9c1d9e52c13dddb14277da44afea8bee910f4b250181eb,3c9475323778aeab3b9c1d9e52c13dddb14277da44afea8bee910f4b250181eb,3c9475323778aeab3b9c1d9e52c13dddb14277da44afea8bee910f4b250181eb,3c9475323778aeab3b9c1d9e52c13dddb14277da44afea8bee910f4b250181eb,3c9475323778aeab3b9c1d9e52c13dddb14277da44afea8bee910f4b250181eb,3c9475323778aeab3b9c1d9e52c13dddb14277da44afea8bee910f4b250181eb,3c9475323778aeab3b9c1d9e52c13dddb14277da44afea8bee910f4b250181eb,3c9475323778aeab3b9c1d9e52c13dddb14277da44afea8bee910f4b250181eb,3c9475323778aeab3b9c1d9e52c13dddb14277da44afea8bee910f4b250181eb,3c9475323778aeab3b9c1d9e52c13dddb14277da44afea8bee910f4b250181eb,1,1,1,1,1,1,1,1,1,1,1
final_archeology_030,archeology,semi_structured,8c1c626cc2207dfeb6d1b4b9b72ffa1b010a648f7aa7829e56221582a3ea4068,8c1c626cc2207dfeb6d1b4b9b72ffa1b010a648f7aa7829e56221582a3ea4068,8c1c626cc2207dfeb6d1b4b9b72ffa1b010a648f7aa7829e56221582a3ea4068,8c1c626cc2207dfeb6d1b4b9b72ffa1b010a648f7aa7829e56221582a3ea4068,8c1c626cc2207dfeb6d1b4b9b72ffa1b010a648f7aa7829e56221582a3ea4068,8c1c626cc2207dfeb6d1b4b9b72ffa1b010a648f7aa7829e56221582a3ea4068,8c1c626cc2207dfeb6d1b4b9b72ffa1b010a648f7aa7829e56221582a3ea4068,8c1c626cc2207dfeb6d1b4b9b72ffa1b010a648f7aa7829e56221582a3ea4068,8c1c626cc2207dfeb6d1b4b9b72ffa1b010a648f7aa7829e56221582a3ea4068,8c1c626cc2207dfeb6d1b4b9b72ffa1b010a648f7aa7829e56221582a3ea4068,8c1c626cc2207dfeb6d1b4b9b72ffa1b010a648f7aa7829e56221582a3ea4068,8c1c626cc2207dfeb6d1b4b9b72ffa1b010a648f7aa7829e56221582a3ea4068,8c1c626cc2207dfeb6d1b4b9b72ffa1b010a648f7aa7829e56221582a3ea4068,1,1,1,1,1,1,1,1,1,1,1
final_archeology_031,archeology,free_text,a26be2c8cf8e8c53acfffa83fb5330294ca313cc0f2f44aff8dafc0a6a763b90,a26be2c8cf8e8c53acfffa83fb5330294ca313cc0f2f44aff8dafc0a6a763b90,a26be2c8cf8e8c53acfffa83fb5330294ca313cc0f2f44aff8dafc0a6a763b90,a26be2c8cf8e8c53acfffa83fb5330294ca313cc0f2f44aff8dafc0a6a763b90,a26be2c8cf8e8c53acfffa83fb5330294ca313cc0f2f44aff8dafc0a6a763b90,a26be2c8cf8e8c53acfffa83fb5330294ca313cc0f2f44aff8dafc0a6a763b90,a26be2c8cf8e8c53acfffa83fb5330294ca313cc0f2f44aff8dafc0a6a763b90,a26be2c8cf8e8c53acfffa83fb5330294ca313cc0f2f44aff8dafc0a6a763b90,a26be2c8cf8e8c53acfffa83fb5330294ca313cc0f2f44aff8dafc0a6a763b90,a26be2c8cf8e8c53acfffa83fb5330294ca313cc0f2f44aff8dafc0a6a763b90,a26be2c8cf8e8c53acfffa83fb5330294ca313cc0f2f44aff8dafc0a6a763b90,a26be2c8cf8e8c53acfffa83fb5330294ca313cc0f2f44aff8dafc0a6a763b90,a26be2c8cf8e8c53acfffa83fb5330294ca313cc0f2f44aff8dafc0a6a763b90,1,1,1,1,1,1,1,1,1,1,1
final_archeology_032,archeology,free_text,78ea8ae2f04978b2c5226369f5e1856f0806915881b7db6688d55ced1edf9276,78ea8ae2f04978b2c5226369f5e1856f0806915881b7db6688d55ced1edf9276,78ea8ae2f04978b2c5226369f5e1856f0806915881b7db6688d55ced1edf9276,78ea8ae2f04978b2c5226369f5e1856f0806915881b7db6688d55ced1edf9276,78ea8ae2f04978b2c5226369f5e1856f0806915881b7db6688d55ced1edf9276,78ea8ae2f04978b2c5226369f5e1856f0806915881b7db6688d55ced1edf9276,78ea8ae2f04978b2c5226369f5e1856f0806915881b7db6688d55ced1edf9276,78ea8ae2f04978b2c5226369f5e1856f0806915881b7db6688d55ced1edf9276,78ea8ae2f04978b2c5226369f5e1856f0806915881b7db6688d55ced1edf9276,78ea8ae2f04978b2c5226369f5e1856f0806915881b7db6688d55ced1edf9276,78ea8ae2f04978b2c5226369f5e1856f0806915881b7db6688d55ced1edf9276,78ea8ae2f04978b2c5226369f5e1856f0806915881b7db6688d55ced1edf9276,78ea8ae2f04978b2c5226369f5e1856f0806915881b7db6688d55ced1edf9276,1,1,1,1,1,1,1,1,1,1,1
final_archeology_033,archeology,free_text,ad4c6cd8c813b5f59ba3d1e3091dca3f81db5db8c6b190011d4370a747f79d32,ad4c6cd8c813b5f59ba3d1e3091dca3f81db5db8c6b190011d4370a747f79d32,ad4c6cd8c813b5f59ba3d1e3091dca3f81db5db8c6b190011d4370a747f79d32,ad4c6cd8c813b5f59ba3d1e3091dca3f81db5db8c6b190011d4370a747f79d32,ad4c6cd8c813b5f59ba3d1e3091dca3f81db5db8c6b190011d4370a747f79d32,ad4c6cd8c813b5f59ba3d1e3091dca3f81db5db8c6b190011d4370a747f79d32,ad4c6cd8c813b5f59ba3d1e3091dca3f81db5db8c6b190011d4370a747f79d32,ad4c6cd8c813b5f59ba3d1e3091dca3f81db5db8c6b190011d4370a747f79d32,ad4c6cd8c813b5f59ba3d1e3091dca3f81db5db8c6b190011d4370a747f79d32,ad4c6cd8c813b5f59ba3d1e3091dca3f81db5db8c6b190011d4370a747f79d32,ad4c6cd8c813b5f59ba3d1e3091dca3f81db5db8c6b190011d4370a747f79d32,ad4c6cd8c813b5f59ba3d1e3091dca3f81db5db8c6b190011d4370a747f79d32,ad4c6cd8c813b5f59ba3d1e3091dca3f81db5db8c6b190011d4370a747f79d32,1,1,1,1,1,1,1,1,1,1,1
final_archeology_034,archeology,semi_structured,613e3bea7e7d4b237a63e40150bdca121869e06408a6f62ad12ad9848434524f,613e3bea7e7d4b237a63e40150bdca121869e06408a6f62ad12ad9848434524f,613e3bea7e7d4b237a63e40150bdca121869e06408a6f62ad12ad9848434524f,613e3bea7e7d4b237a63e40150bdca121869e06408a6f62ad12ad9848434524f,613e3bea7e7d4b237a63e40150bdca121869e06408a6f62ad12ad9848434524f,613e3bea7e7d4b237a63e40150bdca121869e06408a6f62ad12ad9848434524f,613e3bea7e7d4b237a63e40150bdca121869e06408a6f62ad12ad9848434524f,613e3bea7e7d4b237a63e40150bdca121869e06408a6f62ad12ad9848434524f,613e3bea7e7d4b237a63e40150bdca121869e06408a6f62ad12ad9848434524f,613e3bea7e7d4b237a63e40150bdca121869e06408a6f62ad12ad9848434524f,613e3bea7e7d4b237a63e40150bdca121869e06408a6f62ad12ad9848434524f,613e3bea7e7d4b237a63e40150bdca121869e06408a6f62ad12ad9848434524f,613e3bea7e7d4b237a63e40150bdca121869e06408a6f62ad12ad9848434524f,1,1,1,1,1,1,1,1,1,1,1
final_archeology_035,archeology,semi_structured,e2cb2916ed9f1b9ed6a38e02f5fbb5a1ab93abe2997ce228a5fdc46ca196c7b0,e2cb2916ed9f1b9ed6a38e02f5fbb5a1ab93abe2997ce228a5fdc46ca196c7b0,e2cb2916ed9f1b9ed6a38e02f5fbb5a1ab93abe2997ce228a5fdc46ca196c7b0,e2cb2916ed9f1b9ed6a38e02f5fbb5a1ab93abe2997ce228a5fdc46ca196c7b0,e2cb2916ed9f1b9ed6a38e02f5fbb5a1ab93abe2997ce228a5fdc46ca196c7b0,e2cb2916ed9f1b9ed6a38e02f5fbb5a1ab93abe2997ce228a5fdc46ca196c7b0,e2cb2916ed9f1b9ed6a38e02f5fbb5a1ab93abe2997ce228a5fdc46ca196c7b0,e2cb2916ed9f1b9ed6a38e02f5fbb5a1ab93abe2997ce228a5fdc46ca196c7b0,e2cb2916ed9f1b9ed6a38e02f5fbb5a1ab93abe2997ce228a5fdc46ca196c7b0,e2cb2916ed9f1b9ed6a38e02f5fbb5a1ab93abe2997ce228a5fdc46ca196c7b0,e2cb2916ed9f1b9ed6a38e02f5fbb5a1ab93abe2997ce228a5fdc46ca196c7b0,e2cb2916ed9f1b9ed6a38e02f5fbb5a1ab93abe2997ce228a5fdc46ca196c7b0,e2cb2916ed9f1b9ed6a38e02f5fbb5a1ab93abe2997ce228a5fdc46ca196c7b0,1,1,1,1,1,1,1,1,1,1,1
final_archeology_036,archeology,semi_structured,c1209a26bad4ffcefa81309f42526b40554bb66f791e1d8a885d5497d6a6f139,c1209a26bad4ffcefa81309f42526b40554bb66f791e1d8a885d5497d6a6f139,c1209a26bad4ffcefa81309f42526b40554bb66f791e1d8a885d5497d6a6f139,c1209a26bad4ffcefa81309f42526b40554bb66f791e1d8a885d5497d6a6f139,c1209a26bad4ffcefa81309f42526b40554bb66f791e1d8a885d5497d6a6f139,c1209a26bad4ffcefa81309f42526b40554bb66f791e1d8a885d5497d6a6f139,c1209a26bad4ffcefa81309f42526b40554bb66f791e1d8a885d5497d6a6f139,c1209a26bad4ffcefa81309f42526b40554bb66f791e1d8a885d5497d6a6f139,c1209a26bad4ffcefa81309f42526b40554bb66f791e1d8a885d5497d6a6f139,c1209a26bad4ffcefa81309f42526b40554bb66f791e1d8a885d5497d6a6f139,c1209a26bad4ffcefa81309f42526b40554bb66f791e1d8a885d5497d6a6f139,c1209a26bad4ffcefa81309f42526b40554bb66f791e1d8a885d5497d6a6f139,c1209a26bad4ffcefa81309f42526b40554bb66f791e1d8a885d5497d6a6f139,1,1,1,1,1,1,1,1,1,1,1
final_archeology_037,archeology,semi_structured,14301007621ac783aaa68156580d99980e76dfe16d493dbd27719119fb6d548e,14301007621ac783aaa68156580d99980e76dfe16d493dbd27719119fb6d548e,14301007621ac783aaa68156580d99980e76dfe16d493dbd27719119fb6d548e,14301007621ac783aaa68156580d99980e76dfe16d493dbd27719119fb6d548e,14301007621ac783aaa68156580d99980e76dfe16d493dbd27719119fb6d548e,14301007621ac783aaa68156580d99980e76dfe16d493dbd27719119fb6d548e,14301007621ac783aaa68156580d99980e76dfe16d493dbd27719119fb6d548e,14301007621ac783aaa68156580d99980e76dfe16d493dbd27719119fb6d548e,14301007621ac783aaa68156580d99980e76dfe16d493dbd27719119fb6d548e,14301007621ac783aaa68156580d99980e76dfe16d493dbd27719119fb6d548e,14301007621ac783aaa68156580d99980e76dfe16d493dbd27719119fb6d548e,14301007621ac783aaa68156580d99980e76dfe16d493dbd27719119fb6d548e,14301007621ac783aaa68156580d99980e76dfe16d493dbd27719119fb6d548e,1,1,1,1,1,1,1,1,1,1,1
final_archeology_038,archeology,semi_structured,ec61924ab08ac1e18d5c3e8a517f2e03bcf1ca46faef7b40124d21fe572ea39a,ec61924ab08ac1e18d5c3e8a517f2e03bcf1ca46faef7b40124d21fe572ea39a,ec61924ab08ac1e18d5c3e8a517f2e03bcf1ca46faef7b40124d21fe572ea39a,ec61924ab08ac1e18d5c3e8a517f2e03bcf1ca46faef7b40124d21fe572ea39a,ec61924ab08ac1e18d5c3e8a517f2e03bcf1ca46faef7b40124d21fe572ea39a,ec61924ab08ac1e18d5c3e8a517f2e03bcf1ca46faef7b40124d21fe572ea39a,ec61924ab08ac1e18d5c3e8a517f2e03bcf1ca46faef7b40124d21fe572ea39a,ec61924ab08ac1e18d5c3e8a517f2e03bcf1ca46faef7b40124d21fe572ea39a,ec61924ab08ac1e18d5c3e8a517f2e03bcf1ca46faef7b40124d21fe572ea39a,ec61924ab08ac1e18d5c3e8a517f2e03bcf1ca46faef7b40124d21fe572ea39a,ec61924ab08ac1e18d5c3e8a517f2e03bcf1ca46faef7b40124d21fe572ea39a,ec61924ab08ac1e18d5c3e8a517f2e03bcf1ca46faef7b40124d21fe572ea39a,ec61924ab08ac1e18d5c3e8a517f2e03bcf1ca46faef7b40124d21fe572ea39a,1,1,1,1,1,1,1,1,1,1,1
final_archeology_039,archeology,semi_structured,53516b6cb4534a1c4fbc5f155a9fee9c52a78f2e5c73ed3ac453a91dfa15d959,53516b6cb4534a1c4fbc5f155a9fee9c52a78f2e5c73ed3ac453a91dfa15d959,53516b6cb4534a1c4fbc5f155a9fee9c52a78f2e5c73ed3ac453a91dfa15d959,53516b6cb4534a1c4fbc5f155a9fee9c52a78f2e5c73ed3ac453a91dfa15d959,53516b6cb4534a1c4fbc5f155a9fee9c52a78f2e5c73ed3ac453a91dfa15d959,53516b6cb4534a1c4fbc5f155a9fee9c52a78f2e5c73ed3ac453a91dfa15d959,53516b6cb4534a1c4fbc5f155a9fee9c52a78f2e5c73ed3ac453a91dfa15d959,53516b6cb4534a1c4fbc5f155a9fee9c52a78f2e5c73ed3ac453a91dfa15d959,53516b6cb4534a1c4fbc5f155a9fee9c52a78f2e5c73ed3ac453a91dfa15d959,53516b6cb4534a1c4fbc5f155a9fee9c52a78f2e5c73ed3ac453a91dfa15d959,53516b6cb4534a1c4fbc5f155a9fee9c52a78f2e5c73ed3ac453a91dfa15d959,53516b6cb4534a1c4fbc5f155a9fee9c52a78f2e5c73ed3ac453a91dfa15d959,53516b6cb4534a1c4fbc5f155a9fee9c52a78f2e5c73ed3ac453a91dfa15d959,1,1,1,1,1,1,1,1,1,1,1
final_archeology_040,archeology,semi_structured,59480c0f34f7c9ab15ac062a9c6d14d26afaeebf101ef5844021d384f4c2e980,59480c0f34f7c9ab15ac062a9c6d14d26afaeebf101ef5844021d384f4c2e980,59480c0f34f7c9ab15ac062a9c6d14d26afaeebf101ef5844021d384f4c2e980,59480c0f34f7c9ab15ac062a9c6d14d26afaeebf101ef5844021d384f4c2e980,5d448a2a5cec1fbf56cb536f01aac0316f075e35f810246d0c33ed53e10ee702,5d448a2a5cec1fbf56cb536f01aac0316f075e35f810246d0c33ed53e10ee702,5d448a2a5cec1fbf56cb536f01aac0316f075e35f810246d0c33ed53e10ee702,5d448a2a5cec1fbf56cb536f01aac0316f075e35f810246d0c33ed53e10ee702,5d448a2a5cec1fbf56cb536f01aac0316f075e35f810246d0c33ed53e10ee702,5d448a2a5cec1fbf56cb536f01aac0316f075e35f810246d0c33ed53e10ee702,5d448a2a5cec1fbf56cb536f01aac0316f075e35f810246d0c33ed53e10ee702,5d448a2a5cec1fbf56cb536f01aac0316f075e35f810246d0c33ed53e10ee702,5d448a2a5cec1fbf56cb536f01aac0316f075e35f810246d0c33ed53e10ee702,1,1,1,0,1,1,1,1,1,1,1
final_archeology_041,archeology,semi_structured,4a95ae54d6bfe0e54ec68eef71b6fcf974561c5577fdacf3fe751aebe1e4118b,4a95ae54d6bfe0e54ec68eef71b6fcf974561c5577fdacf3fe751aebe1e4118b,4a95ae54d6bfe0e54ec68eef71b6fcf974561c5577fdacf3fe751aebe1e4118b,4a95ae54d6bfe0e54ec68eef71b6fcf974561c5577fdacf3fe751aebe1e4118b,4a95ae54d6bfe0e54ec68eef71b6fcf974561c5577fdacf3fe751aebe1e4118b,4a95ae54d6bfe0e54ec68eef71b6fcf974561c5577fdacf3fe751aebe1e4118b,4a95ae54d6bfe0e54ec68eef71b6fcf974561c5577fdacf3fe751aebe1e4118b,4a95ae54d6bfe0e54ec68eef71b6fcf974561c5577fdacf3fe751aebe1e4118b,4a95ae54d6bfe0e54ec68eef71b6fcf974561c5577fdacf3fe751aebe1e4118b,4a95ae54d6bfe0e54ec68eef71b6fcf974561c5577fdacf3fe751aebe1e4118b,4a95ae54d6bfe0e54ec68eef71b6fcf974561c5577fdacf3fe751aebe1e4118b,4a95ae54d6bfe0e54ec68eef71b6fcf974561c5577fdacf3fe751aebe1e4118b,4a95ae54d6bfe0e54ec68eef71b6fcf974561c5577fdacf3fe751aebe1e4118b,1,1,1,1,1,1,1,1,1,1,1
final_archeology_042,archeology,semi_structured,12c8c9536ad45c55e080f4d6637376ef4dbb27c0baa95ab7e8a1f3d3ec1644e6,12c8c9536ad45c55e080f4d6637376ef4dbb27c0baa95ab7e8a1f3d3ec1644e6,12c8c9536ad45c55e080f4d6637376ef4dbb27c0baa95ab7e8a1f3d3ec1644e6,12c8c9536ad45c55e080f4d6637376ef4dbb27c0baa95ab7e8a1f3d3ec1644e6,e473c90a6c6159d1505a0c815e6350a9a1cb469b30d389f9ff1f3f36b34961db,e473c90a6c6159d1505a0c815e6350a9a1cb469b30d389f9ff1f3f36b34961db,e473c90a6c6159d1505a0c815e6350a9a1cb469b30d389f9ff1f3f36b34961db,e473c90a6c6159d1505a0c815e6350a9a1cb469b30d389f9ff1f3f36b34961db,e473c90a6c6159d1505a0c815e6350a9a1cb469b30d389f9ff1f3f36b34961db,e473c90a6c6159d1505a0c815e6350a9a1cb469b30d389f9ff1f3f36b34961db,e473c90a6c6159d1505a0c815e6350a9a1cb469b30d389f9ff1f3f36b34961db,e473c90a6c6159d1505a0c815e6350a9a1cb469b30d389f9ff1f3f36b34961db,e473c90a6c6159d1505a0c815e6350a9a1cb469b30d389f9ff1f3f36b34961db,1,1,1,0,1,1,1,1,1,1,1
final_archeology_043,archeology,semi_structured,fbbd59d95f8af8adcead1ec21ebd247c98ffa797fe095298e26089f1a65f6b8f,fbbd59d95f8af8adcead1ec21ebd247c98ffa797fe095298e26089f1a65f6b8f,fbbd59d95f8af8adcead1ec21ebd247c98ffa797fe095298e26089f1a65f6b8f,fbbd59d95f8af8adcead1ec21ebd247c98ffa797fe095298e26089f1a65f6b8f,fbbd59d95f8af8adcead1ec21ebd247c98ffa797fe095298e26089f1a65f6b8f,fbbd59d95f8af8adcead1ec21ebd247c98ffa797fe095298e26089f1a65f6b8f,fbbd59d95f8af8adcead1ec21ebd247c98ffa797fe095298e26089f1a65f6b8f,fbbd59d95f8af8adcead1ec21ebd247c98ffa797fe095298e26089f1a65f6b8f,fbbd59d95f8af8adcead1ec21ebd247c98ffa797fe095298e26089f1a65f6b8f,fbbd59d95f8af8adcead1ec21ebd247c98ffa797fe095298e26089f1a65f6b8f,fbbd59d95f8af8adcead1ec21ebd247c98ffa797fe095298e26089f1a65f6b8f,fbbd59d95f8af8adcead1ec21ebd247c98ffa797fe095298e26089f1a65f6b8f,fbbd59d95f8af8adcead1ec21ebd247c98ffa797fe095298e26089f1a65f6b8f,1,1,1,1,1,1,1,1,1,1,1
final_archeology_044,archeology,semi_structured,9df016ed723869aa2121aeed1cda10c3c1e7cee5126a34c7c0c42144364a2c9a,9df016ed723869aa2121aeed1cda10c3c1e7cee5126a34c7c0c42144364a2c9a,9df016ed723869aa2121aeed1cda10c3c1e7cee5126a34c7c0c42144364a2c9a,9df016ed723869aa2121aeed1cda10c3c1e7cee5126a34c7c0c42144364a2c9a,9df016ed723869aa2121aeed1cda10c3c1e7cee5126a34c7c0c42144364a2c9a,9df016ed723869aa2121aeed1cda10c3c1e7cee5126a34c7c0c42144364a2c9a,9df016ed723869aa2121aeed1cda10c3c1e7cee5126a34c7c0c42144364a2c9a,9df016ed723869aa2121aeed1cda10c3c1e7cee5126a34c7c0c42144364a2c9a,9df016ed723869aa2121aeed1cda10c3c1e7cee5126a34c7c0c42144364a2c9a,9df016ed723869aa2121aeed1cda10c3c1e7cee5126a34c7c0c42144364a2c9a,9df016ed723869aa2121aeed1cda10c3c1e7cee5126a34c7c0c42144364a2c9a,9df016ed723869aa2121aeed1cda10c3c1e7cee5126a34c7c0c42144364a2c9a,9df016ed723869aa2121aeed1cda10c3c1e7cee5126a34c7c0c42144364a2c9a,1,1,1,1,1,1,1,1,1,1,1
final_archeology_045,archeology,semi_structured,7fe36dc79f30877d875f6548116e18b40c44cf4840a4b2c4e6945182ab97bdf2,7fe36dc79f30877d875f6548116e18b40c44cf4840a4b2c4e6945182ab97bdf2,7fe36dc79f30877d875f6548116e18b40c44cf4840a4b2c4e6945182ab97bdf2,7fe36dc79f30877d875f6548116e18b40c44cf4840a4b2c4e6945182ab97bdf2,7fe36dc79f30877d875f6548116e18b40c44cf4840a4b2c4e6945182ab97bdf2,7fe36dc79f30877d875f6548116e18b40c44cf4840a4b2c4e6945182ab97bdf2,7fe36dc79f30877d875f6548116e18b40c44cf4840a4b2c4e6945182ab97bdf2,7fe36dc79f30877d875f6548116e18b40c44cf4840a4b2c4e6945182ab97bdf2,7fe36dc79f30877d875f6548116e18b40c44cf4840a4b2c4e6945182ab97bdf2,7fe36dc79f30877d875f6548116e18b40c44cf4840a4b2c4e6945182ab97bdf2,7fe36dc79f30877d875f6548116e18b40c44cf4840a4b2c4e6945182ab97bdf2,7fe36dc79f30877d875f6548116e18b40c44cf4840a4b2c4e6945182ab97bdf2,7fe36dc79f30877d875f6548116e18b40c44cf4840a4b2c4e6945182ab97bdf2,1,1,1,1,1,1,1,1,1,1,1
final_archeology_046,archeology,free_text,18febcdc8db23b259d0273c1a2602250dae87d251f78d444d3c8c332421f0685,18febcdc8db23b259d0273c1a2602250dae87d251f78d444d3c8c332421f0685,18febcdc8db23b259d0273c1a2602250dae87d251f78d444d3c8c332421f0685,18febcdc8db23b259d0273c1a2602250dae87d251f78d444d3c8c332421f0685,18febcdc8db23b259d0273c1a2602250dae87d251f78d444d3c8c332421f0685,18febcdc8db23b259d0273c1a2602250dae87d251f78d444d3c8c332421f0685,18febcdc8db23b259d0273c1a2602250dae87d251f78d444d3c8c332421f0685,18febcdc8db23b259d0273c1a2602250dae87d251f78d444d3c8c332421f0685,18febcdc8db23b259d0273c1a2602250dae87d251f78d444d3c8c332421f0685,18febcdc8db23b259d0273c1a2602250dae87d251f78d444d3c8c332421f0685,18febcdc8db23b259d0273c1a2602250dae87d251f78d444d3c8c332421f0685,18febcdc8db23b259d0273c1a2602250dae87d251f78d444d3c8c332421f0685,18febcdc8db23b259d0273c1a2602250dae87d251f78d444d3c8c332421f0685,1,1,1,1,1,1,1,1,1,1,1
final_archeology_047,archeology,free_text,f8a5da03b66c90b95d7b6479dfc2c6680ba99f136eaea714d34f8258e27dfc49,f8a5da03b66c90b95d7b6479dfc2c6680ba99f136eaea714d34f8258e27dfc49,f8a5da03b66c90b95d7b6479dfc2c6680ba99f136eaea714d34f8258e27dfc49,f8a5da03b66c90b95d7b6479dfc2c6680ba99f136eaea714d34f8258e27dfc49,f8a5da03b66c90b95d7b6479dfc2c6680ba99f136eaea714d34f8258e27dfc49,f8a5da03b66c90b95d7b6479dfc2c6680ba99f136eaea714d34f8258e27dfc49,f8a5da03b66c90b95d7b6479dfc2c6680ba99f136eaea714d34f8258e27dfc49,f8a5da03b66c90b95d7b6479dfc2c6680ba99f136eaea714d34f8258e27dfc49,f8a5da03b66c90b95d7b6479dfc2c6680ba99f136eaea714d34f8258e27dfc49,f8a5da03b66c90b95d7b6479dfc2c6680ba99f136eaea714d34f8258e27dfc49,f8a5da03b66c90b95d7b6479dfc2c6680ba99f136eaea714d34f8258e27dfc49,f8a5da03b66c90b95d7b6479dfc2c6680ba99f136eaea714d34f8258e27dfc49,f8a5da03b66c90b95d7b6479dfc2c6680ba99f136eaea714d34f8258e27dfc49,1,1,1,1,1,1,1,1,1,1,1
final_archeology_048,archeology,free_text,7b42e7699cc811c8cd28ef67384a00f16f329654bddd95242d52ce0a883826ff,7b42e7699cc811c8cd28ef67384a00f16f329654bddd95242d52ce0a883826ff,7b42e7699cc811c8cd28ef67384a00f16f329654bddd95242d52ce0a883826ff,7b42e7699cc811c8cd28ef67384a00f16f329654bddd95242d52ce0a883826ff,7b42e7699cc811c8cd28ef67384a00f16f329654bddd95242d52ce0a883826ff,7b42e7699cc811c8cd28ef67384a00f16f329654bddd95242d52ce0a883826ff,7b42e7699cc811c8cd28ef67384a00f16f329654bddd95242d52ce0a883826ff,7b42e7699cc811c8cd28ef67384a00f16f329654bddd95242d52ce0a883826ff,7b42e7699cc811c8cd28ef67384a00f16f329654bddd95242d52ce0a883826ff,7b42e7699cc811c8cd28ef67384a00f16f329654bddd95242d52ce0a883826ff,7b42e7699cc811c8cd28ef67384a00f16f329654bddd95242d52ce0a883826ff,7b42e7699cc811c8cd28ef67384a00f16f329654bddd95242d52ce0a883826ff,7b42e7699cc811c8cd28ef67384a00f16f329654bddd95242d52ce0a883826ff,1,1,1,1,1,1,1,1,1,1,1
final_archeology_049,archeology,semi_structured,3d50125d6bc9b6efb2bd1f1c91d447bac4189c1ed4211ddb09b2210cf25b4bdd,3d50125d6bc9b6efb2bd1f1c91d447bac4189c1ed4211ddb09b2210cf25b4bdd,3d50125d6bc9b6efb2bd1f1c91d447bac4189c1ed4211ddb09b2210cf25b4bdd,3d50125d6bc9b6efb2bd1f1c91d447bac4189c1ed4211ddb09b2210cf25b4bdd,3d50125d6bc9b6efb2bd1f1c91d447bac4189c1ed4211ddb09b2210cf25b4bdd,3d50125d6bc9b6efb2bd1f1c91d447bac4189c1ed4211ddb09b2210cf25b4bdd,3d50125d6bc9b6efb2bd1f1c91d447bac4189c1ed4211ddb09b2210cf25b4bdd,3d50125d6bc9b6efb2bd1f1c91d447bac4189c1ed4211ddb09b2210cf25b4bdd,3d50125d6bc9b6efb2bd1f1c91d447bac4189c1ed4211ddb09b2210cf25b4bdd,3d50125d6bc9b6efb2bd1f1c91d447bac4189c1ed4211ddb09b2210cf25b4bdd,3d50125d6bc9b6efb2bd1f1c91d447bac4189c1ed4211ddb09b2210cf25b4bdd,3d50125d6bc9b6efb2bd1f1c91d447bac4189c1ed4211ddb09b2210cf25b4bdd,3d50125d6bc9b6efb2bd1f1c91d447bac4189c1ed4211ddb09b2210cf25b4bdd,1,1,1,1,1,1,1,1,1,1,1
final_archeology_050,archeology,semi_structured,ec0f51164e3a94a1e5c58e5738e975dfb254b0b0904001d18e685fcda109e9be,ec0f51164e3a94a1e5c58e5738e975dfb254b0b0904001d18e685fcda109e9be,ec0f51164e3a94a1e5c58e5738e975dfb254b0b0904001d18e685fcda109e9be,ec0f51164e3a94a1e5c58e5738e975dfb254b0b0904001d18e685fcda109e9be,ec0f51164e3a94a1e5c58e5738e975dfb254b0b0904001d18e685fcda109e9be,ec0f51164e3a94a1e5c58e5738e975dfb254b0b0904001d18e685fcda109e9be,ec0f51164e3a94a1e5c58e5738e975dfb254b0b0904001d18e685fcda109e9be,ec0f51164e3a94a1e5c58e5738e975dfb254b0b0904001d18e685fcda109e9be,ec0f51164e3a94a1e5c58e5738e975dfb254b0b0904001d18e685fcda109e9be,ec0f51164e3a94a1e5c58e5738e975dfb254b0b0904001d18e685fcda109e9be,ec0f51164e3a94a1e5c58e5738e975dfb254b0b0904001d18e685fcda109e9be,ec0f51164e3a94a1e5c58e5738e975dfb254b0b0904001d18e685fcda109e9be,ec0f51164e3a94a1e5c58e5738e975dfb254b0b0904001d18e685fcda109e9be,1,1,1,1,1,1,1,1,1,1,1
final_archeology_051,archeology,semi_structured,e298356f9d73e4a3786d4d9b53b29b889d863d4a78563f589fe945d6e801af0d,e298356f9d73e4a3786d4d9b53b29b889d863d4a78563f589fe945d6e801af0d,e298356f9d73e4a3786d4d9b53b29b889d863d4a78563f589fe945d6e801af0d,e298356f9d73e4a3786d4d9b53b29b889d863d4a78563f589fe945d6e801af0d,e298356f9d73e4a3786d4d9b53b29b889d863d4a78563f589fe945d6e801af0d,e298356f9d73e4a3786d4d9b53b29b889d863d4a78563f589fe945d6e801af0d,e298356f9d73e4a3786d4d9b53b29b889d863d4a78563f589fe945d6e801af0d,e298356f9d73e4a3786d4d9b53b29b889d863d4a78563f589fe945d6e801af0d,e298356f9d73e4a3786d4d9b53b29b889d863d4a78563f589fe945d6e801af0d,e298356f9d73e4a3786d4d9b53b29b889d863d4a78563f589fe945d6e801af0d,e298356f9d73e4a3786d4d9b53b29b889d863d4a78563f589fe945d6e801af0d,e298356f9d73e4a3786d4d9b53b29b889d863d4a78563f589fe945d6e801af0d,e298356f9d73e4a3786d4d9b53b29b889d863d4a78563f589fe945d6e801af0d,1,1,1,1,1,1,1,1,1,1,1
final_archeology_052,archeology,semi_structured,9004800f40196933e5615a4c55ef06288b6ca3b4c2746972ef07ce74a8089d27,9004800f40196933e5615a4c55ef06288b6ca3b4c2746972ef07ce74a8089d27,9004800f40196933e5615a4c55ef06288b6ca3b4c2746972ef07ce74a8089d27,9004800f40196933e5615a4c55ef06288b6ca3b4c2746972ef07ce74a8089d27,9004800f40196933e5615a4c55ef06288b6ca3b4c2746972ef07ce74a8089d27,9004800f40196933e5615a4c55ef06288b6ca3b4c2746972ef07ce74a8089d27,9004800f40196933e5615a4c55ef06288b6ca3b4c2746972ef07ce74a8089d27,9004800f40196933e5615a4c55ef06288b6ca3b4c2746972ef07ce74a8089d27,9004800f40196933e5615a4c55ef06288b6ca3b4c2746972ef07ce74a8089d27,9004800f40196933e5615a4c55ef06288b6ca3b4c2746972ef07ce74a8089d27,9004800f40196933e5615a4c55ef06288b6ca3b4c2746972ef07ce74a8089d27,9004800f40196933e5615a4c55ef06288b6ca3b4c2746972ef07ce74a8089d27,9004800f40196933e5615a4c55ef06288b6ca3b4c2746972ef07ce74a8089d27,1,1,1,1,1,1,1,1,1,1,1
final_archeology_053,archeology,semi_structured,d78d9a4b2efb8cef95497da56e1703ded3c155ebaafac41d40deee2f6b740fea,d78d9a4b2efb8cef95497da56e1703ded3c155ebaafac41d40deee2f6b740fea,d78d9a4b2efb8cef95497da56e1703ded3c155ebaafac41d40deee2f6b740fea,d78d9a4b2efb8cef95497da56e1703ded3c155ebaafac41d40deee2f6b740fea,d78d9a4b2efb8cef95497da56e1703ded3c155ebaafac41d40deee2f6b740fea,d78d9a4b2efb8cef95497da56e1703ded3c155ebaafac41d40deee2f6b740fea,d78d9a4b2efb8cef95497da56e1703ded3c155ebaafac41d40deee2f6b740fea,d78d9a4b2efb8cef95497da56e1703ded3c155ebaafac41d40deee2f6b740fea,d78d9a4b2efb8cef95497da56e1703ded3c155ebaafac41d40deee2f6b740fea,d78d9a4b2efb8cef95497da56e1703ded3c155ebaafac41d40deee2f6b740fea,d78d9a4b2efb8cef95497da56e1703ded3c155ebaafac41d40deee2f6b740fea,d78d9a4b2efb8cef95497da56e1703ded3c155ebaafac41d40deee2f6b740fea,d78d9a4b2efb8cef95497da56e1703ded3c155ebaafac41d40deee2f6b740fea,1,1,1,1,1,1,1,1,1,1,1
final_archeology_054,archeology,semi_structured,fa9b2e9a862fcd434c03aa9f9aaf6a4f0348fab68052c7355fdd0ebae26e4c11,fa9b2e9a862fcd434c03aa9f9aaf6a4f0348fab68052c7355fdd0ebae26e4c11,fa9b2e9a862fcd434c03aa9f9aaf6a4f0348fab68052c7355fdd0ebae26e4c11,fa9b2e9a862fcd434c03aa9f9aaf6a4f0348fab68052c7355fdd0ebae26e4c11,fa9b2e9a862fcd434c03aa9f9aaf6a4f0348fab68052c7355fdd0ebae26e4c11,fa9b2e9a862fcd434c03aa9f9aaf6a4f0348fab68052c7355fdd0ebae26e4c11,fa9b2e9a862fcd434c03aa9f9aaf6a4f0348fab68052c7355fdd0ebae26e4c11,fa9b2e9a862fcd434c03aa9f9aaf6a4f0348fab68052c7355fdd0ebae26e4c11,fa9b2e9a862fcd434c03aa9f9aaf6a4f0348fab68052c7355fdd0ebae26e4c11,fa9b2e9a862fcd434c03aa9f9aaf6a4f0348fab68052c7355fdd0ebae26e4c11,fa9b2e9a862fcd434c03aa9f9aaf6a4f0348fab68052c7355fdd0ebae26e4c11,fa9b2e9a862fcd434c03aa9f9aaf6a4f0348fab68052c7355fdd0ebae26e4c11,fa9b2e9a862fcd434c03aa9f9aaf6a4f0348fab68052c7355fdd0ebae26e4c11,1,1,1,1,1,1,1,1,1,1,1
final_archeology_055,archeology,semi_structured,c8d6326dabd4b980fd756de055d1b5408a368f381924b3f1917d316175943e64,c8d6326dabd4b980fd756de055d1b5408a368f381924b3f1917d316175943e64,c8d6326dabd4b980fd756de055d1b5408a368f381924b3f1917d316175943e64,c8d6326dabd4b980fd756de055d1b5408a368f381924b3f1917d316175943e64,383fe6f0e6e32b74af49b3cce5c6cb0af1bc15dab5c88ba7c0fd4308b7ca630e,383fe6f0e6e32b74af49b3cce5c6cb0af1bc15dab5c88ba7c0fd4308b7ca630e,383fe6f0e6e32b74af49b3cce5c6cb0af1bc15dab5c88ba7c0fd4308b7ca630e,383fe6f0e6e32b74af49b3cce5c6cb0af1bc15dab5c88ba7c0fd4308b7ca630e,383fe6f0e6e32b74af49b3cce5c6cb0af1bc15dab5c88ba7c0fd4308b7ca630e,383fe6f0e6e32b74af49b3cce5c6cb0af1bc15dab5c88ba7c0fd4308b7ca630e,383fe6f0e6e32b74af49b3cce5c6cb0af1bc15dab5c88ba7c0fd4308b7ca630e,383fe6f0e6e32b74af49b3cce5c6cb0af1bc15dab5c88ba7c0fd4308b7ca630e,383fe6f0e6e32b74af49b3cce5c6cb0af1bc15dab5c88ba7c0fd4308b7ca630e,1,1,1,0,1,1,1,1,1,1,1
final_archeology_056,archeology,semi_structured,b43f2b14ece12f8646453e583e0d25eb34440bf07ebcfedec9c011bb240d2fc5,b43f2b14ece12f8646453e583e0d25eb34440bf07ebcfedec9c011bb240d2fc5,b43f2b14ece12f8646453e583e0d25eb34440bf07ebcfedec9c011bb240d2fc5,b43f2b14ece12f8646453e583e0d25eb34440bf07ebcfedec9c011bb240d2fc5,b43f2b14ece12f8646453e583e0d25eb34440bf07ebcfedec9c011bb240d2fc5,b43f2b14ece12f8646453e583e0d25eb34440bf07ebcfedec9c011bb240d2fc5,b43f2b14ece12f8646453e583e0d25eb34440bf07ebcfedec9c011bb240d2fc5,b43f2b14ece12f8646453e583e0d25eb34440bf07ebcfedec9c011bb240d2fc5,b43f2b14ece12f8646453e583e0d25eb34440bf07ebcfedec9c011bb240d2fc5,b43f2b14ece12f8646453e583e0d25eb34440bf07ebcfedec9c011bb240d2fc5,b43f2b14ece12f8646453e583e0d25eb34440bf07ebcfedec9c011bb240d2fc5,b43f2b14ece12f8646453e583e0d25eb34440bf07ebcfedec9c011bb240d2fc5,b43f2b14ece12f8646453e583e0d25eb34440bf07ebcfedec9c011bb240d2fc5,1,1,1,1,1,1,1,1,1,1,1
final_archeology_057,archeology,semi_structured,d9a6fecb405632e7b17b7cdf73d4d07e95261eb6bff53ad6224597c2ac59f25c,d9a6fecb405632e7b17b7cdf73d4d07e95261eb6bff53ad6224597c2ac59f25c,d9a6fecb405632e7b17b7cdf73d4d07e95261eb6bff53ad6224597c2ac59f25c,d9a6fecb405632e7b17b7cdf73d4d07e95261eb6bff53ad6224597c2ac59f25c,d9a6fecb405632e7b17b7cdf73d4d07e95261eb6bff53ad6224597c2ac59f25c,d9a6fecb405632e7b17b7cdf73d4d07e95261eb6bff53ad6224597c2ac59f25c,d9a6fecb405632e7b17b7cdf73d4d07e95261eb6bff53ad6224597c2ac59f25c,d9a6fecb405632e7b17b7cdf73d4d07e95261eb6bff53ad6224597c2ac59f25c,d9a6fecb405632e7b17b7cdf73d4d07e95261eb6bff53ad6224597c2ac59f25c,d9a6fecb405632e7b17b7cdf73d4d07e95261eb6bff53ad6224597c2ac59f25c,d9a6fecb405632e7b17b7cdf73d4d07e95261eb6bff53ad6224597c2ac59f25c,d9a6fecb405632e7b17b7cdf73d4d07e95261eb6bff53ad6224597c2ac59f25c,d9a6fecb405632e7b17b7cdf73d4d07e95261eb6bff53ad6224597c2ac59f25c,1,1,1,1,1,1,1,1,1,1,1
final_archeology_058,archeology,semi_structured,baf61efd9305be39b45df336bd87d8aa3790ee1e0d53e7093b5f445f1addcbf6,baf61efd9305be39b45df336bd87d8aa3790ee1e0d53e7093b5f445f1addcbf6,baf61efd9305be39b45df336bd87d8aa3790ee1e0d53e7093b5f445f1addcbf6,baf61efd9305be39b45df336bd87d8aa3790ee1e0d53e7093b5f445f1addcbf6,baf61efd9305be39b45df336bd87d8aa3790ee1e0d53e7093b5f445f1addcbf6,baf61efd9305be39b45df336bd87d8aa3790ee1e0d53e7093b5f445f1addcbf6,baf61efd9305be39b45df336bd87d8aa3790ee1e0d53e7093b5f445f1addcbf6,baf61efd9305be39b45df336bd87d8aa3790ee1e0d53e7093b5f445f1addcbf6,baf61efd9305be39b45df336bd87d8aa3790ee1e0d53e7093b5f445f1addcbf6,baf61efd9305be39b45df336bd87d8aa3790ee1e0d53e7093b5f445f1addcbf6,baf61efd9305be39b45df336bd87d8aa3790ee1e0d53e7093b5f445f1addcbf6,baf61efd9305be39b45df336bd87d8aa3790ee1e0d53e7093b5f445f1addcbf6,baf61efd9305be39b45df336bd87d8aa3790ee1e0d53e7093b5f445f1addcbf6,1,1,1,1,1,1,1,1,1,1,1
final_archeology_059,archeology,semi_structured,32b462ff6ade4d58a6d655da064a7ae9b39cda8ed510441f42bc5e0c156d6e0f,32b462ff6ade4d58a6d655da064a7ae9b39cda8ed510441f42bc5e0c156d6e0f,32b462ff6ade4d58a6d655da064a7ae9b39cda8ed510441f42bc5e0c156d6e0f,32b462ff6ade4d58a6d655da064a7ae9b39cda8ed510441f42bc5e0c156d6e0f,32b462ff6ade4d58a6d655da064a7ae9b39cda8ed510441f42bc5e0c156d6e0f,32b462ff6ade4d58a6d655da064a7ae9b39cda8ed510441f42bc5e0c156d6e0f,32b462ff6ade4d58a6d655da064a7ae9b39cda8ed510441f42bc5e0c156d6e0f,32b462ff6ade4d58a6d655da064a7ae9b39cda8ed510441f42bc5e0c156d6e0f,32b462ff6ade4d58a6d655da064a7ae9b39cda8ed510441f42bc5e0c156d6e0f,32b462ff6ade4d58a6d655da064a7ae9b39cda8ed510441f42bc5e0c156d6e0f,32b462ff6ade4d58a6d655da064a7ae9b39cda8ed510441f42bc5e0c156d6e0f,32b462ff6ade4d58a6d655da064a7ae9b39cda8ed510441f42bc5e0c156d6e0f,32b462ff6ade4d58a6d655da064a7ae9b39cda8ed510441f42bc5e0c156d6e0f,1,1,1,1,1,1,1,1,1,1,1
final_archeology_060,archeology,semi_structured,de186a3b7af860ab06dc1b3eeb0c45ce43e6f0cd13ee7665f3cc2d9af03b4a7e,de186a3b7af860ab06dc1b3eeb0c45ce43e6f0cd13ee7665f3cc2d9af03b4a7e,de186a3b7af860ab06dc1b3eeb0c45ce43e6f0cd13ee7665f3cc2d9af03b4a7e,de186a3b7af860ab06dc1b3eeb0c45ce43e6f0cd13ee7665f3cc2d9af03b4a7e,de186a3b7af860ab06dc1b3eeb0c45ce43e6f0cd13ee7665f3cc2d9af03b4a7e,de186a3b7af860ab06dc1b3eeb0c45ce43e6f0cd13ee7665f3cc2d9af03b4a7e,de186a3b7af860ab06dc1b3eeb0c45ce43e6f0cd13ee7665f3cc2d9af03b4a7e,de186a3b7af860ab06dc1b3eeb0c45ce43e6f0cd13ee7665f3cc2d9af03b4a7e,de186a3b7af860ab06dc1b3eeb0c45ce43e6f0cd13ee7665f3cc2d9af03b4a7e,de186a3b7af860ab06dc1b3eeb0c45ce43e6f0cd13ee7665f3cc2d9af03b4a7e,de186a3b7af860ab06dc1b3eeb0c45ce43e6f0cd13ee7665f3cc2d9af03b4a7e,de186a3b7af860ab06dc1b3eeb0c45ce43e6f0cd13ee7665f3cc2d9af03b4a7e,de186a3b7af860ab06dc1b3eeb0c45ce43e6f0cd13ee7665f3cc2d9af03b4a7e,1,1,1,1,1,1,1,1,1,1,1
final_polar_001,polar,free_text,962f72850ab130731dd252c22f224119d546fc050e166a351236e6c301c5f901,962f72850ab130731dd252c22f224119d546fc050e166a351236e6c301c5f901,962f72850ab130731dd252c22f224119d546fc050e166a351236e6c301c5f901,962f72850ab130731dd252c22f224119d546fc050e166a351236e6c301c5f901,962f72850ab130731dd252c22f224119d546fc050e166a351236e6c301c5f901,962f72850ab130731dd252c22f224119d546fc050e166a351236e6c301c5f901,962f72850ab130731dd252c22f224119d546fc050e166a351236e6c301c5f901,962f72850ab130731dd252c22f224119d546fc050e166a351236e6c301c5f901,962f72850ab130731dd252c22f224119d546fc050e166a351236e6c301c5f901,962f72850ab130731dd252c22f224119d546fc050e166a351236e6c301c5f901,962f72850ab130731dd252c22f224119d546fc050e166a351236e6c301c5f901,962f72850ab130731dd252c22f224119d546fc050e166a351236e6c301c5f901,962f72850ab130731dd252c22f224119d546fc050e166a351236e6c301c5f901,1,1,1,1,1,1,1,1,1,1,1
final_polar_002,polar,free_text,c97fcbbdb2b0147dc896a96345516b7fb9a807ea67e810bda3311f57b1fe6c47,c97fcbbdb2b0147dc896a96345516b7fb9a807ea67e810bda3311f57b1fe6c47,c97fcbbdb2b0147dc896a96345516b7fb9a807ea67e810bda3311f57b1fe6c47,c97fcbbdb2b0147dc896a96345516b7fb9a807ea67e810bda3311f57b1fe6c47,c97fcbbdb2b0147dc896a96345516b7fb9a807ea67e810bda3311f57b1fe6c47,c97fcbbdb2b0147dc896a96345516b7fb9a807ea67e810bda3311f57b1fe6c47,c97fcbbdb2b0147dc896a96345516b7fb9a807ea67e810bda3311f57b1fe6c47,c97fcbbdb2b0147dc896a96345516b7fb9a807ea67e810bda3311f57b1fe6c47,c97fcbbdb2b0147dc896a96345516b7fb9a807ea67e810bda3311f57b1fe6c47,c97fcbbdb2b0147dc896a96345516b7fb9a807ea67e810bda3311f57b1fe6c47,c97fcbbdb2b0147dc896a96345516b7fb9a807ea67e810bda3311f57b1fe6c47,c97fcbbdb2b0147dc896a96345516b7fb9a807ea67e810bda3311f57b1fe6c47,c97fcbbdb2b0147dc896a96345516b7fb9a807ea67e810bda3311f57b1fe6c47,1,1,1,1,1,1,1,1,1,1,1
final_polar_003,polar,free_text,4fc6c26f2c6353f81440b366dab6f5ab32f68190c05c9c7c30ae4331f662efb7,4fc6c26f2c6353f81440b366dab6f5ab32f68190c05c9c7c30ae4331f662efb7,4fc6c26f2c6353f81440b366dab6f5ab32f68190c05c9c7c30ae4331f662efb7,4fc6c26f2c6353f81440b366dab6f5ab32f68190c05c9c7c30ae4331f662efb7,4fc6c26f2c6353f81440b366dab6f5ab32f68190c05c9c7c30ae4331f662efb7,4fc6c26f2c6353f81440b366dab6f5ab32f68190c05c9c7c30ae4331f662efb7,4fc6c26f2c6353f81440b366dab6f5ab32f68190c05c9c7c30ae4331f662efb7,4fc6c26f2c6353f81440b366dab6f5ab32f68190c05c9c7c30ae4331f662efb7,4fc6c26f2c6353f81440b366dab6f5ab32f68190c05c9c7c30ae4331f662efb7,4fc6c26f2c6353f81440b366dab6f5ab32f68190c05c9c7c30ae4331f662efb7,4fc6c26f2c6353f81440b366dab6f5ab32f68190c05c9c7c30ae4331f662efb7,4fc6c26f2c6353f81440b366dab6f5ab32f68190c05c9c7c30ae4331f662efb7,4fc6c26f2c6353f81440b366dab6f5ab32f68190c05c9c7c30ae4331f662efb7,1,1,1,1,1,1,1,1,1,1,1
final_polar_004,polar,semi_structured,ec08c11d837748eaa1ac0b5566110a911fb33b5a9232401060474786ae79062e,ec08c11d837748eaa1ac0b5566110a911fb33b5a9232401060474786ae79062e,ec08c11d837748eaa1ac0b5566110a911fb33b5a9232401060474786ae79062e,ec08c11d837748eaa1ac0b5566110a911fb33b5a9232401060474786ae79062e,ec08c11d837748eaa1ac0b5566110a911fb33b5a9232401060474786ae79062e,ec08c11d837748eaa1ac0b5566110a911fb33b5a9232401060474786ae79062e,ec08c11d837748eaa1ac0b5566110a911fb33b5a9232401060474786ae79062e,ec08c11d837748eaa1ac0b5566110a911fb33b5a9232401060474786ae79062e,ec08c11d837748eaa1ac0b5566110a911fb33b5a9232401060474786ae79062e,ec08c11d837748eaa1ac0b5566110a911fb33b5a9232401060474786ae79062e,ec08c11d837748eaa1ac0b5566110a911fb33b5a9232401060474786ae79062e,ec08c11d837748eaa1ac0b5566110a911fb33b5a9232401060474786ae79062e,ec08c11d837748eaa1ac0b5566110a911fb33b5a9232401060474786ae79062e,1,1,1,1,1,1,1,1,1,1,1
final_polar_005,polar,semi_structured,9b8f75e39de6635917d775c06c655b9fe5eac36a4033b176e863785f4b1be197,9b8f75e39de6635917d775c06c655b9fe5eac36a4033b176e863785f4b1be197,9b8f75e39de6635917d775c06c655b9fe5eac36a4033b176e863785f4b1be197,9b8f75e39de6635917d775c06c655b9fe5eac36a4033b176e863785f4b1be197,9b8f75e39de6635917d775c06c655b9fe5eac36a4033b176e863785f4b1be197,9b8f75e39de6635917d775c06c655b9fe5eac36a4033b176e863785f4b1be197,9b8f75e39de6635917d775c06c655b9fe5eac36a4033b176e863785f4b1be197,9b8f75e39de6635917d775c06c655b9fe5eac36a4033b176e863785f4b1be197,9b8f75e39de6635917d775c06c655b9fe5eac36a4033b176e863785f4b1be197,9b8f75e39de6635917d775c06c655b9fe5eac36a4033b176e863785f4b1be197,9b8f75e39de6635917d775c06c655b9fe5eac36a4033b176e863785f4b1be197,9b8f75e39de6635917d775c06c655b9fe5eac36a4033b176e863785f4b1be197,9b8f75e39de6635917d775c06c655b9fe5eac36a4033b176e863785f4b1be197,1,1,1,1,1,1,1,1,1,1,1
final_polar_006,polar,semi_structured,a35d0904a7a22d4b9f41ff067a64a9c00f801d5f75836fadf87942c48eb88caa,a35d0904a7a22d4b9f41ff067a64a9c00f801d5f75836fadf87942c48eb88caa,a35d0904a7a22d4b9f41ff067a64a9c00f801d5f75836fadf87942c48eb88caa,a35d0904a7a22d4b9f41ff067a64a9c00f801d5f75836fadf87942c48eb88caa,a35d0904a7a22d4b9f41ff067a64a9c00f801d5f75836fadf87942c48eb88caa,a35d0904a7a22d4b9f41ff067a64a9c00f801d5f75836fadf87942c48eb88caa,a35d0904a7a22d4b9f41ff067a64a9c00f801d5f75836fadf87942c48eb88caa,a35d0904a7a22d4b9f41ff067a64a9c00f801d5f75836fadf87942c48eb88caa,a35d0904a7a22d4b9f41ff067a64a9c00f801d5f75836fadf87942c48eb88caa,a35d0904a7a22d4b9f41ff067a64a9c00f801d5f75836fadf87942c48eb88caa,a35d0904a7a22d4b9f41ff067a64a9c00f801d5f75836fadf87942c48eb88caa,a35d0904a7a22d4b9f41ff067a64a9c00f801d5f75836fadf87942c48eb88caa,a35d0904a7a22d4b9f41ff067a64a9c00f801d5f75836fadf87942c48eb88caa,1,1,1,1,1,1,1,1,1,1,1
final_polar_007,polar,semi_structured,1bb7281e3553c882563937177a2a53feef0d00fc8a703f7564e2a78cf9086760,1bb7281e3553c882563937177a2a53feef0d00fc8a703f7564e2a78cf9086760,1bb7281e3553c882563937177a2a53feef0d00fc8a703f7564e2a78cf9086760,1bb7281e3553c882563937177a2a53feef0d00fc8a703f7564e2a78cf9086760,1bb7281e3553c882563937177a2a53feef0d00fc8a703f7564e2a78cf9086760,1bb7281e3553c882563937177a2a53feef0d00fc8a703f7564e2a78cf9086760,1bb7281e3553c882563937177a2a53feef0d00fc8a703f7564e2a78cf9086760,1bb7281e3553c882563937177a2a53feef0d00fc8a703f7564e2a78cf9086760,1bb7281e3553c882563937177a2a53feef0d00fc8a703f7564e2a78cf9086760,1bb7281e3553c882563937177a2a53feef0d00fc8a703f7564e2a78cf9086760,1bb7281e3553c882563937177a2a53feef0d00fc8a703f7564e2a78cf9086760,1bb7281e3553c882563937177a2a53feef0d00fc8a703f7564e2a78cf9086760,1bb7281e3553c882563937177a2a53feef0d00fc8a703f7564e2a78cf9086760,1,1,1,1,1,1,1,1,1,1,1
final_polar_008,polar,semi_structured,528e87b05c96b2360410daff7f9a7dbd6a8b2cc7cc6cdd9475ead151b26d03e5,528e87b05c96b2360410daff7f9a7dbd6a8b2cc7cc6cdd9475ead151b26d03e5,528e87b05c96b2360410daff7f9a7dbd6a8b2cc7cc6cdd9475ead151b26d03e5,528e87b05c96b2360410daff7f9a7dbd6a8b2cc7cc6cdd9475ead151b26d03e5,528e87b05c96b2360410daff7f9a7dbd6a8b2cc7cc6cdd9475ead151b26d03e5,528e87b05c96b2360410daff7f9a7dbd6a8b2cc7cc6cdd9475ead151b26d03e5,528e87b05c96b2360410daff7f9a7dbd6a8b2cc7cc6cdd9475ead151b26d03e5,528e87b05c96b2360410daff7f9a7dbd6a8b2cc7cc6cdd9475ead151b26d03e5,528e87b05c96b2360410daff7f9a7dbd6a8b2cc7cc6cdd9475ead151b26d03e5,528e87b05c96b2360410daff7f9a7dbd6a8b2cc7cc6cdd9475ead151b26d03e5,528e87b05c96b2360410daff7f9a7dbd6a8b2cc7cc6cdd9475ead151b26d03e5,528e87b05c96b2360410daff7f9a7dbd6a8b2cc7cc6cdd9475ead151b26d03e5,528e87b05c96b2360410daff7f9a7dbd6a8b2cc7cc6cdd9475ead151b26d03e5,1,1,1,1,1,1,1,1,1,1,1
final_polar_009,polar,semi_structured,acd6991e3c8163239579f7812a27f4b23f09143d3f5a2c0674d607354374b7cd,acd6991e3c8163239579f7812a27f4b23f09143d3f5a2c0674d607354374b7cd,acd6991e3c8163239579f7812a27f4b23f09143d3f5a2c0674d607354374b7cd,acd6991e3c8163239579f7812a27f4b23f09143d3f5a2c0674d607354374b7cd,acd6991e3c8163239579f7812a27f4b23f09143d3f5a2c0674d607354374b7cd,acd6991e3c8163239579f7812a27f4b23f09143d3f5a2c0674d607354374b7cd,acd6991e3c8163239579f7812a27f4b23f09143d3f5a2c0674d607354374b7cd,acd6991e3c8163239579f7812a27f4b23f09143d3f5a2c0674d607354374b7cd,acd6991e3c8163239579f7812a27f4b23f09143d3f5a2c0674d607354374b7cd,acd6991e3c8163239579f7812a27f4b23f09143d3f5a2c0674d607354374b7cd,acd6991e3c8163239579f7812a27f4b23f09143d3f5a2c0674d607354374b7cd,acd6991e3c8163239579f7812a27f4b23f09143d3f5a2c0674d607354374b7cd,acd6991e3c8163239579f7812a27f4b23f09143d3f5a2c0674d607354374b7cd,1,1,1,1,1,1,1,1,1,1,1
final_polar_010,polar,semi_structured,82ec5550971f39ec9d69565c8afbac5b2fe47190e8105965d413dc4381651ef7,82ec5550971f39ec9d69565c8afbac5b2fe47190e8105965d413dc4381651ef7,82ec5550971f39ec9d69565c8afbac5b2fe47190e8105965d413dc4381651ef7,82ec5550971f39ec9d69565c8afbac5b2fe47190e8105965d413dc4381651ef7,82ec5550971f39ec9d69565c8afbac5b2fe47190e8105965d413dc4381651ef7,82ec5550971f39ec9d69565c8afbac5b2fe47190e8105965d413dc4381651ef7,82ec5550971f39ec9d69565c8afbac5b2fe47190e8105965d413dc4381651ef7,82ec5550971f39ec9d69565c8afbac5b2fe47190e8105965d413dc4381651ef7,82ec5550971f39ec9d69565c8afbac5b2fe47190e8105965d413dc4381651ef7,82ec5550971f39ec9d69565c8afbac5b2fe47190e8105965d413dc4381651ef7,82ec5550971f39ec9d69565c8afbac5b2fe47190e8105965d413dc4381651ef7,82ec5550971f39ec9d69565c8afbac5b2fe47190e8105965d413dc4381651ef7,82ec5550971f39ec9d69565c8afbac5b2fe47190e8105965d413dc4381651ef7,1,1,1,1,1,1,1,1,1,1,1
final_polar_011,polar,semi_structured,d26c9db99c2789909adbde268ac836c28f1d4b2171d165cc854a9ce3b0586428,d26c9db99c2789909adbde268ac836c28f1d4b2171d165cc854a9ce3b0586428,d26c9db99c2789909adbde268ac836c28f1d4b2171d165cc854a9ce3b0586428,d26c9db99c2789909adbde268ac836c28f1d4b2171d165cc854a9ce3b0586428,d26c9db99c2789909adbde268ac836c28f1d4b2171d165cc854a9ce3b0586428,d26c9db99c2789909adbde268ac836c28f1d4b2171d165cc854a9ce3b0586428,d26c9db99c2789909adbde268ac836c28f1d4b2171d165cc854a9ce3b0586428,d26c9db99c2789909adbde268ac836c28f1d4b2171d165cc854a9ce3b0586428,d26c9db99c2789909adbde268ac836c28f1d4b2171d165cc854a9ce3b0586428,d26c9db99c2789909adbde268ac836c28f1d4b2171d165cc854a9ce3b0586428,d26c9db99c2789909adbde268ac836c28f1d4b2171d165cc854a9ce3b0586428,d26c9db99c2789909adbde268ac836c28f1d4b2171d165cc854a9ce3b0586428,d26c9db99c2789909adbde268ac836c28f1d4b2171d165cc854a9ce3b0586428,1,1,1,1,1,1,1,1,1,1,1
final_polar_012,polar,semi_structured,ef3597de88fff20b6fbf5fb26e27ddb7a21251e8792ca275e874aaa5720926e4,ef3597de88fff20b6fbf5fb26e27ddb7a21251e8792ca275e874aaa5720926e4,ef3597de88fff20b6fbf5fb26e27ddb7a21251e8792ca275e874aaa5720926e4,ef3597de88fff20b6fbf5fb26e27ddb7a21251e8792ca275e874aaa5720926e4,ef3597de88fff20b6fbf5fb26e27ddb7a21251e8792ca275e874aaa5720926e4,ef3597de88fff20b6fbf5fb26e27ddb7a21251e8792ca275e874aaa5720926e4,ef3597de88fff20b6fbf5fb26e27ddb7a21251e8792ca275e874aaa5720926e4,ef3597de88fff20b6fbf5fb26e27ddb7a21251e8792ca275e874aaa5720926e4,ef3597de88fff20b6fbf5fb26e27ddb7a21251e8792ca275e874aaa5720926e4,ef3597de88fff20b6fbf5fb26e27ddb7a21251e8792ca275e874aaa5720926e4,ef3597de88fff20b6fbf5fb26e27ddb7a21251e8792ca275e874aaa5720926e4,ef3597de88fff20b6fbf5fb26e27ddb7a21251e8792ca275e874aaa5720926e4,ef3597de88fff20b6fbf5fb26e27ddb7a21251e8792ca275e874aaa5720926e4,1,1,1,1,1,1,1,1,1,1,1
final_polar_013,polar,semi_structured,88804be5ad5db7379d428aede3f7a705d958393d5d6f16e4cc5ba851a05c4183,88804be5ad5db7379d428aede3f7a705d958393d5d6f16e4cc5ba851a05c4183,88804be5ad5db7379d428aede3f7a705d958393d5d6f16e4cc5ba851a05c4183,88804be5ad5db7379d428aede3f7a705d958393d5d6f16e4cc5ba851a05c4183,88804be5ad5db7379d428aede3f7a705d958393d5d6f16e4cc5ba851a05c4183,88804be5ad5db7379d428aede3f7a705d958393d5d6f16e4cc5ba851a05c4183,88804be5ad5db7379d428aede3f7a705d958393d5d6f16e4cc5ba851a05c4183,88804be5ad5db7379d428aede3f7a705d958393d5d6f16e4cc5ba851a05c4183,88804be5ad5db7379d428aede3f7a705d958393d5d6f16e4cc5ba851a05c4183,88804be5ad5db7379d428aede3f7a705d958393d5d6f16e4cc5ba851a05c4183,88804be5ad5db7379d428aede3f7a705d958393d5d6f16e4cc5ba851a05c4183,88804be5ad5db7379d428aede3f7a705d958393d5d6f16e4cc5ba851a05c4183,88804be5ad5db7379d428aede3f7a705d958393d5d6f16e4cc5ba851a05c4183,1,1,1,1,1,1,1,1,1,1,1
final_polar_014,polar,semi_structured,e67db728c60aad30b58dd9648eca58ea6b0d933bd909a314d83aa33ac231a163,e67db728c60aad30b58dd9648eca58ea6b0d933bd909a314d83aa33ac231a163,e67db728c60aad30b58dd9648eca58ea6b0d933bd909a314d83aa33ac231a163,e67db728c60aad30b58dd9648eca58ea6b0d933bd909a314d83aa33ac231a163,e67db728c60aad30b58dd9648eca58ea6b0d933bd909a314d83aa33ac231a163,e67db728c60aad30b58dd9648eca58ea6b0d933bd909a314d83aa33ac231a163,e67db728c60aad30b58dd9648eca58ea6b0d933bd909a314d83aa33ac231a163,e67db728c60aad30b58dd9648eca58ea6b0d933bd909a314d83aa33ac231a163,e67db728c60aad30b58dd9648eca58ea6b0d933bd909a314d83aa33ac231a163,e67db728c60aad30b58dd9648eca58ea6b0d933bd909a314d83aa33ac231a163,e67db728c60aad30b58dd9648eca58ea6b0d933bd909a314d83aa33ac231a163,e67db728c60aad30b58dd9648eca58ea6b0d933bd909a314d83aa33ac231a163,e67db728c60aad30b58dd9648eca58ea6b0d933bd909a314d83aa33ac231a163,1,1,1,1,1,1,1,1,1,1,1
final_polar_015,polar,semi_structured,08d86ba6ba56639d29bf3df5e5c3bf326d9b7de797262c79d495e4bfce0d05a7,08d86ba6ba56639d29bf3df5e5c3bf326d9b7de797262c79d495e4bfce0d05a7,08d86ba6ba56639d29bf3df5e5c3bf326d9b7de797262c79d495e4bfce0d05a7,08d86ba6ba56639d29bf3df5e5c3bf326d9b7de797262c79d495e4bfce0d05a7,08d86ba6ba56639d29bf3df5e5c3bf326d9b7de797262c79d495e4bfce0d05a7,08d86ba6ba56639d29bf3df5e5c3bf326d9b7de797262c79d495e4bfce0d05a7,08d86ba6ba56639d29bf3df5e5c3bf326d9b7de797262c79d495e4bfce0d05a7,08d86ba6ba56639d29bf3df5e5c3bf326d9b7de797262c79d495e4bfce0d05a7,08d86ba6ba56639d29bf3df5e5c3bf326d9b7de797262c79d495e4bfce0d05a7,08d86ba6ba56639d29bf3df5e5c3bf326d9b7de797262c79d495e4bfce0d05a7,08d86ba6ba56639d29bf3df5e5c3bf326d9b7de797262c79d495e4bfce0d05a7,08d86ba6ba56639d29bf3df5e5c3bf326d9b7de797262c79d495e4bfce0d05a7,08d86ba6ba56639d29bf3df5e5c3bf326d9b7de797262c79d495e4bfce0d05a7,1,1,1,1,1,1,1,1,1,1,1
final_polar_016,polar,free_text,6aa796886ae0d73d894a37e57e384cbf46784e27745ad22c9a7782d24db7403a,6aa796886ae0d73d894a37e57e384cbf46784e27745ad22c9a7782d24db7403a,6aa796886ae0d73d894a37e57e384cbf46784e27745ad22c9a7782d24db7403a,6aa796886ae0d73d894a37e57e384cbf46784e27745ad22c9a7782d24db7403a,6aa796886ae0d73d894a37e57e384cbf46784e27745ad22c9a7782d24db7403a,6aa796886ae0d73d894a37e57e384cbf46784e27745ad22c9a7782d24db7403a,6aa796886ae0d73d894a37e57e384cbf46784e27745ad22c9a7782d24db7403a,6aa796886ae0d73d894a37e57e384cbf46784e27745ad22c9a7782d24db7403a,6aa796886ae0d73d894a37e57e384cbf46784e27745ad22c9a7782d24db7403a,6aa796886ae0d73d894a37e57e384cbf46784e27745ad22c9a7782d24db7403a,6aa796886ae0d73d894a37e57e384cbf46784e27745ad22c9a7782d24db7403a,6aa796886ae0d73d894a37e57e384cbf46784e27745ad22c9a7782d24db7403a,6aa796886ae0d73d894a37e57e384cbf46784e27745ad22c9a7782d24db7403a,1,1,1,1,1,1,1,1,1,1,1
final_polar_017,polar,free_text,0bb4528fe0239f18a59045653ba8f394693e4259634922945d7f40677a03cc6d,0bb4528fe0239f18a59045653ba8f394693e4259634922945d7f40677a03cc6d,0bb4528fe0239f18a59045653ba8f394693e4259634922945d7f40677a03cc6d,0bb4528fe0239f18a59045653ba8f394693e4259634922945d7f40677a03cc6d,0bb4528fe0239f18a59045653ba8f394693e4259634922945d7f40677a03cc6d,0bb4528fe0239f18a59045653ba8f394693e4259634922945d7f40677a03cc6d,0bb4528fe0239f18a59045653ba8f394693e4259634922945d7f40677a03cc6d,0bb4528fe0239f18a59045653ba8f394693e4259634922945d7f40677a03cc6d,0bb4528fe0239f18a59045653ba8f394693e4259634922945d7f40677a03cc6d,0bb4528fe0239f18a59045653ba8f394693e4259634922945d7f40677a03cc6d,0bb4528fe0239f18a59045653ba8f394693e4259634922945d7f40677a03cc6d,0bb4528fe0239f18a59045653ba8f394693e4259634922945d7f40677a03cc6d,0bb4528fe0239f18a59045653ba8f394693e4259634922945d7f40677a03cc6d,1,1,1,1,1,1,1,1,1,1,1
final_polar_018,polar,free_text,9621712907bd8444442e2fcf4bc34f6c2d497f10bbec71036acd4072981c6edb,9621712907bd8444442e2fcf4bc34f6c2d497f10bbec71036acd4072981c6edb,9621712907bd8444442e2fcf4bc34f6c2d497f10bbec71036acd4072981c6edb,9621712907bd8444442e2fcf4bc34f6c2d497f10bbec71036acd4072981c6edb,9621712907bd8444442e2fcf4bc34f6c2d497f10bbec71036acd4072981c6edb,9621712907bd8444442e2fcf4bc34f6c2d497f10bbec71036acd4072981c6edb,9621712907bd8444442e2fcf4bc34f6c2d497f10bbec71036acd4072981c6edb,9621712907bd8444442e2fcf4bc34f6c2d497f10bbec71036acd4072981c6edb,9621712907bd8444442e2fcf4bc34f6c2d497f10bbec71036acd4072981c6edb,9621712907bd8444442e2fcf4bc34f6c2d497f10bbec71036acd4072981c6edb,9621712907bd8444442e2fcf4bc34f6c2d497f10bbec71036acd4072981c6edb,9621712907bd8444442e2fcf4bc34f6c2d497f10bbec71036acd4072981c6edb,9621712907bd8444442e2fcf4bc34f6c2d497f10bbec71036acd4072981c6edb,1,1,1,1,1,1,1,1,1,1,1
final_polar_019,polar,semi_structured,1c339be781dfe93bd513df2ee603848a5d16b60a658f3d3b8fb668f1972faf13,1c339be781dfe93bd513df2ee603848a5d16b60a658f3d3b8fb668f1972faf13,1c339be781dfe93bd513df2ee603848a5d16b60a658f3d3b8fb668f1972faf13,1c339be781dfe93bd513df2ee603848a5d16b60a658f3d3b8fb668f1972faf13,1c339be781dfe93bd513df2ee603848a5d16b60a658f3d3b8fb668f1972faf13,1c339be781dfe93bd513df2ee603848a5d16b60a658f3d3b8fb668f1972faf13,1c339be781dfe93bd513df2ee603848a5d16b60a658f3d3b8fb668f1972faf13,1c339be781dfe93bd513df2ee603848a5d16b60a658f3d3b8fb668f1972faf13,1c339be781dfe93bd513df2ee603848a5d16b60a658f3d3b8fb668f1972faf13,1c339be781dfe93bd513df2ee603848a5d16b60a658f3d3b8fb668f1972faf13,1c339be781dfe93bd513df2ee603848a5d16b60a658f3d3b8fb668f1972faf13,1c339be781dfe93bd513df2ee603848a5d16b60a658f3d3b8fb668f1972faf13,1c339be781dfe93bd513df2ee603848a5d16b60a658f3d3b8fb668f1972faf13,1,1,1,1,1,1,1,1,1,1,1
final_polar_020,polar,semi_structured,d82b6d1d7cbce3f2c1b737de28979b4f16f16b2a1fc41fd7610027b684b5de7f,d82b6d1d7cbce3f2c1b737de28979b4f16f16b2a1fc41fd7610027b684b5de7f,d82b6d1d7cbce3f2c1b737de28979b4f16f16b2a1fc41fd7610027b684b5de7f,d82b6d1d7cbce3f2c1b737de28979b4f16f16b2a1fc41fd7610027b684b5de7f,d82b6d1d7cbce3f2c1b737de28979b4f16f16b2a1fc41fd7610027b684b5de7f,d82b6d1d7cbce3f2c1b737de28979b4f16f16b2a1fc41fd7610027b684b5de7f,d82b6d1d7cbce3f2c1b737de28979b4f16f16b2a1fc41fd7610027b684b5de7f,d82b6d1d7cbce3f2c1b737de28979b4f16f16b2a1fc41fd7610027b684b5de7f,d82b6d1d7cbce3f2c1b737de28979b4f16f16b2a1fc41fd7610027b684b5de7f,d82b6d1d7cbce3f2c1b737de28979b4f16f16b2a1fc41fd7610027b684b5de7f,d82b6d1d7cbce3f2c1b737de28979b4f16f16b2a1fc41fd7610027b684b5de7f,d82b6d1d7cbce3f2c1b737de28979b4f16f16b2a1fc41fd7610027b684b5de7f,d82b6d1d7cbce3f2c1b737de28979b4f16f16b2a1fc41fd7610027b684b5de7f,1,1,1,1,1,1,1,1,1,1,1
final_polar_021,polar,semi_structured,39b7010ffe9c85439bf5f6b25fc2dc093eb4f640f4be50b05b6e042aa0289e6a,39b7010ffe9c85439bf5f6b25fc2dc093eb4f640f4be50b05b6e042aa0289e6a,39b7010ffe9c85439bf5f6b25fc2dc093eb4f640f4be50b05b6e042aa0289e6a,39b7010ffe9c85439bf5f6b25fc2dc093eb4f640f4be50b05b6e042aa0289e6a,39b7010ffe9c85439bf5f6b25fc2dc093eb4f640f4be50b05b6e042aa0289e6a,39b7010ffe9c85439bf5f6b25fc2dc093eb4f640f4be50b05b6e042aa0289e6a,39b7010ffe9c85439bf5f6b25fc2dc093eb4f640f4be50b05b6e042aa0289e6a,39b7010ffe9c85439bf5f6b25fc2dc093eb4f640f4be50b05b6e042aa0289e6a,39b7010ffe9c85439bf5f6b25fc2dc093eb4f640f4be50b05b6e042aa0289e6a,39b7010ffe9c85439bf5f6b25fc2dc093eb4f640f4be50b05b6e042aa0289e6a,39b7010ffe9c85439bf5f6b25fc2dc093eb4f640f4be50b05b6e042aa0289e6a,39b7010ffe9c85439bf5f6b25fc2dc093eb4f640f4be50b05b6e042aa0289e6a,39b7010ffe9c85439bf5f6b25fc2dc093eb4f640f4be50b05b6e042aa0289e6a,1,1,1,1,1,1,1,1,1,1,1
final_polar_022,polar,semi_structured,e1eb4c539f141c19c57224513fc07d245727d9cf2ceedef2ff195f7fa741df13,e1eb4c539f141c19c57224513fc07d245727d9cf2ceedef2ff195f7fa741df13,e1eb4c539f141c19c57224513fc07d245727d9cf2ceedef2ff195f7fa741df13,e1eb4c539f141c19c57224513fc07d245727d9cf2ceedef2ff195f7fa741df13,e1eb4c539f141c19c57224513fc07d245727d9cf2ceedef2ff195f7fa741df13,e1eb4c539f141c19c57224513fc07d245727d9cf2ceedef2ff195f7fa741df13,e1eb4c539f141c19c57224513fc07d245727d9cf2ceedef2ff195f7fa741df13,e1eb4c539f141c19c57224513fc07d245727d9cf2ceedef2ff195f7fa741df13,e1eb4c539f141c19c57224513fc07d245727d9cf2ceedef2ff195f7fa741df13,e1eb4c539f141c19c57224513fc07d245727d9cf2ceedef2ff195f7fa741df13,e1eb4c539f141c19c57224513fc07d245727d9cf2ceedef2ff195f7fa741df13,e1eb4c539f141c19c57224513fc07d245727d9cf2ceedef2ff195f7fa741df13,e1eb4c539f141c19c57224513fc07d245727d9cf2ceedef2ff195f7fa741df13,1,1,1,1,1,1,1,1,1,1,1
final_polar_023,polar,semi_structured,cef59c7c9c9338ab6bbf08d16746f225420fba783a476041877e6c0c485e008b,cef59c7c9c9338ab6bbf08d16746f225420fba783a476041877e6c0c485e008b,cef59c7c9c9338ab6bbf08d16746f225420fba783a476041877e6c0c485e008b,cef59c7c9c9338ab6bbf08d16746f225420fba783a476041877e6c0c485e008b,cef59c7c9c9338ab6bbf08d16746f225420fba783a476041877e6c0c485e008b,cef59c7c9c9338ab6bbf08d16746f225420fba783a476041877e6c0c485e008b,cef59c7c9c9338ab6bbf08d16746f225420fba783a476041877e6c0c485e008b,cef59c7c9c9338ab6bbf08d16746f225420fba783a476041877e6c0c485e008b,cef59c7c9c9338ab6bbf08d16746f225420fba783a476041877e6c0c485e008b,cef59c7c9c9338ab6bbf08d16746f225420fba783a476041877e6c0c485e008b,cef59c7c9c9338ab6bbf08d16746f225420fba783a476041877e6c0c485e008b,cef59c7c9c9338ab6bbf08d16746f225420fba783a476041877e6c0c485e008b,cef59c7c9c9338ab6bbf08d16746f225420fba783a476041877e6c0c485e008b,1,1,1,1,1,1,1,1,1,1,1
final_polar_024,polar,semi_structured,ea2ad6e2a08f7810b7f597b040e26e263882cc30fa991d596b449abf7d89f560,ea2ad6e2a08f7810b7f597b040e26e263882cc30fa991d596b449abf7d89f560,ea2ad6e2a08f7810b7f597b040e26e263882cc30fa991d596b449abf7d89f560,ea2ad6e2a08f7810b7f597b040e26e263882cc30fa991d596b449abf7d89f560,ea2ad6e2a08f7810b7f597b040e26e263882cc30fa991d596b449abf7d89f560,ea2ad6e2a08f7810b7f597b040e26e263882cc30fa991d596b449abf7d89f560,ea2ad6e2a08f7810b7f597b040e26e263882cc30fa991d596b449abf7d89f560,ea2ad6e2a08f7810b7f597b040e26e263882cc30fa991d596b449abf7d89f560,ea2ad6e2a08f7810b7f597b040e26e263882cc30fa991d596b449abf7d89f560,ea2ad6e2a08f7810b7f597b040e26e263882cc30fa991d596b449abf7d89f560,ea2ad6e2a08f7810b7f597b040e26e263882cc30fa991d596b449abf7d89f560,ea2ad6e2a08f7810b7f597b040e26e263882cc30fa991d596b449abf7d89f560,ea2ad6e2a08f7810b7f597b040e26e263882cc30fa991d596b449abf7d89f560,1,1,1,1,1,1,1,1,1,1,1
final_polar_025,polar,semi_structured,a61271ab0a918b18a1708054b27d936500ff71b3987c589d09149c045f5bb268,a61271ab0a918b18a1708054b27d936500ff71b3987c589d09149c045f5bb268,a61271ab0a918b18a1708054b27d936500ff71b3987c589d09149c045f5bb268,a61271ab0a918b18a1708054b27d936500ff71b3987c589d09149c045f5bb268,d400000e0cd84ece9e395430edfd09ab86f8c3735c594d88d7e3e7a3b0364bcc,d400000e0cd84ece9e395430edfd09ab86f8c3735c594d88d7e3e7a3b0364bcc,d400000e0cd84ece9e395430edfd09ab86f8c3735c594d88d7e3e7a3b0364bcc,d400000e0cd84ece9e395430edfd09ab86f8c3735c594d88d7e3e7a3b0364bcc,d400000e0cd84ece9e395430edfd09ab86f8c3735c594d88d7e3e7a3b0364bcc,d400000e0cd84ece9e395430edfd09ab86f8c3735c594d88d7e3e7a3b0364bcc,d400000e0cd84ece9e395430edfd09ab86f8c3735c594d88d7e3e7a3b0364bcc,d400000e0cd84ece9e395430edfd09ab86f8c3735c594d88d7e3e7a3b0364bcc,d400000e0cd84ece9e395430edfd09ab86f8c3735c594d88d7e3e7a3b0364bcc,1,1,1,0,1,1,1,1,1,1,1
final_polar_026,polar,semi_structured,43f65913d8bbaee0a1acc57bd91e9511f34c973efd76325126c430b5ddef0387,43f65913d8bbaee0a1acc57bd91e9511f34c973efd76325126c430b5ddef0387,43f65913d8bbaee0a1acc57bd91e9511f34c973efd76325126c430b5ddef0387,43f65913d8bbaee0a1acc57bd91e9511f34c973efd76325126c430b5ddef0387,81b5a959d7035816825fde763ca4be49d915e46bef1f4e66d5a3bdb39c18f554,81b5a959d7035816825fde763ca4be49d915e46bef1f4e66d5a3bdb39c18f554,81b5a959d7035816825fde763ca4be49d915e46bef1f4e66d5a3bdb39c18f554,81b5a959d7035816825fde763ca4be49d915e46bef1f4e66d5a3bdb39c18f554,81b5a959d7035816825fde763ca4be49d915e46bef1f4e66d5a3bdb39c18f554,81b5a959d7035816825fde763ca4be49d915e46bef1f4e66d5a3bdb39c18f554,81b5a959d7035816825fde763ca4be49d915e46bef1f4e66d5a3bdb39c18f554,81b5a959d7035816825fde763ca4be49d915e46bef1f4e66d5a3bdb39c18f554,81b5a959d7035816825fde763ca4be49d915e46bef1f4e66d5a3bdb39c18f554,1,1,1,0,1,1,1,1,1,1,1
final_polar_027,polar,semi_structured,d9b5c2860f052922cf0c8bcd822cc004232fd0b04c67747b27ff5934d974a2fa,d9b5c2860f052922cf0c8bcd822cc004232fd0b04c67747b27ff5934d974a2fa,d9b5c2860f052922cf0c8bcd822cc004232fd0b04c67747b27ff5934d974a2fa,d9b5c2860f052922cf0c8bcd822cc004232fd0b04c67747b27ff5934d974a2fa,9d3436d7a32f16668ad9841fd775675ba497d780775aecc2cefc797dd923291c,9d3436d7a32f16668ad9841fd775675ba497d780775aecc2cefc797dd923291c,9d3436d7a32f16668ad9841fd775675ba497d780775aecc2cefc797dd923291c,9d3436d7a32f16668ad9841fd775675ba497d780775aecc2cefc797dd923291c,9d3436d7a32f16668ad9841fd775675ba497d780775aecc2cefc797dd923291c,9d3436d7a32f16668ad9841fd775675ba497d780775aecc2cefc797dd923291c,9d3436d7a32f16668ad9841fd775675ba497d780775aecc2cefc797dd923291c,9d3436d7a32f16668ad9841fd775675ba497d780775aecc2cefc797dd923291c,9d3436d7a32f16668ad9841fd775675ba497d780775aecc2cefc797dd923291c,1,1,1,0,1,1,1,1,1,1,1
final_polar_028,polar,semi_structured,bb8685f2bc50a9348d6ac19b830b47adc4e587ed2f4068951acc3be4481e090a,bb8685f2bc50a9348d6ac19b830b47adc4e587ed2f4068951acc3be4481e090a,bb8685f2bc50a9348d6ac19b830b47adc4e587ed2f4068951acc3be4481e090a,bb8685f2bc50a9348d6ac19b830b47adc4e587ed2f4068951acc3be4481e090a,bb8685f2bc50a9348d6ac19b830b47adc4e587ed2f4068951acc3be4481e090a,bb8685f2bc50a9348d6ac19b830b47adc4e587ed2f4068951acc3be4481e090a,bb8685f2bc50a9348d6ac19b830b47adc4e587ed2f4068951acc3be4481e090a,bb8685f2bc50a9348d6ac19b830b47adc4e587ed2f4068951acc3be4481e090a,bb8685f2bc50a9348d6ac19b830b47adc4e587ed2f4068951acc3be4481e090a,bb8685f2bc50a9348d6ac19b830b47adc4e587ed2f4068951acc3be4481e090a,bb8685f2bc50a9348d6ac19b830b47adc4e587ed2f4068951acc3be4481e090a,bb8685f2bc50a9348d6ac19b830b47adc4e587ed2f4068951acc3be4481e090a,bb8685f2bc50a9348d6ac19b830b47adc4e587ed2f4068951acc3be4481e090a,1,1,1,1,1,1,1,1,1,1,1
final_polar_029,polar,semi_structured,3c05ce709096165c61c884af957c2f3131c01be0bbca8d2ee28d8c828db9385e,3c05ce709096165c61c884af957c2f3131c01be0bbca8d2ee28d8c828db9385e,3c05ce709096165c61c884af957c2f3131c01be0bbca8d2ee28d8c828db9385e,3c05ce709096165c61c884af957c2f3131c01be0bbca8d2ee28d8c828db9385e,3c05ce709096165c61c884af957c2f3131c01be0bbca8d2ee28d8c828db9385e,3c05ce709096165c61c884af957c2f3131c01be0bbca8d2ee28d8c828db9385e,3c05ce709096165c61c884af957c2f3131c01be0bbca8d2ee28d8c828db9385e,3c05ce709096165c61c884af957c2f3131c01be0bbca8d2ee28d8c828db9385e,3c05ce709096165c61c884af957c2f3131c01be0bbca8d2ee28d8c828db9385e,3c05ce709096165c61c884af957c2f3131c01be0bbca8d2ee28d8c828db9385e,3c05ce709096165c61c884af957c2f3131c01be0bbca8d2ee28d8c828db9385e,3c05ce709096165c61c884af957c2f3131c01be0bbca8d2ee28d8c828db9385e,3c05ce709096165c61c884af957c2f3131c01be0bbca8d2ee28d8c828db9385e,1,1,1,1,1,1,1,1,1,1,1
final_polar_030,polar,semi_structured,86645755732dc37f82466c99390d661a55f8b248cc13ef4d447f472683858e8f,86645755732dc37f82466c99390d661a55f8b248cc13ef4d447f472683858e8f,86645755732dc37f82466c99390d661a55f8b248cc13ef4d447f472683858e8f,86645755732dc37f82466c99390d661a55f8b248cc13ef4d447f472683858e8f,86645755732dc37f82466c99390d661a55f8b248cc13ef4d447f472683858e8f,86645755732dc37f82466c99390d661a55f8b248cc13ef4d447f472683858e8f,86645755732dc37f82466c99390d661a55f8b248cc13ef4d447f472683858e8f,86645755732dc37f82466c99390d661a55f8b248cc13ef4d447f472683858e8f,86645755732dc37f82466c99390d661a55f8b248cc13ef4d447f472683858e8f,86645755732dc37f82466c99390d661a55f8b248cc13ef4d447f472683858e8f,86645755732dc37f82466c99390d661a55f8b248cc13ef4d447f472683858e8f,86645755732dc37f82466c99390d661a55f8b248cc13ef4d447f472683858e8f,86645755732dc37f82466c99390d661a55f8b248cc13ef4d447f472683858e8f,1,1,1,1,1,1,1,1,1,1,1
final_polar_031,polar,free_text,4641a173f709ad766f8eee84f5bf09601a8b203640c72b774be72ddb5fe77f02,4641a173f709ad766f8eee84f5bf09601a8b203640c72b774be72ddb5fe77f02,4641a173f709ad766f8eee84f5bf09601a8b203640c72b774be72ddb5fe77f02,4641a173f709ad766f8eee84f5bf09601a8b203640c72b774be72ddb5fe77f02,4641a173f709ad766f8eee84f5bf09601a8b203640c72b774be72ddb5fe77f02,4641a173f709ad766f8eee84f5bf09601a8b203640c72b774be72ddb5fe77f02,4641a173f709ad766f8eee84f5bf09601a8b203640c72b774be72ddb5fe77f02,4641a173f709ad766f8eee84f5bf09601a8b203640c72b774be72ddb5fe77f02,4641a173f709ad766f8eee84f5bf09601a8b203640c72b774be72ddb5fe77f02,4641a173f709ad766f8eee84f5bf09601a8b203640c72b774be72ddb5fe77f02,4641a173f709ad766f8eee84f5bf09601a8b203640c72b774be72ddb5fe77f02,4641a173f709ad766f8eee84f5bf09601a8b203640c72b774be72ddb5fe77f02,4641a173f709ad766f8eee84f5bf09601a8b203640c72b774be72ddb5fe77f02,1,1,1,1,1,1,1,1,1,1,1
final_polar_032,polar,free_text,504ab6a86095618af7bb25f8aba87f7a7d2f63f8e19f82bba5cd65cf786de85c,504ab6a86095618af7bb25f8aba87f7a7d2f63f8e19f82bba5cd65cf786de85c,504ab6a86095618af7bb25f8aba87f7a7d2f63f8e19f82bba5cd65cf786de85c,504ab6a86095618af7bb25f8aba87f7a7d2f63f8e19f82bba5cd65cf786de85c,504ab6a86095618af7bb25f8aba87f7a7d2f63f8e19f82bba5cd65cf786de85c,504ab6a86095618af7bb25f8aba87f7a7d2f63f8e19f82bba5cd65cf786de85c,504ab6a86095618af7bb25f8aba87f7a7d2f63f8e19f82bba5cd65cf786de85c,504ab6a86095618af7bb25f8aba87f7a7d2f63f8e19f82bba5cd65cf786de85c,504ab6a86095618af7bb25f8aba87f7a7d2f63f8e19f82bba5cd65cf786de85c,504ab6a86095618af7bb25f8aba87f7a7d2f63f8e19f82bba5cd65cf786de85c,504ab6a86095618af7bb25f8aba87f7a7d2f63f8e19f82bba5cd65cf786de85c,504ab6a86095618af7bb25f8aba87f7a7d2f63f8e19f82bba5cd65cf786de85c,504ab6a86095618af7bb25f8aba87f7a7d2f63f8e19f82bba5cd65cf786de85c,1,1,1,1,1,1,1,1,1,1,1
final_polar_033,polar,free_text,4f912d4c789698b1c71e79ccd269083cc501c749746bc8892992bbaea332c03b,4f912d4c789698b1c71e79ccd269083cc501c749746bc8892992bbaea332c03b,4f912d4c789698b1c71e79ccd269083cc501c749746bc8892992bbaea332c03b,4f912d4c789698b1c71e79ccd269083cc501c749746bc8892992bbaea332c03b,4f912d4c789698b1c71e79ccd269083cc501c749746bc8892992bbaea332c03b,4f912d4c789698b1c71e79ccd269083cc501c749746bc8892992bbaea332c03b,4f912d4c789698b1c71e79ccd269083cc501c749746bc8892992bbaea332c03b,4f912d4c789698b1c71e79ccd269083cc501c749746bc8892992bbaea332c03b,4f912d4c789698b1c71e79ccd269083cc501c749746bc8892992bbaea332c03b,4f912d4c789698b1c71e79ccd269083cc501c749746bc8892992bbaea332c03b,4f912d4c789698b1c71e79ccd269083cc501c749746bc8892992bbaea332c03b,4f912d4c789698b1c71e79ccd269083cc501c749746bc8892992bbaea332c03b,4f912d4c789698b1c71e79ccd269083cc501c749746bc8892992bbaea332c03b,1,1,1,1,1,1,1,1,1,1,1
final_polar_034,polar,semi_structured,9e6188f85b6922402933ef6e10147411bbc1ea75843d7b76bc6555ee2a14784a,9e6188f85b6922402933ef6e10147411bbc1ea75843d7b76bc6555ee2a14784a,9e6188f85b6922402933ef6e10147411bbc1ea75843d7b76bc6555ee2a14784a,9e6188f85b6922402933ef6e10147411bbc1ea75843d7b76bc6555ee2a14784a,9e6188f85b6922402933ef6e10147411bbc1ea75843d7b76bc6555ee2a14784a,9e6188f85b6922402933ef6e10147411bbc1ea75843d7b76bc6555ee2a14784a,9e6188f85b6922402933ef6e10147411bbc1ea75843d7b76bc6555ee2a14784a,9e6188f85b6922402933ef6e10147411bbc1ea75843d7b76bc6555ee2a14784a,9e6188f85b6922402933ef6e10147411bbc1ea75843d7b76bc6555ee2a14784a,9e6188f85b6922402933ef6e10147411bbc1ea75843d7b76bc6555ee2a14784a,9e6188f85b6922402933ef6e10147411bbc1ea75843d7b76bc6555ee2a14784a,9e6188f85b6922402933ef6e10147411bbc1ea75843d7b76bc6555ee2a14784a,9e6188f85b6922402933ef6e10147411bbc1ea75843d7b76bc6555ee2a14784a,1,1,1,1,1,1,1,1,1,1,1
final_polar_035,polar,semi_structured,a45813b19cf17ad76800d13c5d7e9c108652d2e200cabfc19896420b7f512587,a45813b19cf17ad76800d13c5d7e9c108652d2e200cabfc19896420b7f512587,a45813b19cf17ad76800d13c5d7e9c108652d2e200cabfc19896420b7f512587,a45813b19cf17ad76800d13c5d7e9c108652d2e200cabfc19896420b7f512587,a45813b19cf17ad76800d13c5d7e9c108652d2e200cabfc19896420b7f512587,a45813b19cf17ad76800d13c5d7e9c108652d2e200cabfc19896420b7f512587,a45813b19cf17ad76800d13c5d7e9c108652d2e200cabfc19896420b7f512587,a45813b19cf17ad76800d13c5d7e9c108652d2e200cabfc19896420b7f512587,a45813b19cf17ad76800d13c5d7e9c108652d2e200cabfc19896420b7f512587,a45813b19cf17ad76800d13c5d7e9c108652d2e200cabfc19896420b7f512587,a45813b19cf17ad76800d13c5d7e9c108652d2e200cabfc19896420b7f512587,a45813b19cf17ad76800d13c5d7e9c108652d2e200cabfc19896420b7f512587,a45813b19cf17ad76800d13c5d7e9c108652d2e200cabfc19896420b7f512587,1,1,1,1,1,1,1,1,1,1,1
final_polar_036,polar,semi_structured,60d72e940ef4c995cda4257dfaf282254036ae0f82629e1a6070958dcef2d40a,60d72e940ef4c995cda4257dfaf282254036ae0f82629e1a6070958dcef2d40a,60d72e940ef4c995cda4257dfaf282254036ae0f82629e1a6070958dcef2d40a,60d72e940ef4c995cda4257dfaf282254036ae0f82629e1a6070958dcef2d40a,60d72e940ef4c995cda4257dfaf282254036ae0f82629e1a6070958dcef2d40a,60d72e940ef4c995cda4257dfaf282254036ae0f82629e1a6070958dcef2d40a,60d72e940ef4c995cda4257dfaf282254036ae0f82629e1a6070958dcef2d40a,60d72e940ef4c995cda4257dfaf282254036ae0f82629e1a6070958dcef2d40a,60d72e940ef4c995cda4257dfaf282254036ae0f82629e1a6070958dcef2d40a,60d72e940ef4c995cda4257dfaf282254036ae0f82629e1a6070958dcef2d40a,60d72e940ef4c995cda4257dfaf282254036ae0f82629e1a6070958dcef2d40a,60d72e940ef4c995cda4257dfaf282254036ae0f82629e1a6070958dcef2d40a,60d72e940ef4c995cda4257dfaf282254036ae0f82629e1a6070958dcef2d40a,1,1,1,1,1,1,1,1,1,1,1
final_polar_037,polar,semi_structured,0f07dacf711befb1b7901bf2de63eb3e6ddf682f1b63298643f24574d2932c29,0f07dacf711befb1b7901bf2de63eb3e6ddf682f1b63298643f24574d2932c29,0f07dacf711befb1b7901bf2de63eb3e6ddf682f1b63298643f24574d2932c29,0f07dacf711befb1b7901bf2de63eb3e6ddf682f1b63298643f24574d2932c29,0f07dacf711befb1b7901bf2de63eb3e6ddf682f1b63298643f24574d2932c29,0f07dacf711befb1b7901bf2de63eb3e6ddf682f1b63298643f24574d2932c29,0f07dacf711befb1b7901bf2de63eb3e6ddf682f1b63298643f24574d2932c29,0f07dacf711befb1b7901bf2de63eb3e6ddf682f1b63298643f24574d2932c29,0f07dacf711befb1b7901bf2de63eb3e6ddf682f1b63298643f24574d2932c29,0f07dacf711befb1b7901bf2de63eb3e6ddf682f1b63298643f24574d2932c29,0f07dacf711befb1b7901bf2de63eb3e6ddf682f1b63298643f24574d2932c29,0f07dacf711befb1b7901bf2de63eb3e6ddf682f1b63298643f24574d2932c29,0f07dacf711befb1b7901bf2de63eb3e6ddf682f1b63298643f24574d2932c29,1,1,1,1,1,1,1,1,1,1,1
final_polar_038,polar,semi_structured,7844bfa1df44a4826f77a373e58ba4b95972b3dc480f54931ace00ca08fe90a1,7844bfa1df44a4826f77a373e58ba4b95972b3dc480f54931ace00ca08fe90a1,7844bfa1df44a4826f77a373e58ba4b95972b3dc480f54931ace00ca08fe90a1,7844bfa1df44a4826f77a373e58ba4b95972b3dc480f54931ace00ca08fe90a1,7844bfa1df44a4826f77a373e58ba4b95972b3dc480f54931ace00ca08fe90a1,7844bfa1df44a4826f77a373e58ba4b95972b3dc480f54931ace00ca08fe90a1,7844bfa1df44a4826f77a373e58ba4b95972b3dc480f54931ace00ca08fe90a1,7844bfa1df44a4826f77a373e58ba4b95972b3dc480f54931ace00ca08fe90a1,7844bfa1df44a4826f77a373e58ba4b95972b3dc480f54931ace00ca08fe90a1,7844bfa1df44a4826f77a373e58ba4b95972b3dc480f54931ace00ca08fe90a1,7844bfa1df44a4826f77a373e58ba4b95972b3dc480f54931ace00ca08fe90a1,7844bfa1df44a4826f77a373e58ba4b95972b3dc480f54931ace00ca08fe90a1,7844bfa1df44a4826f77a373e58ba4b95972b3dc480f54931ace00ca08fe90a1,1,1,1,1,1,1,1,1,1,1,1
final_polar_039,polar,semi_structured,de1e52d89e376cbc82be90fde2152aa9e09134d8c7a1db1561a1ba64562c7de8,de1e52d89e376cbc82be90fde2152aa9e09134d8c7a1db1561a1ba64562c7de8,de1e52d89e376cbc82be90fde2152aa9e09134d8c7a1db1561a1ba64562c7de8,de1e52d89e376cbc82be90fde2152aa9e09134d8c7a1db1561a1ba64562c7de8,de1e52d89e376cbc82be90fde2152aa9e09134d8c7a1db1561a1ba64562c7de8,de1e52d89e376cbc82be90fde2152aa9e09134d8c7a1db1561a1ba64562c7de8,de1e52d89e376cbc82be90fde2152aa9e09134d8c7a1db1561a1ba64562c7de8,de1e52d89e376cbc82be90fde2152aa9e09134d8c7a1db1561a1ba64562c7de8,de1e52d89e376cbc82be90fde2152aa9e09134d8c7a1db1561a1ba64562c7de8,de1e52d89e376cbc82be90fde2152aa9e09134d8c7a1db1561a1ba64562c7de8,de1e52d89e376cbc82be90fde2152aa9e09134d8c7a1db1561a1ba64562c7de8,de1e52d89e376cbc82be90fde2152aa9e09134d8c7a1db1561a1ba64562c7de8,de1e52d89e376cbc82be90fde2152aa9e09134d8c7a1db1561a1ba64562c7de8,1,1,1,1,1,1,1,1,1,1,1
final_polar_040,polar,semi_structured,d8458a1986416eed3ad8128ba1afa82ee29f392aeb40640d24fbbeb83b681add,d8458a1986416eed3ad8128ba1afa82ee29f392aeb40640d24fbbeb83b681add,d8458a1986416eed3ad8128ba1afa82ee29f392aeb40640d24fbbeb83b681add,d8458a1986416eed3ad8128ba1afa82ee29f392aeb40640d24fbbeb83b681add,22c57083b92abc816de37f87cbd240fb701f107061592c46d0a00cafa57ab769,22c57083b92abc816de37f87cbd240fb701f107061592c46d0a00cafa57ab769,22c57083b92abc816de37f87cbd240fb701f107061592c46d0a00cafa57ab769,22c57083b92abc816de37f87cbd240fb701f107061592c46d0a00cafa57ab769,22c57083b92abc816de37f87cbd240fb701f107061592c46d0a00cafa57ab769,22c57083b92abc816de37f87cbd240fb701f107061592c46d0a00cafa57ab769,22c57083b92abc816de37f87cbd240fb701f107061592c46d0a00cafa57ab769,22c57083b92abc816de37f87cbd240fb701f107061592c46d0a00cafa57ab769,22c57083b92abc816de37f87cbd240fb701f107061592c46d0a00cafa57ab769,1,1,1,0,1,1,1,1,1,1,1
final_polar_041,polar,semi_structured,d4802245af7c3ac8977a24a91a24deb01bfcd031bdabed65fbdd13d5abdca5ad,d4802245af7c3ac8977a24a91a24deb01bfcd031bdabed65fbdd13d5abdca5ad,d4802245af7c3ac8977a24a91a24deb01bfcd031bdabed65fbdd13d5abdca5ad,d4802245af7c3ac8977a24a91a24deb01bfcd031bdabed65fbdd13d5abdca5ad,befc098076f69f5f3e6adc2519f1154aaff937e75d2c19398421373f4805c906,befc098076f69f5f3e6adc2519f1154aaff937e75d2c19398421373f4805c906,befc098076f69f5f3e6adc2519f1154aaff937e75d2c19398421373f4805c906,befc098076f69f5f3e6adc2519f1154aaff937e75d2c19398421373f4805c906,befc098076f69f5f3e6adc2519f1154aaff937e75d2c19398421373f4805c906,befc098076f69f5f3e6adc2519f1154aaff937e75d2c19398421373f4805c906,befc098076f69f5f3e6adc2519f1154aaff937e75d2c19398421373f4805c906,befc098076f69f5f3e6adc2519f1154aaff937e75d2c19398421373f4805c906,befc098076f69f5f3e6adc2519f1154aaff937e75d2c19398421373f4805c906,1,1,1,0,1,1,1,1,1,1,1
final_polar_042,polar,semi_structured,a7a9823ac08fbbb6ee99606e592d946312cec1c6ddbfa46e160303ebdc5c3bd8,a7a9823ac08fbbb6ee99606e592d946312cec1c6ddbfa46e160303ebdc5c3bd8,a7a9823ac08fbbb6ee99606e592d946312cec1c6ddbfa46e160303ebdc5c3bd8,a7a9823ac08fbbb6ee99606e592d946312cec1c6ddbfa46e160303ebdc5c3bd8,059737a56aa56c8fa090a7ad92f30eb6a8530147b3004007afdeca5dc8cf10cc,059737a56aa56c8fa090a7ad92f30eb6a8530147b3004007afdeca5dc8cf10cc,059737a56aa56c8fa090a7ad92f30eb6a8530147b3004007afdeca5dc8cf10cc,059737a56aa56c8fa090a7ad92f30eb6a8530147b3004007afdeca5dc8cf10cc,059737a56aa56c8fa090a7ad92f30eb6a8530147b3004007afdeca5dc8cf10cc,059737a56aa56c8fa090a7ad92f30eb6a8530147b3004007afdeca5dc8cf10cc,059737a56aa56c8fa090a7ad92f30eb6a8530147b3004007afdeca5dc8cf10cc,059737a56aa56c8fa090a7ad92f30eb6a8530147b3004007afdeca5dc8cf10cc,059737a56aa56c8fa090a7ad92f30eb6a8530147b3004007afdeca5dc8cf10cc,1,1,1,0,1,1,1,1,1,1,1
final_polar_043,polar,semi_structured,15179155b30ed802193992c0807340c0d300fb7898a66fd63bd326c32c06d93e,15179155b30ed802193992c0807340c0d300fb7898a66fd63bd326c32c06d93e,15179155b30ed802193992c0807340c0d300fb7898a66fd63bd326c32c06d93e,15179155b30ed802193992c0807340c0d300fb7898a66fd63bd326c32c06d93e,15179155b30ed802193992c0807340c0d300fb7898a66fd63bd326c32c06d93e,15179155b30ed802193992c0807340c0d300fb7898a66fd63bd326c32c06d93e,15179155b30ed802193992c0807340c0d300fb7898a66fd63bd326c32c06d93e,15179155b30ed802193992c0807340c0d300fb7898a66fd63bd326c32c06d93e,15179155b30ed802193992c0807340c0d300fb7898a66fd63bd326c32c06d93e,15179155b30ed802193992c0807340c0d300fb7898a66fd63bd326c32c06d93e,15179155b30ed802193992c0807340c0d300fb7898a66fd63bd326c32c06d93e,15179155b30ed802193992c0807340c0d300fb7898a66fd63bd326c32c06d93e,15179155b30ed802193992c0807340c0d300fb7898a66fd63bd326c32c06d93e,1,1,1,1,1,1,1,1,1,1,1
final_polar_044,polar,semi_structured,dfab40d4524b69f38d0e4519f039d4a67f42f7a9ccda67fcf65f32e3d846f469,dfab40d4524b69f38d0e4519f039d4a67f42f7a9ccda67fcf65f32e3d846f469,dfab40d4524b69f38d0e4519f039d4a67f42f7a9ccda67fcf65f32e3d846f469,dfab40d4524b69f38d0e4519f039d4a67f42f7a9ccda67fcf65f32e3d846f469,dfab40d4524b69f38d0e4519f039d4a67f42f7a9ccda67fcf65f32e3d846f469,dfab40d4524b69f38d0e4519f039d4a67f42f7a9ccda67fcf65f32e3d846f469,dfab40d4524b69f38d0e4519f039d4a67f42f7a9ccda67fcf65f32e3d846f469,dfab40d4524b69f38d0e4519f039d4a67f42f7a9ccda67fcf65f32e3d846f469,dfab40d4524b69f38d0e4519f039d4a67f42f7a9ccda67fcf65f32e3d846f469,dfab40d4524b69f38d0e4519f039d4a67f42f7a9ccda67fcf65f32e3d846f469,dfab40d4524b69f38d0e4519f039d4a67f42f7a9ccda67fcf65f32e3d846f469,dfab40d4524b69f38d0e4519f039d4a67f42f7a9ccda67fcf65f32e3d846f469,dfab40d4524b69f38d0e4519f039d4a67f42f7a9ccda67fcf65f32e3d846f469,1,1,1,1,1,1,1,1,1,1,1
final_polar_045,polar,semi_structured,2d3d185ccef342f860245da195132cb61e57e4bd7c4f06ac4c4ec749733a43ed,2d3d185ccef342f860245da195132cb61e57e4bd7c4f06ac4c4ec749733a43ed,2d3d185ccef342f860245da195132cb61e57e4bd7c4f06ac4c4ec749733a43ed,2d3d185ccef342f860245da195132cb61e57e4bd7c4f06ac4c4ec749733a43ed,2d3d185ccef342f860245da195132cb61e57e4bd7c4f06ac4c4ec749733a43ed,2d3d185ccef342f860245da195132cb61e57e4bd7c4f06ac4c4ec749733a43ed,2d3d185ccef342f860245da195132cb61e57e4bd7c4f06ac4c4ec749733a43ed,2d3d185ccef342f860245da195132cb61e57e4bd7c4f06ac4c4ec749733a43ed,2d3d185ccef342f860245da195132cb61e57e4bd7c4f06ac4c4ec749733a43ed,2d3d185ccef342f860245da195132cb61e57e4bd7c4f06ac4c4ec749733a43ed,2d3d185ccef342f860245da195132cb61e57e4bd7c4f06ac4c4ec749733a43ed,2d3d185ccef342f860245da195132cb61e57e4bd7c4f06ac4c4ec749733a43ed,2d3d185ccef342f860245da195132cb61e57e4bd7c4f06ac4c4ec749733a43ed,1,1,1,1,1,1,1,1,1,1,1
final_polar_046,polar,free_text,c1a15ab72c3ad0f7565da5a01332a3d7b1c2c4c87cd5dca9bfd1b6356d30c287,c1a15ab72c3ad0f7565da5a01332a3d7b1c2c4c87cd5dca9bfd1b6356d30c287,c1a15ab72c3ad0f7565da5a01332a3d7b1c2c4c87cd5dca9bfd1b6356d30c287,c1a15ab72c3ad0f7565da5a01332a3d7b1c2c4c87cd5dca9bfd1b6356d30c287,c1a15ab72c3ad0f7565da5a01332a3d7b1c2c4c87cd5dca9bfd1b6356d30c287,c1a15ab72c3ad0f7565da5a01332a3d7b1c2c4c87cd5dca9bfd1b6356d30c287,c1a15ab72c3ad0f7565da5a01332a3d7b1c2c4c87cd5dca9bfd1b6356d30c287,c1a15ab72c3ad0f7565da5a01332a3d7b1c2c4c87cd5dca9bfd1b6356d30c287,c1a15ab72c3ad0f7565da5a01332a3d7b1c2c4c87cd5dca9bfd1b6356d30c287,c1a15ab72c3ad0f7565da5a01332a3d7b1c2c4c87cd5dca9bfd1b6356d30c287,c1a15ab72c3ad0f7565da5a01332a3d7b1c2c4c87cd5dca9bfd1b6356d30c287,c1a15ab72c3ad0f7565da5a01332a3d7b1c2c4c87cd5dca9bfd1b6356d30c287,c1a15ab72c3ad0f7565da5a01332a3d7b1c2c4c87cd5dca9bfd1b6356d30c287,1,1,1,1,1,1,1,1,1,1,1
final_polar_047,polar,free_text,9e08958241166bbc762eee90fa7cd56d1f01ffdd9be58672dc1396e1ef969b5c,9e08958241166bbc762eee90fa7cd56d1f01ffdd9be58672dc1396e1ef969b5c,9e08958241166bbc762eee90fa7cd56d1f01ffdd9be58672dc1396e1ef969b5c,9e08958241166bbc762eee90fa7cd56d1f01ffdd9be58672dc1396e1ef969b5c,9e08958241166bbc762eee90fa7cd56d1f01ffdd9be58672dc1396e1ef969b5c,9e08958241166bbc762eee90fa7cd56d1f01ffdd9be58672dc1396e1ef969b5c,9e08958241166bbc762eee90fa7cd56d1f01ffdd9be58672dc1396e1ef969b5c,9e08958241166bbc762eee90fa7cd56d1f01ffdd9be58672dc1396e1ef969b5c,9e08958241166bbc762eee90fa7cd56d1f01ffdd9be58672dc1396e1ef969b5c,9e08958241166bbc762eee90fa7cd56d1f01ffdd9be58672dc1396e1ef969b5c,9e08958241166bbc762eee90fa7cd56d1f01ffdd9be58672dc1396e1ef969b5c,9e08958241166bbc762eee90fa7cd56d1f01ffdd9be58672dc1396e1ef969b5c,9e08958241166bbc762eee90fa7cd56d1f01ffdd9be58672dc1396e1ef969b5c,1,1,1,1,1,1,1,1,1,1,1
final_polar_048,polar,free_text,be77ee3e2f0b769e22d502fa84f54dd45c157df68412d3c66eced16f8d2a6d71,be77ee3e2f0b769e22d502fa84f54dd45c157df68412d3c66eced16f8d2a6d71,be77ee3e2f0b769e22d502fa84f54dd45c157df68412d3c66eced16f8d2a6d71,be77ee3e2f0b769e22d502fa84f54dd45c157df68412d3c66eced16f8d2a6d71,be77ee3e2f0b769e22d502fa84f54dd45c157df68412d3c66eced16f8d2a6d71,be77ee3e2f0b769e22d502fa84f54dd45c157df68412d3c66eced16f8d2a6d71,be77ee3e2f0b769e22d502fa84f54dd45c157df68412d3c66eced16f8d2a6d71,be77ee3e2f0b769e22d502fa84f54dd45c157df68412d3c66eced16f8d2a6d71,be77ee3e2f0b769e22d502fa84f54dd45c157df68412d3c66eced16f8d2a6d71,be77ee3e2f0b769e22d502fa84f54dd45c157df68412d3c66eced16f8d2a6d71,be77ee3e2f0b769e22d502fa84f54dd45c157df68412d3c66eced16f8d2a6d71,be77ee3e2f0b769e22d502fa84f54dd45c157df68412d3c66eced16f8d2a6d71,be77ee3e2f0b769e22d502fa84f54dd45c157df68412d3c66eced16f8d2a6d71,1,1,1,1,1,1,1,1,1,1,1
final_polar_049,polar,semi_structured,bd82132dc3e870a86fc4077e094dea7bc030c54498366262298c1f770dd7e400,bd82132dc3e870a86fc4077e094dea7bc030c54498366262298c1f770dd7e400,bd82132dc3e870a86fc4077e094dea7bc030c54498366262298c1f770dd7e400,bd82132dc3e870a86fc4077e094dea7bc030c54498366262298c1f770dd7e400,bd82132dc3e870a86fc4077e094dea7bc030c54498366262298c1f770dd7e400,bd82132dc3e870a86fc4077e094dea7bc030c54498366262298c1f770dd7e400,bd82132dc3e870a86fc4077e094dea7bc030c54498366262298c1f770dd7e400,bd82132dc3e870a86fc4077e094dea7bc030c54498366262298c1f770dd7e400,bd82132dc3e870a86fc4077e094dea7bc030c54498366262298c1f770dd7e400,bd82132dc3e870a86fc4077e094dea7bc030c54498366262298c1f770dd7e400,bd82132dc3e870a86fc4077e094dea7bc030c54498366262298c1f770dd7e400,bd82132dc3e870a86fc4077e094dea7bc030c54498366262298c1f770dd7e400,bd82132dc3e870a86fc4077e094dea7bc030c54498366262298c1f770dd7e400,1,1,1,1,1,1,1,1,1,1,1
final_polar_050,polar,semi_structured,e2156f94686b65e9de00858ce7aaa5bad6855180ce9e380f1186ccb601fcc65c,e2156f94686b65e9de00858ce7aaa5bad6855180ce9e380f1186ccb601fcc65c,e2156f94686b65e9de00858ce7aaa5bad6855180ce9e380f1186ccb601fcc65c,e2156f94686b65e9de00858ce7aaa5bad6855180ce9e380f1186ccb601fcc65c,e2156f94686b65e9de00858ce7aaa5bad6855180ce9e380f1186ccb601fcc65c,e2156f94686b65e9de00858ce7aaa5bad6855180ce9e380f1186ccb601fcc65c,e2156f94686b65e9de00858ce7aaa5bad6855180ce9e380f1186ccb601fcc65c,e2156f94686b65e9de00858ce7aaa5bad6855180ce9e380f1186ccb601fcc65c,e2156f94686b65e9de00858ce7aaa5bad6855180ce9e380f1186ccb601fcc65c,e2156f94686b65e9de00858ce7aaa5bad6855180ce9e380f1186ccb601fcc65c,e2156f94686b65e9de00858ce7aaa5bad6855180ce9e380f1186ccb601fcc65c,e2156f94686b65e9de00858ce7aaa5bad6855180ce9e380f1186ccb601fcc65c,e2156f94686b65e9de00858ce7aaa5bad6855180ce9e380f1186ccb601fcc65c,1,1,1,1,1,1,1,1,1,1,1
final_polar_051,polar,semi_structured,1e94adec8bff31c25f098a9ce4f5dc5f2e0737bd8409efe73bdd3e6bf57592eb,1e94adec8bff31c25f098a9ce4f5dc5f2e0737bd8409efe73bdd3e6bf57592eb,1e94adec8bff31c25f098a9ce4f5dc5f2e0737bd8409efe73bdd3e6bf57592eb,1e94adec8bff31c25f098a9ce4f5dc5f2e0737bd8409efe73bdd3e6bf57592eb,1e94adec8bff31c25f098a9ce4f5dc5f2e0737bd8409efe73bdd3e6bf57592eb,1e94adec8bff31c25f098a9ce4f5dc5f2e0737bd8409efe73bdd3e6bf57592eb,1e94adec8bff31c25f098a9ce4f5dc5f2e0737bd8409efe73bdd3e6bf57592eb,1e94adec8bff31c25f098a9ce4f5dc5f2e0737bd8409efe73bdd3e6bf57592eb,1e94adec8bff31c25f098a9ce4f5dc5f2e0737bd8409efe73bdd3e6bf57592eb,1e94adec8bff31c25f098a9ce4f5dc5f2e0737bd8409efe73bdd3e6bf57592eb,1e94adec8bff31c25f098a9ce4f5dc5f2e0737bd8409efe73bdd3e6bf57592eb,1e94adec8bff31c25f098a9ce4f5dc5f2e0737bd8409efe73bdd3e6bf57592eb,1e94adec8bff31c25f098a9ce4f5dc5f2e0737bd8409efe73bdd3e6bf57592eb,1,1,1,1,1,1,1,1,1,1,1
final_polar_052,polar,semi_structured,56c4a89f967bd5498d997851577b7b8ee139f9b9d4b54be014f240a106661998,56c4a89f967bd5498d997851577b7b8ee139f9b9d4b54be014f240a106661998,56c4a89f967bd5498d997851577b7b8ee139f9b9d4b54be014f240a106661998,56c4a89f967bd5498d997851577b7b8ee139f9b9d4b54be014f240a106661998,56c4a89f967bd5498d997851577b7b8ee139f9b9d4b54be014f240a106661998,56c4a89f967bd5498d997851577b7b8ee139f9b9d4b54be014f240a106661998,56c4a89f967bd5498d997851577b7b8ee139f9b9d4b54be014f240a106661998,56c4a89f967bd5498d997851577b7b8ee139f9b9d4b54be014f240a106661998,56c4a89f967bd5498d997851577b7b8ee139f9b9d4b54be014f240a106661998,56c4a89f967bd5498d997851577b7b8ee139f9b9d4b54be014f240a106661998,56c4a89f967bd5498d997851577b7b8ee139f9b9d4b54be014f240a106661998,56c4a89f967bd5498d997851577b7b8ee139f9b9d4b54be014f240a106661998,56c4a89f967bd5498d997851577b7b8ee139f9b9d4b54be014f240a106661998,1,1,1,1,1,1,1,1,1,1,1
final_polar_053,polar,semi_structured,fcc7662bb1f124af32e52f7538c781a42f44bf69c0885596d6c2bdeb8590ba7c,fcc7662bb1f124af32e52f7538c781a42f44bf69c0885596d6c2bdeb8590ba7c,fcc7662bb1f124af32e52f7538c781a42f44bf69c0885596d6c2bdeb8590ba7c,fcc7662bb1f124af32e52f7538c781a42f44bf69c0885596d6c2bdeb8590ba7c,fcc7662bb1f124af32e52f7538c781a42f44bf69c0885596d6c2bdeb8590ba7c,fcc7662bb1f124af32e52f7538c781a42f44bf69c0885596d6c2bdeb8590ba7c,fcc7662bb1f124af32e52f7538c781a42f44bf69c0885596d6c2bdeb8590ba7c,fcc7662bb1f124af32e52f7538c781a42f44bf69c0885596d6c2bdeb8590ba7c,fcc7662bb1f124af32e52f7538c781a42f44bf69c0885596d6c2bdeb8590ba7c,fcc7662bb1f124af32e52f7538c781a42f44bf69c0885596d6c2bdeb8590ba7c,fcc7662bb1f124af32e52f7538c781a42f44bf69c0885596d6c2bdeb8590ba7c,fcc7662bb1f124af32e52f7538c781a42f44bf69c0885596d6c2bdeb8590ba7c,fcc7662bb1f124af32e52f7538c781a42f44bf69c0885596d6c2bdeb8590ba7c,1,1,1,1,1,1,1,1,1,1,1
final_polar_054,polar,semi_structured,d3534c94f3b5408aaeb4148c5810ecac2c505331f38e5970bb4044b18b48043b,d3534c94f3b5408aaeb4148c5810ecac2c505331f38e5970bb4044b18b48043b,d3534c94f3b5408aaeb4148c5810ecac2c505331f38e5970bb4044b18b48043b,d3534c94f3b5408aaeb4148c5810ecac2c505331f38e5970bb4044b18b48043b,d3534c94f3b5408aaeb4148c5810ecac2c505331f38e5970bb4044b18b48043b,d3534c94f3b5408aaeb4148c5810ecac2c505331f38e5970bb4044b18b48043b,d3534c94f3b5408aaeb4148c5810ecac2c505331f38e5970bb4044b18b48043b,d3534c94f3b5408aaeb4148c5810ecac2c505331f38e5970bb4044b18b48043b,d3534c94f3b5408aaeb4148c5810ecac2c505331f38e5970bb4044b18b48043b,d3534c94f3b5408aaeb4148c5810ecac2c505331f38e5970bb4044b18b48043b,d3534c94f3b5408aaeb4148c5810ecac2c505331f38e5970bb4044b18b48043b,d3534c94f3b5408aaeb4148c5810ecac2c505331f38e5970bb4044b18b48043b,d3534c94f3b5408aaeb4148c5810ecac2c505331f38e5970bb4044b18b48043b,1,1,1,1,1,1,1,1,1,1,1
final_polar_055,polar,semi_structured,282fb6c8338aee77f3adec855f817ffc60558c3c931831f62ec35cd3f4e0d0b4,282fb6c8338aee77f3adec855f817ffc60558c3c931831f62ec35cd3f4e0d0b4,282fb6c8338aee77f3adec855f817ffc60558c3c931831f62ec35cd3f4e0d0b4,282fb6c8338aee77f3adec855f817ffc60558c3c931831f62ec35cd3f4e0d0b4,ebe89cf81db36d5a26f698463bcd98d473567684abab3f7e0e9610289708edd6,ebe89cf81db36d5a26f698463bcd98d473567684abab3f7e0e9610289708edd6,ebe89cf81db36d5a26f698463bcd98d473567684abab3f7e0e9610289708edd6,ebe89cf81db36d5a26f698463bcd98d473567684abab3f7e0e9610289708edd6,ebe89cf81db36d5a26f698463bcd98d473567684abab3f7e0e9610289708edd6,ebe89cf81db36d5a26f698463bcd98d473567684abab3f7e0e9610289708edd6,ebe89cf81db36d5a26f698463bcd98d473567684abab3f7e0e9610289708edd6,ebe89cf81db36d5a26f698463bcd98d473567684abab3f7e0e9610289708edd6,ebe89cf81db36d5a26f698463bcd98d473567684abab3f7e0e9610289708edd6,1,1,1,0,1,1,1,1,1,1,1
final_polar_056,polar,semi_structured,a3991b042f20bf5319a053d1c826155805738ddcddd18032677ed7cdc8052197,a3991b042f20bf5319a053d1c826155805738ddcddd18032677ed7cdc8052197,a3991b042f20bf5319a053d1c826155805738ddcddd18032677ed7cdc8052197,a3991b042f20bf5319a053d1c826155805738ddcddd18032677ed7cdc8052197,e011c2a6d830c067ed6e90e8fdb8d373af8d3191deab7972829d373fb3d5e616,e011c2a6d830c067ed6e90e8fdb8d373af8d3191deab7972829d373fb3d5e616,e011c2a6d830c067ed6e90e8fdb8d373af8d3191deab7972829d373fb3d5e616,e011c2a6d830c067ed6e90e8fdb8d373af8d3191deab7972829d373fb3d5e616,e011c2a6d830c067ed6e90e8fdb8d373af8d3191deab7972829d373fb3d5e616,e011c2a6d830c067ed6e90e8fdb8d373af8d3191deab7972829d373fb3d5e616,e011c2a6d830c067ed6e90e8fdb8d373af8d3191deab7972829d373fb3d5e616,e011c2a6d830c067ed6e90e8fdb8d373af8d3191deab7972829d373fb3d5e616,e011c2a6d830c067ed6e90e8fdb8d373af8d3191deab7972829d373fb3d5e616,1,1,1,0,1,1,1,1,1,1,1
final_polar_057,polar,semi_structured,482214050cbda593110f4fdd47ccf02cb7d9f9eac62042218476262a095af54c,482214050cbda593110f4fdd47ccf02cb7d9f9eac62042218476262a095af54c,482214050cbda593110f4fdd47ccf02cb7d9f9eac62042218476262a095af54c,482214050cbda593110f4fdd47ccf02cb7d9f9eac62042218476262a095af54c,2d3aa831f32a07b643b220f19ccf7250deb2181383f0ffa7ded062d49059a45e,2d3aa831f32a07b643b220f19ccf7250deb2181383f0ffa7ded062d49059a45e,2d3aa831f32a07b643b220f19ccf7250deb2181383f0ffa7ded062d49059a45e,2d3aa831f32a07b643b220f19ccf7250deb2181383f0ffa7ded062d49059a45e,2d3aa831f32a07b643b220f19ccf7250deb2181383f0ffa7ded062d49059a45e,2d3aa831f32a07b643b220f19ccf7250deb2181383f0ffa7ded062d49059a45e,2d3aa831f32a07b643b220f19ccf7250deb2181383f0ffa7ded062d49059a45e,2d3aa831f32a07b643b220f19ccf7250deb2181383f0ffa7ded062d49059a45e,2d3aa831f32a07b643b220f19ccf7250deb2181383f0ffa7ded062d49059a45e,1,1,1,0,1,1,1,1,1,1,1
final_polar_058,polar,semi_structured,a8f0dedeba7a5fbd0106b5a492e4aae45c2c14f9a1c96e92f1708b903a096a02,a8f0dedeba7a5fbd0106b5a492e4aae45c2c14f9a1c96e92f1708b903a096a02,a8f0dedeba7a5fbd0106b5a492e4aae45c2c14f9a1c96e92f1708b903a096a02,a8f0dedeba7a5fbd0106b5a492e4aae45c2c14f9a1c96e92f1708b903a096a02,a8f0dedeba7a5fbd0106b5a492e4aae45c2c14f9a1c96e92f1708b903a096a02,a8f0dedeba7a5fbd0106b5a492e4aae45c2c14f9a1c96e92f1708b903a096a02,a8f0dedeba7a5fbd0106b5a492e4aae45c2c14f9a1c96e92f1708b903a096a02,a8f0dedeba7a5fbd0106b5a492e4aae45c2c14f9a1c96e92f1708b903a096a02,a8f0dedeba7a5fbd0106b5a492e4aae45c2c14f9a1c96e92f1708b903a096a02,a8f0dedeba7a5fbd0106b5a492e4aae45c2c14f9a1c96e92f1708b903a096a02,a8f0dedeba7a5fbd0106b5a492e4aae45c2c14f9a1c96e92f1708b903a096a02,a8f0dedeba7a5fbd0106b5a492e4aae45c2c14f9a1c96e92f1708b903a096a02,a8f0dedeba7a5fbd0106b5a492e4aae45c2c14f9a1c96e92f1708b903a096a02,1,1,1,1,1,1,1,1,1,1,1
final_polar_059,polar,semi_structured,24a0f7e1535a8aa12bf87fe5dfba5f4144251a1148ba1c0347c29e9545157d06,24a0f7e1535a8aa12bf87fe5dfba5f4144251a1148ba1c0347c29e9545157d06,24a0f7e1535a8aa12bf87fe5dfba5f4144251a1148ba1c0347c29e9545157d06,24a0f7e1535a8aa12bf87fe5dfba5f4144251a1148ba1c0347c29e9545157d06,24a0f7e1535a8aa12bf87fe5dfba5f4144251a1148ba1c0347c29e9545157d06,24a0f7e1535a8aa12bf87fe5dfba5f4144251a1148ba1c0347c29e9545157d06,24a0f7e1535a8aa12bf87fe5dfba5f4144251a1148ba1c0347c29e9545157d06,24a0f7e1535a8aa12bf87fe5dfba5f4144251a1148ba1c0347c29e9545157d06,24a0f7e1535a8aa12bf87fe5dfba5f4144251a1148ba1c0347c29e9545157d06,24a0f7e1535a8aa12bf87fe5dfba5f4144251a1148ba1c0347c29e9545157d06,24a0f7e1535a8aa12bf87fe5dfba5f4144251a1148ba1c0347c29e9545157d06,24a0f7e1535a8aa12bf87fe5dfba5f4144251a1148ba1c0347c29e9545157d06,24a0f7e1535a8aa12bf87fe5dfba5f4144251a1148ba1c0347c29e9545157d06,1,1,1,1,1,1,1,1,1,1,1
final_polar_060,polar,semi_structured,e52d594ab08a9224c03e02cf4687245fe95dd318026ab99f0b74200b8a97d665,e52d594ab08a9224c03e02cf4687245fe95dd318026ab99f0b74200b8a97d665,e52d594ab08a9224c03e02cf4687245fe95dd318026ab99f0b74200b8a97d665,e52d594ab08a9224c03e02cf4687245fe95dd318026ab99f0b74200b8a97d665,e52d594ab08a9224c03e02cf4687245fe95dd318026ab99f0b74200b8a97d665,e52d594ab08a9224c03e02cf4687245fe95dd318026ab99f0b74200b8a97d665,e52d594ab08a9224c03e02cf4687245fe95dd318026ab99f0b74200b8a97d665,e52d594ab08a9224c03e02cf4687245fe95dd318026ab99f0b74200b8a97d665,e52d594ab08a9224c03e02cf4687245fe95dd318026ab99f0b74200b8a97d665,e52d594ab08a9224c03e02cf4687245fe95dd318026ab99f0b74200b8a97d665,e52d594ab08a9224c03e02cf4687245fe95dd318026ab99f0b74200b8a97d665,e52d594ab08a9224c03e02cf4687245fe95dd318026ab99f0b74200b8a97d665,e52d594ab08a9224c03e02cf4687245fe95dd318026ab99f0b74200b8a97d665,1,1,1,1,1,1,1,1,1,1,1
final_robot_001,robot,free_text,58cffbf9ad95d44f513985da1e9d1a12af6c1c097f593dc1cc3950198d8cb6c0,58cffbf9ad95d44f513985da1e9d1a12af6c1c097f593dc1cc3950198d8cb6c0,58cffbf9ad95d44f513985da1e9d1a12af6c1c097f593dc1cc3950198d8cb6c0,58cffbf9ad95d44f513985da1e9d1a12af6c1c097f593dc1cc3950198d8cb6c0,58cffbf9ad95d44f513985da1e9d1a12af6c1c097f593dc1cc3950198d8cb6c0,58cffbf9ad95d44f513985da1e9d1a12af6c1c097f593dc1cc3950198d8cb6c0,58cffbf9ad95d44f513985da1e9d1a12af6c1c097f593dc1cc3950198d8cb6c0,58cffbf9ad95d44f513985da1e9d1a12af6c1c097f593dc1cc3950198d8cb6c0,58cffbf9ad95d44f513985da1e9d1a12af6c1c097f593dc1cc3950198d8cb6c0,58cffbf9ad95d44f513985da1e9d1a12af6c1c097f593dc1cc3950198d8cb6c0,58cffbf9ad95d44f513985da1e9d1a12af6c1c097f593dc1cc3950198d8cb6c0,58cffbf9ad95d44f513985da1e9d1a12af6c1c097f593dc1cc3950198d8cb6c0,58cffbf9ad95d44f513985da1e9d1a12af6c1c097f593dc1cc3950198d8cb6c0,1,1,1,1,1,1,1,1,1,1,1
final_robot_002,robot,free_text,ec5c0d39595e6d56a255bbfdf49b9caee776ef1239623db6a330ee40c24d96ce,ec5c0d39595e6d56a255bbfdf49b9caee776ef1239623db6a330ee40c24d96ce,ec5c0d39595e6d56a255bbfdf49b9caee776ef1239623db6a330ee40c24d96ce,ec5c0d39595e6d56a255bbfdf49b9caee776ef1239623db6a330ee40c24d96ce,ec5c0d39595e6d56a255bbfdf49b9caee776ef1239623db6a330ee40c24d96ce,ec5c0d39595e6d56a255bbfdf49b9caee776ef1239623db6a330ee40c24d96ce,ec5c0d39595e6d56a255bbfdf49b9caee776ef1239623db6a330ee40c24d96ce,ec5c0d39595e6d56a255bbfdf49b9caee776ef1239623db6a330ee40c24d96ce,ec5c0d39595e6d56a255bbfdf49b9caee776ef1239623db6a330ee40c24d96ce,ec5c0d39595e6d56a255bbfdf49b9caee776ef1239623db6a330ee40c24d96ce,ec5c0d39595e6d56a255bbfdf49b9caee776ef1239623db6a330ee40c24d96ce,ec5c0d39595e6d56a255bbfdf49b9caee776ef1239623db6a330ee40c24d96ce,ec5c0d39595e6d56a255bbfdf49b9caee776ef1239623db6a330ee40c24d96ce,1,1,1,1,1,1,1,1,1,1,1
final_robot_003,robot,free_text,368ef702a6e42e12c6845271613e5fdb300ae8729c81fdb7816cfd2f5efc5072,368ef702a6e42e12c6845271613e5fdb300ae8729c81fdb7816cfd2f5efc5072,368ef702a6e42e12c6845271613e5fdb300ae8729c81fdb7816cfd2f5efc5072,368ef702a6e42e12c6845271613e5fdb300ae8729c81fdb7816cfd2f5efc5072,368ef702a6e42e12c6845271613e5fdb300ae8729c81fdb7816cfd2f5efc5072,368ef702a6e42e12c6845271613e5fdb300ae8729c81fdb7816cfd2f5efc5072,368ef702a6e42e12c6845271613e5fdb300ae8729c81fdb7816cfd2f5efc5072,368ef702a6e42e12c6845271613e5fdb300ae8729c81fdb7816cfd2f5efc5072,368ef702a6e42e12c6845271613e5fdb300ae8729c81fdb7816cfd2f5efc5072,368ef702a6e42e12c6845271613e5fdb300ae8729c81fdb7816cfd2f5efc5072,368ef702a6e42e12c6845271613e5fdb300ae8729c81fdb7816cfd2f5efc5072,368ef702a6e42e12c6845271613e5fdb300ae8729c81fdb7816cfd2f5efc5072,368ef702a6e42e12c6845271613e5fdb300ae8729c81fdb7816cfd2f5efc5072,1,1,1,1,1,1,1,1,1,1,1
final_robot_004,robot,semi_structured,db12339665fcbf73ad06879ff96c3e2c40f00d228a055baa556c2657b1d982cf,db12339665fcbf73ad06879ff96c3e2c40f00d228a055baa556c2657b1d982cf,db12339665fcbf73ad06879ff96c3e2c40f00d228a055baa556c2657b1d982cf,db12339665fcbf73ad06879ff96c3e2c40f00d228a055baa556c2657b1d982cf,db12339665fcbf73ad06879ff96c3e2c40f00d228a055baa556c2657b1d982cf,db12339665fcbf73ad06879ff96c3e2c40f00d228a055baa556c2657b1d982cf,db12339665fcbf73ad06879ff96c3e2c40f00d228a055baa556c2657b1d982cf,db12339665fcbf73ad06879ff96c3e2c40f00d228a055baa556c2657b1d982cf,db12339665fcbf73ad06879ff96c3e2c40f00d228a055baa556c2657b1d982cf,db12339665fcbf73ad06879ff96c3e2c40f00d228a055baa556c2657b1d982cf,db12339665fcbf73ad06879ff96c3e2c40f00d228a055baa556c2657b1d982cf,db12339665fcbf73ad06879ff96c3e2c40f00d228a055baa556c2657b1d982cf,db12339665fcbf73ad06879ff96c3e2c40f00d228a055baa556c2657b1d982cf,1,1,1,1,1,1,1,1,1,1,1
final_robot_005,robot,semi_structured,3f5a63168fe06bea15badff39d273166e1c3667c18341458af057585c776d30e,3f5a63168fe06bea15badff39d273166e1c3667c18341458af057585c776d30e,3f5a63168fe06bea15badff39d273166e1c3667c18341458af057585c776d30e,3f5a63168fe06bea15badff39d273166e1c3667c18341458af057585c776d30e,3f5a63168fe06bea15badff39d273166e1c3667c18341458af057585c776d30e,3f5a63168fe06bea15badff39d273166e1c3667c18341458af057585c776d30e,3f5a63168fe06bea15badff39d273166e1c3667c18341458af057585c776d30e,3f5a63168fe06bea15badff39d273166e1c3667c18341458af057585c776d30e,3f5a63168fe06bea15badff39d273166e1c3667c18341458af057585c776d30e,3f5a63168fe06bea15badff39d273166e1c3667c18341458af057585c776d30e,3f5a63168fe06bea15badff39d273166e1c3667c18341458af057585c776d30e,3f5a63168fe06bea15badff39d273166e1c3667c18341458af057585c776d30e,3f5a63168fe06bea15badff39d273166e1c3667c18341458af057585c776d30e,1,1,1,1,1,1,1,1,1,1,1
final_robot_006,robot,semi_structured,1c7b46d91405888af368b5728e56d91c43db208d5b1fd26208d5151365ea574f,1c7b46d91405888af368b5728e56d91c43db208d5b1fd26208d5151365ea574f,1c7b46d91405888af368b5728e56d91c43db208d5b1fd26208d5151365ea574f,1c7b46d91405888af368b5728e56d91c43db208d5b1fd26208d5151365ea574f,1c7b46d91405888af368b5728e56d91c43db208d5b1fd26208d5151365ea574f,1c7b46d91405888af368b5728e56d91c43db208d5b1fd26208d5151365ea574f,1c7b46d91405888af368b5728e56d91c43db208d5b1fd26208d5151365ea574f,1c7b46d91405888af368b5728e56d91c43db208d5b1fd26208d5151365ea574f,1c7b46d91405888af368b5728e56d91c43db208d5b1fd26208d5151365ea574f,1c7b46d91405888af368b5728e56d91c43db208d5b1fd26208d5151365ea574f,1c7b46d91405888af368b5728e56d91c43db208d5b1fd26208d5151365ea574f,1c7b46d91405888af368b5728e56d91c43db208d5b1fd26208d5151365ea574f,1c7b46d91405888af368b5728e56d91c43db208d5b1fd26208d5151365ea574f,1,1,1,1,1,1,1,1,1,1,1
final_robot_007,robot,semi_structured,1dc9e0e4b246395680ed32e57c64fb4e3f39de6d80029cf83d506fc35a65ef5a,1dc9e0e4b246395680ed32e57c64fb4e3f39de6d80029cf83d506fc35a65ef5a,1dc9e0e4b246395680ed32e57c64fb4e3f39de6d80029cf83d506fc35a65ef5a,1dc9e0e4b246395680ed32e57c64fb4e3f39de6d80029cf83d506fc35a65ef5a,1dc9e0e4b246395680ed32e57c64fb4e3f39de6d80029cf83d506fc35a65ef5a,1dc9e0e4b246395680ed32e57c64fb4e3f39de6d80029cf83d506fc35a65ef5a,1dc9e0e4b246395680ed32e57c64fb4e3f39de6d80029cf83d506fc35a65ef5a,1dc9e0e4b246395680ed32e57c64fb4e3f39de6d80029cf83d506fc35a65ef5a,1dc9e0e4b246395680ed32e57c64fb4e3f39de6d80029cf83d506fc35a65ef5a,1dc9e0e4b246395680ed32e57c64fb4e3f39de6d80029cf83d506fc35a65ef5a,1dc9e0e4b246395680ed32e57c64fb4e3f39de6d80029cf83d506fc35a65ef5a,1dc9e0e4b246395680ed32e57c64fb4e3f39de6d80029cf83d506fc35a65ef5a,1dc9e0e4b246395680ed32e57c64fb4e3f39de6d80029cf83d506fc35a65ef5a,1,1,1,1,1,1,1,1,1,1,1
final_robot_008,robot,semi_structured,39c33dbaec4ed9e457edf933d115a66a99d4ec966a7a8d5a89a10c88269ae443,39c33dbaec4ed9e457edf933d115a66a99d4ec966a7a8d5a89a10c88269ae443,39c33dbaec4ed9e457edf933d115a66a99d4ec966a7a8d5a89a10c88269ae443,39c33dbaec4ed9e457edf933d115a66a99d4ec966a7a8d5a89a10c88269ae443,39c33dbaec4ed9e457edf933d115a66a99d4ec966a7a8d5a89a10c88269ae443,39c33dbaec4ed9e457edf933d115a66a99d4ec966a7a8d5a89a10c88269ae443,39c33dbaec4ed9e457edf933d115a66a99d4ec966a7a8d5a89a10c88269ae443,39c33dbaec4ed9e457edf933d115a66a99d4ec966a7a8d5a89a10c88269ae443,39c33dbaec4ed9e457edf933d115a66a99d4ec966a7a8d5a89a10c88269ae443,39c33dbaec4ed9e457edf933d115a66a99d4ec966a7a8d5a89a10c88269ae443,39c33dbaec4ed9e457edf933d115a66a99d4ec966a7a8d5a89a10c88269ae443,39c33dbaec4ed9e457edf933d115a66a99d4ec966a7a8d5a89a10c88269ae443,39c33dbaec4ed9e457edf933d115a66a99d4ec966a7a8d5a89a10c88269ae443,1,1,1,1,1,1,1,1,1,1,1
final_robot_009,robot,semi_structured,b75c9b04e3a873df18717e5e370d6fa314b83ae6ac7390ce1b798171abf2542f,b75c9b04e3a873df18717e5e370d6fa314b83ae6ac7390ce1b798171abf2542f,b75c9b04e3a873df18717e5e370d6fa314b83ae6ac7390ce1b798171abf2542f,b75c9b04e3a873df18717e5e370d6fa314b83ae6ac7390ce1b798171abf2542f,b75c9b04e3a873df18717e5e370d6fa314b83ae6ac7390ce1b798171abf2542f,b75c9b04e3a873df18717e5e370d6fa314b83ae6ac7390ce1b798171abf2542f,b75c9b04e3a873df18717e5e370d6fa314b83ae6ac7390ce1b798171abf2542f,b75c9b04e3a873df18717e5e370d6fa314b83ae6ac7390ce1b798171abf2542f,b75c9b04e3a873df18717e5e370d6fa314b83ae6ac7390ce1b798171abf2542f,b75c9b04e3a873df18717e5e370d6fa314b83ae6ac7390ce1b798171abf2542f,b75c9b04e3a873df18717e5e370d6fa314b83ae6ac7390ce1b798171abf2542f,b75c9b04e3a873df18717e5e370d6fa314b83ae6ac7390ce1b798171abf2542f,b75c9b04e3a873df18717e5e370d6fa314b83ae6ac7390ce1b798171abf2542f,1,1,1,1,1,1,1,1,1,1,1
final_robot_010,robot,semi_structured,acf4b3b833b7eec46bff29670f457feae1b0d487ef0422a8b28ef3573ee22950,acf4b3b833b7eec46bff29670f457feae1b0d487ef0422a8b28ef3573ee22950,acf4b3b833b7eec46bff29670f457feae1b0d487ef0422a8b28ef3573ee22950,acf4b3b833b7eec46bff29670f457feae1b0d487ef0422a8b28ef3573ee22950,e11919f6474190bacde9dcaf820065466323b403a20b43d1d659d1cb8c38ad5a,e11919f6474190bacde9dcaf820065466323b403a20b43d1d659d1cb8c38ad5a,e11919f6474190bacde9dcaf820065466323b403a20b43d1d659d1cb8c38ad5a,e11919f6474190bacde9dcaf820065466323b403a20b43d1d659d1cb8c38ad5a,e11919f6474190bacde9dcaf820065466323b403a20b43d1d659d1cb8c38ad5a,e11919f6474190bacde9dcaf820065466323b403a20b43d1d659d1cb8c38ad5a,e11919f6474190bacde9dcaf820065466323b403a20b43d1d659d1cb8c38ad5a,e11919f6474190bacde9dcaf820065466323b403a20b43d1d659d1cb8c38ad5a,e11919f6474190bacde9dcaf820065466323b403a20b43d1d659d1cb8c38ad5a,1,1,1,0,1,1,1,1,1,1,1
final_robot_011,robot,semi_structured,4a46e1ab2f27fb379472ad7f8d9567d023553f10155a65994961707d644c81b1,4a46e1ab2f27fb379472ad7f8d9567d023553f10155a65994961707d644c81b1,4a46e1ab2f27fb379472ad7f8d9567d023553f10155a65994961707d644c81b1,4a46e1ab2f27fb379472ad7f8d9567d023553f10155a65994961707d644c81b1,f926679945ea9c01730f7e797a27951ba4dce599e00b491eb7b902a383d8531a,f926679945ea9c01730f7e797a27951ba4dce599e00b491eb7b902a383d8531a,f926679945ea9c01730f7e797a27951ba4dce599e00b491eb7b902a383d8531a,f926679945ea9c01730f7e797a27951ba4dce599e00b491eb7b902a383d8531a,f926679945ea9c01730f7e797a27951ba4dce599e00b491eb7b902a383d8531a,f926679945ea9c01730f7e797a27951ba4dce599e00b491eb7b902a383d8531a,f926679945ea9c01730f7e797a27951ba4dce599e00b491eb7b902a383d8531a,f926679945ea9c01730f7e797a27951ba4dce599e00b491eb7b902a383d8531a,f926679945ea9c01730f7e797a27951ba4dce599e00b491eb7b902a383d8531a,1,1,1,0,1,1,1,1,1,1,1
final_robot_012,robot,semi_structured,0ac7fe2c430558f0a9837b58e3695a83301d107f39676865973fab1378c2ac8a,0ac7fe2c430558f0a9837b58e3695a83301d107f39676865973fab1378c2ac8a,0ac7fe2c430558f0a9837b58e3695a83301d107f39676865973fab1378c2ac8a,0ac7fe2c430558f0a9837b58e3695a83301d107f39676865973fab1378c2ac8a,a5d800da7f685a63f88530302c0dda83cc8b5b86dd9d299ddab2dcd1d9628fcd,a5d800da7f685a63f88530302c0dda83cc8b5b86dd9d299ddab2dcd1d9628fcd,a5d800da7f685a63f88530302c0dda83cc8b5b86dd9d299ddab2dcd1d9628fcd,a5d800da7f685a63f88530302c0dda83cc8b5b86dd9d299ddab2dcd1d9628fcd,a5d800da7f685a63f88530302c0dda83cc8b5b86dd9d299ddab2dcd1d9628fcd,a5d800da7f685a63f88530302c0dda83cc8b5b86dd9d299ddab2dcd1d9628fcd,a5d800da7f685a63f88530302c0dda83cc8b5b86dd9d299ddab2dcd1d9628fcd,a5d800da7f685a63f88530302c0dda83cc8b5b86dd9d299ddab2dcd1d9628fcd,a5d800da7f685a63f88530302c0dda83cc8b5b86dd9d299ddab2dcd1d9628fcd,1,1,1,0,1,1,1,1,1,1,1
final_robot_013,robot,semi_structured,b683bdd1e423cef2c91e22152c2513b9781c000f943bb8b129ef3f04e63846ff,b683bdd1e423cef2c91e22152c2513b9781c000f943bb8b129ef3f04e63846ff,b683bdd1e423cef2c91e22152c2513b9781c000f943bb8b129ef3f04e63846ff,b683bdd1e423cef2c91e22152c2513b9781c000f943bb8b129ef3f04e63846ff,b683bdd1e423cef2c91e22152c2513b9781c000f943bb8b129ef3f04e63846ff,b683bdd1e423cef2c91e22152c2513b9781c000f943bb8b129ef3f04e63846ff,b683bdd1e423cef2c91e22152c2513b9781c000f943bb8b129ef3f04e63846ff,b683bdd1e423cef2c91e22152c2513b9781c000f943bb8b129ef3f04e63846ff,b683bdd1e423cef2c91e22152c2513b9781c000f943bb8b129ef3f04e63846ff,b683bdd1e423cef2c91e22152c2513b9781c000f943bb8b129ef3f04e63846ff,b683bdd1e423cef2c91e22152c2513b9781c000f943bb8b129ef3f04e63846ff,b683bdd1e423cef2c91e22152c2513b9781c000f943bb8b129ef3f04e63846ff,b683bdd1e423cef2c91e22152c2513b9781c000f943bb8b129ef3f04e63846ff,1,1,1,1,1,1,1,1,1,1,1
final_robot_014,robot,semi_structured,b6b9eae616685daddbaeb8cbd481ee5bc8e59947fae5e9f6641e6b9e692853c2,b6b9eae616685daddbaeb8cbd481ee5bc8e59947fae5e9f6641e6b9e692853c2,b6b9eae616685daddbaeb8cbd481ee5bc8e59947fae5e9f6641e6b9e692853c2,b6b9eae616685daddbaeb8cbd481ee5bc8e59947fae5e9f6641e6b9e692853c2,b6b9eae616685daddbaeb8cbd481ee5bc8e59947fae5e9f6641e6b9e692853c2,b6b9eae616685daddbaeb8cbd481ee5bc8e59947fae5e9f6641e6b9e692853c2,b6b9eae616685daddbaeb8cbd481ee5bc8e59947fae5e9f6641e6b9e692853c2,b6b9eae616685daddbaeb8cbd481ee5bc8e59947fae5e9f6641e6b9e692853c2,b6b9eae616685daddbaeb8cbd481ee5bc8e59947fae5e9f6641e6b9e692853c2,b6b9eae616685daddbaeb8cbd481ee5bc8e59947fae5e9f6641e6b9e692853c2,b6b9eae616685daddbaeb8cbd481ee5bc8e59947fae5e9f6641e6b9e692853c2,b6b9eae616685daddbaeb8cbd481ee5bc8e59947fae5e9f6641e6b9e692853c2,b6b9eae616685daddbaeb8cbd481ee5bc8e59947fae5e9f6641e6b9e692853c2,1,1,1,1,1,1,1,1,1,1,1
final_robot_015,robot,semi_structured,f03576938aad6eaf021fa08b0ed122ed2306a1466aa46c29728dbdf5350fce7f,f03576938aad6eaf021fa08b0ed122ed2306a1466aa46c29728dbdf5350fce7f,f03576938aad6eaf021fa08b0ed122ed2306a1466aa46c29728dbdf5350fce7f,f03576938aad6eaf021fa08b0ed122ed2306a1466aa46c29728dbdf5350fce7f,f03576938aad6eaf021fa08b0ed122ed2306a1466aa46c29728dbdf5350fce7f,f03576938aad6eaf021fa08b0ed122ed2306a1466aa46c29728dbdf5350fce7f,f03576938aad6eaf021fa08b0ed122ed2306a1466aa46c29728dbdf5350fce7f,f03576938aad6eaf021fa08b0ed122ed2306a1466aa46c29728dbdf5350fce7f,f03576938aad6eaf021fa08b0ed122ed2306a1466aa46c29728dbdf5350fce7f,f03576938aad6eaf021fa08b0ed122ed2306a1466aa46c29728dbdf5350fce7f,f03576938aad6eaf021fa08b0ed122ed2306a1466aa46c29728dbdf5350fce7f,f03576938aad6eaf021fa08b0ed122ed2306a1466aa46c29728dbdf5350fce7f,f03576938aad6eaf021fa08b0ed122ed2306a1466aa46c29728dbdf5350fce7f,1,1,1,1,1,1,1,1,1,1,1
final_robot_016,robot,free_text,00238a7b7d7e726ce4eb656d900a9fc612fbf4cfcf3029391f5e18f26e964f5a,00238a7b7d7e726ce4eb656d900a9fc612fbf4cfcf3029391f5e18f26e964f5a,00238a7b7d7e726ce4eb656d900a9fc612fbf4cfcf3029391f5e18f26e964f5a,00238a7b7d7e726ce4eb656d900a9fc612fbf4cfcf3029391f5e18f26e964f5a,00238a7b7d7e726ce4eb656d900a9fc612fbf4cfcf3029391f5e18f26e964f5a,00238a7b7d7e726ce4eb656d900a9fc612fbf4cfcf3029391f5e18f26e964f5a,00238a7b7d7e726ce4eb656d900a9fc612fbf4cfcf3029391f5e18f26e964f5a,00238a7b7d7e726ce4eb656d900a9fc612fbf4cfcf3029391f5e18f26e964f5a,00238a7b7d7e726ce4eb656d900a9fc612fbf4cfcf3029391f5e18f26e964f5a,00238a7b7d7e726ce4eb656d900a9fc612fbf4cfcf3029391f5e18f26e964f5a,00238a7b7d7e726ce4eb656d900a9fc612fbf4cfcf3029391f5e18f26e964f5a,00238a7b7d7e726ce4eb656d900a9fc612fbf4cfcf3029391f5e18f26e964f5a,00238a7b7d7e726ce4eb656d900a9fc612fbf4cfcf3029391f5e18f26e964f5a,1,1,1,1,1,1,1,1,1,1,1
final_robot_017,robot,free_text,980e49b4c10438738692f122cc6c066528631e4c2a8b05796c50ccfa656835fd,980e49b4c10438738692f122cc6c066528631e4c2a8b05796c50ccfa656835fd,980e49b4c10438738692f122cc6c066528631e4c2a8b05796c50ccfa656835fd,980e49b4c10438738692f122cc6c066528631e4c2a8b05796c50ccfa656835fd,980e49b4c10438738692f122cc6c066528631e4c2a8b05796c50ccfa656835fd,980e49b4c10438738692f122cc6c066528631e4c2a8b05796c50ccfa656835fd,980e49b4c10438738692f122cc6c066528631e4c2a8b05796c50ccfa656835fd,980e49b4c10438738692f122cc6c066528631e4c2a8b05796c50ccfa656835fd,980e49b4c10438738692f122cc6c066528631e4c2a8b05796c50ccfa656835fd,980e49b4c10438738692f122cc6c066528631e4c2a8b05796c50ccfa656835fd,980e49b4c10438738692f122cc6c066528631e4c2a8b05796c50ccfa656835fd,980e49b4c10438738692f122cc6c066528631e4c2a8b05796c50ccfa656835fd,980e49b4c10438738692f122cc6c066528631e4c2a8b05796c50ccfa656835fd,1,1,1,1,1,1,1,1,1,1,1
final_robot_018,robot,free_text,3c38cf2e48b6e256eebebb5031733542f85f88e1715267692c6a4b2d6448c105,3c38cf2e48b6e256eebebb5031733542f85f88e1715267692c6a4b2d6448c105,3c38cf2e48b6e256eebebb5031733542f85f88e1715267692c6a4b2d6448c105,3c38cf2e48b6e256eebebb5031733542f85f88e1715267692c6a4b2d6448c105,3c38cf2e48b6e256eebebb5031733542f85f88e1715267692c6a4b2d6448c105,3c38cf2e48b6e256eebebb5031733542f85f88e1715267692c6a4b2d6448c105,3c38cf2e48b6e256eebebb5031733542f85f88e1715267692c6a4b2d6448c105,3c38cf2e48b6e256eebebb5031733542f85f88e1715267692c6a4b2d6448c105,3c38cf2e48b6e256eebebb5031733542f85f88e1715267692c6a4b2d6448c105,3c38cf2e48b6e256eebebb5031733542f85f88e1715267692c6a4b2d6448c105,3c38cf2e48b6e256eebebb5031733542f85f88e1715267692c6a4b2d6448c105,3c38cf2e48b6e256eebebb5031733542f85f88e1715267692c6a4b2d6448c105,3c38cf2e48b6e256eebebb5031733542f85f88e1715267692c6a4b2d6448c105,1,1,1,1,1,1,1,1,1,1,1
final_robot_019,robot,semi_structured,f09eeac05a15ef5ca51fc85a72c6caba247c8f372bd5dc5d570eaf959ae481b2,f09eeac05a15ef5ca51fc85a72c6caba247c8f372bd5dc5d570eaf959ae481b2,f09eeac05a15ef5ca51fc85a72c6caba247c8f372bd5dc5d570eaf959ae481b2,f09eeac05a15ef5ca51fc85a72c6caba247c8f372bd5dc5d570eaf959ae481b2,f09eeac05a15ef5ca51fc85a72c6caba247c8f372bd5dc5d570eaf959ae481b2,f09eeac05a15ef5ca51fc85a72c6caba247c8f372bd5dc5d570eaf959ae481b2,f09eeac05a15ef5ca51fc85a72c6caba247c8f372bd5dc5d570eaf959ae481b2,f09eeac05a15ef5ca51fc85a72c6caba247c8f372bd5dc5d570eaf959ae481b2,f09eeac05a15ef5ca51fc85a72c6caba247c8f372bd5dc5d570eaf959ae481b2,f09eeac05a15ef5ca51fc85a72c6caba247c8f372bd5dc5d570eaf959ae481b2,f09eeac05a15ef5ca51fc85a72c6caba247c8f372bd5dc5d570eaf959ae481b2,f09eeac05a15ef5ca51fc85a72c6caba247c8f372bd5dc5d570eaf959ae481b2,f09eeac05a15ef5ca51fc85a72c6caba247c8f372bd5dc5d570eaf959ae481b2,1,1,1,1,1,1,1,1,1,1,1
final_robot_020,robot,semi_structured,e1ff9c9adc8a8273fb8b27446ebf4437958ba2fe0341815b9c20888e88510c0d,e1ff9c9adc8a8273fb8b27446ebf4437958ba2fe0341815b9c20888e88510c0d,e1ff9c9adc8a8273fb8b27446ebf4437958ba2fe0341815b9c20888e88510c0d,e1ff9c9adc8a8273fb8b27446ebf4437958ba2fe0341815b9c20888e88510c0d,e1ff9c9adc8a8273fb8b27446ebf4437958ba2fe0341815b9c20888e88510c0d,e1ff9c9adc8a8273fb8b27446ebf4437958ba2fe0341815b9c20888e88510c0d,e1ff9c9adc8a8273fb8b27446ebf4437958ba2fe0341815b9c20888e88510c0d,e1ff9c9adc8a8273fb8b27446ebf4437958ba2fe0341815b9c20888e88510c0d,e1ff9c9adc8a8273fb8b27446ebf4437958ba2fe0341815b9c20888e88510c0d,e1ff9c9adc8a8273fb8b27446ebf4437958ba2fe0341815b9c20888e88510c0d,e1ff9c9adc8a8273fb8b27446ebf4437958ba2fe0341815b9c20888e88510c0d,e1ff9c9adc8a8273fb8b27446ebf4437958ba2fe0341815b9c20888e88510c0d,e1ff9c9adc8a8273fb8b27446ebf4437958ba2fe0341815b9c20888e88510c0d,1,1,1,1,1,1,1,1,1,1,1
final_robot_021,robot,semi_structured,f332a83ee88664aa3798a2f5a9ca15990083a6d330b81096f3910d7cf072e851,f332a83ee88664aa3798a2f5a9ca15990083a6d330b81096f3910d7cf072e851,f332a83ee88664aa3798a2f5a9ca15990083a6d330b81096f3910d7cf072e851,f332a83ee88664aa3798a2f5a9ca15990083a6d330b81096f3910d7cf072e851,f332a83ee88664aa3798a2f5a9ca15990083a6d330b81096f3910d7cf072e851,f332a83ee88664aa3798a2f5a9ca15990083a6d330b81096f3910d7cf072e851,f332a83ee88664aa3798a2f5a9ca15990083a6d330b81096f3910d7cf072e851,f332a83ee88664aa3798a2f5a9ca15990083a6d330b81096f3910d7cf072e851,f332a83ee88664aa3798a2f5a9ca15990083a6d330b81096f3910d7cf072e851,f332a83ee88664aa3798a2f5a9ca15990083a6d330b81096f3910d7cf072e851,f332a83ee88664aa3798a2f5a9ca15990083a6d330b81096f3910d7cf072e851,f332a83ee88664aa3798a2f5a9ca15990083a6d330b81096f3910d7cf072e851,f332a83ee88664aa3798a2f5a9ca15990083a6d330b81096f3910d7cf072e851,1,1,1,1,1,1,1,1,1,1,1
final_robot_022,robot,semi_structured,baa7451db5b430cb6b6be00a1fd980642ed1adbd51b4ba8dccbd7ebc0271c125,baa7451db5b430cb6b6be00a1fd980642ed1adbd51b4ba8dccbd7ebc0271c125,baa7451db5b430cb6b6be00a1fd980642ed1adbd51b4ba8dccbd7ebc0271c125,baa7451db5b430cb6b6be00a1fd980642ed1adbd51b4ba8dccbd7ebc0271c125,baa7451db5b430cb6b6be00a1fd980642ed1adbd51b4ba8dccbd7ebc0271c125,baa7451db5b430cb6b6be00a1fd980642ed1adbd51b4ba8dccbd7ebc0271c125,baa7451db5b430cb6b6be00a1fd980642ed1adbd51b4ba8dccbd7ebc0271c125,baa7451db5b430cb6b6be00a1fd980642ed1adbd51b4ba8dccbd7ebc0271c125,baa7451db5b430cb6b6be00a1fd980642ed1adbd51b4ba8dccbd7ebc0271c125,baa7451db5b430cb6b6be00a1fd980642ed1adbd51b4ba8dccbd7ebc0271c125,baa7451db5b430cb6b6be00a1fd980642ed1adbd51b4ba8dccbd7ebc0271c125,baa7451db5b430cb6b6be00a1fd980642ed1adbd51b4ba8dccbd7ebc0271c125,baa7451db5b430cb6b6be00a1fd980642ed1adbd51b4ba8dccbd7ebc0271c125,1,1,1,1,1,1,1,1,1,1,1
final_robot_023,robot,semi_structured,1a4ad86e82e4a62994b02f64111d620ca6aa93e2ae5e1edfb2c58aa239fcdbdc,1a4ad86e82e4a62994b02f64111d620ca6aa93e2ae5e1edfb2c58aa239fcdbdc,1a4ad86e82e4a62994b02f64111d620ca6aa93e2ae5e1edfb2c58aa239fcdbdc,1a4ad86e82e4a62994b02f64111d620ca6aa93e2ae5e1edfb2c58aa239fcdbdc,1a4ad86e82e4a62994b02f64111d620ca6aa93e2ae5e1edfb2c58aa239fcdbdc,1a4ad86e82e4a62994b02f64111d620ca6aa93e2ae5e1edfb2c58aa239fcdbdc,1a4ad86e82e4a62994b02f64111d620ca6aa93e2ae5e1edfb2c58aa239fcdbdc,1a4ad86e82e4a62994b02f64111d620ca6aa93e2ae5e1edfb2c58aa239fcdbdc,1a4ad86e82e4a62994b02f64111d620ca6aa93e2ae5e1edfb2c58aa239fcdbdc,1a4ad86e82e4a62994b02f64111d620ca6aa93e2ae5e1edfb2c58aa239fcdbdc,1a4ad86e82e4a62994b02f64111d620ca6aa93e2ae5e1edfb2c58aa239fcdbdc,1a4ad86e82e4a62994b02f64111d620ca6aa93e2ae5e1edfb2c58aa239fcdbdc,1a4ad86e82e4a62994b02f64111d620ca6aa93e2ae5e1edfb2c58aa239fcdbdc,1,1,1,1,1,1,1,1,1,1,1
final_robot_024,robot,semi_structured,ed3ab51b9a1f48b2a6a56ef709ac6e20179a54f687a6d20eeedf904f2a5dcea4,ed3ab51b9a1f48b2a6a56ef709ac6e20179a54f687a6d20eeedf904f2a5dcea4,ed3ab51b9a1f48b2a6a56ef709ac6e20179a54f687a6d20eeedf904f2a5dcea4,ed3ab51b9a1f48b2a6a56ef709ac6e20179a54f687a6d20eeedf904f2a5dcea4,ed3ab51b9a1f48b2a6a56ef709ac6e20179a54f687a6d20eeedf904f2a5dcea4,ed3ab51b9a1f48b2a6a56ef709ac6e20179a54f687a6d20eeedf904f2a5dcea4,ed3ab51b9a1f48b2a6a56ef709ac6e20179a54f687a6d20eeedf904f2a5dcea4,ed3ab51b9a1f48b2a6a56ef709ac6e20179a54f687a6d20eeedf904f2a5dcea4,ed3ab51b9a1f48b2a6a56ef709ac6e20179a54f687a6d20eeedf904f2a5dcea4,ed3ab51b9a1f48b2a6a56ef709ac6e20179a54f687a6d20eeedf904f2a5dcea4,ed3ab51b9a1f48b2a6a56ef709ac6e20179a54f687a6d20eeedf904f2a5dcea4,ed3ab51b9a1f48b2a6a56ef709ac6e20179a54f687a6d20eeedf904f2a5dcea4,ed3ab51b9a1f48b2a6a56ef709ac6e20179a54f687a6d20eeedf904f2a5dcea4,1,1,1,1,1,1,1,1,1,1,1
final_robot_025,robot,semi_structured,4a46e1ab2f27fb379472ad7f8d9567d023553f10155a65994961707d644c81b1,4a46e1ab2f27fb379472ad7f8d9567d023553f10155a65994961707d644c81b1,4a46e1ab2f27fb379472ad7f8d9567d023553f10155a65994961707d644c81b1,4a46e1ab2f27fb379472ad7f8d9567d023553f10155a65994961707d644c81b1,faf37ee7f8beac8c5271376b7c7a141049a38faef33c1cb7117fa4d063e0c850,faf37ee7f8beac8c5271376b7c7a141049a38faef33c1cb7117fa4d063e0c850,faf37ee7f8beac8c5271376b7c7a141049a38faef33c1cb7117fa4d063e0c850,faf37ee7f8beac8c5271376b7c7a141049a38faef33c1cb7117fa4d063e0c850,faf37ee7f8beac8c5271376b7c7a141049a38faef33c1cb7117fa4d063e0c850,faf37ee7f8beac8c5271376b7c7a141049a38faef33c1cb7117fa4d063e0c850,faf37ee7f8beac8c5271376b7c7a141049a38faef33c1cb7117fa4d063e0c850,faf37ee7f8beac8c5271376b7c7a141049a38faef33c1cb7117fa4d063e0c850,faf37ee7f8beac8c5271376b7c7a141049a38faef33c1cb7117fa4d063e0c850,1,1,1,0,1,1,1,1,1,1,1
final_robot_026,robot,semi_structured,d842f08b8b1ce4a9dbd48b4866e9694d483e5abbe27996af61a6c566d6fe2191,d842f08b8b1ce4a9dbd48b4866e9694d483e5abbe27996af61a6c566d6fe2191,d842f08b8b1ce4a9dbd48b4866e9694d483e5abbe27996af61a6c566d6fe2191,d842f08b8b1ce4a9dbd48b4866e9694d483e5abbe27996af61a6c566d6fe2191,d8b0bbef0c8ea9032de5dfba6b18b58c729330354fb5032a06ef14ca488347c3,d8b0bbef0c8ea9032de5dfba6b18b58c729330354fb5032a06ef14ca488347c3,d8b0bbef0c8ea9032de5dfba6b18b58c729330354fb5032a06ef14ca488347c3,d8b0bbef0c8ea9032de5dfba6b18b58c729330354fb5032a06ef14ca488347c3,d8b0bbef0c8ea9032de5dfba6b18b58c729330354fb5032a06ef14ca488347c3,d8b0bbef0c8ea9032de5dfba6b18b58c729330354fb5032a06ef14ca488347c3,d8b0bbef0c8ea9032de5dfba6b18b58c729330354fb5032a06ef14ca488347c3,d8b0bbef0c8ea9032de5dfba6b18b58c729330354fb5032a06ef14ca488347c3,d8b0bbef0c8ea9032de5dfba6b18b58c729330354fb5032a06ef14ca488347c3,1,1,1,0,1,1,1,1,1,1,1
final_robot_027,robot,semi_structured,f4596e5183b447526e5f3ae34412b4d53af891177bcc9bc88b10dae97530f9ec,f4596e5183b447526e5f3ae34412b4d53af891177bcc9bc88b10dae97530f9ec,f4596e5183b447526e5f3ae34412b4d53af891177bcc9bc88b10dae97530f9ec,f4596e5183b447526e5f3ae34412b4d53af891177bcc9bc88b10dae97530f9ec,b9ecb3675ea97d91abd02c48d5b1b9f6c00b0c18106ec7fcbcd2bc9a4b525eff,b9ecb3675ea97d91abd02c48d5b1b9f6c00b0c18106ec7fcbcd2bc9a4b525eff,b9ecb3675ea97d91abd02c48d5b1b9f6c00b0c18106ec7fcbcd2bc9a4b525eff,b9ecb3675ea97d91abd02c48d5b1b9f6c00b0c18106ec7fcbcd2bc9a4b525eff,b9ecb3675ea97d91abd02c48d5b1b9f6c00b0c18106ec7fcbcd2bc9a4b525eff,b9ecb3675ea97d91abd02c48d5b1b9f6c00b0c18106ec7fcbcd2bc9a4b525eff,b9ecb3675ea97d91abd02c48d5b1b9f6c00b0c18106ec7fcbcd2bc9a4b525eff,b9ecb3675ea97d91abd02c48d5b1b9f6c00b0c18106ec7fcbcd2bc9a4b525eff,b9ecb3675ea97d91abd02c48d5b1b9f6c00b0c18106ec7fcbcd2bc9a4b525eff,1,1,1,0,1,1,1,1,1,1,1
final_robot_028,robot,semi_structured,a58e2618a1fd60618e479e4238b729e9f8211a2609cfdd185d8e65c7987f9a70,a58e2618a1fd60618e479e4238b729e9f8211a2609cfdd185d8e65c7987f9a70,a58e2618a1fd60618e479e4238b729e9f8211a2609cfdd185d8e65c7987f9a70,a58e2618a1fd60618e479e4238b729e9f8211a2609cfdd185d8e65c7987f9a70,a58e2618a1fd60618e479e4238b729e9f8211a2609cfdd185d8e65c7987f9a70,a58e2618a1fd60618e479e4238b729e9f8211a2609cfdd185d8e65c7987f9a70,a58e2618a1fd60618e479e4238b729e9f8211a2609cfdd185d8e65c7987f9a70,a58e2618a1fd60618e479e4238b729e9f8211a2609cfdd185d8e65c7987f9a70,a58e2618a1fd60618e479e4238b729e9f8211a2609cfdd185d8e65c7987f9a70,a58e2618a1fd60618e479e4238b729e9f8211a2609cfdd185d8e65c7987f9a70,a58e2618a1fd60618e479e4238b729e9f8211a2609cfdd185d8e65c7987f9a70,a58e2618a1fd60618e479e4238b729e9f8211a2609cfdd185d8e65c7987f9a70,a58e2618a1fd60618e479e4238b729e9f8211a2609cfdd185d8e65c7987f9a70,1,1,1,1,1,1,1,1,1,1,1
final_robot_029,robot,semi_structured,2cbb627ca560f25d7d7937fb600c50f349def1323fe846a71ab7b72334e0684d,2cbb627ca560f25d7d7937fb600c50f349def1323fe846a71ab7b72334e0684d,2cbb627ca560f25d7d7937fb600c50f349def1323fe846a71ab7b72334e0684d,2cbb627ca560f25d7d7937fb600c50f349def1323fe846a71ab7b72334e0684d,2cbb627ca560f25d7d7937fb600c50f349def1323fe846a71ab7b72334e0684d,2cbb627ca560f25d7d7937fb600c50f349def1323fe846a71ab7b72334e0684d,2cbb627ca560f25d7d7937fb600c50f349def1323fe846a71ab7b72334e0684d,2cbb627ca560f25d7d7937fb600c50f349def1323fe846a71ab7b72334e0684d,2cbb627ca560f25d7d7937fb600c50f349def1323fe846a71ab7b72334e0684d,2cbb627ca560f25d7d7937fb600c50f349def1323fe846a71ab7b72334e0684d,2cbb627ca560f25d7d7937fb600c50f349def1323fe846a71ab7b72334e0684d,2cbb627ca560f25d7d7937fb600c50f349def1323fe846a71ab7b72334e0684d,2cbb627ca560f25d7d7937fb600c50f349def1323fe846a71ab7b72334e0684d,1,1,1,1,1,1,1,1,1,1,1
final_robot_030,robot,semi_structured,679d6b31a5b8fe1728bedacf5e9be90260ab0e5dfcb163541823510931843327,679d6b31a5b8fe1728bedacf5e9be90260ab0e5dfcb163541823510931843327,679d6b31a5b8fe1728bedacf5e9be90260ab0e5dfcb163541823510931843327,679d6b31a5b8fe1728bedacf5e9be90260ab0e5dfcb163541823510931843327,679d6b31a5b8fe1728bedacf5e9be90260ab0e5dfcb163541823510931843327,679d6b31a5b8fe1728bedacf5e9be90260ab0e5dfcb163541823510931843327,679d6b31a5b8fe1728bedacf5e9be90260ab0e5dfcb163541823510931843327,679d6b31a5b8fe1728bedacf5e9be90260ab0e5dfcb163541823510931843327,679d6b31a5b8fe1728bedacf5e9be90260ab0e5dfcb163541823510931843327,679d6b31a5b8fe1728bedacf5e9be90260ab0e5dfcb163541823510931843327,679d6b31a5b8fe1728bedacf5e9be90260ab0e5dfcb163541823510931843327,679d6b31a5b8fe1728bedacf5e9be90260ab0e5dfcb163541823510931843327,679d6b31a5b8fe1728bedacf5e9be90260ab0e5dfcb163541823510931843327,1,1,1,1,1,1,1,1,1,1,1
final_robot_031,robot,free_text,b0185d43601dec3cdce95291e225cf567cc2a744066c76a4f6e644f86096e65a,b0185d43601dec3cdce95291e225cf567cc2a744066c76a4f6e644f86096e65a,b0185d43601dec3cdce95291e225cf567cc2a744066c76a4f6e644f86096e65a,b0185d43601dec3cdce95291e225cf567cc2a744066c76a4f6e644f86096e65a,b0185d43601dec3cdce95291e225cf567cc2a744066c76a4f6e644f86096e65a,b0185d43601dec3cdce95291e225cf567cc2a744066c76a4f6e644f86096e65a,b0185d43601dec3cdce95291e225cf567cc2a744066c76a4f6e644f86096e65a,b0185d43601dec3cdce95291e225cf567cc2a744066c76a4f6e644f86096e65a,b0185d43601dec3cdce95291e225cf567cc2a744066c76a4f6e644f86096e65a,b0185d43601dec3cdce95291e225cf567cc2a744066c76a4f6e644f86096e65a,b0185d43601dec3cdce95291e225cf567cc2a744066c76a4f6e644f86096e65a,b0185d43601dec3cdce95291e225cf567cc2a744066c76a4f6e644f86096e65a,b0185d43601dec3cdce95291e225cf567cc2a744066c76a4f6e644f86096e65a,1,1,1,1,1,1,1,1,1,1,1
final_robot_032,robot,free_text,fc462721cb2df704d090658be2dd811db9103cf9a6e4eef48d339d94ac1de79c,fc462721cb2df704d090658be2dd811db9103cf9a6e4eef48d339d94ac1de79c,fc462721cb2df704d090658be2dd811db9103cf9a6e4eef48d339d94ac1de79c,fc462721cb2df704d090658be2dd811db9103cf9a6e4eef48d339d94ac1de79c,fc462721cb2df704d090658be2dd811db9103cf9a6e4eef48d339d94ac1de79c,fc462721cb2df704d090658be2dd811db9103cf9a6e4eef48d339d94ac1de79c,fc462721cb2df704d090658be2dd811db9103cf9a6e4eef48d339d94ac1de79c,fc462721cb2df704d090658be2dd811db9103cf9a6e4eef48d339d94ac1de79c,fc462721cb2df704d090658be2dd811db9103cf9a6e4eef48d339d94ac1de79c,fc462721cb2df704d090658be2dd811db9103cf9a6e4eef48d339d94ac1de79c,fc462721cb2df704d090658be2dd811db9103cf9a6e4eef48d339d94ac1de79c,fc462721cb2df704d090658be2dd811db9103cf9a6e4eef48d339d94ac1de79c,fc462721cb2df704d090658be2dd811db9103cf9a6e4eef48d339d94ac1de79c,1,1,1,1,1,1,1,1,1,1,1
final_robot_033,robot,free_text,908f62ba04932ee3bb3ea29728c63da6d9ca600a753faa6abc4d421a43e94c9d,908f62ba04932ee3bb3ea29728c63da6d9ca600a753faa6abc4d421a43e94c9d,908f62ba04932ee3bb3ea29728c63da6d9ca600a753faa6abc4d421a43e94c9d,908f62ba04932ee3bb3ea29728c63da6d9ca600a753faa6abc4d421a43e94c9d,908f62ba04932ee3bb3ea29728c63da6d9ca600a753faa6abc4d421a43e94c9d,908f62ba04932ee3bb3ea29728c63da6d9ca600a753faa6abc4d421a43e94c9d,908f62ba04932ee3bb3ea29728c63da6d9ca600a753faa6abc4d421a43e94c9d,908f62ba04932ee3bb3ea29728c63da6d9ca600a753faa6abc4d421a43e94c9d,908f62ba04932ee3bb3ea29728c63da6d9ca600a753faa6abc4d421a43e94c9d,908f62ba04932ee3bb3ea29728c63da6d9ca600a753faa6abc4d421a43e94c9d,908f62ba04932ee3bb3ea29728c63da6d9ca600a753faa6abc4d421a43e94c9d,908f62ba04932ee3bb3ea29728c63da6d9ca600a753faa6abc4d421a43e94c9d,908f62ba04932ee3bb3ea29728c63da6d9ca600a753faa6abc4d421a43e94c9d,1,1,1,1,1,1,1,1,1,1,1
final_robot_034,robot,semi_structured,fdd2c125c241460684bd4c7900fd4e889f25374229ccd6417bcbd93f303c5483,fdd2c125c241460684bd4c7900fd4e889f25374229ccd6417bcbd93f303c5483,fdd2c125c241460684bd4c7900fd4e889f25374229ccd6417bcbd93f303c5483,fdd2c125c241460684bd4c7900fd4e889f25374229ccd6417bcbd93f303c5483,fdd2c125c241460684bd4c7900fd4e889f25374229ccd6417bcbd93f303c5483,fdd2c125c241460684bd4c7900fd4e889f25374229ccd6417bcbd93f303c5483,fdd2c125c241460684bd4c7900fd4e889f25374229ccd6417bcbd93f303c5483,fdd2c125c241460684bd4c7900fd4e889f25374229ccd6417bcbd93f303c5483,fdd2c125c241460684bd4c7900fd4e889f25374229ccd6417bcbd93f303c5483,fdd2c125c241460684bd4c7900fd4e889f25374229ccd6417bcbd93f303c5483,fdd2c125c241460684bd4c7900fd4e889f25374229ccd6417bcbd93f303c5483,fdd2c125c241460684bd4c7900fd4e889f25374229ccd6417bcbd93f303c5483,fdd2c125c241460684bd4c7900fd4e889f25374229ccd6417bcbd93f303c5483,1,1,1,1,1,1,1,1,1,1,1
final_robot_035,robot,semi_structured,82e5ab3d8b34b799ccabd84d497420454a595fc18da324de7440c698f662e24e,82e5ab3d8b34b799ccabd84d497420454a595fc18da324de7440c698f662e24e,82e5ab3d8b34b799ccabd84d497420454a595fc18da324de7440c698f662e24e,82e5ab3d8b34b799ccabd84d497420454a595fc18da324de7440c698f662e24e,82e5ab3d8b34b799ccabd84d497420454a595fc18da324de7440c698f662e24e,82e5ab3d8b34b799ccabd84d497420454a595fc18da324de7440c698f662e24e,82e5ab3d8b34b799ccabd84d497420454a595fc18da324de7440c698f662e24e,82e5ab3d8b34b799ccabd84d497420454a595fc18da324de7440c698f662e24e,82e5ab3d8b34b799ccabd84d497420454a595fc18da324de7440c698f662e24e,82e5ab3d8b34b799ccabd84d497420454a595fc18da324de7440c698f662e24e,82e5ab3d8b34b799ccabd84d497420454a595fc18da324de7440c698f662e24e,82e5ab3d8b34b799ccabd84d497420454a595fc18da324de7440c698f662e24e,82e5ab3d8b34b799ccabd84d497420454a595fc18da324de7440c698f662e24e,1,1,1,1,1,1,1,1,1,1,1
final_robot_036,robot,semi_structured,a4d9ee44a118fc04467cf6a86dd5af178e098fa578a9cf589d13f9bb90f1a62d,a4d9ee44a118fc04467cf6a86dd5af178e098fa578a9cf589d13f9bb90f1a62d,a4d9ee44a118fc04467cf6a86dd5af178e098fa578a9cf589d13f9bb90f1a62d,a4d9ee44a118fc04467cf6a86dd5af178e098fa578a9cf589d13f9bb90f1a62d,a4d9ee44a118fc04467cf6a86dd5af178e098fa578a9cf589d13f9bb90f1a62d,a4d9ee44a118fc04467cf6a86dd5af178e098fa578a9cf589d13f9bb90f1a62d,a4d9ee44a118fc04467cf6a86dd5af178e098fa578a9cf589d13f9bb90f1a62d,a4d9ee44a118fc04467cf6a86dd5af178e098fa578a9cf589d13f9bb90f1a62d,a4d9ee44a118fc04467cf6a86dd5af178e098fa578a9cf589d13f9bb90f1a62d,a4d9ee44a118fc04467cf6a86dd5af178e098fa578a9cf589d13f9bb90f1a62d,a4d9ee44a118fc04467cf6a86dd5af178e098fa578a9cf589d13f9bb90f1a62d,a4d9ee44a118fc04467cf6a86dd5af178e098fa578a9cf589d13f9bb90f1a62d,a4d9ee44a118fc04467cf6a86dd5af178e098fa578a9cf589d13f9bb90f1a62d,1,1,1,1,1,1,1,1,1,1,1
final_robot_037,robot,semi_structured,a57c1c7c19b1fa0f8b84cd269dd3f051cacfd370f62306751bc1b09139cda6b6,a57c1c7c19b1fa0f8b84cd269dd3f051cacfd370f62306751bc1b09139cda6b6,a57c1c7c19b1fa0f8b84cd269dd3f051cacfd370f62306751bc1b09139cda6b6,a57c1c7c19b1fa0f8b84cd269dd3f051cacfd370f62306751bc1b09139cda6b6,a57c1c7c19b1fa0f8b84cd269dd3f051cacfd370f62306751bc1b09139cda6b6,a57c1c7c19b1fa0f8b84cd269dd3f051cacfd370f62306751bc1b09139cda6b6,a57c1c7c19b1fa0f8b84cd269dd3f051cacfd370f62306751bc1b09139cda6b6,a57c1c7c19b1fa0f8b84cd269dd3f051cacfd370f62306751bc1b09139cda6b6,a57c1c7c19b1fa0f8b84cd269dd3f051cacfd370f62306751bc1b09139cda6b6,a57c1c7c19b1fa0f8b84cd269dd3f051cacfd370f62306751bc1b09139cda6b6,a57c1c7c19b1fa0f8b84cd269dd3f051cacfd370f62306751bc1b09139cda6b6,a57c1c7c19b1fa0f8b84cd269dd3f051cacfd370f62306751bc1b09139cda6b6,a57c1c7c19b1fa0f8b84cd269dd3f051cacfd370f62306751bc1b09139cda6b6,1,1,1,1,1,1,1,1,1,1,1
final_robot_038,robot,semi_structured,7d63c1e847e2032f05b1f3e30a993d213492f72eea796e9668fa9faa017ae28b,7d63c1e847e2032f05b1f3e30a993d213492f72eea796e9668fa9faa017ae28b,7d63c1e847e2032f05b1f3e30a993d213492f72eea796e9668fa9faa017ae28b,7d63c1e847e2032f05b1f3e30a993d213492f72eea796e9668fa9faa017ae28b,7d63c1e847e2032f05b1f3e30a993d213492f72eea796e9668fa9faa017ae28b,7d63c1e847e2032f05b1f3e30a993d213492f72eea796e9668fa9faa017ae28b,7d63c1e847e2032f05b1f3e30a993d213492f72eea796e9668fa9faa017ae28b,7d63c1e847e2032f05b1f3e30a993d213492f72eea796e9668fa9faa017ae28b,7d63c1e847e2032f05b1f3e30a993d213492f72eea796e9668fa9faa017ae28b,7d63c1e847e2032f05b1f3e30a993d213492f72eea796e9668fa9faa017ae28b,7d63c1e847e2032f05b1f3e30a993d213492f72eea796e9668fa9faa017ae28b,7d63c1e847e2032f05b1f3e30a993d213492f72eea796e9668fa9faa017ae28b,7d63c1e847e2032f05b1f3e30a993d213492f72eea796e9668fa9faa017ae28b,1,1,1,1,1,1,1,1,1,1,1
final_robot_039,robot,semi_structured,200e539adef8a4716ed4f8396bc70485f1e36683d9c3163879b31a7649edf77b,200e539adef8a4716ed4f8396bc70485f1e36683d9c3163879b31a7649edf77b,200e539adef8a4716ed4f8396bc70485f1e36683d9c3163879b31a7649edf77b,200e539adef8a4716ed4f8396bc70485f1e36683d9c3163879b31a7649edf77b,200e539adef8a4716ed4f8396bc70485f1e36683d9c3163879b31a7649edf77b,200e539adef8a4716ed4f8396bc70485f1e36683d9c3163879b31a7649edf77b,200e539adef8a4716ed4f8396bc70485f1e36683d9c3163879b31a7649edf77b,200e539adef8a4716ed4f8396bc70485f1e36683d9c3163879b31a7649edf77b,200e539adef8a4716ed4f8396bc70485f1e36683d9c3163879b31a7649edf77b,200e539adef8a4716ed4f8396bc70485f1e36683d9c3163879b31a7649edf77b,200e539adef8a4716ed4f8396bc70485f1e36683d9c3163879b31a7649edf77b,200e539adef8a4716ed4f8396bc70485f1e36683d9c3163879b31a7649edf77b,200e539adef8a4716ed4f8396bc70485f1e36683d9c3163879b31a7649edf77b,1,1,1,1,1,1,1,1,1,1,1
final_robot_040,robot,semi_structured,4f8eba2c7fc70914aa43f6efec65b9c7363526199139adef752d2af4cf306754,4f8eba2c7fc70914aa43f6efec65b9c7363526199139adef752d2af4cf306754,4f8eba2c7fc70914aa43f6efec65b9c7363526199139adef752d2af4cf306754,4f8eba2c7fc70914aa43f6efec65b9c7363526199139adef752d2af4cf306754,af23695e52c7b0257b9f343405d5d1e889c38ab5ece1337728e9c5b0fb509844,af23695e52c7b0257b9f343405d5d1e889c38ab5ece1337728e9c5b0fb509844,af23695e52c7b0257b9f343405d5d1e889c38ab5ece1337728e9c5b0fb509844,af23695e52c7b0257b9f343405d5d1e889c38ab5ece1337728e9c5b0fb509844,af23695e52c7b0257b9f343405d5d1e889c38ab5ece1337728e9c5b0fb509844,af23695e52c7b0257b9f343405d5d1e889c38ab5ece1337728e9c5b0fb509844,af23695e52c7b0257b9f343405d5d1e889c38ab5ece1337728e9c5b0fb509844,af23695e52c7b0257b9f343405d5d1e889c38ab5ece1337728e9c5b0fb509844,af23695e52c7b0257b9f343405d5d1e889c38ab5ece1337728e9c5b0fb509844,1,1,1,0,1,1,1,1,1,1,1
final_robot_041,robot,semi_structured,49f3a549435d66bf0ac08d841c030c6d62d96b304f91a5cc92c9983c21724f42,49f3a549435d66bf0ac08d841c030c6d62d96b304f91a5cc92c9983c21724f42,49f3a549435d66bf0ac08d841c030c6d62d96b304f91a5cc92c9983c21724f42,49f3a549435d66bf0ac08d841c030c6d62d96b304f91a5cc92c9983c21724f42,fba5b5ee69b2c9df4509fcd9c6d05608c4ed9a34e231c0e4382e45d1afac9290,fba5b5ee69b2c9df4509fcd9c6d05608c4ed9a34e231c0e4382e45d1afac9290,fba5b5ee69b2c9df4509fcd9c6d05608c4ed9a34e231c0e4382e45d1afac9290,fba5b5ee69b2c9df4509fcd9c6d05608c4ed9a34e231c0e4382e45d1afac9290,fba5b5ee69b2c9df4509fcd9c6d05608c4ed9a34e231c0e4382e45d1afac9290,fba5b5ee69b2c9df4509fcd9c6d05608c4ed9a34e231c0e4382e45d1afac9290,fba5b5ee69b2c9df4509fcd9c6d05608c4ed9a34e231c0e4382e45d1afac9290,fba5b5ee69b2c9df4509fcd9c6d05608c4ed9a34e231c0e4382e45d1afac9290,fba5b5ee69b2c9df4509fcd9c6d05608c4ed9a34e231c0e4382e45d1afac9290,1,1,1,0,1,1,1,1,1,1,1
final_robot_042,robot,semi_structured,8cba16263c35fa3cc096e07caaa45b9bea5eaa6be5d40f71a22f0555384c0880,8cba16263c35fa3cc096e07caaa45b9bea5eaa6be5d40f71a22f0555384c0880,8cba16263c35fa3cc096e07caaa45b9bea5eaa6be5d40f71a22f0555384c0880,8cba16263c35fa3cc096e07caaa45b9bea5eaa6be5d40f71a22f0555384c0880,bb28ab1a2c6564ab07615e6562feb9b48e8d07e2be63acbf1b1b2b5bcab480c5,bb28ab1a2c6564ab07615e6562feb9b48e8d07e2be63acbf1b1b2b5bcab480c5,bb28ab1a2c6564ab07615e6562feb9b48e8d07e2be63acbf1b1b2b5bcab480c5,bb28ab1a2c6564ab07615e6562feb9b48e8d07e2be63acbf1b1b2b5bcab480c5,bb28ab1a2c6564ab07615e6562feb9b48e8d07e2be63acbf1b1b2b5bcab480c5,bb28ab1a2c6564ab07615e6562feb9b48e8d07e2be63acbf1b1b2b5bcab480c5,bb28ab1a2c6564ab07615e6562feb9b48e8d07e2be63acbf1b1b2b5bcab480c5,bb28ab1a2c6564ab07615e6562feb9b48e8d07e2be63acbf1b1b2b5bcab480c5,bb28ab1a2c6564ab07615e6562feb9b48e8d07e2be63acbf1b1b2b5bcab480c5,1,1,1,0,1,1,1,1,1,1,1
final_robot_043,robot,semi_structured,bea1fa0650e04a62a0b74f53226510353fb601397ce63e0752eaa38d1d5e886c,bea1fa0650e04a62a0b74f53226510353fb601397ce63e0752eaa38d1d5e886c,bea1fa0650e04a62a0b74f53226510353fb601397ce63e0752eaa38d1d5e886c,bea1fa0650e04a62a0b74f53226510353fb601397ce63e0752eaa38d1d5e886c,bea1fa0650e04a62a0b74f53226510353fb601397ce63e0752eaa38d1d5e886c,bea1fa0650e04a62a0b74f53226510353fb601397ce63e0752eaa38d1d5e886c,bea1fa0650e04a62a0b74f53226510353fb601397ce63e0752eaa38d1d5e886c,bea1fa0650e04a62a0b74f53226510353fb601397ce63e0752eaa38d1d5e886c,bea1fa0650e04a62a0b74f53226510353fb601397ce63e0752eaa38d1d5e886c,bea1fa0650e04a62a0b74f53226510353fb601397ce63e0752eaa38d1d5e886c,bea1fa0650e04a62a0b74f53226510353fb601397ce63e0752eaa38d1d5e886c,bea1fa0650e04a62a0b74f53226510353fb601397ce63e0752eaa38d1d5e886c,bea1fa0650e04a62a0b74f53226510353fb601397ce63e0752eaa38d1d5e886c,1,1,1,1,1,1,1,1,1,1,1
final_robot_044,robot,semi_structured,5c13ae4587e88fa67127fbcb5a976090104d2f52b81743359518bfdf0e8b3579,5c13ae4587e88fa67127fbcb5a976090104d2f52b81743359518bfdf0e8b3579,5c13ae4587e88fa67127fbcb5a976090104d2f52b81743359518bfdf0e8b3579,5c13ae4587e88fa67127fbcb5a976090104d2f52b81743359518bfdf0e8b3579,5c13ae4587e88fa67127fbcb5a976090104d2f52b81743359518bfdf0e8b3579,5c13ae4587e88fa67127fbcb5a976090104d2f52b81743359518bfdf0e8b3579,5c13ae4587e88fa67127fbcb5a976090104d2f52b81743359518bfdf0e8b3579,5c13ae4587e88fa67127fbcb5a976090104d2f52b81743359518bfdf0e8b3579,5c13ae4587e88fa67127fbcb5a976090104d2f52b81743359518bfdf0e8b3579,5c13ae4587e88fa67127fbcb5a976090104d2f52b81743359518bfdf0e8b3579,5c13ae4587e88fa67127fbcb5a976090104d2f52b81743359518bfdf0e8b3579,5c13ae4587e88fa67127fbcb5a976090104d2f52b81743359518bfdf0e8b3579,5c13ae4587e88fa67127fbcb5a976090104d2f52b81743359518bfdf0e8b3579,1,1,1,1,1,1,1,1,1,1,1
final_robot_045,robot,semi_structured,71f52a42dbe205e5f52af7a08567482f1246554f4d3a83add2d43b1b5bf5a9d8,71f52a42dbe205e5f52af7a08567482f1246554f4d3a83add2d43b1b5bf5a9d8,71f52a42dbe205e5f52af7a08567482f1246554f4d3a83add2d43b1b5bf5a9d8,71f52a42dbe205e5f52af7a08567482f1246554f4d3a83add2d43b1b5bf5a9d8,71f52a42dbe205e5f52af7a08567482f1246554f4d3a83add2d43b1b5bf5a9d8,71f52a42dbe205e5f52af7a08567482f1246554f4d3a83add2d43b1b5bf5a9d8,71f52a42dbe205e5f52af7a08567482f1246554f4d3a83add2d43b1b5bf5a9d8,71f52a42dbe205e5f52af7a08567482f1246554f4d3a83add2d43b1b5bf5a9d8,71f52a42dbe205e5f52af7a08567482f1246554f4d3a83add2d43b1b5bf5a9d8,71f52a42dbe205e5f52af7a08567482f1246554f4d3a83add2d43b1b5bf5a9d8,71f52a42dbe205e5f52af7a08567482f1246554f4d3a83add2d43b1b5bf5a9d8,71f52a42dbe205e5f52af7a08567482f1246554f4d3a83add2d43b1b5bf5a9d8,71f52a42dbe205e5f52af7a08567482f1246554f4d3a83add2d43b1b5bf5a9d8,1,1,1,1,1,1,1,1,1,1,1
final_robot_046,robot,free_text,54edfd852ea31f23f699d6db6c7daa47d1a2f232e24c549f88df4b4ecd67f003,54edfd852ea31f23f699d6db6c7daa47d1a2f232e24c549f88df4b4ecd67f003,54edfd852ea31f23f699d6db6c7daa47d1a2f232e24c549f88df4b4ecd67f003,54edfd852ea31f23f699d6db6c7daa47d1a2f232e24c549f88df4b4ecd67f003,54edfd852ea31f23f699d6db6c7daa47d1a2f232e24c549f88df4b4ecd67f003,54edfd852ea31f23f699d6db6c7daa47d1a2f232e24c549f88df4b4ecd67f003,54edfd852ea31f23f699d6db6c7daa47d1a2f232e24c549f88df4b4ecd67f003,54edfd852ea31f23f699d6db6c7daa47d1a2f232e24c549f88df4b4ecd67f003,54edfd852ea31f23f699d6db6c7daa47d1a2f232e24c549f88df4b4ecd67f003,54edfd852ea31f23f699d6db6c7daa47d1a2f232e24c549f88df4b4ecd67f003,54edfd852ea31f23f699d6db6c7daa47d1a2f232e24c549f88df4b4ecd67f003,54edfd852ea31f23f699d6db6c7daa47d1a2f232e24c549f88df4b4ecd67f003,54edfd852ea31f23f699d6db6c7daa47d1a2f232e24c549f88df4b4ecd67f003,1,1,1,1,1,1,1,1,1,1,1
final_robot_047,robot,free_text,c7fe3fde3bdd032e316fff81994b83b93abf075a5ea9d13b40de708f76c274dc,c7fe3fde3bdd032e316fff81994b83b93abf075a5ea9d13b40de708f76c274dc,c7fe3fde3bdd032e316fff81994b83b93abf075a5ea9d13b40de708f76c274dc,c7fe3fde3bdd032e316fff81994b83b93abf075a5ea9d13b40de708f76c274dc,c7fe3fde3bdd032e316fff81994b83b93abf075a5ea9d13b40de708f76c274dc,c7fe3fde3bdd032e316fff81994b83b93abf075a5ea9d13b40de708f76c274dc,c7fe3fde3bdd032e316fff81994b83b93abf075a5ea9d13b40de708f76c274dc,c7fe3fde3bdd032e316fff81994b83b93abf075a5ea9d13b40de708f76c274dc,c7fe3fde3bdd032e316fff81994b83b93abf075a5ea9d13b40de708f76c274dc,c7fe3fde3bdd032e316fff81994b83b93abf075a5ea9d13b40de708f76c274dc,c7fe3fde3bdd032e316fff81994b83b93abf075a5ea9d13b40de708f76c274dc,c7fe3fde3bdd032e316fff81994b83b93abf075a5ea9d13b40de708f76c274dc,c7fe3fde3bdd032e316fff81994b83b93abf075a5ea9d13b40de708f76c274dc,1,1,1,1,1,1,1,1,1,1,1
final_robot_048,robot,free_text,201c316d692e705ca18ac52a3903daf3951f9d194c5d62de6388670172be1a88,201c316d692e705ca18ac52a3903daf3951f9d194c5d62de6388670172be1a88,201c316d692e705ca18ac52a3903daf3951f9d194c5d62de6388670172be1a88,201c316d692e705ca18ac52a3903daf3951f9d194c5d62de6388670172be1a88,201c316d692e705ca18ac52a3903daf3951f9d194c5d62de6388670172be1a88,201c316d692e705ca18ac52a3903daf3951f9d194c5d62de6388670172be1a88,201c316d692e705ca18ac52a3903daf3951f9d194c5d62de6388670172be1a88,201c316d692e705ca18ac52a3903daf3951f9d194c5d62de6388670172be1a88,201c316d692e705ca18ac52a3903daf3951f9d194c5d62de6388670172be1a88,201c316d692e705ca18ac52a3903daf3951f9d194c5d62de6388670172be1a88,201c316d692e705ca18ac52a3903daf3951f9d194c5d62de6388670172be1a88,201c316d692e705ca18ac52a3903daf3951f9d194c5d62de6388670172be1a88,201c316d692e705ca18ac52a3903daf3951f9d194c5d62de6388670172be1a88,1,1,1,1,1,1,1,1,1,1,1
final_robot_049,robot,semi_structured,5572a7d9e2a2ff8b56f9511b8973ae558c05491a13ed9cf3430df6139fad1e8b,5572a7d9e2a2ff8b56f9511b8973ae558c05491a13ed9cf3430df6139fad1e8b,5572a7d9e2a2ff8b56f9511b8973ae558c05491a13ed9cf3430df6139fad1e8b,5572a7d9e2a2ff8b56f9511b8973ae558c05491a13ed9cf3430df6139fad1e8b,5572a7d9e2a2ff8b56f9511b8973ae558c05491a13ed9cf3430df6139fad1e8b,5572a7d9e2a2ff8b56f9511b8973ae558c05491a13ed9cf3430df6139fad1e8b,5572a7d9e2a2ff8b56f9511b8973ae558c05491a13ed9cf3430df6139fad1e8b,5572a7d9e2a2ff8b56f9511b8973ae558c05491a13ed9cf3430df6139fad1e8b,5572a7d9e2a2ff8b56f9511b8973ae558c05491a13ed9cf3430df6139fad1e8b,5572a7d9e2a2ff8b56f9511b8973ae558c05491a13ed9cf3430df6139fad1e8b,5572a7d9e2a2ff8b56f9511b8973ae558c05491a13ed9cf3430df6139fad1e8b,5572a7d9e2a2ff8b56f9511b8973ae558c05491a13ed9cf3430df6139fad1e8b,5572a7d9e2a2ff8b56f9511b8973ae558c05491a13ed9cf3430df6139fad1e8b,1,1,1,1,1,1,1,1,1,1,1
final_robot_050,robot,semi_structured,de7c9a172f35dcc5aa30f722bb1920d7f49dd293157a21175885c781df4ca1d7,de7c9a172f35dcc5aa30f722bb1920d7f49dd293157a21175885c781df4ca1d7,de7c9a172f35dcc5aa30f722bb1920d7f49dd293157a21175885c781df4ca1d7,de7c9a172f35dcc5aa30f722bb1920d7f49dd293157a21175885c781df4ca1d7,de7c9a172f35dcc5aa30f722bb1920d7f49dd293157a21175885c781df4ca1d7,de7c9a172f35dcc5aa30f722bb1920d7f49dd293157a21175885c781df4ca1d7,de7c9a172f35dcc5aa30f722bb1920d7f49dd293157a21175885c781df4ca1d7,de7c9a172f35dcc5aa30f722bb1920d7f49dd293157a21175885c781df4ca1d7,de7c9a172f35dcc5aa30f722bb1920d7f49dd293157a21175885c781df4ca1d7,de7c9a172f35dcc5aa30f722bb1920d7f49dd293157a21175885c781df4ca1d7,de7c9a172f35dcc5aa30f722bb1920d7f49dd293157a21175885c781df4ca1d7,de7c9a172f35dcc5aa30f722bb1920d7f49dd293157a21175885c781df4ca1d7,de7c9a172f35dcc5aa30f722bb1920d7f49dd293157a21175885c781df4ca1d7,1,1,1,1,1,1,1,1,1,1,1
final_robot_051,robot,semi_structured,e5b8adc00d938341f1b05082d863a9ebd8e8f2f07e560802e971e40af433f594,e5b8adc00d938341f1b05082d863a9ebd8e8f2f07e560802e971e40af433f594,e5b8adc00d938341f1b05082d863a9ebd8e8f2f07e560802e971e40af433f594,e5b8adc00d938341f1b05082d863a9ebd8e8f2f07e560802e971e40af433f594,e5b8adc00d938341f1b05082d863a9ebd8e8f2f07e560802e971e40af433f594,e5b8adc00d938341f1b05082d863a9ebd8e8f2f07e560802e971e40af433f594,e5b8adc00d938341f1b05082d863a9ebd8e8f2f07e560802e971e40af433f594,e5b8adc00d938341f1b05082d863a9ebd8e8f2f07e560802e971e40af433f594,e5b8adc00d938341f1b05082d863a9ebd8e8f2f07e560802e971e40af433f594,e5b8adc00d938341f1b05082d863a9ebd8e8f2f07e560802e971e40af433f594,e5b8adc00d938341f1b05082d863a9ebd8e8f2f07e560802e971e40af433f594,e5b8adc00d938341f1b05082d863a9ebd8e8f2f07e560802e971e40af433f594,e5b8adc00d938341f1b05082d863a9ebd8e8f2f07e560802e971e40af433f594,1,1,1,1,1,1,1,1,1,1,1
final_robot_052,robot,semi_structured,035cdc215db04e37aa4632aaaf835d6f7f1ad311c18558b223a73036a8ea3e50,035cdc215db04e37aa4632aaaf835d6f7f1ad311c18558b223a73036a8ea3e50,035cdc215db04e37aa4632aaaf835d6f7f1ad311c18558b223a73036a8ea3e50,035cdc215db04e37aa4632aaaf835d6f7f1ad311c18558b223a73036a8ea3e50,035cdc215db04e37aa4632aaaf835d6f7f1ad311c18558b223a73036a8ea3e50,035cdc215db04e37aa4632aaaf835d6f7f1ad311c18558b223a73036a8ea3e50,035cdc215db04e37aa4632aaaf835d6f7f1ad311c18558b223a73036a8ea3e50,035cdc215db04e37aa4632aaaf835d6f7f1ad311c18558b223a73036a8ea3e50,035cdc215db04e37aa4632aaaf835d6f7f1ad311c18558b223a73036a8ea3e50,035cdc215db04e37aa4632aaaf835d6f7f1ad311c18558b223a73036a8ea3e50,035cdc215db04e37aa4632aaaf835d6f7f1ad311c18558b223a73036a8ea3e50,035cdc215db04e37aa4632aaaf835d6f7f1ad311c18558b223a73036a8ea3e50,035cdc215db04e37aa4632aaaf835d6f7f1ad311c18558b223a73036a8ea3e50,1,1,1,1,1,1,1,1,1,1,1
final_robot_053,robot,semi_structured,863a67f3f3316d56d661e48770ab57dc8a7bf93fd5445a22203a5c59c5cb3a67,863a67f3f3316d56d661e48770ab57dc8a7bf93fd5445a22203a5c59c5cb3a67,863a67f3f3316d56d661e48770ab57dc8a7bf93fd5445a22203a5c59c5cb3a67,863a67f3f3316d56d661e48770ab57dc8a7bf93fd5445a22203a5c59c5cb3a67,863a67f3f3316d56d661e48770ab57dc8a7bf93fd5445a22203a5c59c5cb3a67,863a67f3f3316d56d661e48770ab57dc8a7bf93fd5445a22203a5c59c5cb3a67,863a67f3f3316d56d661e48770ab57dc8a7bf93fd5445a22203a5c59c5cb3a67,863a67f3f3316d56d661e48770ab57dc8a7bf93fd5445a22203a5c59c5cb3a67,863a67f3f3316d56d661e48770ab57dc8a7bf93fd5445a22203a5c59c5cb3a67,863a67f3f3316d56d661e48770ab57dc8a7bf93fd5445a22203a5c59c5cb3a67,863a67f3f3316d56d661e48770ab57dc8a7bf93fd5445a22203a5c59c5cb3a67,863a67f3f3316d56d661e48770ab57dc8a7bf93fd5445a22203a5c59c5cb3a67,863a67f3f3316d56d661e48770ab57dc8a7bf93fd5445a22203a5c59c5cb3a67,1,1,1,1,1,1,1,1,1,1,1
final_robot_054,robot,semi_structured,c95ef95f12bf8a465b8c78be67390a64995b4ee4c68c9e940223e900ea33f04d,c95ef95f12bf8a465b8c78be67390a64995b4ee4c68c9e940223e900ea33f04d,c95ef95f12bf8a465b8c78be67390a64995b4ee4c68c9e940223e900ea33f04d,c95ef95f12bf8a465b8c78be67390a64995b4ee4c68c9e940223e900ea33f04d,c95ef95f12bf8a465b8c78be67390a64995b4ee4c68c9e940223e900ea33f04d,c95ef95f12bf8a465b8c78be67390a64995b4ee4c68c9e940223e900ea33f04d,c95ef95f12bf8a465b8c78be67390a64995b4ee4c68c9e940223e900ea33f04d,c95ef95f12bf8a465b8c78be67390a64995b4ee4c68c9e940223e900ea33f04d,c95ef95f12bf8a465b8c78be67390a64995b4ee4c68c9e940223e900ea33f04d,c95ef95f12bf8a465b8c78be67390a64995b4ee4c68c9e940223e900ea33f04d,c95ef95f12bf8a465b8c78be67390a64995b4ee4c68c9e940223e900ea33f04d,c95ef95f12bf8a465b8c78be67390a64995b4ee4c68c9e940223e900ea33f04d,c95ef95f12bf8a465b8c78be67390a64995b4ee4c68c9e940223e900ea33f04d,1,1,1,1,1,1,1,1,1,1,1
final_robot_055,robot,semi_structured,acf4b3b833b7eec46bff29670f457feae1b0d487ef0422a8b28ef3573ee22950,acf4b3b833b7eec46bff29670f457feae1b0d487ef0422a8b28ef3573ee22950,acf4b3b833b7eec46bff29670f457feae1b0d487ef0422a8b28ef3573ee22950,acf4b3b833b7eec46bff29670f457feae1b0d487ef0422a8b28ef3573ee22950,f68d81ff5e5a26ed07f6cc83fc7eb7718225083232e9d9c34822d9f7e28a226e,f68d81ff5e5a26ed07f6cc83fc7eb7718225083232e9d9c34822d9f7e28a226e,f68d81ff5e5a26ed07f6cc83fc7eb7718225083232e9d9c34822d9f7e28a226e,f68d81ff5e5a26ed07f6cc83fc7eb7718225083232e9d9c34822d9f7e28a226e,f68d81ff5e5a26ed07f6cc83fc7eb7718225083232e9d9c34822d9f7e28a226e,f68d81ff5e5a26ed07f6cc83fc7eb7718225083232e9d9c34822d9f7e28a226e,f68d81ff5e5a26ed07f6cc83fc7eb7718225083232e9d9c34822d9f7e28a226e,f68d81ff5e5a26ed07f6cc83fc7eb7718225083232e9d9c34822d9f7e28a226e,f68d81ff5e5a26ed07f6cc83fc7eb7718225083232e9d9c34822d9f7e28a226e,1,1,1,0,1,1,1,1,1,1,1
final_robot_056,robot,semi_structured,8fffebc57919d21d43c7247cb177458506590783ae511c6375357b9613575e72,8fffebc57919d21d43c7247cb177458506590783ae511c6375357b9613575e72,8fffebc57919d21d43c7247cb177458506590783ae511c6375357b9613575e72,8fffebc57919d21d43c7247cb177458506590783ae511c6375357b9613575e72,8519ac70da04fcfe5462970b7c99ebd100c2eb60b578910180c46be679bece7c,8519ac70da04fcfe5462970b7c99ebd100c2eb60b578910180c46be679bece7c,8519ac70da04fcfe5462970b7c99ebd100c2eb60b578910180c46be679bece7c,8519ac70da04fcfe5462970b7c99ebd100c2eb60b578910180c46be679bece7c,8519ac70da04fcfe5462970b7c99ebd100c2eb60b578910180c46be679bece7c,8519ac70da04fcfe5462970b7c99ebd100c2eb60b578910180c46be679bece7c,8519ac70da04fcfe5462970b7c99ebd100c2eb60b578910180c46be679bece7c,8519ac70da04fcfe5462970b7c99ebd100c2eb60b578910180c46be679bece7c,8519ac70da04fcfe5462970b7c99ebd100c2eb60b578910180c46be679bece7c,1,1,1,0,1,1,1,1,1,1,1
final_robot_057,robot,semi_structured,d4d93ec33bf559f3bc1bb847d1b7124af069cd4604516d0d2bb0f1404d54fff3,d4d93ec33bf559f3bc1bb847d1b7124af069cd4604516d0d2bb0f1404d54fff3,d4d93ec33bf559f3bc1bb847d1b7124af069cd4604516d0d2bb0f1404d54fff3,d4d93ec33bf559f3bc1bb847d1b7124af069cd4604516d0d2bb0f1404d54fff3,e07d5fbaaa9c728a282726efa4ce4e113f52a42cbe9f76bc0d06a649a22dfd6a,e07d5fbaaa9c728a282726efa4ce4e113f52a42cbe9f76bc0d06a649a22dfd6a,e07d5fbaaa9c728a282726efa4ce4e113f52a42cbe9f76bc0d06a649a22dfd6a,e07d5fbaaa9c728a282726efa4ce4e113f52a42cbe9f76bc0d06a649a22dfd6a,e07d5fbaaa9c728a282726efa4ce4e113f52a42cbe9f76bc0d06a649a22dfd6a,e07d5fbaaa9c728a282726efa4ce4e113f52a42cbe9f76bc0d06a649a22dfd6a,e07d5fbaaa9c728a282726efa4ce4e113f52a42cbe9f76bc0d06a649a22dfd6a,e07d5fbaaa9c728a282726efa4ce4e113f52a42cbe9f76bc0d06a649a22dfd6a,e07d5fbaaa9c728a282726efa4ce4e113f52a42cbe9f76bc0d06a649a22dfd6a,1,1,1,0,1,1,1,1,1,1,1
final_robot_058,robot,semi_structured,5df97dbd1d96a753fa01416b795deeb23d1607004047f4432d30251af8ffa611,5df97dbd1d96a753fa01416b795deeb23d1607004047f4432d30251af8ffa611,5df97dbd1d96a753fa01416b795deeb23d1607004047f4432d30251af8ffa611,5df97dbd1d96a753fa01416b795deeb23d1607004047f4432d30251af8ffa611,5df97dbd1d96a753fa01416b795deeb23d1607004047f4432d30251af8ffa611,5df97dbd1d96a753fa01416b795deeb23d1607004047f4432d30251af8ffa611,5df97dbd1d96a753fa01416b795deeb23d1607004047f4432d30251af8ffa611,5df97dbd1d96a753fa01416b795deeb23d1607004047f4432d30251af8ffa611,5df97dbd1d96a753fa01416b795deeb23d1607004047f4432d30251af8ffa611,5df97dbd1d96a753fa01416b795deeb23d1607004047f4432d30251af8ffa611,5df97dbd1d96a753fa01416b795deeb23d1607004047f4432d30251af8ffa611,5df97dbd1d96a753fa01416b795deeb23d1607004047f4432d30251af8ffa611,5df97dbd1d96a753fa01416b795deeb23d1607004047f4432d30251af8ffa611,1,1,1,1,1,1,1,1,1,1,1
final_robot_059,robot,semi_structured,8b51cfcc3fae4595055b30c3044476b9fed984ab8508bd02299da3e6ee7d0472,8b51cfcc3fae4595055b30c3044476b9fed984ab8508bd02299da3e6ee7d0472,8b51cfcc3fae4595055b30c3044476b9fed984ab8508bd02299da3e6ee7d0472,8b51cfcc3fae4595055b30c3044476b9fed984ab8508bd02299da3e6ee7d0472,8b51cfcc3fae4595055b30c3044476b9fed984ab8508bd02299da3e6ee7d0472,8b51cfcc3fae4595055b30c3044476b9fed984ab8508bd02299da3e6ee7d0472,8b51cfcc3fae4595055b30c3044476b9fed984ab8508bd02299da3e6ee7d0472,8b51cfcc3fae4595055b30c3044476b9fed984ab8508bd02299da3e6ee7d0472,8b51cfcc3fae4595055b30c3044476b9fed984ab8508bd02299da3e6ee7d0472,8b51cfcc3fae4595055b30c3044476b9fed984ab8508bd02299da3e6ee7d0472,8b51cfcc3fae4595055b30c3044476b9fed984ab8508bd02299da3e6ee7d0472,8b51cfcc3fae4595055b30c3044476b9fed984ab8508bd02299da3e6ee7d0472,8b51cfcc3fae4595055b30c3044476b9fed984ab8508bd02299da3e6ee7d0472,1,1,1,1,1,1,1,1,1,1,1
final_robot_060,robot,semi_structured,c4baa5e9228d24c8984a84465d969d1637d2820a0d461545fe413817559dd20a,c4baa5e9228d24c8984a84465d969d1637d2820a0d461545fe413817559dd20a,c4baa5e9228d24c8984a84465d969d1637d2820a0d461545fe413817559dd20a,c4baa5e9228d24c8984a84465d969d1637d2820a0d461545fe413817559dd20a,c4baa5e9228d24c8984a84465d969d1637d2820a0d461545fe413817559dd20a,c4baa5e9228d24c8984a84465d969d1637d2820a0d461545fe413817559dd20a,c4baa5e9228d24c8984a84465d969d1637d2820a0d461545fe413817559dd20a,c4baa5e9228d24c8984a84465d969d1637d2820a0d461545fe413817559dd20a,c4baa5e9228d24c8984a84465d969d1637d2820a0d461545fe413817559dd20a,c4baa5e9228d24c8984a84465d969d1637d2820a0d461545fe413817559dd20a,c4baa5e9228d24c8984a84465d969d1637d2820a0d461545fe413817559dd20a,c4baa5e9228d24c8984a84465d969d1637d2820a0d461545fe413817559dd20a,c4baa5e9228d24c8984a84465d969d1637d2820a0d461545fe413817559dd20a,1,1,1,1,1,1,1,1,1,1,1
final_vaccine_001,vaccine,free_text,3037811000c4d6fe620c72b53989721826873620a7742c26019771894e09f4d9,3037811000c4d6fe620c72b53989721826873620a7742c26019771894e09f4d9,3037811000c4d6fe620c72b53989721826873620a7742c26019771894e09f4d9,3037811000c4d6fe620c72b53989721826873620a7742c26019771894e09f4d9,3037811000c4d6fe620c72b53989721826873620a7742c26019771894e09f4d9,3037811000c4d6fe620c72b53989721826873620a7742c26019771894e09f4d9,3037811000c4d6fe620c72b53989721826873620a7742c26019771894e09f4d9,3037811000c4d6fe620c72b53989721826873620a7742c26019771894e09f4d9,3037811000c4d6fe620c72b53989721826873620a7742c26019771894e09f4d9,3037811000c4d6fe620c72b53989721826873620a7742c26019771894e09f4d9,3037811000c4d6fe620c72b53989721826873620a7742c26019771894e09f4d9,3037811000c4d6fe620c72b53989721826873620a7742c26019771894e09f4d9,3037811000c4d6fe620c72b53989721826873620a7742c26019771894e09f4d9,1,1,1,1,1,1,1,1,1,1,1
final_vaccine_002,vaccine,free_text,bb8daa51f570b8ca364ce38468f610ca6e939849fee7d3abbeb2999bb7909482,bb8daa51f570b8ca364ce38468f610ca6e939849fee7d3abbeb2999bb7909482,bb8daa51f570b8ca364ce38468f610ca6e939849fee7d3abbeb2999bb7909482,bb8daa51f570b8ca364ce38468f610ca6e939849fee7d3abbeb2999bb7909482,bb8daa51f570b8ca364ce38468f610ca6e939849fee7d3abbeb2999bb7909482,bb8daa51f570b8ca364ce38468f610ca6e939849fee7d3abbeb2999bb7909482,bb8daa51f570b8ca364ce38468f610ca6e939849fee7d3abbeb2999bb7909482,bb8daa51f570b8ca364ce38468f610ca6e939849fee7d3abbeb2999bb7909482,bb8daa51f570b8ca364ce38468f610ca6e939849fee7d3abbeb2999bb7909482,bb8daa51f570b8ca364ce38468f610ca6e939849fee7d3abbeb2999bb7909482,bb8daa51f570b8ca364ce38468f610ca6e939849fee7d3abbeb2999bb7909482,bb8daa51f570b8ca364ce38468f610ca6e939849fee7d3abbeb2999bb7909482,bb8daa51f570b8ca364ce38468f610ca6e939849fee7d3abbeb2999bb7909482,1,1,1,1,1,1,1,1,1,1,1
final_vaccine_003,vaccine,free_text,1a65d26e1d72ae361163e6c6389ccb331588eebdc944a3fd6a4a8f1586b03aaf,1a65d26e1d72ae361163e6c6389ccb331588eebdc944a3fd6a4a8f1586b03aaf,1a65d26e1d72ae361163e6c6389ccb331588eebdc944a3fd6a4a8f1586b03aaf,1a65d26e1d72ae361163e6c6389ccb331588eebdc944a3fd6a4a8f1586b03aaf,1a65d26e1d72ae361163e6c6389ccb331588eebdc944a3fd6a4a8f1586b03aaf,1a65d26e1d72ae361163e6c6389ccb331588eebdc944a3fd6a4a8f1586b03aaf,1a65d26e1d72ae361163e6c6389ccb331588eebdc944a3fd6a4a8f1586b03aaf,1a65d26e1d72ae361163e6c6389ccb331588eebdc944a3fd6a4a8f1586b03aaf,1a65d26e1d72ae361163e6c6389ccb331588eebdc944a3fd6a4a8f1586b03aaf,1a65d26e1d72ae361163e6c6389ccb331588eebdc944a3fd6a4a8f1586b03aaf,1a65d26e1d72ae361163e6c6389ccb331588eebdc944a3fd6a4a8f1586b03aaf,1a65d26e1d72ae361163e6c6389ccb331588eebdc944a3fd6a4a8f1586b03aaf,1a65d26e1d72ae361163e6c6389ccb331588eebdc944a3fd6a4a8f1586b03aaf,1,1,1,1,1,1,1,1,1,1,1
final_vaccine_004,vaccine,semi_structured,0957c1fdd0e89957be547434620da9a8a9665116a86bc053e701cd649837d293,0957c1fdd0e89957be547434620da9a8a9665116a86bc053e701cd649837d293,0957c1fdd0e89957be547434620da9a8a9665116a86bc053e701cd649837d293,0957c1fdd0e89957be547434620da9a8a9665116a86bc053e701cd649837d293,0957c1fdd0e89957be547434620da9a8a9665116a86bc053e701cd649837d293,0957c1fdd0e89957be547434620da9a8a9665116a86bc053e701cd649837d293,0957c1fdd0e89957be547434620da9a8a9665116a86bc053e701cd649837d293,0957c1fdd0e89957be547434620da9a8a9665116a86bc053e701cd649837d293,0957c1fdd0e89957be547434620da9a8a9665116a86bc053e701cd649837d293,0957c1fdd0e89957be547434620da9a8a9665116a86bc053e701cd649837d293,0957c1fdd0e89957be547434620da9a8a9665116a86bc053e701cd649837d293,0957c1fdd0e89957be547434620da9a8a9665116a86bc053e701cd649837d293,0957c1fdd0e89957be547434620da9a8a9665116a86bc053e701cd649837d293,1,1,1,1,1,1,1,1,1,1,1
final_vaccine_005,vaccine,semi_structured,1c9ff86ba3081a9ecde00b2ad1ab1bfee62fdef3b53cbe013e0862c68c237360,1c9ff86ba3081a9ecde00b2ad1ab1bfee62fdef3b53cbe013e0862c68c237360,1c9ff86ba3081a9ecde00b2ad1ab1bfee62fdef3b53cbe013e0862c68c237360,1c9ff86ba3081a9ecde00b2ad1ab1bfee62fdef3b53cbe013e0862c68c237360,1c9ff86ba3081a9ecde00b2ad1ab1bfee62fdef3b53cbe013e0862c68c237360,1c9ff86ba3081a9ecde00b2ad1ab1bfee62fdef3b53cbe013e0862c68c237360,1c9ff86ba3081a9ecde00b2ad1ab1bfee62fdef3b53cbe013e0862c68c237360,1c9ff86ba3081a9ecde00b2ad1ab1bfee62fdef3b53cbe013e0862c68c237360,1c9ff86ba3081a9ecde00b2ad1ab1bfee62fdef3b53cbe013e0862c68c237360,1c9ff86ba3081a9ecde00b2ad1ab1bfee62fdef3b53cbe013e0862c68c237360,1c9ff86ba3081a9ecde00b2ad1ab1bfee62fdef3b53cbe013e0862c68c237360,1c9ff86ba3081a9ecde00b2ad1ab1bfee62fdef3b53cbe013e0862c68c237360,1c9ff86ba3081a9ecde00b2ad1ab1bfee62fdef3b53cbe013e0862c68c237360,1,1,1,1,1,1,1,1,1,1,1
final_vaccine_006,vaccine,semi_structured,59a5d82ce08386cd91ffca753b0e53e455336af39f62b192636a98ae6b0a0068,59a5d82ce08386cd91ffca753b0e53e455336af39f62b192636a98ae6b0a0068,59a5d82ce08386cd91ffca753b0e53e455336af39f62b192636a98ae6b0a0068,59a5d82ce08386cd91ffca753b0e53e455336af39f62b192636a98ae6b0a0068,59a5d82ce08386cd91ffca753b0e53e455336af39f62b192636a98ae6b0a0068,59a5d82ce08386cd91ffca753b0e53e455336af39f62b192636a98ae6b0a0068,59a5d82ce08386cd91ffca753b0e53e455336af39f62b192636a98ae6b0a0068,59a5d82ce08386cd91ffca753b0e53e455336af39f62b192636a98ae6b0a0068,59a5d82ce08386cd91ffca753b0e53e455336af39f62b192636a98ae6b0a0068,59a5d82ce08386cd91ffca753b0e53e455336af39f62b192636a98ae6b0a0068,59a5d82ce08386cd91ffca753b0e53e455336af39f62b192636a98ae6b0a0068,59a5d82ce08386cd91ffca753b0e53e455336af39f62b192636a98ae6b0a0068,59a5d82ce08386cd91ffca753b0e53e455336af39f62b192636a98ae6b0a0068,1,1,1,1,1,1,1,1,1,1,1
final_vaccine_007,vaccine,semi_structured,a0f3451c89937ef5d08c1f8d3a5d1b8855138e359f5cbc9b132f430b04491c8c,a0f3451c89937ef5d08c1f8d3a5d1b8855138e359f5cbc9b132f430b04491c8c,a0f3451c89937ef5d08c1f8d3a5d1b8855138e359f5cbc9b132f430b04491c8c,a0f3451c89937ef5d08c1f8d3a5d1b8855138e359f5cbc9b132f430b04491c8c,a0f3451c89937ef5d08c1f8d3a5d1b8855138e359f5cbc9b132f430b04491c8c,a0f3451c89937ef5d08c1f8d3a5d1b8855138e359f5cbc9b132f430b04491c8c,a0f3451c89937ef5d08c1f8d3a5d1b8855138e359f5cbc9b132f430b04491c8c,a0f3451c89937ef5d08c1f8d3a5d1b8855138e359f5cbc9b132f430b04491c8c,a0f3451c89937ef5d08c1f8d3a5d1b8855138e359f5cbc9b132f430b04491c8c,a0f3451c89937ef5d08c1f8d3a5d1b8855138e359f5cbc9b132f430b04491c8c,a0f3451c89937ef5d08c1f8d3a5d1b8855138e359f5cbc9b132f430b04491c8c,a0f3451c89937ef5d08c1f8d3a5d1b8855138e359f5cbc9b132f430b04491c8c,a0f3451c89937ef5d08c1f8d3a5d1b8855138e359f5cbc9b132f430b04491c8c,1,1,1,1,1,1,1,1,1,1,1
final_vaccine_008,vaccine,semi_structured,c0783fe8760ca6d11a2317bda868a0ea022b934b4b865d1444a4b56da4d2a6ea,c0783fe8760ca6d11a2317bda868a0ea022b934b4b865d1444a4b56da4d2a6ea,c0783fe8760ca6d11a2317bda868a0ea022b934b4b865d1444a4b56da4d2a6ea,c0783fe8760ca6d11a2317bda868a0ea022b934b4b865d1444a4b56da4d2a6ea,c0783fe8760ca6d11a2317bda868a0ea022b934b4b865d1444a4b56da4d2a6ea,c0783fe8760ca6d11a2317bda868a0ea022b934b4b865d1444a4b56da4d2a6ea,c0783fe8760ca6d11a2317bda868a0ea022b934b4b865d1444a4b56da4d2a6ea,c0783fe8760ca6d11a2317bda868a0ea022b934b4b865d1444a4b56da4d2a6ea,c0783fe8760ca6d11a2317bda868a0ea022b934b4b865d1444a4b56da4d2a6ea,c0783fe8760ca6d11a2317bda868a0ea022b934b4b865d1444a4b56da4d2a6ea,c0783fe8760ca6d11a2317bda868a0ea022b934b4b865d1444a4b56da4d2a6ea,c0783fe8760ca6d11a2317bda868a0ea022b934b4b865d1444a4b56da4d2a6ea,c0783fe8760ca6d11a2317bda868a0ea022b934b4b865d1444a4b56da4d2a6ea,1,1,1,1,1,1,1,1,1,1,1
final_vaccine_009,vaccine,semi_structured,12b0d11d77fd9fb8ee0716197e3e4acb5f00c6f7cbcd823efb025423d3f3429e,12b0d11d77fd9fb8ee0716197e3e4acb5f00c6f7cbcd823efb025423d3f3429e,12b0d11d77fd9fb8ee0716197e3e4acb5f00c6f7cbcd823efb025423d3f3429e,12b0d11d77fd9fb8ee0716197e3e4acb5f00c6f7cbcd823efb025423d3f3429e,12b0d11d77fd9fb8ee0716197e3e4acb5f00c6f7cbcd823efb025423d3f3429e,12b0d11d77fd9fb8ee0716197e3e4acb5f00c6f7cbcd823efb025423d3f3429e,12b0d11d77fd9fb8ee0716197e3e4acb5f00c6f7cbcd823efb025423d3f3429e,12b0d11d77fd9fb8ee0716197e3e4acb5f00c6f7cbcd823efb025423d3f3429e,12b0d11d77fd9fb8ee0716197e3e4acb5f00c6f7cbcd823efb025423d3f3429e,12b0d11d77fd9fb8ee0716197e3e4acb5f00c6f7cbcd823efb025423d3f3429e,12b0d11d77fd9fb8ee0716197e3e4acb5f00c6f7cbcd823efb025423d3f3429e,12b0d11d77fd9fb8ee0716197e3e4acb5f00c6f7cbcd823efb025423d3f3429e,12b0d11d77fd9fb8ee0716197e3e4acb5f00c6f7cbcd823efb025423d3f3429e,1,1,1,1,1,1,1,1,1,1,1
final_vaccine_010,vaccine,semi_structured,22bfeff6c64e368461fb21066826ad008563113d438dfe7a557987a78e140499,22bfeff6c64e368461fb21066826ad008563113d438dfe7a557987a78e140499,22bfeff6c64e368461fb21066826ad008563113d438dfe7a557987a78e140499,22bfeff6c64e368461fb21066826ad008563113d438dfe7a557987a78e140499,22bfeff6c64e368461fb21066826ad008563113d438dfe7a557987a78e140499,22bfeff6c64e368461fb21066826ad008563113d438dfe7a557987a78e140499,22bfeff6c64e368461fb21066826ad008563113d438dfe7a557987a78e140499,22bfeff6c64e368461fb21066826ad008563113d438dfe7a557987a78e140499,22bfeff6c64e368461fb21066826ad008563113d438dfe7a557987a78e140499,22bfeff6c64e368461fb21066826ad008563113d438dfe7a557987a78e140499,22bfeff6c64e368461fb21066826ad008563113d438dfe7a557987a78e140499,22bfeff6c64e368461fb21066826ad008563113d438dfe7a557987a78e140499,22bfeff6c64e368461fb21066826ad008563113d438dfe7a557987a78e140499,1,1,1,1,1,1,1,1,1,1,1
final_vaccine_011,vaccine,semi_structured,e0c9b8e0cd3ee7735755378139bd70379a8a3ccf277c3fa6d8db8ecfc1534fe3,e0c9b8e0cd3ee7735755378139bd70379a8a3ccf277c3fa6d8db8ecfc1534fe3,e0c9b8e0cd3ee7735755378139bd70379a8a3ccf277c3fa6d8db8ecfc1534fe3,e0c9b8e0cd3ee7735755378139bd70379a8a3ccf277c3fa6d8db8ecfc1534fe3,5019089660135742bde71a1d0084492c8556430336a2886e106d60ebb31e1363,5019089660135742bde71a1d0084492c8556430336a2886e106d60ebb31e1363,5019089660135742bde71a1d0084492c8556430336a2886e106d60ebb31e1363,5019089660135742bde71a1d0084492c8556430336a2886e106d60ebb31e1363,5019089660135742bde71a1d0084492c8556430336a2886e106d60ebb31e1363,5019089660135742bde71a1d0084492c8556430336a2886e106d60ebb31e1363,5019089660135742bde71a1d0084492c8556430336a2886e106d60ebb31e1363,5019089660135742bde71a1d0084492c8556430336a2886e106d60ebb31e1363,5019089660135742bde71a1d0084492c8556430336a2886e106d60ebb31e1363,1,1,1,0,1,1,1,1,1,1,1
final_vaccine_012,vaccine,semi_structured,8fbc8dde3b38f7b314eeaaebd48efa28cc61f65e8a80395e7956f74b76a2713b,8fbc8dde3b38f7b314eeaaebd48efa28cc61f65e8a80395e7956f74b76a2713b,8fbc8dde3b38f7b314eeaaebd48efa28cc61f65e8a80395e7956f74b76a2713b,8fbc8dde3b38f7b314eeaaebd48efa28cc61f65e8a80395e7956f74b76a2713b,8fbc8dde3b38f7b314eeaaebd48efa28cc61f65e8a80395e7956f74b76a2713b,8fbc8dde3b38f7b314eeaaebd48efa28cc61f65e8a80395e7956f74b76a2713b,8fbc8dde3b38f7b314eeaaebd48efa28cc61f65e8a80395e7956f74b76a2713b,8fbc8dde3b38f7b314eeaaebd48efa28cc61f65e8a80395e7956f74b76a2713b,8fbc8dde3b38f7b314eeaaebd48efa28cc61f65e8a80395e7956f74b76a2713b,8fbc8dde3b38f7b314eeaaebd48efa28cc61f65e8a80395e7956f74b76a2713b,8fbc8dde3b38f7b314eeaaebd48efa28cc61f65e8a80395e7956f74b76a2713b,8fbc8dde3b38f7b314eeaaebd48efa28cc61f65e8a80395e7956f74b76a2713b,8fbc8dde3b38f7b314eeaaebd48efa28cc61f65e8a80395e7956f74b76a2713b,1,1,1,1,1,1,1,1,1,1,1
final_vaccine_013,vaccine,semi_structured,cf9046c001c46212f3d3dbe3e462398cf9d6a9bf20c8d1c89f4b96c128a0549c,cf9046c001c46212f3d3dbe3e462398cf9d6a9bf20c8d1c89f4b96c128a0549c,cf9046c001c46212f3d3dbe3e462398cf9d6a9bf20c8d1c89f4b96c128a0549c,cf9046c001c46212f3d3dbe3e462398cf9d6a9bf20c8d1c89f4b96c128a0549c,cf9046c001c46212f3d3dbe3e462398cf9d6a9bf20c8d1c89f4b96c128a0549c,cf9046c001c46212f3d3dbe3e462398cf9d6a9bf20c8d1c89f4b96c128a0549c,cf9046c001c46212f3d3dbe3e462398cf9d6a9bf20c8d1c89f4b96c128a0549c,cf9046c001c46212f3d3dbe3e462398cf9d6a9bf20c8d1c89f4b96c128a0549c,cf9046c001c46212f3d3dbe3e462398cf9d6a9bf20c8d1c89f4b96c128a0549c,cf9046c001c46212f3d3dbe3e462398cf9d6a9bf20c8d1c89f4b96c128a0549c,cf9046c001c46212f3d3dbe3e462398cf9d6a9bf20c8d1c89f4b96c128a0549c,cf9046c001c46212f3d3dbe3e462398cf9d6a9bf20c8d1c89f4b96c128a0549c,cf9046c001c46212f3d3dbe3e462398cf9d6a9bf20c8d1c89f4b96c128a0549c,1,1,1,1,1,1,1,1,1,1,1
final_vaccine_014,vaccine,semi_structured,8136144040d41f210788141446c829b3d787be7cc123bd39286812cce4487925,8136144040d41f210788141446c829b3d787be7cc123bd39286812cce4487925,8136144040d41f210788141446c829b3d787be7cc123bd39286812cce4487925,8136144040d41f210788141446c829b3d787be7cc123bd39286812cce4487925,8136144040d41f210788141446c829b3d787be7cc123bd39286812cce4487925,8136144040d41f210788141446c829b3d787be7cc123bd39286812cce4487925,8136144040d41f210788141446c829b3d787be7cc123bd39286812cce4487925,8136144040d41f210788141446c829b3d787be7cc123bd39286812cce4487925,8136144040d41f210788141446c829b3d787be7cc123bd39286812cce4487925,8136144040d41f210788141446c829b3d787be7cc123bd39286812cce4487925,8136144040d41f210788141446c829b3d787be7cc123bd39286812cce4487925,8136144040d41f210788141446c829b3d787be7cc123bd39286812cce4487925,8136144040d41f210788141446c829b3d787be7cc123bd39286812cce4487925,1,1,1,1,1,1,1,1,1,1,1
final_vaccine_015,vaccine,semi_structured,d76d0523b9bbb1311f68a052dad300910c745f49fc288fb1273480a9f77725e8,d76d0523b9bbb1311f68a052dad300910c745f49fc288fb1273480a9f77725e8,d76d0523b9bbb1311f68a052dad300910c745f49fc288fb1273480a9f77725e8,d76d0523b9bbb1311f68a052dad300910c745f49fc288fb1273480a9f77725e8,d76d0523b9bbb1311f68a052dad300910c745f49fc288fb1273480a9f77725e8,d76d0523b9bbb1311f68a052dad300910c745f49fc288fb1273480a9f77725e8,d76d0523b9bbb1311f68a052dad300910c745f49fc288fb1273480a9f77725e8,d76d0523b9bbb1311f68a052dad300910c745f49fc288fb1273480a9f77725e8,d76d0523b9bbb1311f68a052dad300910c745f49fc288fb1273480a9f77725e8,d76d0523b9bbb1311f68a052dad300910c745f49fc288fb1273480a9f77725e8,d76d0523b9bbb1311f68a052dad300910c745f49fc288fb1273480a9f77725e8,d76d0523b9bbb1311f68a052dad300910c745f49fc288fb1273480a9f77725e8,d76d0523b9bbb1311f68a052dad300910c745f49fc288fb1273480a9f77725e8,1,1,1,1,1,1,1,1,1,1,1
final_vaccine_016,vaccine,free_text,ac9566eeb3bfc2be7e66077e1e0ae8fa01ebd31b97f455d1428af3778271a5f7,ac9566eeb3bfc2be7e66077e1e0ae8fa01ebd31b97f455d1428af3778271a5f7,ac9566eeb3bfc2be7e66077e1e0ae8fa01ebd31b97f455d1428af3778271a5f7,ac9566eeb3bfc2be7e66077e1e0ae8fa01ebd31b97f455d1428af3778271a5f7,ac9566eeb3bfc2be7e66077e1e0ae8fa01ebd31b97f455d1428af3778271a5f7,ac9566eeb3bfc2be7e66077e1e0ae8fa01ebd31b97f455d1428af3778271a5f7,ac9566eeb3bfc2be7e66077e1e0ae8fa01ebd31b97f455d1428af3778271a5f7,ac9566eeb3bfc2be7e66077e1e0ae8fa01ebd31b97f455d1428af3778271a5f7,ac9566eeb3bfc2be7e66077e1e0ae8fa01ebd31b97f455d1428af3778271a5f7,ac9566eeb3bfc2be7e66077e1e0ae8fa01ebd31b97f455d1428af3778271a5f7,ac9566eeb3bfc2be7e66077e1e0ae8fa01ebd31b97f455d1428af3778271a5f7,ac9566eeb3bfc2be7e66077e1e0ae8fa01ebd31b97f455d1428af3778271a5f7,ac9566eeb3bfc2be7e66077e1e0ae8fa01ebd31b97f455d1428af3778271a5f7,1,1,1,1,1,1,1,1,1,1,1
final_vaccine_017,vaccine,free_text,5e2e23953e9a638cb1cf68f9f84b4a629bd9d58571a068c85b51e993509090b1,5e2e23953e9a638cb1cf68f9f84b4a629bd9d58571a068c85b51e993509090b1,5e2e23953e9a638cb1cf68f9f84b4a629bd9d58571a068c85b51e993509090b1,5e2e23953e9a638cb1cf68f9f84b4a629bd9d58571a068c85b51e993509090b1,5e2e23953e9a638cb1cf68f9f84b4a629bd9d58571a068c85b51e993509090b1,5e2e23953e9a638cb1cf68f9f84b4a629bd9d58571a068c85b51e993509090b1,5e2e23953e9a638cb1cf68f9f84b4a629bd9d58571a068c85b51e993509090b1,5e2e23953e9a638cb1cf68f9f84b4a629bd9d58571a068c85b51e993509090b1,5e2e23953e9a638cb1cf68f9f84b4a629bd9d58571a068c85b51e993509090b1,5e2e23953e9a638cb1cf68f9f84b4a629bd9d58571a068c85b51e993509090b1,5e2e23953e9a638cb1cf68f9f84b4a629bd9d58571a068c85b51e993509090b1,5e2e23953e9a638cb1cf68f9f84b4a629bd9d58571a068c85b51e993509090b1,5e2e23953e9a638cb1cf68f9f84b4a629bd9d58571a068c85b51e993509090b1,1,1,1,1,1,1,1,1,1,1,1
final_vaccine_018,vaccine,free_text,8d4e00cdb546f2751b8a2258aff4f8cd3a8ad664e0122074018e23b280b6e386,8d4e00cdb546f2751b8a2258aff4f8cd3a8ad664e0122074018e23b280b6e386,8d4e00cdb546f2751b8a2258aff4f8cd3a8ad664e0122074018e23b280b6e386,8d4e00cdb546f2751b8a2258aff4f8cd3a8ad664e0122074018e23b280b6e386,8d4e00cdb546f2751b8a2258aff4f8cd3a8ad664e0122074018e23b280b6e386,8d4e00cdb546f2751b8a2258aff4f8cd3a8ad664e0122074018e23b280b6e386,8d4e00cdb546f2751b8a2258aff4f8cd3a8ad664e0122074018e23b280b6e386,8d4e00cdb546f2751b8a2258aff4f8cd3a8ad664e0122074018e23b280b6e386,8d4e00cdb546f2751b8a2258aff4f8cd3a8ad664e0122074018e23b280b6e386,8d4e00cdb546f2751b8a2258aff4f8cd3a8ad664e0122074018e23b280b6e386,8d4e00cdb546f2751b8a2258aff4f8cd3a8ad664e0122074018e23b280b6e386,8d4e00cdb546f2751b8a2258aff4f8cd3a8ad664e0122074018e23b280b6e386,8d4e00cdb546f2751b8a2258aff4f8cd3a8ad664e0122074018e23b280b6e386,1,1,1,1,1,1,1,1,1,1,1
final_vaccine_019,vaccine,semi_structured,d7bccf77e8eef523aedf94a9d046aad6d2187cf8debc83026d97ee869e733a99,d7bccf77e8eef523aedf94a9d046aad6d2187cf8debc83026d97ee869e733a99,d7bccf77e8eef523aedf94a9d046aad6d2187cf8debc83026d97ee869e733a99,d7bccf77e8eef523aedf94a9d046aad6d2187cf8debc83026d97ee869e733a99,d7bccf77e8eef523aedf94a9d046aad6d2187cf8debc83026d97ee869e733a99,d7bccf77e8eef523aedf94a9d046aad6d2187cf8debc83026d97ee869e733a99,d7bccf77e8eef523aedf94a9d046aad6d2187cf8debc83026d97ee869e733a99,d7bccf77e8eef523aedf94a9d046aad6d2187cf8debc83026d97ee869e733a99,d7bccf77e8eef523aedf94a9d046aad6d2187cf8debc83026d97ee869e733a99,d7bccf77e8eef523aedf94a9d046aad6d2187cf8debc83026d97ee869e733a99,d7bccf77e8eef523aedf94a9d046aad6d2187cf8debc83026d97ee869e733a99,d7bccf77e8eef523aedf94a9d046aad6d2187cf8debc83026d97ee869e733a99,d7bccf77e8eef523aedf94a9d046aad6d2187cf8debc83026d97ee869e733a99,1,1,1,1,1,1,1,1,1,1,1
final_vaccine_020,vaccine,semi_structured,25ed34db3b4d60baf4f485ec9d07ca15d2a20b60e97bc6b3b7fb3e2e4fa70f61,25ed34db3b4d60baf4f485ec9d07ca15d2a20b60e97bc6b3b7fb3e2e4fa70f61,25ed34db3b4d60baf4f485ec9d07ca15d2a20b60e97bc6b3b7fb3e2e4fa70f61,25ed34db3b4d60baf4f485ec9d07ca15d2a20b60e97bc6b3b7fb3e2e4fa70f61,25ed34db3b4d60baf4f485ec9d07ca15d2a20b60e97bc6b3b7fb3e2e4fa70f61,25ed34db3b4d60baf4f485ec9d07ca15d2a20b60e97bc6b3b7fb3e2e4fa70f61,25ed34db3b4d60baf4f485ec9d07ca15d2a20b60e97bc6b3b7fb3e2e4fa70f61,25ed34db3b4d60baf4f485ec9d07ca15d2a20b60e97bc6b3b7fb3e2e4fa70f61,25ed34db3b4d60baf4f485ec9d07ca15d2a20b60e97bc6b3b7fb3e2e4fa70f61,25ed34db3b4d60baf4f485ec9d07ca15d2a20b60e97bc6b3b7fb3e2e4fa70f61,25ed34db3b4d60baf4f485ec9d07ca15d2a20b60e97bc6b3b7fb3e2e4fa70f61,25ed34db3b4d60baf4f485ec9d07ca15d2a20b60e97bc6b3b7fb3e2e4fa70f61,25ed34db3b4d60baf4f485ec9d07ca15d2a20b60e97bc6b3b7fb3e2e4fa70f61,1,1,1,1,1,1,1,1,1,1,1
final_vaccine_021,vaccine,semi_structured,43f9bb61a72e5496b8370d5ec9bb4c6256bbd4bab6a936380960d68c41052676,43f9bb61a72e5496b8370d5ec9bb4c6256bbd4bab6a936380960d68c41052676,43f9bb61a72e5496b8370d5ec9bb4c6256bbd4bab6a936380960d68c41052676,43f9bb61a72e5496b8370d5ec9bb4c6256bbd4bab6a936380960d68c41052676,43f9bb61a72e5496b8370d5ec9bb4c6256bbd4bab6a936380960d68c41052676,43f9bb61a72e5496b8370d5ec9bb4c6256bbd4bab6a936380960d68c41052676,43f9bb61a72e5496b8370d5ec9bb4c6256bbd4bab6a936380960d68c41052676,43f9bb61a72e5496b8370d5ec9bb4c6256bbd4bab6a936380960d68c41052676,43f9bb61a72e5496b8370d5ec9bb4c6256bbd4bab6a936380960d68c41052676,43f9bb61a72e5496b8370d5ec9bb4c6256bbd4bab6a936380960d68c41052676,43f9bb61a72e5496b8370d5ec9bb4c6256bbd4bab6a936380960d68c41052676,43f9bb61a72e5496b8370d5ec9bb4c6256bbd4bab6a936380960d68c41052676,43f9bb61a72e5496b8370d5ec9bb4c6256bbd4bab6a936380960d68c41052676,1,1,1,1,1,1,1,1,1,1,1
final_vaccine_022,vaccine,semi_structured,505145710d89465d83286a4c7c7092171beac99943d7b0f4367936d29f056cc5,505145710d89465d83286a4c7c7092171beac99943d7b0f4367936d29f056cc5,505145710d89465d83286a4c7c7092171beac99943d7b0f4367936d29f056cc5,505145710d89465d83286a4c7c7092171beac99943d7b0f4367936d29f056cc5,505145710d89465d83286a4c7c7092171beac99943d7b0f4367936d29f056cc5,505145710d89465d83286a4c7c7092171beac99943d7b0f4367936d29f056cc5,505145710d89465d83286a4c7c7092171beac99943d7b0f4367936d29f056cc5,505145710d89465d83286a4c7c7092171beac99943d7b0f4367936d29f056cc5,505145710d89465d83286a4c7c7092171beac99943d7b0f4367936d29f056cc5,505145710d89465d83286a4c7c7092171beac99943d7b0f4367936d29f056cc5,505145710d89465d83286a4c7c7092171beac99943d7b0f4367936d29f056cc5,505145710d89465d83286a4c7c7092171beac99943d7b0f4367936d29f056cc5,505145710d89465d83286a4c7c7092171beac99943d7b0f4367936d29f056cc5,1,1,1,1,1,1,1,1,1,1,1
final_vaccine_023,vaccine,semi_structured,b7e13d5d742082bf65f0297e94a42c06f1ac8a8684214645faefb6cbbb074fdd,b7e13d5d742082bf65f0297e94a42c06f1ac8a8684214645faefb6cbbb074fdd,b7e13d5d742082bf65f0297e94a42c06f1ac8a8684214645faefb6cbbb074fdd,b7e13d5d742082bf65f0297e94a42c06f1ac8a8684214645faefb6cbbb074fdd,b7e13d5d742082bf65f0297e94a42c06f1ac8a8684214645faefb6cbbb074fdd,b7e13d5d742082bf65f0297e94a42c06f1ac8a8684214645faefb6cbbb074fdd,b7e13d5d742082bf65f0297e94a42c06f1ac8a8684214645faefb6cbbb074fdd,b7e13d5d742082bf65f0297e94a42c06f1ac8a8684214645faefb6cbbb074fdd,b7e13d5d742082bf65f0297e94a42c06f1ac8a8684214645faefb6cbbb074fdd,b7e13d5d742082bf65f0297e94a42c06f1ac8a8684214645faefb6cbbb074fdd,b7e13d5d742082bf65f0297e94a42c06f1ac8a8684214645faefb6cbbb074fdd,b7e13d5d742082bf65f0297e94a42c06f1ac8a8684214645faefb6cbbb074fdd,b7e13d5d742082bf65f0297e94a42c06f1ac8a8684214645faefb6cbbb074fdd,1,1,1,1,1,1,1,1,1,1,1
final_vaccine_024,vaccine,semi_structured,8df0294f9083e206e22229cc20bc883968aa4577c3a639339c644384ab686e78,8df0294f9083e206e22229cc20bc883968aa4577c3a639339c644384ab686e78,8df0294f9083e206e22229cc20bc883968aa4577c3a639339c644384ab686e78,8df0294f9083e206e22229cc20bc883968aa4577c3a639339c644384ab686e78,8df0294f9083e206e22229cc20bc883968aa4577c3a639339c644384ab686e78,8df0294f9083e206e22229cc20bc883968aa4577c3a639339c644384ab686e78,8df0294f9083e206e22229cc20bc883968aa4577c3a639339c644384ab686e78,8df0294f9083e206e22229cc20bc883968aa4577c3a639339c644384ab686e78,8df0294f9083e206e22229cc20bc883968aa4577c3a639339c644384ab686e78,8df0294f9083e206e22229cc20bc883968aa4577c3a639339c644384ab686e78,8df0294f9083e206e22229cc20bc883968aa4577c3a639339c644384ab686e78,8df0294f9083e206e22229cc20bc883968aa4577c3a639339c644384ab686e78,8df0294f9083e206e22229cc20bc883968aa4577c3a639339c644384ab686e78,1,1,1,1,1,1,1,1,1,1,1
final_vaccine_025,vaccine,semi_structured,fd7a76c18bce95627a394e29e8ef4c5bb42f80c0956534730cc269075268ed9b,fd7a76c18bce95627a394e29e8ef4c5bb42f80c0956534730cc269075268ed9b,fd7a76c18bce95627a394e29e8ef4c5bb42f80c0956534730cc269075268ed9b,fd7a76c18bce95627a394e29e8ef4c5bb42f80c0956534730cc269075268ed9b,ae4f0fea53ef17b1250dd357d21a8ed1fafb6c70928bc941268ebeffd52c7e2e,ae4f0fea53ef17b1250dd357d21a8ed1fafb6c70928bc941268ebeffd52c7e2e,ae4f0fea53ef17b1250dd357d21a8ed1fafb6c70928bc941268ebeffd52c7e2e,ae4f0fea53ef17b1250dd357d21a8ed1fafb6c70928bc941268ebeffd52c7e2e,ae4f0fea53ef17b1250dd357d21a8ed1fafb6c70928bc941268ebeffd52c7e2e,ae4f0fea53ef17b1250dd357d21a8ed1fafb6c70928bc941268ebeffd52c7e2e,ae4f0fea53ef17b1250dd357d21a8ed1fafb6c70928bc941268ebeffd52c7e2e,ae4f0fea53ef17b1250dd357d21a8ed1fafb6c70928bc941268ebeffd52c7e2e,ae4f0fea53ef17b1250dd357d21a8ed1fafb6c70928bc941268ebeffd52c7e2e,1,1,1,0,1,1,1,1,1,1,1
final_vaccine_026,vaccine,semi_structured,ede4b5653f5b7f9f1b8839c4879ca7d23d578c2a3b1d7a8f9ab65491273e63b3,ede4b5653f5b7f9f1b8839c4879ca7d23d578c2a3b1d7a8f9ab65491273e63b3,ede4b5653f5b7f9f1b8839c4879ca7d23d578c2a3b1d7a8f9ab65491273e63b3,ede4b5653f5b7f9f1b8839c4879ca7d23d578c2a3b1d7a8f9ab65491273e63b3,56e19cb91a7d3dd870756f3e6949ac8d50b283e63028251bf245a7d5a81900e6,56e19cb91a7d3dd870756f3e6949ac8d50b283e63028251bf245a7d5a81900e6,56e19cb91a7d3dd870756f3e6949ac8d50b283e63028251bf245a7d5a81900e6,56e19cb91a7d3dd870756f3e6949ac8d50b283e63028251bf245a7d5a81900e6,56e19cb91a7d3dd870756f3e6949ac8d50b283e63028251bf245a7d5a81900e6,56e19cb91a7d3dd870756f3e6949ac8d50b283e63028251bf245a7d5a81900e6,56e19cb91a7d3dd870756f3e6949ac8d50b283e63028251bf245a7d5a81900e6,56e19cb91a7d3dd870756f3e6949ac8d50b283e63028251bf245a7d5a81900e6,56e19cb91a7d3dd870756f3e6949ac8d50b283e63028251bf245a7d5a81900e6,1,1,1,0,1,1,1,1,1,1,1
final_vaccine_027,vaccine,semi_structured,6325c49251f77f1eb4a83f402dcb4b41d54a2352855ce483bc54261d069a9c30,6325c49251f77f1eb4a83f402dcb4b41d54a2352855ce483bc54261d069a9c30,6325c49251f77f1eb4a83f402dcb4b41d54a2352855ce483bc54261d069a9c30,6325c49251f77f1eb4a83f402dcb4b41d54a2352855ce483bc54261d069a9c30,d9b7b18f7577b846713c2452e23dc1e5c7886121dceec394325c296eea811024,d9b7b18f7577b846713c2452e23dc1e5c7886121dceec394325c296eea811024,d9b7b18f7577b846713c2452e23dc1e5c7886121dceec394325c296eea811024,d9b7b18f7577b846713c2452e23dc1e5c7886121dceec394325c296eea811024,d9b7b18f7577b846713c2452e23dc1e5c7886121dceec394325c296eea811024,d9b7b18f7577b846713c2452e23dc1e5c7886121dceec394325c296eea811024,d9b7b18f7577b846713c2452e23dc1e5c7886121dceec394325c296eea811024,d9b7b18f7577b846713c2452e23dc1e5c7886121dceec394325c296eea811024,d9b7b18f7577b846713c2452e23dc1e5c7886121dceec394325c296eea811024,1,1,1,0,1,1,1,1,1,1,1
final_vaccine_028,vaccine,semi_structured,3ab20c0389ab46277993c9485f1c750b0745ffe9de7351e3b93931cc0bf1e51e,3ab20c0389ab46277993c9485f1c750b0745ffe9de7351e3b93931cc0bf1e51e,3ab20c0389ab46277993c9485f1c750b0745ffe9de7351e3b93931cc0bf1e51e,3ab20c0389ab46277993c9485f1c750b0745ffe9de7351e3b93931cc0bf1e51e,3ab20c0389ab46277993c9485f1c750b0745ffe9de7351e3b93931cc0bf1e51e,3ab20c0389ab46277993c9485f1c750b0745ffe9de7351e3b93931cc0bf1e51e,3ab20c0389ab46277993c9485f1c750b0745ffe9de7351e3b93931cc0bf1e51e,3ab20c0389ab46277993c9485f1c750b0745ffe9de7351e3b93931cc0bf1e51e,3ab20c0389ab46277993c9485f1c750b0745ffe9de7351e3b93931cc0bf1e51e,3ab20c0389ab46277993c9485f1c750b0745ffe9de7351e3b93931cc0bf1e51e,3ab20c0389ab46277993c9485f1c750b0745ffe9de7351e3b93931cc0bf1e51e,3ab20c0389ab46277993c9485f1c750b0745ffe9de7351e3b93931cc0bf1e51e,3ab20c0389ab46277993c9485f1c750b0745ffe9de7351e3b93931cc0bf1e51e,1,1,1,1,1,1,1,1,1,1,1
final_vaccine_029,vaccine,semi_structured,9b49e3ad89519d797abe28a093c38d39904673895796beb732a40713616ac071,9b49e3ad89519d797abe28a093c38d39904673895796beb732a40713616ac071,9b49e3ad89519d797abe28a093c38d39904673895796beb732a40713616ac071,9b49e3ad89519d797abe28a093c38d39904673895796beb732a40713616ac071,9b49e3ad89519d797abe28a093c38d39904673895796beb732a40713616ac071,9b49e3ad89519d797abe28a093c38d39904673895796beb732a40713616ac071,9b49e3ad89519d797abe28a093c38d39904673895796beb732a40713616ac071,9b49e3ad89519d797abe28a093c38d39904673895796beb732a40713616ac071,9b49e3ad89519d797abe28a093c38d39904673895796beb732a40713616ac071,9b49e3ad89519d797abe28a093c38d39904673895796beb732a40713616ac071,9b49e3ad89519d797abe28a093c38d39904673895796beb732a40713616ac071,9b49e3ad89519d797abe28a093c38d39904673895796beb732a40713616ac071,9b49e3ad89519d797abe28a093c38d39904673895796beb732a40713616ac071,1,1,1,1,1,1,1,1,1,1,1
final_vaccine_030,vaccine,semi_structured,dc3d24e6981f535607aa5ce1a071decc1be3cf999dd028594dfd67ad08ed22f5,dc3d24e6981f535607aa5ce1a071decc1be3cf999dd028594dfd67ad08ed22f5,dc3d24e6981f535607aa5ce1a071decc1be3cf999dd028594dfd67ad08ed22f5,dc3d24e6981f535607aa5ce1a071decc1be3cf999dd028594dfd67ad08ed22f5,dc3d24e6981f535607aa5ce1a071decc1be3cf999dd028594dfd67ad08ed22f5,dc3d24e6981f535607aa5ce1a071decc1be3cf999dd028594dfd67ad08ed22f5,dc3d24e6981f535607aa5ce1a071decc1be3cf999dd028594dfd67ad08ed22f5,dc3d24e6981f535607aa5ce1a071decc1be3cf999dd028594dfd67ad08ed22f5,dc3d24e6981f535607aa5ce1a071decc1be3cf999dd028594dfd67ad08ed22f5,dc3d24e6981f535607aa5ce1a071decc1be3cf999dd028594dfd67ad08ed22f5,dc3d24e6981f535607aa5ce1a071decc1be3cf999dd028594dfd67ad08ed22f5,dc3d24e6981f535607aa5ce1a071decc1be3cf999dd028594dfd67ad08ed22f5,dc3d24e6981f535607aa5ce1a071decc1be3cf999dd028594dfd67ad08ed22f5,1,1,1,1,1,1,1,1,1,1,1
final_vaccine_031,vaccine,free_text,56ec303c35d572fdc370a52af32239c72b705fe54a1e04e5ff0bbe740c33fa21,56ec303c35d572fdc370a52af32239c72b705fe54a1e04e5ff0bbe740c33fa21,56ec303c35d572fdc370a52af32239c72b705fe54a1e04e5ff0bbe740c33fa21,56ec303c35d572fdc370a52af32239c72b705fe54a1e04e5ff0bbe740c33fa21,56ec303c35d572fdc370a52af32239c72b705fe54a1e04e5ff0bbe740c33fa21,56ec303c35d572fdc370a52af32239c72b705fe54a1e04e5ff0bbe740c33fa21,56ec303c35d572fdc370a52af32239c72b705fe54a1e04e5ff0bbe740c33fa21,56ec303c35d572fdc370a52af32239c72b705fe54a1e04e5ff0bbe740c33fa21,56ec303c35d572fdc370a52af32239c72b705fe54a1e04e5ff0bbe740c33fa21,56ec303c35d572fdc370a52af32239c72b705fe54a1e04e5ff0bbe740c33fa21,56ec303c35d572fdc370a52af32239c72b705fe54a1e04e5ff0bbe740c33fa21,56ec303c35d572fdc370a52af32239c72b705fe54a1e04e5ff0bbe740c33fa21,56ec303c35d572fdc370a52af32239c72b705fe54a1e04e5ff0bbe740c33fa21,1,1,1,1,1,1,1,1,1,1,1
final_vaccine_032,vaccine,free_text,308a45a7c2c9a28d1e40c052b6a88def6b6702bbfb49bad3834ea7d82f3f9854,308a45a7c2c9a28d1e40c052b6a88def6b6702bbfb49bad3834ea7d82f3f9854,308a45a7c2c9a28d1e40c052b6a88def6b6702bbfb49bad3834ea7d82f3f9854,308a45a7c2c9a28d1e40c052b6a88def6b6702bbfb49bad3834ea7d82f3f9854,308a45a7c2c9a28d1e40c052b6a88def6b6702bbfb49bad3834ea7d82f3f9854,308a45a7c2c9a28d1e40c052b6a88def6b6702bbfb49bad3834ea7d82f3f9854,308a45a7c2c9a28d1e40c052b6a88def6b6702bbfb49bad3834ea7d82f3f9854,308a45a7c2c9a28d1e40c052b6a88def6b6702bbfb49bad3834ea7d82f3f9854,308a45a7c2c9a28d1e40c052b6a88def6b6702bbfb49bad3834ea7d82f3f9854,308a45a7c2c9a28d1e40c052b6a88def6b6702bbfb49bad3834ea7d82f3f9854,308a45a7c2c9a28d1e40c052b6a88def6b6702bbfb49bad3834ea7d82f3f9854,308a45a7c2c9a28d1e40c052b6a88def6b6702bbfb49bad3834ea7d82f3f9854,308a45a7c2c9a28d1e40c052b6a88def6b6702bbfb49bad3834ea7d82f3f9854,1,1,1,1,1,1,1,1,1,1,1
final_vaccine_033,vaccine,free_text,903e686c90c79ceb3474a4ea21cbc1421146c6e5ab35aaf8429e9080a21745c9,903e686c90c79ceb3474a4ea21cbc1421146c6e5ab35aaf8429e9080a21745c9,903e686c90c79ceb3474a4ea21cbc1421146c6e5ab35aaf8429e9080a21745c9,903e686c90c79ceb3474a4ea21cbc1421146c6e5ab35aaf8429e9080a21745c9,903e686c90c79ceb3474a4ea21cbc1421146c6e5ab35aaf8429e9080a21745c9,903e686c90c79ceb3474a4ea21cbc1421146c6e5ab35aaf8429e9080a21745c9,903e686c90c79ceb3474a4ea21cbc1421146c6e5ab35aaf8429e9080a21745c9,903e686c90c79ceb3474a4ea21cbc1421146c6e5ab35aaf8429e9080a21745c9,903e686c90c79ceb3474a4ea21cbc1421146c6e5ab35aaf8429e9080a21745c9,903e686c90c79ceb3474a4ea21cbc1421146c6e5ab35aaf8429e9080a21745c9,903e686c90c79ceb3474a4ea21cbc1421146c6e5ab35aaf8429e9080a21745c9,903e686c90c79ceb3474a4ea21cbc1421146c6e5ab35aaf8429e9080a21745c9,903e686c90c79ceb3474a4ea21cbc1421146c6e5ab35aaf8429e9080a21745c9,1,1,1,1,1,1,1,1,1,1,1
final_vaccine_034,vaccine,semi_structured,f4cf4c1bed8c633c51ceb1f82eb704032c92e0f593b5580af62fc4c61136d88b,f4cf4c1bed8c633c51ceb1f82eb704032c92e0f593b5580af62fc4c61136d88b,f4cf4c1bed8c633c51ceb1f82eb704032c92e0f593b5580af62fc4c61136d88b,f4cf4c1bed8c633c51ceb1f82eb704032c92e0f593b5580af62fc4c61136d88b,f4cf4c1bed8c633c51ceb1f82eb704032c92e0f593b5580af62fc4c61136d88b,f4cf4c1bed8c633c51ceb1f82eb704032c92e0f593b5580af62fc4c61136d88b,f4cf4c1bed8c633c51ceb1f82eb704032c92e0f593b5580af62fc4c61136d88b,f4cf4c1bed8c633c51ceb1f82eb704032c92e0f593b5580af62fc4c61136d88b,f4cf4c1bed8c633c51ceb1f82eb704032c92e0f593b5580af62fc4c61136d88b,f4cf4c1bed8c633c51ceb1f82eb704032c92e0f593b5580af62fc4c61136d88b,f4cf4c1bed8c633c51ceb1f82eb704032c92e0f593b5580af62fc4c61136d88b,f4cf4c1bed8c633c51ceb1f82eb704032c92e0f593b5580af62fc4c61136d88b,f4cf4c1bed8c633c51ceb1f82eb704032c92e0f593b5580af62fc4c61136d88b,1,1,1,1,1,1,1,1,1,1,1
final_vaccine_035,vaccine,semi_structured,17820a30af00d351ad0c3bd2336cd5a79f3b150e21896ca67dba93062de1ec87,17820a30af00d351ad0c3bd2336cd5a79f3b150e21896ca67dba93062de1ec87,17820a30af00d351ad0c3bd2336cd5a79f3b150e21896ca67dba93062de1ec87,17820a30af00d351ad0c3bd2336cd5a79f3b150e21896ca67dba93062de1ec87,17820a30af00d351ad0c3bd2336cd5a79f3b150e21896ca67dba93062de1ec87,17820a30af00d351ad0c3bd2336cd5a79f3b150e21896ca67dba93062de1ec87,17820a30af00d351ad0c3bd2336cd5a79f3b150e21896ca67dba93062de1ec87,17820a30af00d351ad0c3bd2336cd5a79f3b150e21896ca67dba93062de1ec87,17820a30af00d351ad0c3bd2336cd5a79f3b150e21896ca67dba93062de1ec87,17820a30af00d351ad0c3bd2336cd5a79f3b150e21896ca67dba93062de1ec87,17820a30af00d351ad0c3bd2336cd5a79f3b150e21896ca67dba93062de1ec87,17820a30af00d351ad0c3bd2336cd5a79f3b150e21896ca67dba93062de1ec87,17820a30af00d351ad0c3bd2336cd5a79f3b150e21896ca67dba93062de1ec87,1,1,1,1,1,1,1,1,1,1,1
final_vaccine_036,vaccine,semi_structured,8b6edc0601a17bd6587fa9dd1c841a00f72a3ed26202ac4bf3cb7aede6f8070d,8b6edc0601a17bd6587fa9dd1c841a00f72a3ed26202ac4bf3cb7aede6f8070d,8b6edc0601a17bd6587fa9dd1c841a00f72a3ed26202ac4bf3cb7aede6f8070d,8b6edc0601a17bd6587fa9dd1c841a00f72a3ed26202ac4bf3cb7aede6f8070d,8b6edc0601a17bd6587fa9dd1c841a00f72a3ed26202ac4bf3cb7aede6f8070d,8b6edc0601a17bd6587fa9dd1c841a00f72a3ed26202ac4bf3cb7aede6f8070d,8b6edc0601a17bd6587fa9dd1c841a00f72a3ed26202ac4bf3cb7aede6f8070d,8b6edc0601a17bd6587fa9dd1c841a00f72a3ed26202ac4bf3cb7aede6f8070d,8b6edc0601a17bd6587fa9dd1c841a00f72a3ed26202ac4bf3cb7aede6f8070d,8b6edc0601a17bd6587fa9dd1c841a00f72a3ed26202ac4bf3cb7aede6f8070d,8b6edc0601a17bd6587fa9dd1c841a00f72a3ed26202ac4bf3cb7aede6f8070d,8b6edc0601a17bd6587fa9dd1c841a00f72a3ed26202ac4bf3cb7aede6f8070d,8b6edc0601a17bd6587fa9dd1c841a00f72a3ed26202ac4bf3cb7aede6f8070d,1,1,1,1,1,1,1,1,1,1,1
final_vaccine_037,vaccine,semi_structured,714deee34575624ae5532253456adf366cbda40c963290b4a052105aacc8322f,714deee34575624ae5532253456adf366cbda40c963290b4a052105aacc8322f,714deee34575624ae5532253456adf366cbda40c963290b4a052105aacc8322f,714deee34575624ae5532253456adf366cbda40c963290b4a052105aacc8322f,714deee34575624ae5532253456adf366cbda40c963290b4a052105aacc8322f,714deee34575624ae5532253456adf366cbda40c963290b4a052105aacc8322f,714deee34575624ae5532253456adf366cbda40c963290b4a052105aacc8322f,714deee34575624ae5532253456adf366cbda40c963290b4a052105aacc8322f,714deee34575624ae5532253456adf366cbda40c963290b4a052105aacc8322f,714deee34575624ae5532253456adf366cbda40c963290b4a052105aacc8322f,714deee34575624ae5532253456adf366cbda40c963290b4a052105aacc8322f,714deee34575624ae5532253456adf366cbda40c963290b4a052105aacc8322f,714deee34575624ae5532253456adf366cbda40c963290b4a052105aacc8322f,1,1,1,1,1,1,1,1,1,1,1
final_vaccine_038,vaccine,semi_structured,58670302e7b088fe2d76eab9aeddd1b091a4aeb5987c12fc0c8caa44e3be76a9,58670302e7b088fe2d76eab9aeddd1b091a4aeb5987c12fc0c8caa44e3be76a9,58670302e7b088fe2d76eab9aeddd1b091a4aeb5987c12fc0c8caa44e3be76a9,58670302e7b088fe2d76eab9aeddd1b091a4aeb5987c12fc0c8caa44e3be76a9,58670302e7b088fe2d76eab9aeddd1b091a4aeb5987c12fc0c8caa44e3be76a9,58670302e7b088fe2d76eab9aeddd1b091a4aeb5987c12fc0c8caa44e3be76a9,58670302e7b088fe2d76eab9aeddd1b091a4aeb5987c12fc0c8caa44e3be76a9,58670302e7b088fe2d76eab9aeddd1b091a4aeb5987c12fc0c8caa44e3be76a9,58670302e7b088fe2d76eab9aeddd1b091a4aeb5987c12fc0c8caa44e3be76a9,58670302e7b088fe2d76eab9aeddd1b091a4aeb5987c12fc0c8caa44e3be76a9,58670302e7b088fe2d76eab9aeddd1b091a4aeb5987c12fc0c8caa44e3be76a9,58670302e7b088fe2d76eab9aeddd1b091a4aeb5987c12fc0c8caa44e3be76a9,58670302e7b088fe2d76eab9aeddd1b091a4aeb5987c12fc0c8caa44e3be76a9,1,1,1,1,1,1,1,1,1,1,1
final_vaccine_039,vaccine,semi_structured,d5c1355dccf5e8d25eb06db933b683362a5ff31ebbe9368eba4a6455911194df,d5c1355dccf5e8d25eb06db933b683362a5ff31ebbe9368eba4a6455911194df,d5c1355dccf5e8d25eb06db933b683362a5ff31ebbe9368eba4a6455911194df,d5c1355dccf5e8d25eb06db933b683362a5ff31ebbe9368eba4a6455911194df,d5c1355dccf5e8d25eb06db933b683362a5ff31ebbe9368eba4a6455911194df,d5c1355dccf5e8d25eb06db933b683362a5ff31ebbe9368eba4a6455911194df,d5c1355dccf5e8d25eb06db933b683362a5ff31ebbe9368eba4a6455911194df,d5c1355dccf5e8d25eb06db933b683362a5ff31ebbe9368eba4a6455911194df,d5c1355dccf5e8d25eb06db933b683362a5ff31ebbe9368eba4a6455911194df,d5c1355dccf5e8d25eb06db933b683362a5ff31ebbe9368eba4a6455911194df,d5c1355dccf5e8d25eb06db933b683362a5ff31ebbe9368eba4a6455911194df,d5c1355dccf5e8d25eb06db933b683362a5ff31ebbe9368eba4a6455911194df,d5c1355dccf5e8d25eb06db933b683362a5ff31ebbe9368eba4a6455911194df,1,1,1,1,1,1,1,1,1,1,1
final_vaccine_040,vaccine,semi_structured,c962aaabdcbf6c0c3b20dd9c25b5d43c429ab663893adca89e0e44fdff01f0ec,c962aaabdcbf6c0c3b20dd9c25b5d43c429ab663893adca89e0e44fdff01f0ec,c962aaabdcbf6c0c3b20dd9c25b5d43c429ab663893adca89e0e44fdff01f0ec,c962aaabdcbf6c0c3b20dd9c25b5d43c429ab663893adca89e0e44fdff01f0ec,36f7b4ad59a09dbabe83bc2a9f3cfaa31c5ab1fc6d63a4213cf1b75e4036cd11,36f7b4ad59a09dbabe83bc2a9f3cfaa31c5ab1fc6d63a4213cf1b75e4036cd11,36f7b4ad59a09dbabe83bc2a9f3cfaa31c5ab1fc6d63a4213cf1b75e4036cd11,36f7b4ad59a09dbabe83bc2a9f3cfaa31c5ab1fc6d63a4213cf1b75e4036cd11,36f7b4ad59a09dbabe83bc2a9f3cfaa31c5ab1fc6d63a4213cf1b75e4036cd11,36f7b4ad59a09dbabe83bc2a9f3cfaa31c5ab1fc6d63a4213cf1b75e4036cd11,36f7b4ad59a09dbabe83bc2a9f3cfaa31c5ab1fc6d63a4213cf1b75e4036cd11,36f7b4ad59a09dbabe83bc2a9f3cfaa31c5ab1fc6d63a4213cf1b75e4036cd11,36f7b4ad59a09dbabe83bc2a9f3cfaa31c5ab1fc6d63a4213cf1b75e4036cd11,1,1,1,0,1,1,1,1,1,1,1
final_vaccine_041,vaccine,semi_structured,09f4e1b24ed733d64c804314fe32f7a4ae66067822212f6ef62a9a46ad3e1cd3,09f4e1b24ed733d64c804314fe32f7a4ae66067822212f6ef62a9a46ad3e1cd3,09f4e1b24ed733d64c804314fe32f7a4ae66067822212f6ef62a9a46ad3e1cd3,09f4e1b24ed733d64c804314fe32f7a4ae66067822212f6ef62a9a46ad3e1cd3,09f4e1b24ed733d64c804314fe32f7a4ae66067822212f6ef62a9a46ad3e1cd3,09f4e1b24ed733d64c804314fe32f7a4ae66067822212f6ef62a9a46ad3e1cd3,09f4e1b24ed733d64c804314fe32f7a4ae66067822212f6ef62a9a46ad3e1cd3,09f4e1b24ed733d64c804314fe32f7a4ae66067822212f6ef62a9a46ad3e1cd3,09f4e1b24ed733d64c804314fe32f7a4ae66067822212f6ef62a9a46ad3e1cd3,09f4e1b24ed733d64c804314fe32f7a4ae66067822212f6ef62a9a46ad3e1cd3,09f4e1b24ed733d64c804314fe32f7a4ae66067822212f6ef62a9a46ad3e1cd3,09f4e1b24ed733d64c804314fe32f7a4ae66067822212f6ef62a9a46ad3e1cd3,09f4e1b24ed733d64c804314fe32f7a4ae66067822212f6ef62a9a46ad3e1cd3,1,1,1,1,1,1,1,1,1,1,1
final_vaccine_042,vaccine,semi_structured,32b72d80867b55b21137ca6a3d4c9983c592c9711efd6401f1b93481d0562faa,32b72d80867b55b21137ca6a3d4c9983c592c9711efd6401f1b93481d0562faa,32b72d80867b55b21137ca6a3d4c9983c592c9711efd6401f1b93481d0562faa,32b72d80867b55b21137ca6a3d4c9983c592c9711efd6401f1b93481d0562faa,32b72d80867b55b21137ca6a3d4c9983c592c9711efd6401f1b93481d0562faa,32b72d80867b55b21137ca6a3d4c9983c592c9711efd6401f1b93481d0562faa,32b72d80867b55b21137ca6a3d4c9983c592c9711efd6401f1b93481d0562faa,32b72d80867b55b21137ca6a3d4c9983c592c9711efd6401f1b93481d0562faa,32b72d80867b55b21137ca6a3d4c9983c592c9711efd6401f1b93481d0562faa,32b72d80867b55b21137ca6a3d4c9983c592c9711efd6401f1b93481d0562faa,32b72d80867b55b21137ca6a3d4c9983c592c9711efd6401f1b93481d0562faa,32b72d80867b55b21137ca6a3d4c9983c592c9711efd6401f1b93481d0562faa,32b72d80867b55b21137ca6a3d4c9983c592c9711efd6401f1b93481d0562faa,1,1,1,1,1,1,1,1,1,1,1
final_vaccine_043,vaccine,semi_structured,c061a199f82baeadfcbc536f1096e11f8d8046f55443e859d7a2a8bb11352703,c061a199f82baeadfcbc536f1096e11f8d8046f55443e859d7a2a8bb11352703,c061a199f82baeadfcbc536f1096e11f8d8046f55443e859d7a2a8bb11352703,c061a199f82baeadfcbc536f1096e11f8d8046f55443e859d7a2a8bb11352703,c061a199f82baeadfcbc536f1096e11f8d8046f55443e859d7a2a8bb11352703,c061a199f82baeadfcbc536f1096e11f8d8046f55443e859d7a2a8bb11352703,c061a199f82baeadfcbc536f1096e11f8d8046f55443e859d7a2a8bb11352703,c061a199f82baeadfcbc536f1096e11f8d8046f55443e859d7a2a8bb11352703,c061a199f82baeadfcbc536f1096e11f8d8046f55443e859d7a2a8bb11352703,c061a199f82baeadfcbc536f1096e11f8d8046f55443e859d7a2a8bb11352703,c061a199f82baeadfcbc536f1096e11f8d8046f55443e859d7a2a8bb11352703,c061a199f82baeadfcbc536f1096e11f8d8046f55443e859d7a2a8bb11352703,c061a199f82baeadfcbc536f1096e11f8d8046f55443e859d7a2a8bb11352703,1,1,1,1,1,1,1,1,1,1,1
final_vaccine_044,vaccine,semi_structured,c7e8b9decd745d3887dfec3d511600f1b2d02c0126709936a54ab297dfbd7e61,c7e8b9decd745d3887dfec3d511600f1b2d02c0126709936a54ab297dfbd7e61,c7e8b9decd745d3887dfec3d511600f1b2d02c0126709936a54ab297dfbd7e61,c7e8b9decd745d3887dfec3d511600f1b2d02c0126709936a54ab297dfbd7e61,c7e8b9decd745d3887dfec3d511600f1b2d02c0126709936a54ab297dfbd7e61,c7e8b9decd745d3887dfec3d511600f1b2d02c0126709936a54ab297dfbd7e61,c7e8b9decd745d3887dfec3d511600f1b2d02c0126709936a54ab297dfbd7e61,c7e8b9decd745d3887dfec3d511600f1b2d02c0126709936a54ab297dfbd7e61,c7e8b9decd745d3887dfec3d511600f1b2d02c0126709936a54ab297dfbd7e61,c7e8b9decd745d3887dfec3d511600f1b2d02c0126709936a54ab297dfbd7e61,c7e8b9decd745d3887dfec3d511600f1b2d02c0126709936a54ab297dfbd7e61,c7e8b9decd745d3887dfec3d511600f1b2d02c0126709936a54ab297dfbd7e61,c7e8b9decd745d3887dfec3d511600f1b2d02c0126709936a54ab297dfbd7e61,1,1,1,1,1,1,1,1,1,1,1
final_vaccine_045,vaccine,semi_structured,7981cf0249716b9b23ebaf0144caaf397642d758c67fac4254e23b11314c22b7,7981cf0249716b9b23ebaf0144caaf397642d758c67fac4254e23b11314c22b7,7981cf0249716b9b23ebaf0144caaf397642d758c67fac4254e23b11314c22b7,7981cf0249716b9b23ebaf0144caaf397642d758c67fac4254e23b11314c22b7,7981cf0249716b9b23ebaf0144caaf397642d758c67fac4254e23b11314c22b7,7981cf0249716b9b23ebaf0144caaf397642d758c67fac4254e23b11314c22b7,7981cf0249716b9b23ebaf0144caaf397642d758c67fac4254e23b11314c22b7,7981cf0249716b9b23ebaf0144caaf397642d758c67fac4254e23b11314c22b7,7981cf0249716b9b23ebaf0144caaf397642d758c67fac4254e23b11314c22b7,7981cf0249716b9b23ebaf0144caaf397642d758c67fac4254e23b11314c22b7,7981cf0249716b9b23ebaf0144caaf397642d758c67fac4254e23b11314c22b7,7981cf0249716b9b23ebaf0144caaf397642d758c67fac4254e23b11314c22b7,7981cf0249716b9b23ebaf0144caaf397642d758c67fac4254e23b11314c22b7,1,1,1,1,1,1,1,1,1,1,1
final_vaccine_046,vaccine,free_text,28ba2fb01567370eb4b5e32c685eec5e209d50dcd6c55003f0931e3575353af1,28ba2fb01567370eb4b5e32c685eec5e209d50dcd6c55003f0931e3575353af1,28ba2fb01567370eb4b5e32c685eec5e209d50dcd6c55003f0931e3575353af1,28ba2fb01567370eb4b5e32c685eec5e209d50dcd6c55003f0931e3575353af1,28ba2fb01567370eb4b5e32c685eec5e209d50dcd6c55003f0931e3575353af1,28ba2fb01567370eb4b5e32c685eec5e209d50dcd6c55003f0931e3575353af1,28ba2fb01567370eb4b5e32c685eec5e209d50dcd6c55003f0931e3575353af1,28ba2fb01567370eb4b5e32c685eec5e209d50dcd6c55003f0931e3575353af1,28ba2fb01567370eb4b5e32c685eec5e209d50dcd6c55003f0931e3575353af1,28ba2fb01567370eb4b5e32c685eec5e209d50dcd6c55003f0931e3575353af1,28ba2fb01567370eb4b5e32c685eec5e209d50dcd6c55003f0931e3575353af1,28ba2fb01567370eb4b5e32c685eec5e209d50dcd6c55003f0931e3575353af1,28ba2fb01567370eb4b5e32c685eec5e209d50dcd6c55003f0931e3575353af1,1,1,1,1,1,1,1,1,1,1,1
final_vaccine_047,vaccine,free_text,ca653c89129968db6820e70406b76547c9b13927a43a8bed9fd0969ff03f0ef2,ca653c89129968db6820e70406b76547c9b13927a43a8bed9fd0969ff03f0ef2,ca653c89129968db6820e70406b76547c9b13927a43a8bed9fd0969ff03f0ef2,ca653c89129968db6820e70406b76547c9b13927a43a8bed9fd0969ff03f0ef2,ca653c89129968db6820e70406b76547c9b13927a43a8bed9fd0969ff03f0ef2,ca653c89129968db6820e70406b76547c9b13927a43a8bed9fd0969ff03f0ef2,ca653c89129968db6820e70406b76547c9b13927a43a8bed9fd0969ff03f0ef2,ca653c89129968db6820e70406b76547c9b13927a43a8bed9fd0969ff03f0ef2,ca653c89129968db6820e70406b76547c9b13927a43a8bed9fd0969ff03f0ef2,ca653c89129968db6820e70406b76547c9b13927a43a8bed9fd0969ff03f0ef2,ca653c89129968db6820e70406b76547c9b13927a43a8bed9fd0969ff03f0ef2,ca653c89129968db6820e70406b76547c9b13927a43a8bed9fd0969ff03f0ef2,ca653c89129968db6820e70406b76547c9b13927a43a8bed9fd0969ff03f0ef2,1,1,1,1,1,1,1,1,1,1,1
final_vaccine_048,vaccine,free_text,1e1f20f6c7580bd481c4cd383a97da39f91655f1f579e36f23b948f235073274,1e1f20f6c7580bd481c4cd383a97da39f91655f1f579e36f23b948f235073274,1e1f20f6c7580bd481c4cd383a97da39f91655f1f579e36f23b948f235073274,1e1f20f6c7580bd481c4cd383a97da39f91655f1f579e36f23b948f235073274,1e1f20f6c7580bd481c4cd383a97da39f91655f1f579e36f23b948f235073274,1e1f20f6c7580bd481c4cd383a97da39f91655f1f579e36f23b948f235073274,1e1f20f6c7580bd481c4cd383a97da39f91655f1f579e36f23b948f235073274,1e1f20f6c7580bd481c4cd383a97da39f91655f1f579e36f23b948f235073274,1e1f20f6c7580bd481c4cd383a97da39f91655f1f579e36f23b948f235073274,1e1f20f6c7580bd481c4cd383a97da39f91655f1f579e36f23b948f235073274,1e1f20f6c7580bd481c4cd383a97da39f91655f1f579e36f23b948f235073274,1e1f20f6c7580bd481c4cd383a97da39f91655f1f579e36f23b948f235073274,1e1f20f6c7580bd481c4cd383a97da39f91655f1f579e36f23b948f235073274,1,1,1,1,1,1,1,1,1,1,1
final_vaccine_049,vaccine,semi_structured,862ecc0332324e577d3845077304b7833b14cdffbbc90e7dc11fff99c7bd3dea,862ecc0332324e577d3845077304b7833b14cdffbbc90e7dc11fff99c7bd3dea,862ecc0332324e577d3845077304b7833b14cdffbbc90e7dc11fff99c7bd3dea,862ecc0332324e577d3845077304b7833b14cdffbbc90e7dc11fff99c7bd3dea,862ecc0332324e577d3845077304b7833b14cdffbbc90e7dc11fff99c7bd3dea,862ecc0332324e577d3845077304b7833b14cdffbbc90e7dc11fff99c7bd3dea,862ecc0332324e577d3845077304b7833b14cdffbbc90e7dc11fff99c7bd3dea,862ecc0332324e577d3845077304b7833b14cdffbbc90e7dc11fff99c7bd3dea,862ecc0332324e577d3845077304b7833b14cdffbbc90e7dc11fff99c7bd3dea,862ecc0332324e577d3845077304b7833b14cdffbbc90e7dc11fff99c7bd3dea,862ecc0332324e577d3845077304b7833b14cdffbbc90e7dc11fff99c7bd3dea,862ecc0332324e577d3845077304b7833b14cdffbbc90e7dc11fff99c7bd3dea,862ecc0332324e577d3845077304b7833b14cdffbbc90e7dc11fff99c7bd3dea,1,1,1,1,1,1,1,1,1,1,1
final_vaccine_050,vaccine,semi_structured,a328c25e839add0568772ca7e143d6ed686cf2aa7931baa1e5b47a99301ffd24,a328c25e839add0568772ca7e143d6ed686cf2aa7931baa1e5b47a99301ffd24,a328c25e839add0568772ca7e143d6ed686cf2aa7931baa1e5b47a99301ffd24,a328c25e839add0568772ca7e143d6ed686cf2aa7931baa1e5b47a99301ffd24,a328c25e839add0568772ca7e143d6ed686cf2aa7931baa1e5b47a99301ffd24,a328c25e839add0568772ca7e143d6ed686cf2aa7931baa1e5b47a99301ffd24,a328c25e839add0568772ca7e143d6ed686cf2aa7931baa1e5b47a99301ffd24,a328c25e839add0568772ca7e143d6ed686cf2aa7931baa1e5b47a99301ffd24,a328c25e839add0568772ca7e143d6ed686cf2aa7931baa1e5b47a99301ffd24,a328c25e839add0568772ca7e143d6ed686cf2aa7931baa1e5b47a99301ffd24,a328c25e839add0568772ca7e143d6ed686cf2aa7931baa1e5b47a99301ffd24,a328c25e839add0568772ca7e143d6ed686cf2aa7931baa1e5b47a99301ffd24,a328c25e839add0568772ca7e143d6ed686cf2aa7931baa1e5b47a99301ffd24,1,1,1,1,1,1,1,1,1,1,1
final_vaccine_051,vaccine,semi_structured,e165d6bf7f4e7030a21c6df2680f13910ab715851254a18f09d524675e8e6f20,e165d6bf7f4e7030a21c6df2680f13910ab715851254a18f09d524675e8e6f20,e165d6bf7f4e7030a21c6df2680f13910ab715851254a18f09d524675e8e6f20,e165d6bf7f4e7030a21c6df2680f13910ab715851254a18f09d524675e8e6f20,e165d6bf7f4e7030a21c6df2680f13910ab715851254a18f09d524675e8e6f20,e165d6bf7f4e7030a21c6df2680f13910ab715851254a18f09d524675e8e6f20,e165d6bf7f4e7030a21c6df2680f13910ab715851254a18f09d524675e8e6f20,e165d6bf7f4e7030a21c6df2680f13910ab715851254a18f09d524675e8e6f20,e165d6bf7f4e7030a21c6df2680f13910ab715851254a18f09d524675e8e6f20,e165d6bf7f4e7030a21c6df2680f13910ab715851254a18f09d524675e8e6f20,e165d6bf7f4e7030a21c6df2680f13910ab715851254a18f09d524675e8e6f20,e165d6bf7f4e7030a21c6df2680f13910ab715851254a18f09d524675e8e6f20,e165d6bf7f4e7030a21c6df2680f13910ab715851254a18f09d524675e8e6f20,1,1,1,1,1,1,1,1,1,1,1
final_vaccine_052,vaccine,semi_structured,45ab96f9eb2e876e94c5db96ceb0ddf87a8c1c5b0f65bd36c2c368c0aef2dc6a,45ab96f9eb2e876e94c5db96ceb0ddf87a8c1c5b0f65bd36c2c368c0aef2dc6a,45ab96f9eb2e876e94c5db96ceb0ddf87a8c1c5b0f65bd36c2c368c0aef2dc6a,45ab96f9eb2e876e94c5db96ceb0ddf87a8c1c5b0f65bd36c2c368c0aef2dc6a,45ab96f9eb2e876e94c5db96ceb0ddf87a8c1c5b0f65bd36c2c368c0aef2dc6a,45ab96f9eb2e876e94c5db96ceb0ddf87a8c1c5b0f65bd36c2c368c0aef2dc6a,45ab96f9eb2e876e94c5db96ceb0ddf87a8c1c5b0f65bd36c2c368c0aef2dc6a,45ab96f9eb2e876e94c5db96ceb0ddf87a8c1c5b0f65bd36c2c368c0aef2dc6a,45ab96f9eb2e876e94c5db96ceb0ddf87a8c1c5b0f65bd36c2c368c0aef2dc6a,45ab96f9eb2e876e94c5db96ceb0ddf87a8c1c5b0f65bd36c2c368c0aef2dc6a,45ab96f9eb2e876e94c5db96ceb0ddf87a8c1c5b0f65bd36c2c368c0aef2dc6a,45ab96f9eb2e876e94c5db96ceb0ddf87a8c1c5b0f65bd36c2c368c0aef2dc6a,45ab96f9eb2e876e94c5db96ceb0ddf87a8c1c5b0f65bd36c2c368c0aef2dc6a,1,1,1,1,1,1,1,1,1,1,1
final_vaccine_053,vaccine,semi_structured,a187d83da4094952842862fa1fd6c69e4080afad51e244937bbfaa17f9162481,a187d83da4094952842862fa1fd6c69e4080afad51e244937bbfaa17f9162481,a187d83da4094952842862fa1fd6c69e4080afad51e244937bbfaa17f9162481,a187d83da4094952842862fa1fd6c69e4080afad51e244937bbfaa17f9162481,a187d83da4094952842862fa1fd6c69e4080afad51e244937bbfaa17f9162481,a187d83da4094952842862fa1fd6c69e4080afad51e244937bbfaa17f9162481,a187d83da4094952842862fa1fd6c69e4080afad51e244937bbfaa17f9162481,a187d83da4094952842862fa1fd6c69e4080afad51e244937bbfaa17f9162481,a187d83da4094952842862fa1fd6c69e4080afad51e244937bbfaa17f9162481,a187d83da4094952842862fa1fd6c69e4080afad51e244937bbfaa17f9162481,a187d83da4094952842862fa1fd6c69e4080afad51e244937bbfaa17f9162481,a187d83da4094952842862fa1fd6c69e4080afad51e244937bbfaa17f9162481,a187d83da4094952842862fa1fd6c69e4080afad51e244937bbfaa17f9162481,1,1,1,1,1,1,1,1,1,1,1
final_vaccine_054,vaccine,semi_structured,433b31a071c517c0ff2ce35110730ba2d4bdae24e0b56fe82db8e17fe7d3b3e9,433b31a071c517c0ff2ce35110730ba2d4bdae24e0b56fe82db8e17fe7d3b3e9,433b31a071c517c0ff2ce35110730ba2d4bdae24e0b56fe82db8e17fe7d3b3e9,433b31a071c517c0ff2ce35110730ba2d4bdae24e0b56fe82db8e17fe7d3b3e9,433b31a071c517c0ff2ce35110730ba2d4bdae24e0b56fe82db8e17fe7d3b3e9,433b31a071c517c0ff2ce35110730ba2d4bdae24e0b56fe82db8e17fe7d3b3e9,433b31a071c517c0ff2ce35110730ba2d4bdae24e0b56fe82db8e17fe7d3b3e9,433b31a071c517c0ff2ce35110730ba2d4bdae24e0b56fe82db8e17fe7d3b3e9,433b31a071c517c0ff2ce35110730ba2d4bdae24e0b56fe82db8e17fe7d3b3e9,433b31a071c517c0ff2ce35110730ba2d4bdae24e0b56fe82db8e17fe7d3b3e9,433b31a071c517c0ff2ce35110730ba2d4bdae24e0b56fe82db8e17fe7d3b3e9,433b31a071c517c0ff2ce35110730ba2d4bdae24e0b56fe82db8e17fe7d3b3e9,433b31a071c517c0ff2ce35110730ba2d4bdae24e0b56fe82db8e17fe7d3b3e9,1,1,1,1,1,1,1,1,1,1,1
final_vaccine_055,vaccine,semi_structured,360eba7ac725e789979fe23c69845e787b0052fa9a82f6d6ed17184878c72a5e,360eba7ac725e789979fe23c69845e787b0052fa9a82f6d6ed17184878c72a5e,360eba7ac725e789979fe23c69845e787b0052fa9a82f6d6ed17184878c72a5e,360eba7ac725e789979fe23c69845e787b0052fa9a82f6d6ed17184878c72a5e,360eba7ac725e789979fe23c69845e787b0052fa9a82f6d6ed17184878c72a5e,360eba7ac725e789979fe23c69845e787b0052fa9a82f6d6ed17184878c72a5e,360eba7ac725e789979fe23c69845e787b0052fa9a82f6d6ed17184878c72a5e,360eba7ac725e789979fe23c69845e787b0052fa9a82f6d6ed17184878c72a5e,360eba7ac725e789979fe23c69845e787b0052fa9a82f6d6ed17184878c72a5e,360eba7ac725e789979fe23c69845e787b0052fa9a82f6d6ed17184878c72a5e,360eba7ac725e789979fe23c69845e787b0052fa9a82f6d6ed17184878c72a5e,360eba7ac725e789979fe23c69845e787b0052fa9a82f6d6ed17184878c72a5e,360eba7ac725e789979fe23c69845e787b0052fa9a82f6d6ed17184878c72a5e,1,1,1,1,1,1,1,1,1,1,1
final_vaccine_056,vaccine,semi_structured,e1fcfac17ca66f035684c7263d4c1bdb0d0dcd408a28f40d653208845bf1a8d6,e1fcfac17ca66f035684c7263d4c1bdb0d0dcd408a28f40d653208845bf1a8d6,e1fcfac17ca66f035684c7263d4c1bdb0d0dcd408a28f40d653208845bf1a8d6,e1fcfac17ca66f035684c7263d4c1bdb0d0dcd408a28f40d653208845bf1a8d6,e1fcfac17ca66f035684c7263d4c1bdb0d0dcd408a28f40d653208845bf1a8d6,e1fcfac17ca66f035684c7263d4c1bdb0d0dcd408a28f40d653208845bf1a8d6,e1fcfac17ca66f035684c7263d4c1bdb0d0dcd408a28f40d653208845bf1a8d6,e1fcfac17ca66f035684c7263d4c1bdb0d0dcd408a28f40d653208845bf1a8d6,e1fcfac17ca66f035684c7263d4c1bdb0d0dcd408a28f40d653208845bf1a8d6,e1fcfac17ca66f035684c7263d4c1bdb0d0dcd408a28f40d653208845bf1a8d6,e1fcfac17ca66f035684c7263d4c1bdb0d0dcd408a28f40d653208845bf1a8d6,e1fcfac17ca66f035684c7263d4c1bdb0d0dcd408a28f40d653208845bf1a8d6,e1fcfac17ca66f035684c7263d4c1bdb0d0dcd408a28f40d653208845bf1a8d6,1,1,1,1,1,1,1,1,1,1,1
final_vaccine_057,vaccine,semi_structured,fe5546bfd671d9ef39f1743776aabc991914d277f5212c7cd4c9a54f4f5fecdb,fe5546bfd671d9ef39f1743776aabc991914d277f5212c7cd4c9a54f4f5fecdb,fe5546bfd671d9ef39f1743776aabc991914d277f5212c7cd4c9a54f4f5fecdb,fe5546bfd671d9ef39f1743776aabc991914d277f5212c7cd4c9a54f4f5fecdb,fe5546bfd671d9ef39f1743776aabc991914d277f5212c7cd4c9a54f4f5fecdb,fe5546bfd671d9ef39f1743776aabc991914d277f5212c7cd4c9a54f4f5fecdb,fe5546bfd671d9ef39f1743776aabc991914d277f5212c7cd4c9a54f4f5fecdb,fe5546bfd671d9ef39f1743776aabc991914d277f5212c7cd4c9a54f4f5fecdb,fe5546bfd671d9ef39f1743776aabc991914d277f5212c7cd4c9a54f4f5fecdb,fe5546bfd671d9ef39f1743776aabc991914d277f5212c7cd4c9a54f4f5fecdb,fe5546bfd671d9ef39f1743776aabc991914d277f5212c7cd4c9a54f4f5fecdb,fe5546bfd671d9ef39f1743776aabc991914d277f5212c7cd4c9a54f4f5fecdb,fe5546bfd671d9ef39f1743776aabc991914d277f5212c7cd4c9a54f4f5fecdb,1,1,1,1,1,1,1,1,1,1,1
final_vaccine_058,vaccine,semi_structured,9793a20d7f5e4a6645064b4a18188fd57d4ad314ae680e2208922a7b7209bea7,9793a20d7f5e4a6645064b4a18188fd57d4ad314ae680e2208922a7b7209bea7,9793a20d7f5e4a6645064b4a18188fd57d4ad314ae680e2208922a7b7209bea7,9793a20d7f5e4a6645064b4a18188fd57d4ad314ae680e2208922a7b7209bea7,9793a20d7f5e4a6645064b4a18188fd57d4ad314ae680e2208922a7b7209bea7,9793a20d7f5e4a6645064b4a18188fd57d4ad314ae680e2208922a7b7209bea7,9793a20d7f5e4a6645064b4a18188fd57d4ad314ae680e2208922a7b7209bea7,9793a20d7f5e4a6645064b4a18188fd57d4ad314ae680e2208922a7b7209bea7,9793a20d7f5e4a6645064b4a18188fd57d4ad314ae680e2208922a7b7209bea7,9793a20d7f5e4a6645064b4a18188fd57d4ad314ae680e2208922a7b7209bea7,9793a20d7f5e4a6645064b4a18188fd57d4ad314ae680e2208922a7b7209bea7,9793a20d7f5e4a6645064b4a18188fd57d4ad314ae680e2208922a7b7209bea7,9793a20d7f5e4a6645064b4a18188fd57d4ad314ae680e2208922a7b7209bea7,1,1,1,1,1,1,1,1,1,1,1
final_vaccine_059,vaccine,semi_structured,6c66d34b2a9e6e37178e5d4b197b9fcc50a080ffef924303c98ef8b7f16ce287,6c66d34b2a9e6e37178e5d4b197b9fcc50a080ffef924303c98ef8b7f16ce287,6c66d34b2a9e6e37178e5d4b197b9fcc50a080ffef924303c98ef8b7f16ce287,6c66d34b2a9e6e37178e5d4b197b9fcc50a080ffef924303c98ef8b7f16ce287,6c66d34b2a9e6e37178e5d4b197b9fcc50a080ffef924303c98ef8b7f16ce287,6c66d34b2a9e6e37178e5d4b197b9fcc50a080ffef924303c98ef8b7f16ce287,6c66d34b2a9e6e37178e5d4b197b9fcc50a080ffef924303c98ef8b7f16ce287,6c66d34b2a9e6e37178e5d4b197b9fcc50a080ffef924303c98ef8b7f16ce287,6c66d34b2a9e6e37178e5d4b197b9fcc50a080ffef924303c98ef8b7f16ce287,6c66d34b2a9e6e37178e5d4b197b9fcc50a080ffef924303c98ef8b7f16ce287,6c66d34b2a9e6e37178e5d4b197b9fcc50a080ffef924303c98ef8b7f16ce287,6c66d34b2a9e6e37178e5d4b197b9fcc50a080ffef924303c98ef8b7f16ce287,6c66d34b2a9e6e37178e5d4b197b9fcc50a080ffef924303c98ef8b7f16ce287,1,1,1,1,1,1,1,1,1,1,1
final_vaccine_060,vaccine,semi_structured,dfabac3fe64176cf6a656e3628f4d32d24b81dd255343869d1558d8538a2738d,dfabac3fe64176cf6a656e3628f4d32d24b81dd255343869d1558d8538a2738d,dfabac3fe64176cf6a656e3628f4d32d24b81dd255343869d1558d8538a2738d,dfabac3fe64176cf6a656e3628f4d32d24b81dd255343869d1558d8538a2738d,dfabac3fe64176cf6a656e3628f4d32d24b81dd255343869d1558d8538a2738d,dfabac3fe64176cf6a656e3628f4d32d24b81dd255343869d1558d8538a2738d,dfabac3fe64176cf6a656e3628f4d32d24b81dd255343869d1558d8538a2738d,dfabac3fe64176cf6a656e3628f4d32d24b81dd255343869d1558d8538a2738d,dfabac3fe64176cf6a656e3628f4d32d24b81dd255343869d1558d8538a2738d,dfabac3fe64176cf6a656e3628f4d32d24b81dd255343869d1558d8538a2738d,dfabac3fe64176cf6a656e3628f4d32d24b81dd255343869d1558d8538a2738d,dfabac3fe64176cf6a656e3628f4d32d24b81dd255343869d1558d8538a2738d,dfabac3fe64176cf6a656e3628f4d32d24b81dd255343869d1558d8538a2738d,1,1,1,1,1,1,1,1,1,1,1
final_virtual_001,virtual,free_text,1b3e7b357e191dc061d05ca340d8850fdfcb11cf161a01ea98302c162aa76297,1b3e7b357e191dc061d05ca340d8850fdfcb11cf161a01ea98302c162aa76297,1b3e7b357e191dc061d05ca340d8850fdfcb11cf161a01ea98302c162aa76297,1b3e7b357e191dc061d05ca340d8850fdfcb11cf161a01ea98302c162aa76297,1b3e7b357e191dc061d05ca340d8850fdfcb11cf161a01ea98302c162aa76297,1b3e7b357e191dc061d05ca340d8850fdfcb11cf161a01ea98302c162aa76297,1b3e7b357e191dc061d05ca340d8850fdfcb11cf161a01ea98302c162aa76297,1b3e7b357e191dc061d05ca340d8850fdfcb11cf161a01ea98302c162aa76297,1b3e7b357e191dc061d05ca340d8850fdfcb11cf161a01ea98302c162aa76297,1b3e7b357e191dc061d05ca340d8850fdfcb11cf161a01ea98302c162aa76297,1b3e7b357e191dc061d05ca340d8850fdfcb11cf161a01ea98302c162aa76297,1b3e7b357e191dc061d05ca340d8850fdfcb11cf161a01ea98302c162aa76297,1b3e7b357e191dc061d05ca340d8850fdfcb11cf161a01ea98302c162aa76297,1,1,1,1,1,1,1,1,1,1,1
final_virtual_002,virtual,free_text,12237caea943d19c88a7f74400c06f444e4333dcf0693f2853ba2cd9496ca4dd,12237caea943d19c88a7f74400c06f444e4333dcf0693f2853ba2cd9496ca4dd,12237caea943d19c88a7f74400c06f444e4333dcf0693f2853ba2cd9496ca4dd,12237caea943d19c88a7f74400c06f444e4333dcf0693f2853ba2cd9496ca4dd,12237caea943d19c88a7f74400c06f444e4333dcf0693f2853ba2cd9496ca4dd,12237caea943d19c88a7f74400c06f444e4333dcf0693f2853ba2cd9496ca4dd,12237caea943d19c88a7f74400c06f444e4333dcf0693f2853ba2cd9496ca4dd,12237caea943d19c88a7f74400c06f444e4333dcf0693f2853ba2cd9496ca4dd,12237caea943d19c88a7f74400c06f444e4333dcf0693f2853ba2cd9496ca4dd,12237caea943d19c88a7f74400c06f444e4333dcf0693f2853ba2cd9496ca4dd,12237caea943d19c88a7f74400c06f444e4333dcf0693f2853ba2cd9496ca4dd,12237caea943d19c88a7f74400c06f444e4333dcf0693f2853ba2cd9496ca4dd,12237caea943d19c88a7f74400c06f444e4333dcf0693f2853ba2cd9496ca4dd,1,1,1,1,1,1,1,1,1,1,1
final_virtual_003,virtual,free_text,1c4ff2b8a7888c3271092560dc2eab1ef91d52f0a72736cabf61c8c74535449d,1c4ff2b8a7888c3271092560dc2eab1ef91d52f0a72736cabf61c8c74535449d,1c4ff2b8a7888c3271092560dc2eab1ef91d52f0a72736cabf61c8c74535449d,1c4ff2b8a7888c3271092560dc2eab1ef91d52f0a72736cabf61c8c74535449d,1c4ff2b8a7888c3271092560dc2eab1ef91d52f0a72736cabf61c8c74535449d,1c4ff2b8a7888c3271092560dc2eab1ef91d52f0a72736cabf61c8c74535449d,1c4ff2b8a7888c3271092560dc2eab1ef91d52f0a72736cabf61c8c74535449d,1c4ff2b8a7888c3271092560dc2eab1ef91d52f0a72736cabf61c8c74535449d,1c4ff2b8a7888c3271092560dc2eab1ef91d52f0a72736cabf61c8c74535449d,1c4ff2b8a7888c3271092560dc2eab1ef91d52f0a72736cabf61c8c74535449d,1c4ff2b8a7888c3271092560dc2eab1ef91d52f0a72736cabf61c8c74535449d,1c4ff2b8a7888c3271092560dc2eab1ef91d52f0a72736cabf61c8c74535449d,1c4ff2b8a7888c3271092560dc2eab1ef91d52f0a72736cabf61c8c74535449d,1,1,1,1,1,1,1,1,1,1,1
final_virtual_004,virtual,semi_structured,44ff68f8bd1da87c11efb1e23d1f9eb76f2cac0e2b8cbb7241dbed32b75e0062,44ff68f8bd1da87c11efb1e23d1f9eb76f2cac0e2b8cbb7241dbed32b75e0062,44ff68f8bd1da87c11efb1e23d1f9eb76f2cac0e2b8cbb7241dbed32b75e0062,44ff68f8bd1da87c11efb1e23d1f9eb76f2cac0e2b8cbb7241dbed32b75e0062,44ff68f8bd1da87c11efb1e23d1f9eb76f2cac0e2b8cbb7241dbed32b75e0062,44ff68f8bd1da87c11efb1e23d1f9eb76f2cac0e2b8cbb7241dbed32b75e0062,44ff68f8bd1da87c11efb1e23d1f9eb76f2cac0e2b8cbb7241dbed32b75e0062,44ff68f8bd1da87c11efb1e23d1f9eb76f2cac0e2b8cbb7241dbed32b75e0062,44ff68f8bd1da87c11efb1e23d1f9eb76f2cac0e2b8cbb7241dbed32b75e0062,44ff68f8bd1da87c11efb1e23d1f9eb76f2cac0e2b8cbb7241dbed32b75e0062,44ff68f8bd1da87c11efb1e23d1f9eb76f2cac0e2b8cbb7241dbed32b75e0062,44ff68f8bd1da87c11efb1e23d1f9eb76f2cac0e2b8cbb7241dbed32b75e0062,44ff68f8bd1da87c11efb1e23d1f9eb76f2cac0e2b8cbb7241dbed32b75e0062,1,1,1,1,1,1,1,1,1,1,1
final_virtual_005,virtual,semi_structured,e0a4cdf2385e20b18287ab33a0cc8a2d3d6733ef2b3072dbd2ab0fcc27b93e56,e0a4cdf2385e20b18287ab33a0cc8a2d3d6733ef2b3072dbd2ab0fcc27b93e56,e0a4cdf2385e20b18287ab33a0cc8a2d3d6733ef2b3072dbd2ab0fcc27b93e56,e0a4cdf2385e20b18287ab33a0cc8a2d3d6733ef2b3072dbd2ab0fcc27b93e56,e0a4cdf2385e20b18287ab33a0cc8a2d3d6733ef2b3072dbd2ab0fcc27b93e56,e0a4cdf2385e20b18287ab33a0cc8a2d3d6733ef2b3072dbd2ab0fcc27b93e56,e0a4cdf2385e20b18287ab33a0cc8a2d3d6733ef2b3072dbd2ab0fcc27b93e56,e0a4cdf2385e20b18287ab33a0cc8a2d3d6733ef2b3072dbd2ab0fcc27b93e56,e0a4cdf2385e20b18287ab33a0cc8a2d3d6733ef2b3072dbd2ab0fcc27b93e56,e0a4cdf2385e20b18287ab33a0cc8a2d3d6733ef2b3072dbd2ab0fcc27b93e56,e0a4cdf2385e20b18287ab33a0cc8a2d3d6733ef2b3072dbd2ab0fcc27b93e56,e0a4cdf2385e20b18287ab33a0cc8a2d3d6733ef2b3072dbd2ab0fcc27b93e56,e0a4cdf2385e20b18287ab33a0cc8a2d3d6733ef2b3072dbd2ab0fcc27b93e56,1,1,1,1,1,1,1,1,1,1,1
final_virtual_006,virtual,semi_structured,4a01b6bca647b9c79eb37ffea43c1e7497f2a5ef509e3f5a41003a11f64d98af,4a01b6bca647b9c79eb37ffea43c1e7497f2a5ef509e3f5a41003a11f64d98af,4a01b6bca647b9c79eb37ffea43c1e7497f2a5ef509e3f5a41003a11f64d98af,4a01b6bca647b9c79eb37ffea43c1e7497f2a5ef509e3f5a41003a11f64d98af,4a01b6bca647b9c79eb37ffea43c1e7497f2a5ef509e3f5a41003a11f64d98af,4a01b6bca647b9c79eb37ffea43c1e7497f2a5ef509e3f5a41003a11f64d98af,4a01b6bca647b9c79eb37ffea43c1e7497f2a5ef509e3f5a41003a11f64d98af,4a01b6bca647b9c79eb37ffea43c1e7497f2a5ef509e3f5a41003a11f64d98af,4a01b6bca647b9c79eb37ffea43c1e7497f2a5ef509e3f5a41003a11f64d98af,4a01b6bca647b9c79eb37ffea43c1e7497f2a5ef509e3f5a41003a11f64d98af,4a01b6bca647b9c79eb37ffea43c1e7497f2a5ef509e3f5a41003a11f64d98af,4a01b6bca647b9c79eb37ffea43c1e7497f2a5ef509e3f5a41003a11f64d98af,4a01b6bca647b9c79eb37ffea43c1e7497f2a5ef509e3f5a41003a11f64d98af,1,1,1,1,1,1,1,1,1,1,1
final_virtual_007,virtual,semi_structured,7af9cd7e95f68ab81102f1b7898e59fe4fa11d76733f663c9c0be9adc28ee5eb,7af9cd7e95f68ab81102f1b7898e59fe4fa11d76733f663c9c0be9adc28ee5eb,7af9cd7e95f68ab81102f1b7898e59fe4fa11d76733f663c9c0be9adc28ee5eb,7af9cd7e95f68ab81102f1b7898e59fe4fa11d76733f663c9c0be9adc28ee5eb,7af9cd7e95f68ab81102f1b7898e59fe4fa11d76733f663c9c0be9adc28ee5eb,7af9cd7e95f68ab81102f1b7898e59fe4fa11d76733f663c9c0be9adc28ee5eb,7af9cd7e95f68ab81102f1b7898e59fe4fa11d76733f663c9c0be9adc28ee5eb,7af9cd7e95f68ab81102f1b7898e59fe4fa11d76733f663c9c0be9adc28ee5eb,7af9cd7e95f68ab81102f1b7898e59fe4fa11d76733f663c9c0be9adc28ee5eb,7af9cd7e95f68ab81102f1b7898e59fe4fa11d76733f663c9c0be9adc28ee5eb,7af9cd7e95f68ab81102f1b7898e59fe4fa11d76733f663c9c0be9adc28ee5eb,7af9cd7e95f68ab81102f1b7898e59fe4fa11d76733f663c9c0be9adc28ee5eb,7af9cd7e95f68ab81102f1b7898e59fe4fa11d76733f663c9c0be9adc28ee5eb,1,1,1,1,1,1,1,1,1,1,1
final_virtual_008,virtual,semi_structured,a700e818a8f1b73941d37b15e4f6c0e628ec6f51036d81f85c04126e0dc8c706,a700e818a8f1b73941d37b15e4f6c0e628ec6f51036d81f85c04126e0dc8c706,a700e818a8f1b73941d37b15e4f6c0e628ec6f51036d81f85c04126e0dc8c706,a700e818a8f1b73941d37b15e4f6c0e628ec6f51036d81f85c04126e0dc8c706,a700e818a8f1b73941d37b15e4f6c0e628ec6f51036d81f85c04126e0dc8c706,a700e818a8f1b73941d37b15e4f6c0e628ec6f51036d81f85c04126e0dc8c706,a700e818a8f1b73941d37b15e4f6c0e628ec6f51036d81f85c04126e0dc8c706,a700e818a8f1b73941d37b15e4f6c0e628ec6f51036d81f85c04126e0dc8c706,a700e818a8f1b73941d37b15e4f6c0e628ec6f51036d81f85c04126e0dc8c706,a700e818a8f1b73941d37b15e4f6c0e628ec6f51036d81f85c04126e0dc8c706,a700e818a8f1b73941d37b15e4f6c0e628ec6f51036d81f85c04126e0dc8c706,a700e818a8f1b73941d37b15e4f6c0e628ec6f51036d81f85c04126e0dc8c706,a700e818a8f1b73941d37b15e4f6c0e628ec6f51036d81f85c04126e0dc8c706,1,1,1,1,1,1,1,1,1,1,1
final_virtual_009,virtual,semi_structured,8c8d23e6a0b1e2e3526b3512f67c73332b464e1c02a0d7c804016a6beb4ea204,8c8d23e6a0b1e2e3526b3512f67c73332b464e1c02a0d7c804016a6beb4ea204,8c8d23e6a0b1e2e3526b3512f67c73332b464e1c02a0d7c804016a6beb4ea204,8c8d23e6a0b1e2e3526b3512f67c73332b464e1c02a0d7c804016a6beb4ea204,8c8d23e6a0b1e2e3526b3512f67c73332b464e1c02a0d7c804016a6beb4ea204,8c8d23e6a0b1e2e3526b3512f67c73332b464e1c02a0d7c804016a6beb4ea204,8c8d23e6a0b1e2e3526b3512f67c73332b464e1c02a0d7c804016a6beb4ea204,8c8d23e6a0b1e2e3526b3512f67c73332b464e1c02a0d7c804016a6beb4ea204,8c8d23e6a0b1e2e3526b3512f67c73332b464e1c02a0d7c804016a6beb4ea204,8c8d23e6a0b1e2e3526b3512f67c73332b464e1c02a0d7c804016a6beb4ea204,8c8d23e6a0b1e2e3526b3512f67c73332b464e1c02a0d7c804016a6beb4ea204,8c8d23e6a0b1e2e3526b3512f67c73332b464e1c02a0d7c804016a6beb4ea204,8c8d23e6a0b1e2e3526b3512f67c73332b464e1c02a0d7c804016a6beb4ea204,1,1,1,1,1,1,1,1,1,1,1
final_virtual_010,virtual,semi_structured,a684a279a29caed5ca3297b5acbfd834a0a288e035969068140a16ebbbb12114,a684a279a29caed5ca3297b5acbfd834a0a288e035969068140a16ebbbb12114,a684a279a29caed5ca3297b5acbfd834a0a288e035969068140a16ebbbb12114,a684a279a29caed5ca3297b5acbfd834a0a288e035969068140a16ebbbb12114,c95661ccf801c3d6b8f88dba141260345346a8a80069f4968ed868a135fa06bf,c95661ccf801c3d6b8f88dba141260345346a8a80069f4968ed868a135fa06bf,c95661ccf801c3d6b8f88dba141260345346a8a80069f4968ed868a135fa06bf,c95661ccf801c3d6b8f88dba141260345346a8a80069f4968ed868a135fa06bf,c95661ccf801c3d6b8f88dba141260345346a8a80069f4968ed868a135fa06bf,c95661ccf801c3d6b8f88dba141260345346a8a80069f4968ed868a135fa06bf,c95661ccf801c3d6b8f88dba141260345346a8a80069f4968ed868a135fa06bf,c95661ccf801c3d6b8f88dba141260345346a8a80069f4968ed868a135fa06bf,c95661ccf801c3d6b8f88dba141260345346a8a80069f4968ed868a135fa06bf,1,1,1,0,1,1,1,1,1,1,1
final_virtual_011,virtual,semi_structured,1ac1978f2ac7b1f0031cfcf0b6943a61ca6dab3b53efe149d67b04714e71b653,1ac1978f2ac7b1f0031cfcf0b6943a61ca6dab3b53efe149d67b04714e71b653,1ac1978f2ac7b1f0031cfcf0b6943a61ca6dab3b53efe149d67b04714e71b653,1ac1978f2ac7b1f0031cfcf0b6943a61ca6dab3b53efe149d67b04714e71b653,1ac1978f2ac7b1f0031cfcf0b6943a61ca6dab3b53efe149d67b04714e71b653,1ac1978f2ac7b1f0031cfcf0b6943a61ca6dab3b53efe149d67b04714e71b653,1ac1978f2ac7b1f0031cfcf0b6943a61ca6dab3b53efe149d67b04714e71b653,1ac1978f2ac7b1f0031cfcf0b6943a61ca6dab3b53efe149d67b04714e71b653,1ac1978f2ac7b1f0031cfcf0b6943a61ca6dab3b53efe149d67b04714e71b653,1ac1978f2ac7b1f0031cfcf0b6943a61ca6dab3b53efe149d67b04714e71b653,1ac1978f2ac7b1f0031cfcf0b6943a61ca6dab3b53efe149d67b04714e71b653,1ac1978f2ac7b1f0031cfcf0b6943a61ca6dab3b53efe149d67b04714e71b653,1ac1978f2ac7b1f0031cfcf0b6943a61ca6dab3b53efe149d67b04714e71b653,1,1,1,1,1,1,1,1,1,1,1
final_virtual_012,virtual,semi_structured,2e5f4e7a8585c7921c7714764abebcc60b288fe903fa71fac1e9a308c20bf0f0,2e5f4e7a8585c7921c7714764abebcc60b288fe903fa71fac1e9a308c20bf0f0,2e5f4e7a8585c7921c7714764abebcc60b288fe903fa71fac1e9a308c20bf0f0,2e5f4e7a8585c7921c7714764abebcc60b288fe903fa71fac1e9a308c20bf0f0,49689f80dfa16a2606ead1665bc013fdc08aeb24a40a529dcdb6e0dd082496c0,49689f80dfa16a2606ead1665bc013fdc08aeb24a40a529dcdb6e0dd082496c0,49689f80dfa16a2606ead1665bc013fdc08aeb24a40a529dcdb6e0dd082496c0,49689f80dfa16a2606ead1665bc013fdc08aeb24a40a529dcdb6e0dd082496c0,49689f80dfa16a2606ead1665bc013fdc08aeb24a40a529dcdb6e0dd082496c0,49689f80dfa16a2606ead1665bc013fdc08aeb24a40a529dcdb6e0dd082496c0,49689f80dfa16a2606ead1665bc013fdc08aeb24a40a529dcdb6e0dd082496c0,49689f80dfa16a2606ead1665bc013fdc08aeb24a40a529dcdb6e0dd082496c0,49689f80dfa16a2606ead1665bc013fdc08aeb24a40a529dcdb6e0dd082496c0,1,1,1,0,1,1,1,1,1,1,1
final_virtual_013,virtual,semi_structured,586fb5fa963a7aec995d9b979a4fda5579c8e50cfad7b35661177868298b24a0,586fb5fa963a7aec995d9b979a4fda5579c8e50cfad7b35661177868298b24a0,586fb5fa963a7aec995d9b979a4fda5579c8e50cfad7b35661177868298b24a0,586fb5fa963a7aec995d9b979a4fda5579c8e50cfad7b35661177868298b24a0,586fb5fa963a7aec995d9b979a4fda5579c8e50cfad7b35661177868298b24a0,586fb5fa963a7aec995d9b979a4fda5579c8e50cfad7b35661177868298b24a0,586fb5fa963a7aec995d9b979a4fda5579c8e50cfad7b35661177868298b24a0,586fb5fa963a7aec995d9b979a4fda5579c8e50cfad7b35661177868298b24a0,586fb5fa963a7aec995d9b979a4fda5579c8e50cfad7b35661177868298b24a0,586fb5fa963a7aec995d9b979a4fda5579c8e50cfad7b35661177868298b24a0,586fb5fa963a7aec995d9b979a4fda5579c8e50cfad7b35661177868298b24a0,586fb5fa963a7aec995d9b979a4fda5579c8e50cfad7b35661177868298b24a0,586fb5fa963a7aec995d9b979a4fda5579c8e50cfad7b35661177868298b24a0,1,1,1,1,1,1,1,1,1,1,1
final_virtual_014,virtual,semi_structured,6743e035227e97afdaedc6273f65da66072cf5634ab9e7c3cb5008d38ef73018,6743e035227e97afdaedc6273f65da66072cf5634ab9e7c3cb5008d38ef73018,6743e035227e97afdaedc6273f65da66072cf5634ab9e7c3cb5008d38ef73018,6743e035227e97afdaedc6273f65da66072cf5634ab9e7c3cb5008d38ef73018,6743e035227e97afdaedc6273f65da66072cf5634ab9e7c3cb5008d38ef73018,6743e035227e97afdaedc6273f65da66072cf5634ab9e7c3cb5008d38ef73018,6743e035227e97afdaedc6273f65da66072cf5634ab9e7c3cb5008d38ef73018,6743e035227e97afdaedc6273f65da66072cf5634ab9e7c3cb5008d38ef73018,6743e035227e97afdaedc6273f65da66072cf5634ab9e7c3cb5008d38ef73018,6743e035227e97afdaedc6273f65da66072cf5634ab9e7c3cb5008d38ef73018,6743e035227e97afdaedc6273f65da66072cf5634ab9e7c3cb5008d38ef73018,6743e035227e97afdaedc6273f65da66072cf5634ab9e7c3cb5008d38ef73018,6743e035227e97afdaedc6273f65da66072cf5634ab9e7c3cb5008d38ef73018,1,1,1,1,1,1,1,1,1,1,1
final_virtual_015,virtual,semi_structured,fe78435a71e10f38ba9d26285ebb3dbf00cd432fbd153e50bd5d9dfb1661398c,fe78435a71e10f38ba9d26285ebb3dbf00cd432fbd153e50bd5d9dfb1661398c,fe78435a71e10f38ba9d26285ebb3dbf00cd432fbd153e50bd5d9dfb1661398c,fe78435a71e10f38ba9d26285ebb3dbf00cd432fbd153e50bd5d9dfb1661398c,fe78435a71e10f38ba9d26285ebb3dbf00cd432fbd153e50bd5d9dfb1661398c,fe78435a71e10f38ba9d26285ebb3dbf00cd432fbd153e50bd5d9dfb1661398c,fe78435a71e10f38ba9d26285ebb3dbf00cd432fbd153e50bd5d9dfb1661398c,fe78435a71e10f38ba9d26285ebb3dbf00cd432fbd153e50bd5d9dfb1661398c,fe78435a71e10f38ba9d26285ebb3dbf00cd432fbd153e50bd5d9dfb1661398c,fe78435a71e10f38ba9d26285ebb3dbf00cd432fbd153e50bd5d9dfb1661398c,fe78435a71e10f38ba9d26285ebb3dbf00cd432fbd153e50bd5d9dfb1661398c,fe78435a71e10f38ba9d26285ebb3dbf00cd432fbd153e50bd5d9dfb1661398c,fe78435a71e10f38ba9d26285ebb3dbf00cd432fbd153e50bd5d9dfb1661398c,1,1,1,1,1,1,1,1,1,1,1
final_virtual_016,virtual,free_text,6f18569d67a9ebf6e776f2c008b90710b2982f598647f8255c8e2bf1ff0b3572,6f18569d67a9ebf6e776f2c008b90710b2982f598647f8255c8e2bf1ff0b3572,6f18569d67a9ebf6e776f2c008b90710b2982f598647f8255c8e2bf1ff0b3572,6f18569d67a9ebf6e776f2c008b90710b2982f598647f8255c8e2bf1ff0b3572,6f18569d67a9ebf6e776f2c008b90710b2982f598647f8255c8e2bf1ff0b3572,6f18569d67a9ebf6e776f2c008b90710b2982f598647f8255c8e2bf1ff0b3572,6f18569d67a9ebf6e776f2c008b90710b2982f598647f8255c8e2bf1ff0b3572,6f18569d67a9ebf6e776f2c008b90710b2982f598647f8255c8e2bf1ff0b3572,6f18569d67a9ebf6e776f2c008b90710b2982f598647f8255c8e2bf1ff0b3572,6f18569d67a9ebf6e776f2c008b90710b2982f598647f8255c8e2bf1ff0b3572,6f18569d67a9ebf6e776f2c008b90710b2982f598647f8255c8e2bf1ff0b3572,6f18569d67a9ebf6e776f2c008b90710b2982f598647f8255c8e2bf1ff0b3572,6f18569d67a9ebf6e776f2c008b90710b2982f598647f8255c8e2bf1ff0b3572,1,1,1,1,1,1,1,1,1,1,1
final_virtual_017,virtual,free_text,f420d8fd04ced759531153943487cb05fb7ee0644766328b0600cd45daef553f,f420d8fd04ced759531153943487cb05fb7ee0644766328b0600cd45daef553f,f420d8fd04ced759531153943487cb05fb7ee0644766328b0600cd45daef553f,f420d8fd04ced759531153943487cb05fb7ee0644766328b0600cd45daef553f,f420d8fd04ced759531153943487cb05fb7ee0644766328b0600cd45daef553f,f420d8fd04ced759531153943487cb05fb7ee0644766328b0600cd45daef553f,f420d8fd04ced759531153943487cb05fb7ee0644766328b0600cd45daef553f,f420d8fd04ced759531153943487cb05fb7ee0644766328b0600cd45daef553f,f420d8fd04ced759531153943487cb05fb7ee0644766328b0600cd45daef553f,f420d8fd04ced759531153943487cb05fb7ee0644766328b0600cd45daef553f,f420d8fd04ced759531153943487cb05fb7ee0644766328b0600cd45daef553f,f420d8fd04ced759531153943487cb05fb7ee0644766328b0600cd45daef553f,f420d8fd04ced759531153943487cb05fb7ee0644766328b0600cd45daef553f,1,1,1,1,1,1,1,1,1,1,1
final_virtual_018,virtual,free_text,6fecb513d761a9fd2bb84e1c176ab5d875e7f487bdd3108b53ed2a565964b4f3,6fecb513d761a9fd2bb84e1c176ab5d875e7f487bdd3108b53ed2a565964b4f3,6fecb513d761a9fd2bb84e1c176ab5d875e7f487bdd3108b53ed2a565964b4f3,6fecb513d761a9fd2bb84e1c176ab5d875e7f487bdd3108b53ed2a565964b4f3,6fecb513d761a9fd2bb84e1c176ab5d875e7f487bdd3108b53ed2a565964b4f3,6fecb513d761a9fd2bb84e1c176ab5d875e7f487bdd3108b53ed2a565964b4f3,6fecb513d761a9fd2bb84e1c176ab5d875e7f487bdd3108b53ed2a565964b4f3,6fecb513d761a9fd2bb84e1c176ab5d875e7f487bdd3108b53ed2a565964b4f3,6fecb513d761a9fd2bb84e1c176ab5d875e7f487bdd3108b53ed2a565964b4f3,6fecb513d761a9fd2bb84e1c176ab5d875e7f487bdd3108b53ed2a565964b4f3,6fecb513d761a9fd2bb84e1c176ab5d875e7f487bdd3108b53ed2a565964b4f3,6fecb513d761a9fd2bb84e1c176ab5d875e7f487bdd3108b53ed2a565964b4f3,6fecb513d761a9fd2bb84e1c176ab5d875e7f487bdd3108b53ed2a565964b4f3,1,1,1,1,1,1,1,1,1,1,1
final_virtual_019,virtual,semi_structured,0d3744bfac28e918b09ee885e2bcbb1869f65c456d917e1ad72a4c267094a2cd,0d3744bfac28e918b09ee885e2bcbb1869f65c456d917e1ad72a4c267094a2cd,0d3744bfac28e918b09ee885e2bcbb1869f65c456d917e1ad72a4c267094a2cd,0d3744bfac28e918b09ee885e2bcbb1869f65c456d917e1ad72a4c267094a2cd,0d3744bfac28e918b09ee885e2bcbb1869f65c456d917e1ad72a4c267094a2cd,0d3744bfac28e918b09ee885e2bcbb1869f65c456d917e1ad72a4c267094a2cd,0d3744bfac28e918b09ee885e2bcbb1869f65c456d917e1ad72a4c267094a2cd,0d3744bfac28e918b09ee885e2bcbb1869f65c456d917e1ad72a4c267094a2cd,0d3744bfac28e918b09ee885e2bcbb1869f65c456d917e1ad72a4c267094a2cd,0d3744bfac28e918b09ee885e2bcbb1869f65c456d917e1ad72a4c267094a2cd,0d3744bfac28e918b09ee885e2bcbb1869f65c456d917e1ad72a4c267094a2cd,0d3744bfac28e918b09ee885e2bcbb1869f65c456d917e1ad72a4c267094a2cd,0d3744bfac28e918b09ee885e2bcbb1869f65c456d917e1ad72a4c267094a2cd,1,1,1,1,1,1,1,1,1,1,1
final_virtual_020,virtual,semi_structured,55662e2d4e675d6df7b210a9addccb788b25d083cbfade2cac672d7343053580,55662e2d4e675d6df7b210a9addccb788b25d083cbfade2cac672d7343053580,55662e2d4e675d6df7b210a9addccb788b25d083cbfade2cac672d7343053580,55662e2d4e675d6df7b210a9addccb788b25d083cbfade2cac672d7343053580,55662e2d4e675d6df7b210a9addccb788b25d083cbfade2cac672d7343053580,55662e2d4e675d6df7b210a9addccb788b25d083cbfade2cac672d7343053580,55662e2d4e675d6df7b210a9addccb788b25d083cbfade2cac672d7343053580,55662e2d4e675d6df7b210a9addccb788b25d083cbfade2cac672d7343053580,55662e2d4e675d6df7b210a9addccb788b25d083cbfade2cac672d7343053580,55662e2d4e675d6df7b210a9addccb788b25d083cbfade2cac672d7343053580,55662e2d4e675d6df7b210a9addccb788b25d083cbfade2cac672d7343053580,55662e2d4e675d6df7b210a9addccb788b25d083cbfade2cac672d7343053580,55662e2d4e675d6df7b210a9addccb788b25d083cbfade2cac672d7343053580,1,1,1,1,1,1,1,1,1,1,1
final_virtual_021,virtual,semi_structured,4b855d17a6eb4fdc2ef8fb2277d3780bc1dca07bf726fa6da8e2afedc72a998f,4b855d17a6eb4fdc2ef8fb2277d3780bc1dca07bf726fa6da8e2afedc72a998f,4b855d17a6eb4fdc2ef8fb2277d3780bc1dca07bf726fa6da8e2afedc72a998f,4b855d17a6eb4fdc2ef8fb2277d3780bc1dca07bf726fa6da8e2afedc72a998f,4b855d17a6eb4fdc2ef8fb2277d3780bc1dca07bf726fa6da8e2afedc72a998f,4b855d17a6eb4fdc2ef8fb2277d3780bc1dca07bf726fa6da8e2afedc72a998f,4b855d17a6eb4fdc2ef8fb2277d3780bc1dca07bf726fa6da8e2afedc72a998f,4b855d17a6eb4fdc2ef8fb2277d3780bc1dca07bf726fa6da8e2afedc72a998f,4b855d17a6eb4fdc2ef8fb2277d3780bc1dca07bf726fa6da8e2afedc72a998f,4b855d17a6eb4fdc2ef8fb2277d3780bc1dca07bf726fa6da8e2afedc72a998f,4b855d17a6eb4fdc2ef8fb2277d3780bc1dca07bf726fa6da8e2afedc72a998f,4b855d17a6eb4fdc2ef8fb2277d3780bc1dca07bf726fa6da8e2afedc72a998f,4b855d17a6eb4fdc2ef8fb2277d3780bc1dca07bf726fa6da8e2afedc72a998f,1,1,1,1,1,1,1,1,1,1,1
final_virtual_022,virtual,semi_structured,5e8e3440b968a3800b73d872ee57f2e8a67a1964ca2ba2a8937246d060899d86,5e8e3440b968a3800b73d872ee57f2e8a67a1964ca2ba2a8937246d060899d86,5e8e3440b968a3800b73d872ee57f2e8a67a1964ca2ba2a8937246d060899d86,5e8e3440b968a3800b73d872ee57f2e8a67a1964ca2ba2a8937246d060899d86,5e8e3440b968a3800b73d872ee57f2e8a67a1964ca2ba2a8937246d060899d86,5e8e3440b968a3800b73d872ee57f2e8a67a1964ca2ba2a8937246d060899d86,5e8e3440b968a3800b73d872ee57f2e8a67a1964ca2ba2a8937246d060899d86,5e8e3440b968a3800b73d872ee57f2e8a67a1964ca2ba2a8937246d060899d86,5e8e3440b968a3800b73d872ee57f2e8a67a1964ca2ba2a8937246d060899d86,5e8e3440b968a3800b73d872ee57f2e8a67a1964ca2ba2a8937246d060899d86,5e8e3440b968a3800b73d872ee57f2e8a67a1964ca2ba2a8937246d060899d86,5e8e3440b968a3800b73d872ee57f2e8a67a1964ca2ba2a8937246d060899d86,5e8e3440b968a3800b73d872ee57f2e8a67a1964ca2ba2a8937246d060899d86,1,1,1,1,1,1,1,1,1,1,1
final_virtual_023,virtual,semi_structured,aa9c01785b3e0325bc33df629924fd5ccf56fa0de66dbbb0fc06d4ad535975bd,aa9c01785b3e0325bc33df629924fd5ccf56fa0de66dbbb0fc06d4ad535975bd,aa9c01785b3e0325bc33df629924fd5ccf56fa0de66dbbb0fc06d4ad535975bd,aa9c01785b3e0325bc33df629924fd5ccf56fa0de66dbbb0fc06d4ad535975bd,aa9c01785b3e0325bc33df629924fd5ccf56fa0de66dbbb0fc06d4ad535975bd,aa9c01785b3e0325bc33df629924fd5ccf56fa0de66dbbb0fc06d4ad535975bd,aa9c01785b3e0325bc33df629924fd5ccf56fa0de66dbbb0fc06d4ad535975bd,aa9c01785b3e0325bc33df629924fd5ccf56fa0de66dbbb0fc06d4ad535975bd,aa9c01785b3e0325bc33df629924fd5ccf56fa0de66dbbb0fc06d4ad535975bd,aa9c01785b3e0325bc33df629924fd5ccf56fa0de66dbbb0fc06d4ad535975bd,aa9c01785b3e0325bc33df629924fd5ccf56fa0de66dbbb0fc06d4ad535975bd,aa9c01785b3e0325bc33df629924fd5ccf56fa0de66dbbb0fc06d4ad535975bd,aa9c01785b3e0325bc33df629924fd5ccf56fa0de66dbbb0fc06d4ad535975bd,1,1,1,1,1,1,1,1,1,1,1
final_virtual_024,virtual,semi_structured,d233d13efe6c7e3425d2e6f0f203d1e971b409e7968c7de3834c8c929a122d6e,d233d13efe6c7e3425d2e6f0f203d1e971b409e7968c7de3834c8c929a122d6e,d233d13efe6c7e3425d2e6f0f203d1e971b409e7968c7de3834c8c929a122d6e,d233d13efe6c7e3425d2e6f0f203d1e971b409e7968c7de3834c8c929a122d6e,d233d13efe6c7e3425d2e6f0f203d1e971b409e7968c7de3834c8c929a122d6e,d233d13efe6c7e3425d2e6f0f203d1e971b409e7968c7de3834c8c929a122d6e,d233d13efe6c7e3425d2e6f0f203d1e971b409e7968c7de3834c8c929a122d6e,d233d13efe6c7e3425d2e6f0f203d1e971b409e7968c7de3834c8c929a122d6e,d233d13efe6c7e3425d2e6f0f203d1e971b409e7968c7de3834c8c929a122d6e,d233d13efe6c7e3425d2e6f0f203d1e971b409e7968c7de3834c8c929a122d6e,d233d13efe6c7e3425d2e6f0f203d1e971b409e7968c7de3834c8c929a122d6e,d233d13efe6c7e3425d2e6f0f203d1e971b409e7968c7de3834c8c929a122d6e,d233d13efe6c7e3425d2e6f0f203d1e971b409e7968c7de3834c8c929a122d6e,1,1,1,1,1,1,1,1,1,1,1
final_virtual_025,virtual,semi_structured,f8b8ba7719fd73ec5a62767648be49cab258c437fdbe701aed028b2484b22b86,f8b8ba7719fd73ec5a62767648be49cab258c437fdbe701aed028b2484b22b86,f8b8ba7719fd73ec5a62767648be49cab258c437fdbe701aed028b2484b22b86,f8b8ba7719fd73ec5a62767648be49cab258c437fdbe701aed028b2484b22b86,34014b3dcfe9615ee92de00fec5c2b95443e754ddc3832713d4f75712e3e34f0,34014b3dcfe9615ee92de00fec5c2b95443e754ddc3832713d4f75712e3e34f0,34014b3dcfe9615ee92de00fec5c2b95443e754ddc3832713d4f75712e3e34f0,34014b3dcfe9615ee92de00fec5c2b95443e754ddc3832713d4f75712e3e34f0,34014b3dcfe9615ee92de00fec5c2b95443e754ddc3832713d4f75712e3e34f0,34014b3dcfe9615ee92de00fec5c2b95443e754ddc3832713d4f75712e3e34f0,34014b3dcfe9615ee92de00fec5c2b95443e754ddc3832713d4f75712e3e34f0,34014b3dcfe9615ee92de00fec5c2b95443e754ddc3832713d4f75712e3e34f0,34014b3dcfe9615ee92de00fec5c2b95443e754ddc3832713d4f75712e3e34f0,1,1,1,0,1,1,1,1,1,1,1
final_virtual_026,virtual,semi_structured,2e744feb1d451ff323920795e79b7dfd324e4bc474cae5ebf5f148fdc081071f,2e744feb1d451ff323920795e79b7dfd324e4bc474cae5ebf5f148fdc081071f,2e744feb1d451ff323920795e79b7dfd324e4bc474cae5ebf5f148fdc081071f,2e744feb1d451ff323920795e79b7dfd324e4bc474cae5ebf5f148fdc081071f,933a3901e1534cd686942d896e8c6bdf64780417eb16d6aaf72b7f922d87b207,933a3901e1534cd686942d896e8c6bdf64780417eb16d6aaf72b7f922d87b207,933a3901e1534cd686942d896e8c6bdf64780417eb16d6aaf72b7f922d87b207,933a3901e1534cd686942d896e8c6bdf64780417eb16d6aaf72b7f922d87b207,933a3901e1534cd686942d896e8c6bdf64780417eb16d6aaf72b7f922d87b207,933a3901e1534cd686942d896e8c6bdf64780417eb16d6aaf72b7f922d87b207,933a3901e1534cd686942d896e8c6bdf64780417eb16d6aaf72b7f922d87b207,933a3901e1534cd686942d896e8c6bdf64780417eb16d6aaf72b7f922d87b207,933a3901e1534cd686942d896e8c6bdf64780417eb16d6aaf72b7f922d87b207,1,1,1,0,1,1,1,1,1,1,1
final_virtual_027,virtual,semi_structured,9b7b94d5a48ba7b7e912996b3115c6ea0d8f081775e562a1d8edd59c70fec58f,9b7b94d5a48ba7b7e912996b3115c6ea0d8f081775e562a1d8edd59c70fec58f,9b7b94d5a48ba7b7e912996b3115c6ea0d8f081775e562a1d8edd59c70fec58f,9b7b94d5a48ba7b7e912996b3115c6ea0d8f081775e562a1d8edd59c70fec58f,9b7b94d5a48ba7b7e912996b3115c6ea0d8f081775e562a1d8edd59c70fec58f,9b7b94d5a48ba7b7e912996b3115c6ea0d8f081775e562a1d8edd59c70fec58f,9b7b94d5a48ba7b7e912996b3115c6ea0d8f081775e562a1d8edd59c70fec58f,9b7b94d5a48ba7b7e912996b3115c6ea0d8f081775e562a1d8edd59c70fec58f,9b7b94d5a48ba7b7e912996b3115c6ea0d8f081775e562a1d8edd59c70fec58f,9b7b94d5a48ba7b7e912996b3115c6ea0d8f081775e562a1d8edd59c70fec58f,9b7b94d5a48ba7b7e912996b3115c6ea0d8f081775e562a1d8edd59c70fec58f,9b7b94d5a48ba7b7e912996b3115c6ea0d8f081775e562a1d8edd59c70fec58f,9b7b94d5a48ba7b7e912996b3115c6ea0d8f081775e562a1d8edd59c70fec58f,1,1,1,1,1,1,1,1,1,1,1
final_virtual_028,virtual,semi_structured,a7b8dd68aea375fbc6aca8d5335e4ca3eaefb9e97fcc7b83d049b8bdc607c896,a7b8dd68aea375fbc6aca8d5335e4ca3eaefb9e97fcc7b83d049b8bdc607c896,a7b8dd68aea375fbc6aca8d5335e4ca3eaefb9e97fcc7b83d049b8bdc607c896,a7b8dd68aea375fbc6aca8d5335e4ca3eaefb9e97fcc7b83d049b8bdc607c896,a7b8dd68aea375fbc6aca8d5335e4ca3eaefb9e97fcc7b83d049b8bdc607c896,a7b8dd68aea375fbc6aca8d5335e4ca3eaefb9e97fcc7b83d049b8bdc607c896,a7b8dd68aea375fbc6aca8d5335e4ca3eaefb9e97fcc7b83d049b8bdc607c896,a7b8dd68aea375fbc6aca8d5335e4ca3eaefb9e97fcc7b83d049b8bdc607c896,a7b8dd68aea375fbc6aca8d5335e4ca3eaefb9e97fcc7b83d049b8bdc607c896,a7b8dd68aea375fbc6aca8d5335e4ca3eaefb9e97fcc7b83d049b8bdc607c896,a7b8dd68aea375fbc6aca8d5335e4ca3eaefb9e97fcc7b83d049b8bdc607c896,a7b8dd68aea375fbc6aca8d5335e4ca3eaefb9e97fcc7b83d049b8bdc607c896,a7b8dd68aea375fbc6aca8d5335e4ca3eaefb9e97fcc7b83d049b8bdc607c896,1,1,1,1,1,1,1,1,1,1,1
final_virtual_029,virtual,semi_structured,c4c0d99efdd11a05646f89b8d2b19536592518ef50a4adc2b921be2d0cab1f26,c4c0d99efdd11a05646f89b8d2b19536592518ef50a4adc2b921be2d0cab1f26,c4c0d99efdd11a05646f89b8d2b19536592518ef50a4adc2b921be2d0cab1f26,c4c0d99efdd11a05646f89b8d2b19536592518ef50a4adc2b921be2d0cab1f26,c4c0d99efdd11a05646f89b8d2b19536592518ef50a4adc2b921be2d0cab1f26,c4c0d99efdd11a05646f89b8d2b19536592518ef50a4adc2b921be2d0cab1f26,c4c0d99efdd11a05646f89b8d2b19536592518ef50a4adc2b921be2d0cab1f26,c4c0d99efdd11a05646f89b8d2b19536592518ef50a4adc2b921be2d0cab1f26,c4c0d99efdd11a05646f89b8d2b19536592518ef50a4adc2b921be2d0cab1f26,c4c0d99efdd11a05646f89b8d2b19536592518ef50a4adc2b921be2d0cab1f26,c4c0d99efdd11a05646f89b8d2b19536592518ef50a4adc2b921be2d0cab1f26,c4c0d99efdd11a05646f89b8d2b19536592518ef50a4adc2b921be2d0cab1f26,c4c0d99efdd11a05646f89b8d2b19536592518ef50a4adc2b921be2d0cab1f26,1,1,1,1,1,1,1,1,1,1,1
final_virtual_030,virtual,semi_structured,a66abf4e4996ef0121bd743cbab1b91ff12d0061447ceee3555566cea4c84a84,a66abf4e4996ef0121bd743cbab1b91ff12d0061447ceee3555566cea4c84a84,a66abf4e4996ef0121bd743cbab1b91ff12d0061447ceee3555566cea4c84a84,a66abf4e4996ef0121bd743cbab1b91ff12d0061447ceee3555566cea4c84a84,a66abf4e4996ef0121bd743cbab1b91ff12d0061447ceee3555566cea4c84a84,a66abf4e4996ef0121bd743cbab1b91ff12d0061447ceee3555566cea4c84a84,a66abf4e4996ef0121bd743cbab1b91ff12d0061447ceee3555566cea4c84a84,a66abf4e4996ef0121bd743cbab1b91ff12d0061447ceee3555566cea4c84a84,a66abf4e4996ef0121bd743cbab1b91ff12d0061447ceee3555566cea4c84a84,a66abf4e4996ef0121bd743cbab1b91ff12d0061447ceee3555566cea4c84a84,a66abf4e4996ef0121bd743cbab1b91ff12d0061447ceee3555566cea4c84a84,a66abf4e4996ef0121bd743cbab1b91ff12d0061447ceee3555566cea4c84a84,a66abf4e4996ef0121bd743cbab1b91ff12d0061447ceee3555566cea4c84a84,1,1,1,1,1,1,1,1,1,1,1
final_virtual_031,virtual,free_text,2ddaef730a86f830aff3ae0e2a0f569b6ad51503df92529ddeee1777fae16726,2ddaef730a86f830aff3ae0e2a0f569b6ad51503df92529ddeee1777fae16726,2ddaef730a86f830aff3ae0e2a0f569b6ad51503df92529ddeee1777fae16726,2ddaef730a86f830aff3ae0e2a0f569b6ad51503df92529ddeee1777fae16726,2ddaef730a86f830aff3ae0e2a0f569b6ad51503df92529ddeee1777fae16726,2ddaef730a86f830aff3ae0e2a0f569b6ad51503df92529ddeee1777fae16726,2ddaef730a86f830aff3ae0e2a0f569b6ad51503df92529ddeee1777fae16726,2ddaef730a86f830aff3ae0e2a0f569b6ad51503df92529ddeee1777fae16726,2ddaef730a86f830aff3ae0e2a0f569b6ad51503df92529ddeee1777fae16726,2ddaef730a86f830aff3ae0e2a0f569b6ad51503df92529ddeee1777fae16726,2ddaef730a86f830aff3ae0e2a0f569b6ad51503df92529ddeee1777fae16726,2ddaef730a86f830aff3ae0e2a0f569b6ad51503df92529ddeee1777fae16726,2ddaef730a86f830aff3ae0e2a0f569b6ad51503df92529ddeee1777fae16726,1,1,1,1,1,1,1,1,1,1,1
final_virtual_032,virtual,free_text,1b2545f35db6c30501c1c9de9f6289be0c6fdc3a5373b3654a41399afd50e072,1b2545f35db6c30501c1c9de9f6289be0c6fdc3a5373b3654a41399afd50e072,1b2545f35db6c30501c1c9de9f6289be0c6fdc3a5373b3654a41399afd50e072,1b2545f35db6c30501c1c9de9f6289be0c6fdc3a5373b3654a41399afd50e072,1b2545f35db6c30501c1c9de9f6289be0c6fdc3a5373b3654a41399afd50e072,1b2545f35db6c30501c1c9de9f6289be0c6fdc3a5373b3654a41399afd50e072,1b2545f35db6c30501c1c9de9f6289be0c6fdc3a5373b3654a41399afd50e072,1b2545f35db6c30501c1c9de9f6289be0c6fdc3a5373b3654a41399afd50e072,1b2545f35db6c30501c1c9de9f6289be0c6fdc3a5373b3654a41399afd50e072,1b2545f35db6c30501c1c9de9f6289be0c6fdc3a5373b3654a41399afd50e072,1b2545f35db6c30501c1c9de9f6289be0c6fdc3a5373b3654a41399afd50e072,1b2545f35db6c30501c1c9de9f6289be0c6fdc3a5373b3654a41399afd50e072,1b2545f35db6c30501c1c9de9f6289be0c6fdc3a5373b3654a41399afd50e072,1,1,1,1,1,1,1,1,1,1,1
final_virtual_033,virtual,free_text,cbbcd0cd5b4cdc1cf497df704151549ff5bf9c91d4dea30f03d65bbc4a444c37,cbbcd0cd5b4cdc1cf497df704151549ff5bf9c91d4dea30f03d65bbc4a444c37,cbbcd0cd5b4cdc1cf497df704151549ff5bf9c91d4dea30f03d65bbc4a444c37,cbbcd0cd5b4cdc1cf497df704151549ff5bf9c91d4dea30f03d65bbc4a444c37,cbbcd0cd5b4cdc1cf497df704151549ff5bf9c91d4dea30f03d65bbc4a444c37,cbbcd0cd5b4cdc1cf497df704151549ff5bf9c91d4dea30f03d65bbc4a444c37,cbbcd0cd5b4cdc1cf497df704151549ff5bf9c91d4dea30f03d65bbc4a444c37,cbbcd0cd5b4cdc1cf497df704151549ff5bf9c91d4dea30f03d65bbc4a444c37,cbbcd0cd5b4cdc1cf497df704151549ff5bf9c91d4dea30f03d65bbc4a444c37,cbbcd0cd5b4cdc1cf497df704151549ff5bf9c91d4dea30f03d65bbc4a444c37,cbbcd0cd5b4cdc1cf497df704151549ff5bf9c91d4dea30f03d65bbc4a444c37,cbbcd0cd5b4cdc1cf497df704151549ff5bf9c91d4dea30f03d65bbc4a444c37,cbbcd0cd5b4cdc1cf497df704151549ff5bf9c91d4dea30f03d65bbc4a444c37,1,1,1,1,1,1,1,1,1,1,1
final_virtual_034,virtual,semi_structured,256d15af81e71877320b0f640005eaab91e3e3afbb72d802be05def55f9e1e49,256d15af81e71877320b0f640005eaab91e3e3afbb72d802be05def55f9e1e49,256d15af81e71877320b0f640005eaab91e3e3afbb72d802be05def55f9e1e49,256d15af81e71877320b0f640005eaab91e3e3afbb72d802be05def55f9e1e49,256d15af81e71877320b0f640005eaab91e3e3afbb72d802be05def55f9e1e49,256d15af81e71877320b0f640005eaab91e3e3afbb72d802be05def55f9e1e49,256d15af81e71877320b0f640005eaab91e3e3afbb72d802be05def55f9e1e49,256d15af81e71877320b0f640005eaab91e3e3afbb72d802be05def55f9e1e49,256d15af81e71877320b0f640005eaab91e3e3afbb72d802be05def55f9e1e49,256d15af81e71877320b0f640005eaab91e3e3afbb72d802be05def55f9e1e49,256d15af81e71877320b0f640005eaab91e3e3afbb72d802be05def55f9e1e49,256d15af81e71877320b0f640005eaab91e3e3afbb72d802be05def55f9e1e49,256d15af81e71877320b0f640005eaab91e3e3afbb72d802be05def55f9e1e49,1,1,1,1,1,1,1,1,1,1,1
final_virtual_035,virtual,semi_structured,a18ed3b3ecfb8e08e5d43d88773445079666c268c90c69c24970145985b92bce,a18ed3b3ecfb8e08e5d43d88773445079666c268c90c69c24970145985b92bce,a18ed3b3ecfb8e08e5d43d88773445079666c268c90c69c24970145985b92bce,a18ed3b3ecfb8e08e5d43d88773445079666c268c90c69c24970145985b92bce,a18ed3b3ecfb8e08e5d43d88773445079666c268c90c69c24970145985b92bce,a18ed3b3ecfb8e08e5d43d88773445079666c268c90c69c24970145985b92bce,a18ed3b3ecfb8e08e5d43d88773445079666c268c90c69c24970145985b92bce,a18ed3b3ecfb8e08e5d43d88773445079666c268c90c69c24970145985b92bce,a18ed3b3ecfb8e08e5d43d88773445079666c268c90c69c24970145985b92bce,a18ed3b3ecfb8e08e5d43d88773445079666c268c90c69c24970145985b92bce,a18ed3b3ecfb8e08e5d43d88773445079666c268c90c69c24970145985b92bce,a18ed3b3ecfb8e08e5d43d88773445079666c268c90c69c24970145985b92bce,a18ed3b3ecfb8e08e5d43d88773445079666c268c90c69c24970145985b92bce,1,1,1,1,1,1,1,1,1,1,1
final_virtual_036,virtual,semi_structured,a9959bffea204bc85b705b8e922c8e74a3488d07c5ad4e2ea3acc37ee9076e2b,a9959bffea204bc85b705b8e922c8e74a3488d07c5ad4e2ea3acc37ee9076e2b,a9959bffea204bc85b705b8e922c8e74a3488d07c5ad4e2ea3acc37ee9076e2b,a9959bffea204bc85b705b8e922c8e74a3488d07c5ad4e2ea3acc37ee9076e2b,a9959bffea204bc85b705b8e922c8e74a3488d07c5ad4e2ea3acc37ee9076e2b,a9959bffea204bc85b705b8e922c8e74a3488d07c5ad4e2ea3acc37ee9076e2b,a9959bffea204bc85b705b8e922c8e74a3488d07c5ad4e2ea3acc37ee9076e2b,a9959bffea204bc85b705b8e922c8e74a3488d07c5ad4e2ea3acc37ee9076e2b,a9959bffea204bc85b705b8e922c8e74a3488d07c5ad4e2ea3acc37ee9076e2b,a9959bffea204bc85b705b8e922c8e74a3488d07c5ad4e2ea3acc37ee9076e2b,a9959bffea204bc85b705b8e922c8e74a3488d07c5ad4e2ea3acc37ee9076e2b,a9959bffea204bc85b705b8e922c8e74a3488d07c5ad4e2ea3acc37ee9076e2b,a9959bffea204bc85b705b8e922c8e74a3488d07c5ad4e2ea3acc37ee9076e2b,1,1,1,1,1,1,1,1,1,1,1
final_virtual_037,virtual,semi_structured,14b80498317028e4453284bc9c6f238aae22b6c12b007f649dd54d7851ae60f2,14b80498317028e4453284bc9c6f238aae22b6c12b007f649dd54d7851ae60f2,14b80498317028e4453284bc9c6f238aae22b6c12b007f649dd54d7851ae60f2,14b80498317028e4453284bc9c6f238aae22b6c12b007f649dd54d7851ae60f2,14b80498317028e4453284bc9c6f238aae22b6c12b007f649dd54d7851ae60f2,14b80498317028e4453284bc9c6f238aae22b6c12b007f649dd54d7851ae60f2,14b80498317028e4453284bc9c6f238aae22b6c12b007f649dd54d7851ae60f2,14b80498317028e4453284bc9c6f238aae22b6c12b007f649dd54d7851ae60f2,14b80498317028e4453284bc9c6f238aae22b6c12b007f649dd54d7851ae60f2,14b80498317028e4453284bc9c6f238aae22b6c12b007f649dd54d7851ae60f2,14b80498317028e4453284bc9c6f238aae22b6c12b007f649dd54d7851ae60f2,14b80498317028e4453284bc9c6f238aae22b6c12b007f649dd54d7851ae60f2,14b80498317028e4453284bc9c6f238aae22b6c12b007f649dd54d7851ae60f2,1,1,1,1,1,1,1,1,1,1,1
final_virtual_038,virtual,semi_structured,30930791f9d8ac8d11d1c695d6080eee928c7c0e698426522bfd173122f145f5,30930791f9d8ac8d11d1c695d6080eee928c7c0e698426522bfd173122f145f5,30930791f9d8ac8d11d1c695d6080eee928c7c0e698426522bfd173122f145f5,30930791f9d8ac8d11d1c695d6080eee928c7c0e698426522bfd173122f145f5,30930791f9d8ac8d11d1c695d6080eee928c7c0e698426522bfd173122f145f5,30930791f9d8ac8d11d1c695d6080eee928c7c0e698426522bfd173122f145f5,30930791f9d8ac8d11d1c695d6080eee928c7c0e698426522bfd173122f145f5,30930791f9d8ac8d11d1c695d6080eee928c7c0e698426522bfd173122f145f5,30930791f9d8ac8d11d1c695d6080eee928c7c0e698426522bfd173122f145f5,30930791f9d8ac8d11d1c695d6080eee928c7c0e698426522bfd173122f145f5,30930791f9d8ac8d11d1c695d6080eee928c7c0e698426522bfd173122f145f5,30930791f9d8ac8d11d1c695d6080eee928c7c0e698426522bfd173122f145f5,30930791f9d8ac8d11d1c695d6080eee928c7c0e698426522bfd173122f145f5,1,1,1,1,1,1,1,1,1,1,1
final_virtual_039,virtual,semi_structured,95cc48059bd598247e4682f37e354dd1bba7f703f94e2603aa2e7ed976d47bbe,95cc48059bd598247e4682f37e354dd1bba7f703f94e2603aa2e7ed976d47bbe,95cc48059bd598247e4682f37e354dd1bba7f703f94e2603aa2e7ed976d47bbe,95cc48059bd598247e4682f37e354dd1bba7f703f94e2603aa2e7ed976d47bbe,95cc48059bd598247e4682f37e354dd1bba7f703f94e2603aa2e7ed976d47bbe,95cc48059bd598247e4682f37e354dd1bba7f703f94e2603aa2e7ed976d47bbe,95cc48059bd598247e4682f37e354dd1bba7f703f94e2603aa2e7ed976d47bbe,95cc48059bd598247e4682f37e354dd1bba7f703f94e2603aa2e7ed976d47bbe,95cc48059bd598247e4682f37e354dd1bba7f703f94e2603aa2e7ed976d47bbe,95cc48059bd598247e4682f37e354dd1bba7f703f94e2603aa2e7ed976d47bbe,95cc48059bd598247e4682f37e354dd1bba7f703f94e2603aa2e7ed976d47bbe,95cc48059bd598247e4682f37e354dd1bba7f703f94e2603aa2e7ed976d47bbe,95cc48059bd598247e4682f37e354dd1bba7f703f94e2603aa2e7ed976d47bbe,1,1,1,1,1,1,1,1,1,1,1
final_virtual_040,virtual,semi_structured,b12b9dac4386fd1cec603c77a18199433464669e98fdcda76bc99331559c2a74,b12b9dac4386fd1cec603c77a18199433464669e98fdcda76bc99331559c2a74,b12b9dac4386fd1cec603c77a18199433464669e98fdcda76bc99331559c2a74,b12b9dac4386fd1cec603c77a18199433464669e98fdcda76bc99331559c2a74,7a658abf1352ce579fc40c60297a68b0e3ba103700bef872acb446fcf27d22d7,7a658abf1352ce579fc40c60297a68b0e3ba103700bef872acb446fcf27d22d7,7a658abf1352ce579fc40c60297a68b0e3ba103700bef872acb446fcf27d22d7,7a658abf1352ce579fc40c60297a68b0e3ba103700bef872acb446fcf27d22d7,7a658abf1352ce579fc40c60297a68b0e3ba103700bef872acb446fcf27d22d7,7a658abf1352ce579fc40c60297a68b0e3ba103700bef872acb446fcf27d22d7,7a658abf1352ce579fc40c60297a68b0e3ba103700bef872acb446fcf27d22d7,7a658abf1352ce579fc40c60297a68b0e3ba103700bef872acb446fcf27d22d7,7a658abf1352ce579fc40c60297a68b0e3ba103700bef872acb446fcf27d22d7,1,1,1,0,1,1,1,1,1,1,1
final_virtual_041,virtual,semi_structured,13a27ee1b96062c591489405ead5c085edcf73cd4c4a3d533e8a771048f25a81,13a27ee1b96062c591489405ead5c085edcf73cd4c4a3d533e8a771048f25a81,13a27ee1b96062c591489405ead5c085edcf73cd4c4a3d533e8a771048f25a81,13a27ee1b96062c591489405ead5c085edcf73cd4c4a3d533e8a771048f25a81,13a27ee1b96062c591489405ead5c085edcf73cd4c4a3d533e8a771048f25a81,13a27ee1b96062c591489405ead5c085edcf73cd4c4a3d533e8a771048f25a81,13a27ee1b96062c591489405ead5c085edcf73cd4c4a3d533e8a771048f25a81,13a27ee1b96062c591489405ead5c085edcf73cd4c4a3d533e8a771048f25a81,13a27ee1b96062c591489405ead5c085edcf73cd4c4a3d533e8a771048f25a81,13a27ee1b96062c591489405ead5c085edcf73cd4c4a3d533e8a771048f25a81,13a27ee1b96062c591489405ead5c085edcf73cd4c4a3d533e8a771048f25a81,13a27ee1b96062c591489405ead5c085edcf73cd4c4a3d533e8a771048f25a81,13a27ee1b96062c591489405ead5c085edcf73cd4c4a3d533e8a771048f25a81,1,1,1,1,1,1,1,1,1,1,1
final_virtual_042,virtual,semi_structured,50745b594cf5abbd6926bb09a2ea6b825d36da15e49b56b1a62c9eaf92a3d48b,50745b594cf5abbd6926bb09a2ea6b825d36da15e49b56b1a62c9eaf92a3d48b,50745b594cf5abbd6926bb09a2ea6b825d36da15e49b56b1a62c9eaf92a3d48b,50745b594cf5abbd6926bb09a2ea6b825d36da15e49b56b1a62c9eaf92a3d48b,50745b594cf5abbd6926bb09a2ea6b825d36da15e49b56b1a62c9eaf92a3d48b,50745b594cf5abbd6926bb09a2ea6b825d36da15e49b56b1a62c9eaf92a3d48b,50745b594cf5abbd6926bb09a2ea6b825d36da15e49b56b1a62c9eaf92a3d48b,50745b594cf5abbd6926bb09a2ea6b825d36da15e49b56b1a62c9eaf92a3d48b,50745b594cf5abbd6926bb09a2ea6b825d36da15e49b56b1a62c9eaf92a3d48b,50745b594cf5abbd6926bb09a2ea6b825d36da15e49b56b1a62c9eaf92a3d48b,50745b594cf5abbd6926bb09a2ea6b825d36da15e49b56b1a62c9eaf92a3d48b,50745b594cf5abbd6926bb09a2ea6b825d36da15e49b56b1a62c9eaf92a3d48b,50745b594cf5abbd6926bb09a2ea6b825d36da15e49b56b1a62c9eaf92a3d48b,1,1,1,1,1,1,1,1,1,1,1
final_virtual_043,virtual,semi_structured,68c0469f4b1981d51eaafd99eea86f701914cbba5cc293b46cc58352326f17f6,68c0469f4b1981d51eaafd99eea86f701914cbba5cc293b46cc58352326f17f6,68c0469f4b1981d51eaafd99eea86f701914cbba5cc293b46cc58352326f17f6,68c0469f4b1981d51eaafd99eea86f701914cbba5cc293b46cc58352326f17f6,68c0469f4b1981d51eaafd99eea86f701914cbba5cc293b46cc58352326f17f6,68c0469f4b1981d51eaafd99eea86f701914cbba5cc293b46cc58352326f17f6,68c0469f4b1981d51eaafd99eea86f701914cbba5cc293b46cc58352326f17f6,68c0469f4b1981d51eaafd99eea86f701914cbba5cc293b46cc58352326f17f6,68c0469f4b1981d51eaafd99eea86f701914cbba5cc293b46cc58352326f17f6,68c0469f4b1981d51eaafd99eea86f701914cbba5cc293b46cc58352326f17f6,68c0469f4b1981d51eaafd99eea86f701914cbba5cc293b46cc58352326f17f6,68c0469f4b1981d51eaafd99eea86f701914cbba5cc293b46cc58352326f17f6,68c0469f4b1981d51eaafd99eea86f701914cbba5cc293b46cc58352326f17f6,1,1,1,1,1,1,1,1,1,1,1
final_virtual_044,virtual,semi_structured,ef52e4641d938ddb2b708ebfc0164101059b80b4f332fb95a25198c7b8c621b0,ef52e4641d938ddb2b708ebfc0164101059b80b4f332fb95a25198c7b8c621b0,ef52e4641d938ddb2b708ebfc0164101059b80b4f332fb95a25198c7b8c621b0,ef52e4641d938ddb2b708ebfc0164101059b80b4f332fb95a25198c7b8c621b0,ef52e4641d938ddb2b708ebfc0164101059b80b4f332fb95a25198c7b8c621b0,ef52e4641d938ddb2b708ebfc0164101059b80b4f332fb95a25198c7b8c621b0,ef52e4641d938ddb2b708ebfc0164101059b80b4f332fb95a25198c7b8c621b0,ef52e4641d938ddb2b708ebfc0164101059b80b4f332fb95a25198c7b8c621b0,ef52e4641d938ddb2b708ebfc0164101059b80b4f332fb95a25198c7b8c621b0,ef52e4641d938ddb2b708ebfc0164101059b80b4f332fb95a25198c7b8c621b0,ef52e4641d938ddb2b708ebfc0164101059b80b4f332fb95a25198c7b8c621b0,ef52e4641d938ddb2b708ebfc0164101059b80b4f332fb95a25198c7b8c621b0,ef52e4641d938ddb2b708ebfc0164101059b80b4f332fb95a25198c7b8c621b0,1,1,1,1,1,1,1,1,1,1,1
final_virtual_045,virtual,semi_structured,04ef643b4330ebe4afe11ef28ddb7946b44b6bfecf5adea363a6f88d8376e4c4,04ef643b4330ebe4afe11ef28ddb7946b44b6bfecf5adea363a6f88d8376e4c4,04ef643b4330ebe4afe11ef28ddb7946b44b6bfecf5adea363a6f88d8376e4c4,04ef643b4330ebe4afe11ef28ddb7946b44b6bfecf5adea363a6f88d8376e4c4,04ef643b4330ebe4afe11ef28ddb7946b44b6bfecf5adea363a6f88d8376e4c4,04ef643b4330ebe4afe11ef28ddb7946b44b6bfecf5adea363a6f88d8376e4c4,04ef643b4330ebe4afe11ef28ddb7946b44b6bfecf5adea363a6f88d8376e4c4,04ef643b4330ebe4afe11ef28ddb7946b44b6bfecf5adea363a6f88d8376e4c4,04ef643b4330ebe4afe11ef28ddb7946b44b6bfecf5adea363a6f88d8376e4c4,04ef643b4330ebe4afe11ef28ddb7946b44b6bfecf5adea363a6f88d8376e4c4,04ef643b4330ebe4afe11ef28ddb7946b44b6bfecf5adea363a6f88d8376e4c4,04ef643b4330ebe4afe11ef28ddb7946b44b6bfecf5adea363a6f88d8376e4c4,04ef643b4330ebe4afe11ef28ddb7946b44b6bfecf5adea363a6f88d8376e4c4,1,1,1,1,1,1,1,1,1,1,1
final_virtual_046,virtual,free_text,d2df2bccc84020825b62f87b734b112db60e638a68fe9eb8c967d8ea2e9383dd,d2df2bccc84020825b62f87b734b112db60e638a68fe9eb8c967d8ea2e9383dd,d2df2bccc84020825b62f87b734b112db60e638a68fe9eb8c967d8ea2e9383dd,d2df2bccc84020825b62f87b734b112db60e638a68fe9eb8c967d8ea2e9383dd,d2df2bccc84020825b62f87b734b112db60e638a68fe9eb8c967d8ea2e9383dd,d2df2bccc84020825b62f87b734b112db60e638a68fe9eb8c967d8ea2e9383dd,d2df2bccc84020825b62f87b734b112db60e638a68fe9eb8c967d8ea2e9383dd,d2df2bccc84020825b62f87b734b112db60e638a68fe9eb8c967d8ea2e9383dd,d2df2bccc84020825b62f87b734b112db60e638a68fe9eb8c967d8ea2e9383dd,d2df2bccc84020825b62f87b734b112db60e638a68fe9eb8c967d8ea2e9383dd,d2df2bccc84020825b62f87b734b112db60e638a68fe9eb8c967d8ea2e9383dd,d2df2bccc84020825b62f87b734b112db60e638a68fe9eb8c967d8ea2e9383dd,d2df2bccc84020825b62f87b734b112db60e638a68fe9eb8c967d8ea2e9383dd,1,1,1,1,1,1,1,1,1,1,1
final_virtual_047,virtual,free_text,a7633af62c5a94484568e66d3839a76dcd26de9c990ef80ef7ce71d590a3feaa,a7633af62c5a94484568e66d3839a76dcd26de9c990ef80ef7ce71d590a3feaa,a7633af62c5a94484568e66d3839a76dcd26de9c990ef80ef7ce71d590a3feaa,a7633af62c5a94484568e66d3839a76dcd26de9c990ef80ef7ce71d590a3feaa,a7633af62c5a94484568e66d3839a76dcd26de9c990ef80ef7ce71d590a3feaa,a7633af62c5a94484568e66d3839a76dcd26de9c990ef80ef7ce71d590a3feaa,a7633af62c5a94484568e66d3839a76dcd26de9c990ef80ef7ce71d590a3feaa,a7633af62c5a94484568e66d3839a76dcd26de9c990ef80ef7ce71d590a3feaa,a7633af62c5a94484568e66d3839a76dcd26de9c990ef80ef7ce71d590a3feaa,a7633af62c5a94484568e66d3839a76dcd26de9c990ef80ef7ce71d590a3feaa,a7633af62c5a94484568e66d3839a76dcd26de9c990ef80ef7ce71d590a3feaa,a7633af62c5a94484568e66d3839a76dcd26de9c990ef80ef7ce71d590a3feaa,a7633af62c5a94484568e66d3839a76dcd26de9c990ef80ef7ce71d590a3feaa,1,1,1,1,1,1,1,1,1,1,1
final_virtual_048,virtual,free_text,86633ba3ef8d4fb47c99615858ee1232c00fd214333ff1f392a18723caf45f3a,86633ba3ef8d4fb47c99615858ee1232c00fd214333ff1f392a18723caf45f3a,86633ba3ef8d4fb47c99615858ee1232c00fd214333ff1f392a18723caf45f3a,86633ba3ef8d4fb47c99615858ee1232c00fd214333ff1f392a18723caf45f3a,86633ba3ef8d4fb47c99615858ee1232c00fd214333ff1f392a18723caf45f3a,86633ba3ef8d4fb47c99615858ee1232c00fd214333ff1f392a18723caf45f3a,86633ba3ef8d4fb47c99615858ee1232c00fd214333ff1f392a18723caf45f3a,86633ba3ef8d4fb47c99615858ee1232c00fd214333ff1f392a18723caf45f3a,86633ba3ef8d4fb47c99615858ee1232c00fd214333ff1f392a18723caf45f3a,86633ba3ef8d4fb47c99615858ee1232c00fd214333ff1f392a18723caf45f3a,86633ba3ef8d4fb47c99615858ee1232c00fd214333ff1f392a18723caf45f3a,86633ba3ef8d4fb47c99615858ee1232c00fd214333ff1f392a18723caf45f3a,86633ba3ef8d4fb47c99615858ee1232c00fd214333ff1f392a18723caf45f3a,1,1,1,1,1,1,1,1,1,1,1
final_virtual_049,virtual,semi_structured,5b228a87d572e1794e0f993a55f83c2e07219c1b02a172056c30af60145ce33f,5b228a87d572e1794e0f993a55f83c2e07219c1b02a172056c30af60145ce33f,5b228a87d572e1794e0f993a55f83c2e07219c1b02a172056c30af60145ce33f,5b228a87d572e1794e0f993a55f83c2e07219c1b02a172056c30af60145ce33f,5b228a87d572e1794e0f993a55f83c2e07219c1b02a172056c30af60145ce33f,5b228a87d572e1794e0f993a55f83c2e07219c1b02a172056c30af60145ce33f,5b228a87d572e1794e0f993a55f83c2e07219c1b02a172056c30af60145ce33f,5b228a87d572e1794e0f993a55f83c2e07219c1b02a172056c30af60145ce33f,5b228a87d572e1794e0f993a55f83c2e07219c1b02a172056c30af60145ce33f,5b228a87d572e1794e0f993a55f83c2e07219c1b02a172056c30af60145ce33f,5b228a87d572e1794e0f993a55f83c2e07219c1b02a172056c30af60145ce33f,5b228a87d572e1794e0f993a55f83c2e07219c1b02a172056c30af60145ce33f,5b228a87d572e1794e0f993a55f83c2e07219c1b02a172056c30af60145ce33f,1,1,1,1,1,1,1,1,1,1,1
final_virtual_050,virtual,semi_structured,a61ec005daab80a5e988ba0731f1504addad9ed1c067694fce55362a4bf133e8,a61ec005daab80a5e988ba0731f1504addad9ed1c067694fce55362a4bf133e8,a61ec005daab80a5e988ba0731f1504addad9ed1c067694fce55362a4bf133e8,a61ec005daab80a5e988ba0731f1504addad9ed1c067694fce55362a4bf133e8,a61ec005daab80a5e988ba0731f1504addad9ed1c067694fce55362a4bf133e8,a61ec005daab80a5e988ba0731f1504addad9ed1c067694fce55362a4bf133e8,a61ec005daab80a5e988ba0731f1504addad9ed1c067694fce55362a4bf133e8,a61ec005daab80a5e988ba0731f1504addad9ed1c067694fce55362a4bf133e8,a61ec005daab80a5e988ba0731f1504addad9ed1c067694fce55362a4bf133e8,a61ec005daab80a5e988ba0731f1504addad9ed1c067694fce55362a4bf133e8,a61ec005daab80a5e988ba0731f1504addad9ed1c067694fce55362a4bf133e8,a61ec005daab80a5e988ba0731f1504addad9ed1c067694fce55362a4bf133e8,a61ec005daab80a5e988ba0731f1504addad9ed1c067694fce55362a4bf133e8,1,1,1,1,1,1,1,1,1,1,1
final_virtual_051,virtual,semi_structured,a2232c806504a96a48b67d6357bb98c465702239f5ba16cfbe719f9c21a0657c,a2232c806504a96a48b67d6357bb98c465702239f5ba16cfbe719f9c21a0657c,a2232c806504a96a48b67d6357bb98c465702239f5ba16cfbe719f9c21a0657c,a2232c806504a96a48b67d6357bb98c465702239f5ba16cfbe719f9c21a0657c,a2232c806504a96a48b67d6357bb98c465702239f5ba16cfbe719f9c21a0657c,a2232c806504a96a48b67d6357bb98c465702239f5ba16cfbe719f9c21a0657c,a2232c806504a96a48b67d6357bb98c465702239f5ba16cfbe719f9c21a0657c,a2232c806504a96a48b67d6357bb98c465702239f5ba16cfbe719f9c21a0657c,a2232c806504a96a48b67d6357bb98c465702239f5ba16cfbe719f9c21a0657c,a2232c806504a96a48b67d6357bb98c465702239f5ba16cfbe719f9c21a0657c,a2232c806504a96a48b67d6357bb98c465702239f5ba16cfbe719f9c21a0657c,a2232c806504a96a48b67d6357bb98c465702239f5ba16cfbe719f9c21a0657c,a2232c806504a96a48b67d6357bb98c465702239f5ba16cfbe719f9c21a0657c,1,1,1,1,1,1,1,1,1,1,1
final_virtual_052,virtual,semi_structured,0e99e9a2d545e47f84236fc759b58123de4abb81f841b1b305bf4af02de3fa43,0e99e9a2d545e47f84236fc759b58123de4abb81f841b1b305bf4af02de3fa43,0e99e9a2d545e47f84236fc759b58123de4abb81f841b1b305bf4af02de3fa43,0e99e9a2d545e47f84236fc759b58123de4abb81f841b1b305bf4af02de3fa43,0e99e9a2d545e47f84236fc759b58123de4abb81f841b1b305bf4af02de3fa43,0e99e9a2d545e47f84236fc759b58123de4abb81f841b1b305bf4af02de3fa43,0e99e9a2d545e47f84236fc759b58123de4abb81f841b1b305bf4af02de3fa43,0e99e9a2d545e47f84236fc759b58123de4abb81f841b1b305bf4af02de3fa43,0e99e9a2d545e47f84236fc759b58123de4abb81f841b1b305bf4af02de3fa43,0e99e9a2d545e47f84236fc759b58123de4abb81f841b1b305bf4af02de3fa43,0e99e9a2d545e47f84236fc759b58123de4abb81f841b1b305bf4af02de3fa43,0e99e9a2d545e47f84236fc759b58123de4abb81f841b1b305bf4af02de3fa43,0e99e9a2d545e47f84236fc759b58123de4abb81f841b1b305bf4af02de3fa43,1,1,1,1,1,1,1,1,1,1,1
final_virtual_053,virtual,semi_structured,164772b2473bafbd0f9ec154e9cae4798e544d90d93a6380f95abb4f94328e15,164772b2473bafbd0f9ec154e9cae4798e544d90d93a6380f95abb4f94328e15,164772b2473bafbd0f9ec154e9cae4798e544d90d93a6380f95abb4f94328e15,164772b2473bafbd0f9ec154e9cae4798e544d90d93a6380f95abb4f94328e15,164772b2473bafbd0f9ec154e9cae4798e544d90d93a6380f95abb4f94328e15,164772b2473bafbd0f9ec154e9cae4798e544d90d93a6380f95abb4f94328e15,164772b2473bafbd0f9ec154e9cae4798e544d90d93a6380f95abb4f94328e15,164772b2473bafbd0f9ec154e9cae4798e544d90d93a6380f95abb4f94328e15,164772b2473bafbd0f9ec154e9cae4798e544d90d93a6380f95abb4f94328e15,164772b2473bafbd0f9ec154e9cae4798e544d90d93a6380f95abb4f94328e15,164772b2473bafbd0f9ec154e9cae4798e544d90d93a6380f95abb4f94328e15,164772b2473bafbd0f9ec154e9cae4798e544d90d93a6380f95abb4f94328e15,164772b2473bafbd0f9ec154e9cae4798e544d90d93a6380f95abb4f94328e15,1,1,1,1,1,1,1,1,1,1,1
final_virtual_054,virtual,semi_structured,e75a07e2735c98309a9c849631f17f00afa8379cc1449c01f9d3c58de927309a,e75a07e2735c98309a9c849631f17f00afa8379cc1449c01f9d3c58de927309a,e75a07e2735c98309a9c849631f17f00afa8379cc1449c01f9d3c58de927309a,e75a07e2735c98309a9c849631f17f00afa8379cc1449c01f9d3c58de927309a,e75a07e2735c98309a9c849631f17f00afa8379cc1449c01f9d3c58de927309a,e75a07e2735c98309a9c849631f17f00afa8379cc1449c01f9d3c58de927309a,e75a07e2735c98309a9c849631f17f00afa8379cc1449c01f9d3c58de927309a,e75a07e2735c98309a9c849631f17f00afa8379cc1449c01f9d3c58de927309a,e75a07e2735c98309a9c849631f17f00afa8379cc1449c01f9d3c58de927309a,e75a07e2735c98309a9c849631f17f00afa8379cc1449c01f9d3c58de927309a,e75a07e2735c98309a9c849631f17f00afa8379cc1449c01f9d3c58de927309a,e75a07e2735c98309a9c849631f17f00afa8379cc1449c01f9d3c58de927309a,e75a07e2735c98309a9c849631f17f00afa8379cc1449c01f9d3c58de927309a,1,1,1,1,1,1,1,1,1,1,1
final_virtual_055,virtual,semi_structured,9a443cb435cda7246d7f5b71bc5548e2c346d2f4d4297c560285a3644d84040a,9a443cb435cda7246d7f5b71bc5548e2c346d2f4d4297c560285a3644d84040a,9a443cb435cda7246d7f5b71bc5548e2c346d2f4d4297c560285a3644d84040a,9a443cb435cda7246d7f5b71bc5548e2c346d2f4d4297c560285a3644d84040a,9a443cb435cda7246d7f5b71bc5548e2c346d2f4d4297c560285a3644d84040a,9a443cb435cda7246d7f5b71bc5548e2c346d2f4d4297c560285a3644d84040a,9a443cb435cda7246d7f5b71bc5548e2c346d2f4d4297c560285a3644d84040a,9a443cb435cda7246d7f5b71bc5548e2c346d2f4d4297c560285a3644d84040a,9a443cb435cda7246d7f5b71bc5548e2c346d2f4d4297c560285a3644d84040a,9a443cb435cda7246d7f5b71bc5548e2c346d2f4d4297c560285a3644d84040a,9a443cb435cda7246d7f5b71bc5548e2c346d2f4d4297c560285a3644d84040a,9a443cb435cda7246d7f5b71bc5548e2c346d2f4d4297c560285a3644d84040a,9a443cb435cda7246d7f5b71bc5548e2c346d2f4d4297c560285a3644d84040a,1,1,1,1,1,1,1,1,1,1,1
final_virtual_056,virtual,semi_structured,c953e94ae8989cd5900ef457bd7a5bdf51fa040ad468222b9eb4bbc76bc6eaca,c953e94ae8989cd5900ef457bd7a5bdf51fa040ad468222b9eb4bbc76bc6eaca,c953e94ae8989cd5900ef457bd7a5bdf51fa040ad468222b9eb4bbc76bc6eaca,c953e94ae8989cd5900ef457bd7a5bdf51fa040ad468222b9eb4bbc76bc6eaca,c953e94ae8989cd5900ef457bd7a5bdf51fa040ad468222b9eb4bbc76bc6eaca,c953e94ae8989cd5900ef457bd7a5bdf51fa040ad468222b9eb4bbc76bc6eaca,c953e94ae8989cd5900ef457bd7a5bdf51fa040ad468222b9eb4bbc76bc6eaca,c953e94ae8989cd5900ef457bd7a5bdf51fa040ad468222b9eb4bbc76bc6eaca,c953e94ae8989cd5900ef457bd7a5bdf51fa040ad468222b9eb4bbc76bc6eaca,c953e94ae8989cd5900ef457bd7a5bdf51fa040ad468222b9eb4bbc76bc6eaca,c953e94ae8989cd5900ef457bd7a5bdf51fa040ad468222b9eb4bbc76bc6eaca,c953e94ae8989cd5900ef457bd7a5bdf51fa040ad468222b9eb4bbc76bc6eaca,c953e94ae8989cd5900ef457bd7a5bdf51fa040ad468222b9eb4bbc76bc6eaca,1,1,1,1,1,1,1,1,1,1,1
final_virtual_057,virtual,semi_structured,1c42a1ec7342591eb4eac32c2cb7b7af8ff91da820068e3b0f956c51e7b59af7,1c42a1ec7342591eb4eac32c2cb7b7af8ff91da820068e3b0f956c51e7b59af7,1c42a1ec7342591eb4eac32c2cb7b7af8ff91da820068e3b0f956c51e7b59af7,1c42a1ec7342591eb4eac32c2cb7b7af8ff91da820068e3b0f956c51e7b59af7,1c42a1ec7342591eb4eac32c2cb7b7af8ff91da820068e3b0f956c51e7b59af7,1c42a1ec7342591eb4eac32c2cb7b7af8ff91da820068e3b0f956c51e7b59af7,1c42a1ec7342591eb4eac32c2cb7b7af8ff91da820068e3b0f956c51e7b59af7,1c42a1ec7342591eb4eac32c2cb7b7af8ff91da820068e3b0f956c51e7b59af7,1c42a1ec7342591eb4eac32c2cb7b7af8ff91da820068e3b0f956c51e7b59af7,1c42a1ec7342591eb4eac32c2cb7b7af8ff91da820068e3b0f956c51e7b59af7,1c42a1ec7342591eb4eac32c2cb7b7af8ff91da820068e3b0f956c51e7b59af7,1c42a1ec7342591eb4eac32c2cb7b7af8ff91da820068e3b0f956c51e7b59af7,1c42a1ec7342591eb4eac32c2cb7b7af8ff91da820068e3b0f956c51e7b59af7,1,1,1,1,1,1,1,1,1,1,1
final_virtual_058,virtual,semi_structured,df22a4702f66bb46d2e32c49e2ded5b186375aae9e2e8dbbe2706f66e88f7a58,df22a4702f66bb46d2e32c49e2ded5b186375aae9e2e8dbbe2706f66e88f7a58,df22a4702f66bb46d2e32c49e2ded5b186375aae9e2e8dbbe2706f66e88f7a58,df22a4702f66bb46d2e32c49e2ded5b186375aae9e2e8dbbe2706f66e88f7a58,df22a4702f66bb46d2e32c49e2ded5b186375aae9e2e8dbbe2706f66e88f7a58,df22a4702f66bb46d2e32c49e2ded5b186375aae9e2e8dbbe2706f66e88f7a58,df22a4702f66bb46d2e32c49e2ded5b186375aae9e2e8dbbe2706f66e88f7a58,df22a4702f66bb46d2e32c49e2ded5b186375aae9e2e8dbbe2706f66e88f7a58,df22a4702f66bb46d2e32c49e2ded5b186375aae9e2e8dbbe2706f66e88f7a58,df22a4702f66bb46d2e32c49e2ded5b186375aae9e2e8dbbe2706f66e88f7a58,df22a4702f66bb46d2e32c49e2ded5b186375aae9e2e8dbbe2706f66e88f7a58,df22a4702f66bb46d2e32c49e2ded5b186375aae9e2e8dbbe2706f66e88f7a58,df22a4702f66bb46d2e32c49e2ded5b186375aae9e2e8dbbe2706f66e88f7a58,1,1,1,1,1,1,1,1,1,1,1
final_virtual_059,virtual,semi_structured,97b8d12a8c0316f6caa9e9dfb516311ed5c34e13feacab95b99c9c795e3def62,97b8d12a8c0316f6caa9e9dfb516311ed5c34e13feacab95b99c9c795e3def62,97b8d12a8c0316f6caa9e9dfb516311ed5c34e13feacab95b99c9c795e3def62,97b8d12a8c0316f6caa9e9dfb516311ed5c34e13feacab95b99c9c795e3def62,97b8d12a8c0316f6caa9e9dfb516311ed5c34e13feacab95b99c9c795e3def62,97b8d12a8c0316f6caa9e9dfb516311ed5c34e13feacab95b99c9c795e3def62,97b8d12a8c0316f6caa9e9dfb516311ed5c34e13feacab95b99c9c795e3def62,97b8d12a8c0316f6caa9e9dfb516311ed5c34e13feacab95b99c9c795e3def62,97b8d12a8c0316f6caa9e9dfb516311ed5c34e13feacab95b99c9c795e3def62,97b8d12a8c0316f6caa9e9dfb516311ed5c34e13feacab95b99c9c795e3def62,97b8d12a8c0316f6caa9e9dfb516311ed5c34e13feacab95b99c9c795e3def62,97b8d12a8c0316f6caa9e9dfb516311ed5c34e13feacab95b99c9c795e3def62,97b8d12a8c0316f6caa9e9dfb516311ed5c34e13feacab95b99c9c795e3def62,1,1,1,1,1,1,1,1,1,1,1
final_virtual_060,virtual,semi_structured,97b025fb1521f84826d3b46b3183c8b9d835fa287de3ec8887587beff0c89f70,97b025fb1521f84826d3b46b3183c8b9d835fa287de3ec8887587beff0c89f70,97b025fb1521f84826d3b46b3183c8b9d835fa287de3ec8887587beff0c89f70,97b025fb1521f84826d3b46b3183c8b9d835fa287de3ec8887587beff0c89f70,97b025fb1521f84826d3b46b3183c8b9d835fa287de3ec8887587beff0c89f70,97b025fb1521f84826d3b46b3183c8b9d835fa287de3ec8887587beff0c89f70,97b025fb1521f84826d3b46b3183c8b9d835fa287de3ec8887587beff0c89f70,97b025fb1521f84826d3b46b3183c8b9d835fa287de3ec8887587beff0c89f70,97b025fb1521f84826d3b46b3183c8b9d835fa287de3ec8887587beff0c89f70,97b025fb1521f84826d3b46b3183c8b9d835fa287de3ec8887587beff0c89f70,97b025fb1521f84826d3b46b3183c8b9d835fa287de3ec8887587beff0c89f70,97b025fb1521f84826d3b46b3183c8b9d835fa287de3ec8887587beff0c89f70,97b025fb1521f84826d3b46b3183c8b9d835fa287de3ec8887587beff0c89f70,1,1,1,1,1,1,1,1,1,1,1
